Staff_ID,Family_Name,First_Name,Job_Role_Code,Department _Code,Years_Service,Telephone
TU219,Yogeeta, Arinder ,TE,ME,4,6422
TU121,Kularia, Bhushan,HO,CH,10,5611
TU130,Malvika, Himanshu ,PR,HS,10,6114
TU124,Lalwani, Rajneesh ,LE,BI,13,5508
TU117,Khimasia, Satyanarayan,RE,CH,20,5610
TU35,Chokhani, Shailesh ,PR,HI,17,6006
TU53,Dhanuka,A Rakash ,AD,HI,19,6011
TU62,Gadhia,Adwait ,RE,HS,3,6106
TU178,Shah,Ahesh,AD,MA,5,6316
TU208,Takalikar ,Ajay,RE,PH,13,6531
TU3,Agarwal,Akeel ,PR,LI,15,6201
TU72,Gosalia,Ali ,LE,EE,13,5707
TU100,Joshi,Amit,LE,MA,18,6305
TU122,Kularia ,Jayantilal ,PG,CH,1,5612
TU28,Borda ,Amit ,LE,GE,3,5904
TU136,Mehta,Amit ,SL,CH,2,5613
TU144,Nandu,Amit ,AD,LI,12,6210
TU146,Padmanabhan,Amit ,RE,CH,14,5614
TU142,Mulchandani,Anam Ajaz ,PR,PH,8,6520
TU212,Tolia,Anant,LE,MA,19,6321
TU217,Vora,Anil,LE,EE,20,5720
TU52,Deshpande ,Anjay ,AD,ME,17,6406
TU99,Joshi,Ankur ,TE,ME,1,6410
TU166,Sabarad,Anuj  ,PR,PH,16,6523
TU177,Shah,Anurag,LE,HS,15,6119
TU128,Makhija,Anurag ,LE,HI,18,6015
TU60,Gada,Apurva ,LE,HI,5,6012
TU49,Desai,Arpan,LE,HI,2,6010
TU210,Thakkar,Arvind,LE,MA,15,6320
TU169,Salian,Aryan,SL,BI,13,5511
TU97,Jobanputra,Ashish ,TE,EE,3,5712
TU70,Godage,Ashit ,SL,EE,5,5706
TU186,Shah,Ashwin,AD,GE,18,5916
TU91,Jain,Asit,LE,PH,7,6512
TU86,Jain,Atish ,LE,PH,20,6509
TU127,Makhija,Avadh ,PR,MA,17,6310
TU44,Dasgupta,Pinkal ,PG,CH,2,5604
TU211,Thakur,Gunwant,HO,EE,19,5719
TU171,Saraiya,Bhupindra,AD,EL,10,5811
TU170,Sanghvi,Biren,PR,EE,10,5715
TU181,Shah,Gajesh,PG,EL,1,5812
TU39,Damania,Kamal ,PG,EL,2,5803
TU75,Gujar,Chintul ,LE,EL,13,5805
TU153,Patel,Cyrus ,RE,PH,2,6521
TU23,Bhartia,Darshan ,TE,HI,6,6004
TU195,Sharma,Deepak,AD,PH,19,6528
TU150,Pandya,Dev  ,PR,LI,9,6212
TU33,Chhajed,Devang ,AD,PH,9,6504
TU125,Madhani,Deven ,LE,MA,4,6309
TU152,Parikh,Devendra ,SL,LI,9,6213
TU22,Bhargava,Dharmesh,RE,BI,6,5503
TU192,Shah,Dhaval,RE,HI,7,6021
TU173,Savla,Dhir,LE,MA,4,6314
TU135,Mehta,Dilip ,AD,BI,4,5510
TU40,Darooka,Dinesh ,TE,GE,18,5905
TU103,Kalaniya,Dinesh ,PR,BI,5,5507
TU143,Naik,Dinesh ,TE,MA,13,6312
TU215,Vakil,Divyesh,LE,ME,17,6421
TU9,Ajwani,Dnyanesh ,RE,EL,16,5802
TU96,Jobalia,Shailendra ,HO,EL,10,5807
TU50,Desai,Gajesh ,PR,EL,3,5804
TU93,Jain,Gaurang ,LE,CH,5,5608
TU206,Soni,Girish,SL,EE,4,5718
TU45,Dave,Girish ,AD,LI,20,6205
TU205,Singporewala,Gnanisha,HO,GE,15,5918
TU27,Bhurjee,Gopal ,AD,ME,17,6405
TU137,Mehta,Gopal ,RE,HS,2,6115
TU21,Bhagat,Pavneet  ,PG,GE,2,5902
TU68,Gandhi,Gurbux ,LE,EE,10,5705
TU7,Agrawal,Gurjeetsingh ,LE,HI,2,6001
TU216,Vohra,Hamid,SL,HI,18,6026
TU8,Ajmani,Harish ,AD,PH,1,6501
TU79,Hiranandani,Harish ,AD,CH,19,5607
TU176,Shah,Harsh,PR,HI,7,6019
TU187,Shah,Harsh,AD,PH,1,6526
TU26,Bhatia,Hashneet,TE,GE,6,5903
TU87,Jain,Hemang ,SL,PH,11,6510
TU47,Deravariya,Hetal ,RE,EE,7,5703
TU218,Vora,Himanshu ,LE,EL,16,5813
TU119,Kothari,Kirthiraj ,PG,HI,2,6014
TU83,Jagani,Inarayan ,AD,BI,8,5505
TU188,Shah,Iqbal Singh ,PR,PH,9,6527
TU108,Kankani,Jagdish ,LE,HI,4,6013
TU163,Rathod,Jay ,SL,PH,10,6522
TU198,Sheth,Pramod,HO,HI,6,6023
TU214,Vaghani,Jayesh,PR,PH,8,6533
TU84,Jain,Jigar ,LE,HS,7,6109
TU112,Kavatkar,Jitendra ,PR,EE,7,5714
TU56,Doshi,Jitesh ,LE,EE,7,5704
TU101,Joshi,Jitin ,AD,PH,11,6514
TU115,Khan,Chandrashekhar,PG,HS,1,6113
TU2,Aga,Kamaraj,PR,EL,10,5801
TU180,Shah,Karunakaran,RE,LI,11,6216
TU69,Gandhi,Kedar ,SL,BI,4,5504
TU151,Parekh,Khushru ,AD,CH,17,5615
TU161,Randeria,Nitesh ,PG,HS,1,6118
TU54,Donda,Kirti ,SL,PH,11,6505
TU24,Bhatarkar ,Lalit ,TE,HI,15,6005
TU207,Sundarka,Mahabalesh,TE,GE,16,5919
TU41,Darooka,Mahesh ,TE,HI,17,6007
TU201,Shetty,Mahesh ,RE,HI,14,6024
TU71,Golam,Mahfuz  ,AD,ME,14,6408
TU38,Dalmia,Mangesh ,LE,EE,4,5702
TU179,Shah,Manish,TE,MA,9,6317
TU159,Punjabi,Manish ,SL,ME,3,6415
TU76,Gupta,Manoj ,SL,ME,16,6409
TU118,Khopade,Manoj ,AD,GE,9,5910
TU148,Pallar,Manoj ,LE,HS,5,6116
TU1,Abani,Sujith,HO,HS,10,6101
TU111,Karnani,Mehernosh ,LE,MA,7,6308
TU140,Minawala,Mihhiir,LE,PH,19,6519
TU89,Jain,Mitesh ,PR,BI,19,5506
TU107,Kanda,Monesh ,LE,PH,12,6516
TU81,Italiya,Mukesh ,SL,EE,8,5709
TU105,Kamdar,Mustafa Aziz ,RE,HS,7,6111
TU78,Hingorani ,Narsiram,TE,PH,17,6507
TU92,Jain,Navin,PR,LI,19,6209
TU20,Barot ,Neelesh ,TE,MA,14,6302
TU11,Arora,Neeraj ,TE,BI,11,5501
TU90,Jain,Bhavesh ,HO,LI,1,6208
TU154,Patel,Manoj ,PG,MA,3,6313
TU184,Shah,Zoeb,HO,MA,20,6318
TU65,Ganatra,Nilesh ,TE,MA,4,6304
TU138,Mehta,Nilesh ,PR,GE,8,5912
TU17,Badlani,Niraj ,LE,HI,13,6002
TU113,Kerawala,Bhavesh ,PG,ME,2,6411
TU48,Desai,Nirav ,RE,GE,3,5906
TU120,Kothari,Nirav ,AD,EL,11,5808
TU167,Saboo,Chetan,PG,ME,1,6416
TU12,Assie,Neeraj ,HO,ME,13,6401
TU197,Sheth,Nitin,RE,EE,7,5717
TU5,Agrawal,Nitin ,SL,MA,1,6301
TU165,Rawtani,Nitin ,TE,EL,15,5810
TU141,Modi,Palak ,TE,GE,10,5913
TU189,Shah,Pankaj,TE,HI,10,6020
TU131,Mane,Paras ,LE,BI,18,5509
TU61,Gada,Paresh ,PR,ME,2,6407
TU123,Kulkarni,Paresh ,PR,GE,3,5911
TU133,Mathuria,Parvez ,SL,ME,5,6414
TU168,Sadarangani,Nitin,PG,ME,3,6417
TU200,Shetty,Amit,PG,PH,1,6529
TU36,Choudhary ,Pinkesh ,SL,MA,8,6303
TU43,Dasgupta,Pinkesh ,SL,CH,15,5603
TU213,Udhwani,Prabhat,SL,ME,4,6420
TU116,Khandelwal,Prakash ,SL,CH,11,5609
TU134,Mehta,Hitesh ,PG,PH,3,6517
TU199,Shethia,Prashant,LE,CH,1,5617
TU156,Pradhan,Prashant ,AD,HS,11,6117
TU203,Siganporia,Pratosh,PR,GE,3,5917
TU80,Hirani,Nehal ,PG,PH,4,6508
TU31,Chandarana,Probal ,LE,HS,5,6103
TU132,Marwah,Pulin ,SL,MA,7,6311
TU77,Haldar,Punamchand ,TE,HS,5,6108
TU172,Satra,Pushpak,RE,PH,14,6524
TU158,Punjabi,Rahul,LE,LI,17,6214
TU175,Sethia,Rahul,RE,ME,5,6418
TU18,Bafna,Rahul Amit ,TE,ME,5,6404
TU164,Rathod,Rajan ,SL,LI,14,6215
TU59,Dugar,Rajeev ,AD,CH,3,5606
TU182,Shah,Rajesh,SL,HS,17,6120
TU25,Bhatia,Rajesh ,SL,LI,20,6202
TU55,Doshi,Rajesh ,PR,GE,5,5907
TU66,Gandhi,Rajesh ,LE,GE,18,5908
TU95,Jhunjhunwala,Rajesh ,PR,EL,9,5806
TU114,Khan,Rajesh ,LE,HS,19,6112
TU19,Barkol,Rajiv,LE,HI,12,6003
TU126,Mahitha,Rajiv ,PR,ME,1,6412
TU209,Thakkar,Nilesh,HO,PH,18,6532
TU73,Gosalia,Raju ,LE,LI,1,6207
TU98,Joglekar,Ramchandran ,RE,PH,5,6513
TU42,Darooka,Randeepsingh ,TE,HI,5,6008
TU147,Paleja,Rashesh ,AD,GE,17,5915
TU6,Agrawal,Ravi,TE,HS,9,6102
TU202,Shriyan,Nirav,PG,PH,2,6530
TU15,Badamia,Rishi ,RE,BI,11,5502
TU190,Shah,Rupesh,RE,LI,18,6217
TU64,Gajera,Rupesh ,LE,HS,6,6107
TU145,Narvekar,Rupin ,AD,GE,12,5914
TU57,Doshy,Sachin,PR,CH,6,5605
TU32,Chhajed,Sajid ,TE,CH,13,5602
TU204,Singh,Samir,RE,HI,13,6025
TU220,Zaveri,Sandeep,RE,HS,4,6121
TU160,Ramavat,Sanjay,LE,HI,18,6018
TU29,Chachra,Sanjay ,RE,EE,20,5701
TU30,Chandarana,Sanjay ,PR,PH,11,6503
TU74,Gothi,Sanjay ,AD,EE,7,5708
TU155,Poonawalla,Sanjay ,RE,HI,11,6016
TU157,Prem,Sanjay ,RE,HI,10,6017
TU196,Sheth,Sanjiv,AD,HI,18,6022
TU106,Kanakia,Sanjiv ,SL,PH,14,6515
TU10,Amonkar,Sanjive ,SL,CH,5,5601
TU67,Gandhi,Satpal ,TE,LI,8,6206
TU88,Jain,Premal ,PG,PH,1,6511
TU46,Degadwala ,Shailesh ,AD,HI,1,6009
TU191,Shah,Shantila ,SL,CH,9,5616
TU129,Malladi,Shetal ,AD,ME,15,6413
TU110,Kapoor,Shishir ,SL,EE,14,5713
TU174,Sethi,Shrinarayan,RE,MA,15,6315
TU185,Shah,Shriniwas,TE,EE,6,5716
TU51,Desai,Shyamal ,TE,HS,7,6104
TU104,Kamath,Snehal ,PR,MA,16,6306
TU37,Dabral,Somesh,PR,LI,14,6204
TU82,Iyer,Srinivas ,TE,GE,16,5909
TU63,Gadhiok,Subhash ,PR,PH,17,6506
TU13,Assie,Rajnikant ,PG,PH,1,6502
TU193,Shah,Sumit,AD,MA,4,6319
TU4,Agarwal,Sunilkumar ,TE,GE,11,5901
TU102,Kajaria,Swapnil ,SL,HS,16,6110
TU34,Chhugani,Tushar ,LE,LI,1,6203
TU16,Badhniwalla,Vikas ,PR,ME,10,6403
TU58,Dudwadkar ,Vikas ,RE,HS,13,6105
TU109,Kapoor,Vinod ,RE,MA,1,6307
TU85,Jain,Vinod  ,PR,EE,10,5710
TU194,Shaikh,Vipul,SL,ME,2,6419
TU94,Jain,Vipul ,SL,EE,17,5711
TU162,Rathod,Vipul  ,LE,EL,15,5809
TU139,Mehta,Vishal ,LE,PH,10,6518
TU149,Panchigar ,Vishwanath ,TE,LI,6,6211
TU14,Aurangabadkar,Vizak ,LE,ME,3,6402
TU183,Shah,Ravi ,PG,PH,1,6525
