973001,Seagate Barracuda,Internal,HDD,7200,SATA,6,500,3.5,79.99,-1
973002,Hitachi Deskstar,Internal,HDD,7200,SATA,3,1000,3.5,89.98,-1
973003,Samsung Spinpoint,Internal,HDD,5400,SATA,3,1000,2.5,99.99,-1
973004,Samsung Spinpoint,Internal,HDD,5400,SATA,3,2000,3.5,129.99,-1
973005,Buffalo DriveStation,External,HDD,N/A,USB 2,4.8,2000,3.5,99.99,-1
973006,Samsung Spinpoint,Internal,HDD,7200,SATA,3,1000,3.5,99.99,-1
973007,Samsung Spinpoint,Internal,HDD,5400,SATA,3,250,2.5,54.99,-1
973008,Samsung Spinpoint,Internal,HDD,,SATA,3,160,2.5,49.99,-1
973009,Hitachi DeskStar,Internal,HDD,7200,SATA,6,2000,3.5,159.99,-1
973010,Hitachi TravelStar,Internal,HDD,5400,SATA,3,500,2.5,69.99,-1
973011,Buffalo MiniStation Extreme,External,HDD,N/A,USB 3,5,500,3.5,79.99,-1
973012,Toshiba StorE Alu2,External,HDD,N/A,USB 2,4.8,500,2.5,59.99,-1
973013,Western Digital Elements,External,HDD,N/A,USB 2,4.8,2500,3.5,104.99,-1
973014,Samsung S2 Portable,External,HDD,N/A,USB 3,5,1000,2.5,94.99,-1
973015,Hitachi LifeStudio Mobile Plus,External,HDD,N/A,USB 2,4.8,320,2.5,51.99,-1
973016,HP Hot Plug SAS,Internal,HDD,15000,SAS,3,36,2.5,245.99,0
973017,Hitachi UltraStar,Internal,HDD,15000,SAS,6,600,3.5,599.55,0
973018,Seagate Cheetah,Internal,HDD,15000,SCA-4,4,600,3.5,574.03,0
973019,Hitachi UltraStar,Internal,HDD,15000,SAS,6,450,3.5,419.99,0
973020,Hitachi UltraStar,Internal,HDD,10000,SAS,6,600,3.5,419.99,-1
973021,HP Hot swap Mid Line,Internal,HDD,7200,SATA,3,2000,3.5,382.3,0
973022,Kingston HyperX,Internal,SSD,N/A,SATA,6,120,2.5,149.98,-1
973023,OCZ Vertex,Internal,SSD,N/A,SATA,6,120,2.5,144.98,-1
973024,Corsair Force,Internal,SSD,N/A,SATA,6,120,2.5,122.98,-1
973025,OCZ Agility,Internal,SSD,N/A,SATA,6,120,2.5,129.99,-1
973026,Samsung 830,Internal,SSD,N/A,SATA,6,128,2.5,164.98,-1
973027,Samsung 830,Internal,SSD,N/A,SATA,6,64,2.5,89.99,-1
973028,OCZ Vertex,Internal,SSD,N/A,SATA,6,60,2.5,83.99,-1
973029,Samsung 830,Internal,SSD,N/A,SATA,6,256,2.5,319.99,-1
973030,Kingston SSDNow,Internal,SSD,N/A,SATA,6,480,2.5,679.96,-1
973031,OCZ Octane,Internal,SSD,N/A,SATA,6,512,2.5,669.99,-1
973032,Crucial m4,Internal,SSD,N/A,SATA,6,512,2.5,649.99,-1
973033,Samsung 830,Internal,SSD,N/A,SATA,6,512,2.5,629.98,-1
973034,istorage diskgenie,External,SSD,N/A,USB 2,4.8,256,2.5,622.78,0
973035,istorage diskgenie,External,SSD,N/A,USB 2,4.8,240,2.5,571.18,-1
973036,Iomega Flash drive,External,SSD,N/A,USB 3,5,256,2.5,563.52,-1
973037,OCZ Agility,Internal,SSD,N/A,SATA,6,480,2.5,559.99,-1
973038,Crucial m4,Internal,SSD,N/A,SATA,6,512,2.5,559.99,-1
973039,OCZ RevoDrive,Internal,SSD,N/A,PCI-express,15,240,,549.93,0
973040,Intel 320,Internal,SSD,N/A,SATA,6,300,2.5,392.98,-1
973041,Kingston HyperX,Internal,SSD,N/A,SATA,6,240,2.5,384.99,-1
