GivenName,Surname,MembershipNumber,StreetAddress,City,PostCode,EmailAddress,TelephoneNumber
Lydia,Sykes,100,59 Exning Road,HARFORD,PL21 7XC,Lydia.M.Sykes@trashymail.com,079 5199 5552
Finlay,White,101,22 Whatlington Road,COULTRA,KY15 4YA,Finlay.N.White@spambob.com,077 0703 2848
Noah,Pope,102,39 Vicar Lane,SANDY LANE,BD15 6QL,Noah.F.Pope@mailinator.com,078 6440 7800
Ewan,Mason,103,38 Sloe Lane,CROUCH,TN15 4AK,Ewan.S.Mason@spambob.com,070 7427 1580
Jay,Francis,104,83 Wenlock Terrace,PERT,AB30 9ZO,Jay.D.Francis@spambob.com,070 6195 8891
Erin,Taylor,105,59 Warren St,WEST FARNDON,NN11 0AU,Erin.C.Taylor@dodgit.com,078 7226 4832
Amber,Ford,106,63 Thames Street,BOLTON LOW HOUSES,CA7 4TW,Amber.T.Ford@mailinator.com,077 1934 0672
Anthony,Wyatt,107,41 Park Place,CASSINGTON,OX8 4WK,Anthony.M.Wyatt@dodgit.com,077 5405 3369
Jack,Naylor,108,11 Seafield Place,FORNCETT ST MARY,NR16 6KQ,Jack.S.Naylor@trashymail.com,077 8772 9363
Lewis,Lord,109,48 Fox Lane,BODORGAN,LL62 6KQ,Lewis.J.Lord@mailinator.com,079 6664 5229
Connor,Chamberlain,110,43 Traill Street,ROTHERSTHORPE,NN7 8BM,Conr.L.Chamberlain@mailinator.com,078 3398 3220
Owen,Wright,111,43 Chapel Lane,ARRAD FOOT,LA12 0DA,Owen.A.Wright@trashymail.com,070 5285 1898
Katherine,Griffin,112,3 Baldock Street,NEWTON ABBOT,TQ12 7UM,Katherine.A.Griffin@pookmail.com,070 1211 5952
Peter,Williams,113,87 Withers Close,ALDWINCLE,NN14 5UC,Peter.C.Williams@mailinator.com,070 4665 6756
Scarlett,Hardy,114,39 Wrexham Road,FAWKHAM GREEN,DA3 9KE,Scarlett.K.Hardy@pookmail.com,078 5248 8893
Jake,Abbott,115,71 Hexham Road,IVELET,DL11 6FZ,Jake.C.Abbott@trashymail.com,078 7099 6775
Morgan,John,116,43 East Street,MARDEN,HR1 1MV,Morgan.N.John@mailinator.com,079 8160 9651
Morgan,Stevens,117,9 Mar Close,DODDISCOMBSLEIGH,EX6 8OU,Morgan.L.Stevens@trashymail.com,079 6903 5627
Isabelle,McLean,118,96 Scrimshire Lane,ATHELNEY,TA7 3OO,Isabelle.G.McLean@spambob.com,078 2713 1749
Max,Collier,119,98 Great Western Road,LONGWORTH,OX13 5ZE,Max.R.Collier@dodgit.com,079 2468 6469
Ella,McKenzie,120,66 Stone St,CRANFORD,TW5 4BJ,Ella.A.McKenzie@pookmail.com,070 1719 6783
Isabella,Gibbs,121,69 Tonbridge Rd,COPPENHALL MOSS,CW1 2ZN,Isabella.D.Gibbs@pookmail.com,077 5054 8532
Jack,Whitehouse,122,62 Golf Road,SWALWELL,NE16 5KS,Jack.B.Whitehouse@trashymail.com,078 6485 8510
Ethan,Baxter,123,72 Jubilee Drive,CASTLETON,CF3 0RC,Ethan.K.Baxter@trashymail.com,078 5561 4696
Charlie,Simmons,124,38 Park Terrace,GLADESTRY,HR5 9YN,Charlie.D.Simmons@trashymail.com,078 3439 7172
Harley,Carr,125,24 Lairg Road,NEWBOROUGH,DE13 8RN,Harley.V.Carr@spambob.com,078 6358 9334
Brandon,Bevan,126,20 Main St,ACCRINGTON,BB5 1MX,Brandon.E.Bevan@pookmail.com,070 8740 4329
Samantha,Jennings,127,77 Preston Rd,MORRISTON,KA19 8MT,Samantha.A.Jennings@trashymail.com,070 6781 0022
Spencer,Butcher,128,31 Roker Terrace,LANGLEY PARK,DH7 5UU,Spencer.Z.Butcher@spambob.com,079 5611 9572
Thomas,Winter,129,89 Haslemere Road,EASTFIELD,ML7 4KG,Thomas.F.Winter@pookmail.com,070 6101 3553
Yasmin,Peacock,130,47 Rowland Rd,OSSETT,WF5 8UM,Yasmin.M.Peacock@spambob.com,070 5761 6306
Sebastian,Law,131,24 Jedburgh Road,LEVENCORROCH,KA27 3UI,Sebastian.S.Law@pookmail.com,077 0504 6356
Alfie,Thomas,132,61 Shore Street,STITHIANS,TR3 3LG,Alfie.B.Thomas@trashymail.com,079 1347 1904
Finley,Mills,133,41 Brynglas Road,GLENRISDELL,PA29 6PX,Finley.E.Mills@trashymail.com,077 3817 0693
Katherine,Stokes,134,40 Duckpit Lane,UPPER HORSEBRIDGE,BN27 7PO,Katherine.L.Stokes@spambob.com,077 4504 8544
Evan,Kemp,135,78 South Crescent,LYDEARD ST LAWRENCE,TA4 8UW,Evan.F.Kemp@pookmail.com,070 7630 3448
Lydia,Powell,136,47 Coast Rd,KIRKBY,TS9 9IM,Lydia.O.Powell@mailinator.com,079 1457 4246
Oliver,Haynes,137,71 Great rth Road,ALTHAM,BB5 5EW,Oliver.A.Haynes@trashymail.com,079 7236 6313
Henry,Davison,138,16 Souterhead Road,LOSTWITHIEL,PL22 6HN,Henry.E.Davison@dodgit.com,078 7153 8251
Isabelle,Holloway,139,5 Boat Lane,RESOLIS,IV7 3AL,Isabelle.R.Holloway@dodgit.com,070 5294 3121
Faith,Hammond,140,12 Simone Weil Avenue,WAUN Y CLYN,SA17 7TB,Faith.M.Hammond@dodgit.com,078 5237 6534
Molly,Pickering,141,38 Earls Avenue,WHITESTAUNTON,TA20 3LG,Molly.T.Pickering@mailinator.com,077 4211 0322
Corey,Ball,142,10 Marlborough Crescent,SOUTHGATE,PE31 8MJ,Corey.R.Ball@mailinator.com,078 1576 0068
Isobel,Higgins,143,93 Preston Rd,MORDON,TS21 4EQ,Isobel.R.Higgins@mailinator.com,077 5738 8326
Hollie,Davison,144,91 Station Rd,PURSE CAUNDLE,DT9 7GF,Hollie.E.Davison@pookmail.com,070 7092 5812
Maisie,Stewart,145,76 Pendwyallt Road,BURTON,NE69 8FV,Maisie.J.Stewart@trashymail.com,077 3085 2112
Chelsea,Doyle,146,61 Great rth Road,AMBLECOTE,DY8 6IE,Chelsea.R.Doyle@spambob.com,079 8773 6743
Louise,Stewart,147,45 Church Way,BRADFIELD ST GEORGE,IP30 7NE,Louise.J.Stewart@spambob.com,070 0940 5905
Nathan,Waters,148,68 Ivy Lane,WALSTON,ML11 0JR,Nathan.A.Waters@spambob.com,077 6834 1521
Michael,Kemp,149,19 Roman Rd,LEDAIG,PA37 4OE,Michael.R.Kemp@dodgit.com,070 0262 5667
Hannah,Fleming,150,75 Ballifeary Road,BAMBER BRIDGE,PR5 0TU,Hannah.B.Fleming@trashymail.com,070 2287 0252
Christopher,Morton,151,82 Ash Lane,YNYSBOETH,CF45 7ZI,Christopher.N.Morton@trashymail.com,078 5093 2575
Danielle,Holmes,152,1 Baldock Street,NEWTON ON TRENT,LN1 7MF,Danielle.T.Holmes@trashymail.com,078 4397 1816
Hannah,rton,153,85 Buckingham Rd,THORNHILL,CF83 2QI,Hannah.A.rton@pookmail.com,079 4358 0376
Holly,Reid,154,5 Temple Way,WISTON,ML12 7CY,Holly.E.Reid@pookmail.com,078 1756 8897
Henry,Robson,155,16 Fraserburgh Rd,LEYSDOWN-ON-SEA,ME12 6VW,Henry.D.Robson@dodgit.com,079 3715 6169
Eve,Garner,156,20 Mar Close,DODINGTON ASH,BS37 2DP,Eve.J.Garner@mailinator.com,079 8893 2378
Eloise,Little,157,23 Ponsmere Road,ZENR,TR26 9OP,Eloise.D.Little@spambob.com,078 7753 8177
Toby,Hewitt,158,74 Boat Lane,REPPS,NR29 4RA,Toby.L.Hewitt@pookmail.com,078 4701 2074
Finlay,Bruce,159,78 Town Lane,SOUTH CLIFFE,YO4 6ZA,Finlay.L.Bruce@dodgit.com,070 4195 2404
Hayden,Gibson,160,47 Roman Rd,LECKFORD,SO20 3WW,Hayden.P.Gibson@spambob.com,078 5769 4692
Yasmin,Power,161,93 Kent Street,CROSS INN,CF72 2OC,Yasmin.J.Power@pookmail.com,078 1155 7004
Natasha,Cross,162,74 Park Place,CASTERTON,LA6 2UR,Natasha.A.Cross@trashymail.com,079 5855 1952
Kayleigh,Bishop,163,50 Seafield Place,FOSSDALE,DL8 3PP,Kayleigh.T.Bishop@trashymail.com,078 5411 9244
Hayden,Barrett,164,1 Union Terrace,LOCKERLEY,SO51 7TX,Hayden.L.Barrett@trashymail.com,070 6559 1238
Nathan,Walsh,165,57 Well Lane,PARKFORD,DD8 7HU,Nathan.M.Walsh@mailinator.com,078 5218 3252
Scott,Clements,166,10 Bath Rd,WOLDINGHAM,CR3 4BY,Scott.P.Clements@trashymail.com,070 3296 3482
Georgia,Archer,167,65 Roman Rd,LEIGH,SY5 4ML,Georgia.R.Archer@dodgit.com,078 3581 2580
Aaron,Rhodes,168,11 Glandovey Terrace,TRESINNEY,PL32 9XJ,Aaron.E.Rhodes@dodgit.com,078 0065 0838
Jasmine,Richards,169,51 Cunnery Rd,MANCHESTER,M1 7NI,Jasmine.B.Richards@dodgit.com,077 6218 7285
Hayden,Nash,170,71 Ings Lane,DELNY,IV18 6AR,Hayden.C.Nash@trashymail.com,079 6053 0774
Melissa,Hope,171,55 Fordham Rd,HALLWORTHY,PL32 1TA,Melissa.M.Hope@pookmail.com,070 3801 1183
Faith,Stevenson,172,16 Bouverie Road,WESTOW,YO6 3YP,Faith.H.Stevenson@pookmail.com,077 2191 9047
Connor,Dean,173,30 Sutton Wick Lane,BRINGTON,PE18 4OJ,Conr.G.Dean@mailinator.com,078 7742 0620
Amy,Birch,174,12 Trehafod Road,BUDE,EX23 7MO,Amy.S.Birch@dodgit.com,078 3627 2654
Chloe,Alexander,175,91 High St,THURNBY,LE7 6JI,Chloe.R.Alexander@mailinator.com,070 3430 3118
Lewis,Goddard,176,78 Stroude Road,SIMPRIM,TD12 7XN,Lewis.T.Goddard@trashymail.com,070 5128 1899
Robert,Lawson,177,41 Berkeley Rd,STRATFORD TONY,SP5 8FG,Robert.E.Lawson@spambob.com,070 3179 6652
Lucas,Bates,178,52 Graham Road,CHERITON,SA3 7AM,Lucas.A.Bates@trashymail.com,078 5290 2116
Lucy,Chan,179,14 Prince Consort Road,KELSAY,PA47 3TC,Lucy.J.Chan@mailinator.com,078 7644 2743
Laura,Potter,180,48 Neville Street,IMPINGTON,CB4 6UZ,Laura.T.Potter@dodgit.com,078 2662 5367
Reece,Barnes,181,41 Newport Road,CARISBROOKE,PO30 1PX,Reece.C.Barnes@dodgit.com,077 4504 7773
Harriet,Sims,182,56 Canterbury Road,URCHANY,IV12 4HS,Harriet.D.Sims@pookmail.com,070 0911 8116
Michael,Willis,183,78 Helland Bridge,UPPER HACKNEY,DE4 2IU,Michael.A.Willis@spambob.com,079 0979 1769
Aaron,Morris,184,79 Hampton Court Rd,SOUTHORPE,PE9 1QH,Aaron.M.Morris@spambob.com,077 6742 5279
Owen,Wyatt,185,5 Colorado Way,RHYD-YR-ONNEN,LL36 1LW,Owen.L.Wyatt@spambob.com,079 4257 3934
Chloe,White,186,36 Huntly Street,BARRAHORMID,PA31 8JL,Chloe.J.White@dodgit.com,078 7835 1699
Grace,Frost,187,58 Southlands Road,PONTNEWYNYDD,NP4 3QY,Grace.J.Frost@trashymail.com,078 2210 1945
Louise,Perkins,188,90 Old Edinburgh Road,BELMONT,BL7 9VS,Louise.O.Perkins@trashymail.com,079 1021 6384
Charlie,Manning,189,78 Greyfriars Road,CAPEL PARC,LL68 7WC,Charlie.D.Manning@pookmail.com,077 0501 9500
Riley,Chapman,190,27 Iffley Road,BROADOAK,SA32 4ZW,Riley.C.Chapman@dodgit.com,077 5630 2998
Edward,Ashton,191,10 Broomfield Place,STONYBRECK,ZE2 7CI,Edward.S.Ashton@pookmail.com,078 0114 7231
Victoria,Taylor,192,55 St Omers Road,HOCKLEY,SS5 3OB,Victoria.D.Taylor@spambob.com,077 0834 2029
Naomi,Chamberlain,193,74 Brynglas Road,GLENLEE,DD9 3JW,Naomi.A.Chamberlain@trashymail.com,070 0073 3289
Erin,Kerr,194,10 South Street,MONCREIFFE,PH2 5AV,Erin.T.Kerr@mailinator.com,070 2961 7150
Lola,Mellor,195,69 Caradon Hill,TYWYN,LL36 4UR,Lola.L.Mellor@trashymail.com,070 3962 5256
Alfie,Saunders,196,12 Old Edinburgh Road,BEECH HILL,RG7 8KQ,Alfie.L.Saunders@dodgit.com,070 4751 0765
Naomi,Lees,197,14 Prospect Hill,DRAYTON,DY9 7ZM,Naomi.L.Lees@trashymail.com,070 8419 3271
Ellis,Curtis,198,93 Jubilee Drive,CATLOW,BB10 5ZS,Ellis.S.Curtis@trashymail.com,070 1803 8232
Ben,Nelson,199,52 Iolaire Road,NEW BYTH,AB53 2IT,Ben.I.Nelson@trashymail.com,079 6623 5145
Harvey,John,200,68 Caradon Hill,TYNRIBBIE,PA38 4OU,Harvey.M.John@pookmail.com,079 4112 8239
Aidan,Wong,201,47 Newport Road,CARNYORTH,TR19 6AL,Aidan.V.Wong@spambob.com,078 6635 9940
Owen,Doyle,202,16 Harehills Lane,ROWLEY,HU20 2UI,Owen.L.Doyle@mailinator.com,077 5362 6257
Rachel,Wells,203,6 Prince Consort Road,KENSALEYRE,IV51 4XN,Rachel.O.Wells@pookmail.com,077 4919 7315
Madeleine,Sinclair,204,61 Greble Road,BRAY SHOP,PL17 1JE,Madeleine.B.Sinclair@trashymail.com,078 5096 8359
Natasha,O'Sullivan,205,46 Whatlington Road,COTHAM,BS6 7CE,Natasha.K.O'Sullivan@dodgit.com,079 3284 4934
Sam,Miller,206,54 Nenthead Road,HIGH HARROGATE,HG1 7ZK,Sam.T.Miller@pookmail.com,079 7901 0977
Amelia,Power,207,13 Prospect Hill,DRAYCOTT IN THE MOORS,ST10 2KL,Amelia.T.Power@dodgit.com,070 0037 4273
Luke,Murray,208,6 St Andrews Lane,DALCHRUIN,PH6 3EP,Luke.H.Murray@mailinator.com,078 4825 6668
Jack,Morris,209,87 Stroude Road,SKEGBY,NG17 7ZC,Jack.O.Morris@trashymail.com,078 3397 6272
Ruby,Ross,210,27 South Western Terrace,MITCHAM,CR4 2FU,Ruby.C.Ross@spambob.com,079 4188 1266
Shann,Moran,211,40 Bootham Terrace,REDBURN,IV16 3FJ,Shann.L.Moran@trashymail.com,079 4375 5690
Patrick,Adams,212,96 Overton Circle,LIVERTON,TS13 2PC,Patrick.D.Adams@dodgit.com,070 3264 5872
Imogen,Byrne,213,63 Prestwick Road,INNERGELLIE,KY10 7KA,Imogen.K.Byrne@pookmail.com,077 5390 3226
Toby,Dunn,214,82 Tadcaster Rd,PIGDON,NE61 2YZ,Toby.S.Dunn@mailinator.com,070 7248 0137
Aaliyah,Stewart,215,6 Roman Rd,LEGSBY,LN8 6ZY,Aaliyah.B.Stewart@pookmail.com,078 0251 5245
Jade,Joyce,216,93 South Crescent,LYMBRIDGE GREEN,TN25 7QS,Jade.B.Joyce@trashymail.com,079 4688 4990
Owen,Barry,217,55 Roman Rd,LEDSTON,WF10 1PB,Owen.A.Barry@mailinator.com,077 3022 8765
Riley,Leonard,218,18 Lincoln Green Lane,CHRISHALL,SG8 3JM,Riley.S.Leonard@pookmail.com,078 0661 6026
Freya,Harris,219,79 Friar Street,CLATTER,SY17 2YE,Freya.E.Harris@mailinator.com,070 5233 5073
Melissa,Davison,220,99 Ballifeary Road,BALLOGIE,AB34 9DD,Melissa.R.Davison@pookmail.com,078 5115 4894
Joshua,Lawrence,221,95 Caerfai Bay Road,TEMPLE GUITING,GL54 0BO,Joshua.C.Lawrence@spambob.com,077 8132 6708
Elise,Townsend,222,31 Park Avenue,LEAKE COMMON SIDE,PE22 6XC,Elise.J.Townsend@pookmail.com,077 8163 6464
Tilly,Gill,223,65 Ockham Road,EAST MOLESEY,KT8 4OG,Tilly.H.Gill@dodgit.com,078 6025 7473
Oliver,Chan,224,21 Long Street,MILL HOUSES,LA2 1NG,Oliver.T.Chan@trashymail.com,077 0418 3416
Sophie,Middleton,225,36 Holburn Lane,HEBDEN,BD23 9XR,Sophie.J.Middleton@dodgit.com,077 2142 1139
Katie,Hart,226,76 Annfield Rd,BEDHAMPTON,PO9 2NK,Katie.E.Hart@spambob.com,070 8801 0157
Alex,Arld,227,31 Lamphey Road,THONG,DA12 8XK,Alex.C.Arld@mailinator.com,070 4564 8083
Thomas,Quinn,228,38 Ploughley Rd,TOCKINGTON,BS12 9CE,Thomas.J.Quinn@pookmail.com,079 6428 2055
Lucy,Patterson,229,81 Friar Street,CLAXTON,YO6 8EL,Lucy.J.Patterson@pookmail.com,077 1948 1930
Harvey,Hall,230,74 Redcliffe Way,WOOLSTONE,SN7 0CN,Harvey.C.Hall@dodgit.com,077 7581 7951
Jacob,Banks,231,23 Ploughley Rd,TINWALD,DG1 2UI,Jacob.M.Banks@spambob.com,070 8288 3700
Courtney,Marshall,232,28 Duckpit Lane,UPPER MITTON,DY13 6NN,Courtney.K.Marshall@mailinator.com,079 6307 1325
Corey,Hooper,233,43 St Dunstans Street,WATERSIDE,KA6 2GF,Corey.N.Hooper@mailinator.com,079 4929 9005
Joe,Coates,234,67 Ramsgate Rd,WILBY,IP21 9FA,Joe.L.Coates@dodgit.com,077 0374 2851
Hollie,Horton,235,99 Ramsgate Rd,WILLOUGHTON,DN21 2OJ,Hollie.B.Horton@pookmail.com,079 4482 7102
Emily,Mitchell,236,94 Carriers Road,CREETING ST MARY,IP6 7NG,Emily.R.Mitchell@mailinator.com,077 1397 7052
Laura,Lowe,237,14 Hexham Road,IRONBRIDGE,TF8 1AR,Laura.E.Lowe@spambob.com,079 2605 0533
Christopher,Johnson,238,60 Circle Way,CALFSOUND,KW17 6KZ,Christopher.S.Johnson@trashymail.com,079 2619 0725
Scarlett,Patterson,239,58 Overton Circle,LITTLE STANNEY,CH2 6XO,Scarlett.G.Patterson@spambob.com,077 7293 1045
Laura,Kelly,240,91 Davids Lane,STRONE,PH33 6AS,Laura.L.Kelly@spambob.com,079 1758 3320
Anna,Bennett,241,40 Whatlington Road,COURT-AT-STREET,CT21 3LS,Anna.T.Bennett@mailinator.com,070 0697 0154
Robert,Garner,242,70 Huntly Street,BARROCK,KW14 0SL,Robert.A.Garner@dodgit.com,070 3283 0325
Charles,Singh,243,14 Ilchester Road,MULLION,TR12 8UR,Charles.E.Singh@spambob.com,077 6158 9084
Billy,Mitchell,244,8 Park Place,CARSTAIRS,ML11 1NI,Billy.E.Mitchell@mailinator.com,070 7335 3197
Anna,Carter,245,69 Ermin Street,WYCOMB,LE14 6UQ,Anna.P.Carter@spambob.com,070 3724 6088
Luke,Harding,246,77 Stone St,CRASTER,NE66 6HY,Luke.L.Harding@mailinator.com,079 8013 5141
Samantha,Frost,247,99 Jedburgh Road,LETTERSHAWS,ML12 2CQ,Samantha.D.Frost@mailinator.com,077 3151 7869
Isaac,Austin,248,39 Winchester Rd,MERROW,GU1 0UO,Isaac.C.Austin@dodgit.com,079 2106 7429
William,James,249,27 Baldock Street,NEWTONMORE,PH20 8HN,William.A.James@spambob.com,070 4083 5079
Henry,Chan,250,13 Colorado Way,RICHMOND UPON THAMES,TW10 7SR,Henry.R.Chan@spambob.com,070 0879 7677
William,Nicholls,251,45 ttingham Rd,ABERCRYCHAN,SA20 9RZ,William.H.Nicholls@trashymail.com,079 5425 8613
Toby,Vincent,252,51 Thompsons Lane,MEIKLE WARTLE,AB51 7ZU,Toby.E.Vincent@mailinator.com,079 5916 2837
Lydia,Storey,253,85 St Andrews Lane,DALE PARK,BN18 9GG,Lydia.T.Storey@pookmail.com,077 3815 0815
Aidan,Brooks,254,24 Asfordby Rd,ALDFIELD,HG4 8AM,Aidan.E.Brooks@pookmail.com,070 1317 8421
Harrison,Leonard,255,73 Front Street,KWL WALL,ST4 3LQ,Harrison.L.Leonard@dodgit.com,079 3853 2929
Tom,Shaw,256,36 Prestwick Road,INISTRYNICH,PA33 2DI,Tom.G.Shaw@pookmail.com,077 4854 5932
Anna,Conr,257,44 Winchester Rd,MICHAELCHURCH,HR2 0UF,Anna.T.Conr@dodgit.com,079 1276 8030
Elear,Edwards,258,68 Preston Rd,MORFA GLAS,SA11 6NU,Elear.N.Edwards@spambob.com,079 8612 6560
Joshua,Cook,259,36 Hounslow Rd,SNITTERFIELD,CV37 0WB,Joshua.E.Cook@pookmail.com,070 6144 1550
Naomi,Matthews,260,90 Witney Way,KITWOOD,SO24 8FK,Naomi.M.Matthews@pookmail.com,079 2192 1434
Charlie,Pritchard,261,49 Stroud Rd,ODCOMBE,BA22 0HL,Charlie.A.Pritchard@trashymail.com,070 7445 1007
Lauren,Jarvis,262,86 Felix Lane,SHOTWICK,CH1 6ZY,Lauren.L.Jarvis@mailinator.com,079 7819 1574
Jude,Davidson,263,93 Buckingham Rd,THORNTON-LE-MOOR,DL7 4BT,Jude.C.Davidson@pookmail.com,077 3827 8269
Abby,O'Donnell,264,48 Stamford Road,APPLETREEHALL,TD9 1WN,Abby.S.O'Donnell@mailinator.com,079 2911 8671
Libby,West,265,67 Jesmond Rd,KILMALIEU,PH33 1ML,Libby.A.West@dodgit.com,079 0628 6095
Peter,Bailey,266,62 Chapel Lane,ARMINGHALL,NR14 8QF,Peter.E.Bailey@mailinator.com,070 5557 3640
Cerys,White,267,72 Main Road,AUDLEY,ST7 7YD,Cerys.J.White@mailinator.com,079 1368 8831
Madison,Warner,268,19 Fore St,TROUGHEND,NE19 5FB,Madison.B.Warner@mailinator.com,070 8694 2467
Matthew,Swift,269,38 Well Lane,PARKHILL,PH10 0YG,Matthew.E.Swift@trashymail.com,070 1942 8838
Amelie,Joyce,270,4 Annfield Rd,BEDBURN,DL13 0CN,Amelie.N.Joyce@mailinator.com,070 5010 1669
Kieran,Elliott,271,82 Telford Street,BANCKBURN,FK7 9AD,Kieran.R.Elliott@dodgit.com,078 2435 5342
Jacob,Kent,272,54 Lincoln Green Lane,CHOLSTREY,HR6 9TI,Jacob.E.Kent@mailinator.com,070 6662 1607
Samuel,Turner,273,43 Cefn Road,FARDEN,SY8 9GY,Samuel.N.Turner@dodgit.com,079 1320 5640
Alexander,Savage,274,15 Buckingham Rd,THORNHILL,CF83 4FX,Alexander.H.Savage@pookmail.com,079 4330 8200
Abbie,Day,275,65 rthgate Street,BETTWS EVAN,SA38 1YW,Abbie.D.Day@mailinator.com,077 1160 6538
Thomas,Willis,276,84 Thompsons Lane,MELLOR BROOK,BB2 4QW,Thomas.M.Willis@trashymail.com,078 1545 1436
Jonathan,Thomson,277,33 Hull Road,PALE,LL23 2SV,Jonathan.Z.Thomson@pookmail.com,079 3696 1133
Freddie,Conlly,278,12 Walden Road,GREAT WRATTING,CB9 0UF,Freddie.S.Conlly@dodgit.com,078 2005 9069
William,Hughes,279,81 South Street,MONXTON,SP11 0ST,William.L.Hughes@spambob.com,079 0339 4553
Phoebe,Hargreaves,280,73 Simone Weil Avenue,WELL END,SL8 4PZ,Phoebe.D.Hargreaves@dodgit.com,077 0823 4050
Tyler,Bradshaw,281,9 Long Street,MILE ELM,SN11 6EP,Tyler.A.Bradshaw@mailinator.com,070 4658 2650
Imogen,Lamb,282,48 Cloch Rd,ST HELIER,JE1 8RK,Imogen.A.Lamb@dodgit.com,079 1807 6631
Jasmine,Tyler,283,46 Neville Street,ICKLETON,CB10 6AF,Jasmine.D.Tyler@dodgit.com,079 5899 4560
Sarah,Vincent,284,27 Botley Road,MIDDLETON GREEN,ST10 7CZ,Sarah.R.Vincent@trashymail.com,078 5280 5525
Mohammed,Butcher,285,85 Withers Close,ALDONS,KA26 7PW,Mohammed.M.Butcher@trashymail.com,070 0941 0205
Ruby,Bond,286,69 Overton Circle,LITTLETON DREW,SN14 5QD,Ruby.B.Bond@mailinator.com,079 3203 2244
Aidan,Power,287,48 Baldock Street,NEWTON STACEY,SO20 8SB,Aidan.O.Power@dodgit.com,078 2690 2613
Tom,Bates,288,5 Coast Rd,KIRKBY,TS9 2TS,Tom.A.Bates@spambob.com,079 2711 0067
Alexander,Poole,289,21 Sandyhill Rd,FULLER STREET,CM3 9IR,Alexander.A.Poole@spambob.com,078 4503 6713
Nicole,Thompson,290,84 Simone Weil Avenue,WEELEY HEATH,CO16 0IL,Nicole.S.Thompson@trashymail.com,078 1738 0980
Declan,Gregory,291,56 Southlands Road,PONTLLYFNI,LL54 4ZM,Declan.E.Gregory@spambob.com,079 8047 1875
Ellie,Akhtar,292,93 rthgate Street,BIELBY,YO42 5CY,Ellie.H.Akhtar@dodgit.com,070 3817 0987
Archie,Davey,293,5 Bootham Crescent,RING'S END,PE13 4AN,Archie.S.Davey@pookmail.com,070 3577 0108
Daniel,Barber,294,39 South Crescent,LYDHAM,SY9 8NF,Daniel.Z.Barber@trashymail.com,078 5093 4810
Harrison,Harrison,295,95 Park Place,CASTLE CARY,BA7 5HC,Harrison.L.Harrison@spambob.com,078 3673 4036
Lucas,Woodward,296,62 Ilchester Road,MUIE,IV28 1GD,Lucas.C.Woodward@spambob.com,078 1716 9162
Amber,Smith,297,44 Tadcaster Rd,PINXTON,NG16 6WW,Amber.R.Smith@pookmail.com,070 2146 3477
Corey,Chan,298,48 Wade Lane,SALTERFORTH,BB8 8VW,Corey.J.Chan@mailinator.com,070 2970 1012
Abigail,Bruce,299,72 Fulford Road,PENTRE GWYNFRYN,LL45 8DO,Abigail.H.Bruce@pookmail.com,078 5933 3430
Cameron,Stokes,300,63 Consett Rd,HILL DYKE,PE22 5VW,Cameron.E.Stokes@trashymail.com,070 0586 9342
Maya,Rowley,301,24 Malcolm Rd,LLANFENDIGAID,LL36 3CO,Maya.S.Rowley@pookmail.com,079 3347 6748
Brandon,Atkins,302,48 Folkestone Road,WINFARTHING,IP22 9FX,Brandon.S.Atkins@pookmail.com,070 4307 9878
Harley,Bruce,303,97 Petworth Rd,EAGLESFIELD,CA13 5NS,Harley.A.Bruce@dodgit.com,079 2326 3366
Madeleine,Conr,304,74 Broad Street,LOWER WIELD,SO24 7JD,Madeleine.A.Conr@dodgit.com,078 5045 4256
Josh,Reeves,305,67 Cambridge Road,RTH ANSTON,S31 7CG,Josh.J.Reeves@dodgit.com,070 3507 6899
Michael,Fry,306,20 Fore St,TRIMDON GRANGE,TS29 9WW,Michael.A.Fry@dodgit.com,077 8616 3012
Kate,Ryan,307,27 Felix Lane,SHOTTISHAM,IP12 7VY,Kate.S.Ryan@trashymail.com,078 5912 2852
Naomi,Bray,308,39 Stroud Rd,OLD BUCKENHAM,NR17 3XF,Naomi.S.Bray@mailinator.com,077 7261 0703
Keira,Foster,309,85 Folkestone Road,WINCHAM,CW9 4SX,Keira.T.Foster@mailinator.com,079 8712 3959
Abbie,Collins,310,13 rth Promenade,DOUGLASTOWN,DD8 8CJ,Abbie.R.Collins@dodgit.com,079 7091 5972
Archie,Duncan,311,34 St Denys Road,PORTOBELLO,EH15 0DJ,Archie.K.Duncan@dodgit.com,078 2967 7780
Phoebe,Kent,312,24 Prospect Hill,DRE-FACH,SA40 0CM,Phoebe.J.Kent@trashymail.com,070 4166 8722
Gabriel,Murray,313,3 Kingsway rth,HOLDEN,BB7 3AG,Gabriel.R.Murray@trashymail.com,077 2774 9901
Matthew,Osborne,314,28 Earls Avenue,WHITMINSTER,GL2 5SZ,Matthew.V.Osborne@dodgit.com,078 6521 1429
Kiera,Herbert,315,51 Roker Terrace,LANGRICK,PE22 8DZ,Kiera.B.Herbert@trashymail.com,078 5178 2855
Connor,Dean,316,23 Hendford Hill,MOULTON,NN3 9BC,Connor.K.Dean@dodgit.com,078 2248 3787
Nathan,Rees,317,12 Canterbury Road,VIEWPARK,G71 8XB,Nathan.M.Rees@trashymail.com,079 7146 9129
Alisha,Newman,318,79 Greyfriars Road,CAPEL DEWI,SA44 6UO,Alisha.E.Newman@pookmail.com,070 4194 9176
Maya,Fox,319,70 Jubilee Drive,CASTLESIDE,DH8 2KA,Maya.S.Fox@trashymail.com,079 8060 1185
Leo,Fox,320,53 Front St,HENLEY,TA10 9HU,Leo.M.Fox@spambob.com,078 2042 9138
Aidan,Craig,321,46 Ramsgate Rd,WILLISHAM,IP8 1QM,Aidan.R.Craig@spambob.com,079 2574 3700
Sienna,Field,322,11 Hindhead Road,EAST BUDLEIGH,EX9 7UX,Sienna.K.Field@spambob.com,077 4081 4152
Georgina,McDonald,323,65 Wartnaby Road,ADEL,LS16 2FL,Georgina.J.McDonald@dodgit.com,078 1535 8973
Sophia,Howarth,324,45 Botley Road,MIDDLE TYSOE,CV35 8BF,Sophia.L.Howarth@spambob.com,078 1235 8596
Tom,Atkins,325,98 Roman Rd,LEIGH,SY5 4LW,Tom.L.Atkins@trashymail.com,079 7871 0349
Niamh,Ross,326,10 Consett Rd,HILLOWTON,DG7 4AI,Niamh.M.Ross@trashymail.com,077 7086 4550
Olivia,Pratt,327,94 Bishopgate Street,SEAFIELD,KA7 9BF,Olivia.B.Pratt@spambob.com,078 4524 2183
Leo,Akhtar,328,13 Rhosddu Rd,FIFE KEITH,AB55 1IZ,Leo.B.Akhtar@trashymail.com,079 6844 3311
Millie,Shah,329,51 Glandovey Terrace,TRENT PARK,EN4 1WA,Millie.H.Shah@pookmail.com,078 3872 9580
Elise,Poole,330,67 George Street,BROUBSTER,KW14 2QW,Elise.F.Poole@trashymail.com,079 8110 3915
Joel,Rose,331,9 Cloch Rd,ST MARTIN,TR12 4HT,Joel.E.Rose@mailinator.com,077 0180 9791
Summer,Walker,332,52 Constitution St,LLANSANFFRAID GLAN CONWY,LL28 0NG,Summer.G.Walker@pookmail.com,079 2439 4734
Madeleine,Bevan,333,2 High Street,ASHILL,IP25 5HK,Madeleine.J.Bevan@dodgit.com,079 7765 3374
Andrew,Griffiths,334,1 Shire Oak Road,SAWLEY,BB7 4EX,Andrew.E.Griffiths@spambob.com,070 5309 8579
Scarlett,Coles,335,47 Clasper Way,HICKLING GREEN,NR12 6IZ,Scarlett.E.Coles@trashymail.com,070 1089 3878
Lewis,Scott,336,23 Jedburgh Road,LETTERS,IV23 5BP,Lewis.L.Scott@mailinator.com,077 6851 3180
Ruby,Fuller,337,77 Tadcaster Rd,PIPEWELL,NN14 3RX,Ruby.B.Fuller@pookmail.com,070 3307 0974
Jonathan,Clayton,338,19 Eastbourne Rd,COLDHARBOUR,RH5 7GJ,Jonathan.C.Clayton@spambob.com,079 7556 7910
Georgia,Dobson,339,50 Traill Street,ROSTON,DE6 9KP,Georgia.B.Dobson@spambob.com,078 3653 1533
Oscar,Giles,340,51 Gordon Terrace,BAUGH,PA77 8CE,Oscar.A.Giles@trashymail.com,070 2085 5076
Finley,Duffy,341,92 Cunnery Rd,MALDON,CM9 6TA,Finley.L.Duffy@dodgit.com,079 0566 0811
Charlie,Stevens,342,18 Caxton Place,BUSHBURY,WV10 9WQ,Charlie.M.Stevens@mailinator.com,078 5229 5709
Melissa,Daly,343,72 Fore St,TROUSTAN,PA22 3XG,Melissa.S.Daly@dodgit.com,070 1371 3577
Jay,Sinclair,344,35 Boat Lane,RELUBBUS,TR20 8WT,Jay.I.Sinclair@mailinator.com,077 8831 2811
Lewis,Marshall,345,52 Felix Lane,SIBSEY,PE22 5AI,Lewis.B.Marshall@mailinator.com,077 8093 6968
Erin,Ferguson,346,21 Holburn Lane,HEIGHTS OF BRAE,IV14 8RR,Erin.K.Ferguson@dodgit.com,079 6625 3103
Natasha,Summers,347,42 Union Terrace,LOCHEND,IV3 1EL,Natasha.H.Summers@trashymail.com,079 6298 0390
Elise,Fowler,348,20 Southern Way,RTH DAWN,KW17 0MU,Elise.N.Fowler@pookmail.com,079 5471 8260
Eva,Martin,349,2 Hindhead Road,EAST CLANDON,GU4 7UJ,Eva.K.Martin@mailinator.com,079 0672 1269
Harvey,Turner,350,27 Hertingfordbury Rd,NEWGORD,ZE2 1PF,Harvey.E.Turner@trashymail.com,079 2664 4468
Natasha,Johnson,351,90 South Crescent,LYNE OF SKENE,AB32 3VR,Natasha.S.Johnson@pookmail.com,079 3771 7031
Sebastian,Perkins,352,26 Golf Road,SWAFFHAM,PE37 7OH,Sebastian.R.Perkins@spambob.com,077 3284 7494
Madison,Middleton,353,31 Bouverie Road,WETWANG,YO25 4XU,Madison.L.Middleton@dodgit.com,079 2303 4490
Tegan,Holland,354,59 Osborne Road,KILTON,TA5 0RQ,Tegan.R.Holland@mailinator.com,077 2979 0696
Summer,Bryant,355,69 Petworth Rd,DUTHIL,PH23 9FU,Summer.B.Bryant@dodgit.com,078 0310 4726
Harley,Newton,356,2 Golf Road,SUTTON-IN-CRAVEN,BD20 6EV,Harley.M.Newton@mailinator.com,079 3821 1458
Aaliyah,Ferguson,357,16 York Road,OVERTON,LL13 0FW,Aaliyah.A.Ferguson@trashymail.com,070 8623 8584
Alexandra,Thornton,358,30 Petworth Rd,DYFFRYN CEIDRYCH,SA19 9KP,Alexandra.B.Thornton@spambob.com,078 5436 1731
Andrew,Wilson,359,75 Hart Road,RTHOLT,UB5 6DB,Andrew.L.Wilson@pookmail.com,077 7508 0523
Peter,Mitchell,360,13 Scarcroft Road,PORTHMEOR,TR20 4OG,Peter.J.Mitchell@trashymail.com,077 6581 2603
Harriet,Lees,361,22 Park Terrace,GILSTON,EH38 0ZV,Harriet.J.Lees@trashymail.com,077 4012 7706
Joe,Doyle,362,43 Ploughley Rd,TOFT HILL,DL14 7OI,Joe.N.Doyle@spambob.com,079 8549 1296
Mohammad,Metcalfe,363,86 Thirsk Road,BLAIRYDRYNE,AB31 6RH,Mohammad.C.Metcalfe@trashymail.com,077 8629 1632
Henry,Barlow,364,95 Seafield Place,FORSBROOK,ST11 2RA,Henry.I.Barlow@dodgit.com,077 8438 8863
Tia,Kelly,365,60 Petworth Rd,EAGLESHAM,G76 8PO,Tia.S.Kelly@pookmail.com,079 5719 9921
Mollie,Simmons,366,85 Fraserburgh Rd,LIDLINGTON,MK43 2AB,Mollie.M.Simmons@spambob.com,078 6109 5010
Rhys,Higgins,367,97 Roman Rd,LEDICOT,HR6 3EK,Rhys.A.Higgins@mailinator.com,077 8466 8374
Daniel,Baker,368,2 Stamford Road,ARDANSTUR,PA34 6CW,Daniel.A.Baker@trashymail.com,077 8721 9509
Alfie,Stanley,369,37 Withers Close,ALMINGTON,TF9 7QB,Alfie.K.Stanley@trashymail.com,070 5155 8557
Brooke,Allan,370,16 Fordham Rd,HAIGHTON GREEN,PR2 1VQ,Brooke.E.Allan@dodgit.com,079 2035 6485
Tom,Kent,371,94 Annfield Rd,BEARCK,IV3 5YO,Tom.J.Kent@pookmail.com,077 8378 8717
Dominic,Doyle,372,21 Peachfield Road,CEFNEITHIN,SA14 7AC,Dominic.F.Doyle@dodgit.com,077 0913 0328
Demi,Byrne,373,46 Ross Road,MARTIN,SP6 3XY,Demi.B.Byrne@trashymail.com,078 6362 9104
Patrick,Walters,374,36 Iffley Road,BRIZE RTON,OX18 4QM,Patrick.E.Walters@pookmail.com,077 5724 6673
Nicole,Sinclair,375,45 Boroughbridge Road,BIRKWOOD,ML11 8ZK,Nicole.I.Sinclair@pookmail.com,070 3778 1575
Jodie,Brooks,376,89 Buckingham Rd,THORNYLEE,TD1 6JE,Jodie.I.Brooks@mailinator.com,070 0900 2053
Lilly,Bull,377,75 Monks Way,TORRISDALE,KW14 7YQ,Lilly.F.Bull@dodgit.com,070 6429 5471
Liam,Conr,378,16 Golf Road,SUTTON-UNDER-BRAILES,CV36 3OL,Liam.K.Conr@trashymail.com,079 7597 2763
Eve,Watson,379,13 Graham Road,CHERITON CROSS,EX6 7GL,Eve.R.Watson@dodgit.com,079 8065 1875
Aimee,Sykes,380,86 Temple Way,WITHAM ON THE HILL,PE10 9TQ,Aimee.J.Sykes@trashymail.com,079 5472 2088
Katherine,Slater,381,36 Shire Oak Road,SCALASAIG,PA61 9II,Katherine.D.Slater@mailinator.com,070 4872 4521
Bailey,Alexander,382,55 Main St,ABY,LN13 3ET,Bailey.M.Alexander@mailinator.com,078 0630 8993
Reece,Nicholls,383,9 Sea Road,LAMBFELL MOAR,IM4 0IO,Reece.E.Nicholls@trashymail.com,070 1941 3267
Zachary,George,384,93 Colorado Way,RICCARTON,KA1 1XD,Zachary.L.George@spambob.com,070 2138 3657
Ryan,Scott,385,86 Hounslow Rd,SNARFORD,LN8 2JH,Ryan.T.Scott@pookmail.com,078 8763 3606
Paige,Barton,386,60 Holburn Lane,HEBDEN GREEN,CW7 5ZM,Paige.J.Barton@dodgit.com,077 8252 3109
Isobel,Burgess,387,76 Layburn Court,TOWN STREET,IP27 4JJ,Isobel.T.Burgess@pookmail.com,078 8290 6832
Georgia,Bentley,388,84 Russell Rd,SHIPTON,GL54 8OV,Georgia.R.Bentley@mailinator.com,078 0555 8219
Kiera,Conr,389,19 Well Lane,PEARSIE,DD8 7RB,Kiera.D.Conr@mailinator.com,078 1449 0841
Kai,Wong,390,43 Henley Road,BOWSDEN,TD15 7KR,Kai.K.Wong@spambob.com,070 1448 1080
Matilda,Chadwick,391,5 Shire Oak Road,SCOTSTON,AB30 2RB,Matilda.T.Chadwick@pookmail.com,077 3727 7353
Chelsea,Black,392,82 Hart Road,RTHEND,CV33 4FN,Chelsea.D.Black@dodgit.com,079 2902 0526
Benjamin,Hardy,393,73 Seaford Road,CUMMERSDALE,CA2 6ZM,Benjamin.L.Hardy@pookmail.com,078 2519 2790
Louie,Fraser,394,78 Ross Road,MARKS TEY,CO6 9JD,Louie.L.Fraser@spambob.com,077 0017 0636
Jake,Powell,395,33 Hindhead Road,EARLISH,IV51 5KW,Jake.H.Powell@trashymail.com,079 2904 2857
Nicole,French,396,45 Bath Rd,WOLFHAMPCOTE,CV23 3AW,Nicole.M.French@trashymail.com,070 1574 4878
Charlotte,Blake,397,89 Spilman Street,GRAMSDAL,HS7 6VL,Charlotte.M.Blake@mailinator.com,078 6294 3435
Chloe,Williamson,398,52 Foregate Street,CLYNDERWEN,SA66 0QG,Chloe.J.Williamson@trashymail.com,078 8927 1480
Mohammed,McDonald,399,95 Earls Avenue,WHITECHURCH,SA41 6GO,Mohammed.C.McDonald@dodgit.com,077 4728 4510
Sebastian,Bartlett,400,18 Tadcaster Rd,PILLATON,PL12 8NN,Sebastian.A.Bartlett@pookmail.com,078 8860 9105
Naomi,Murphy,401,32 Neville Street,IFIELD,RH11 8BA,Naomi.M.Murphy@mailinator.com,070 6917 1302
Leon,Clark,402,8 Ponteland Rd,HUCCLECOTE,GL3 3TZ,Leon.T.Clark@mailinator.com,078 8787 2387
Lucy,Cooke,403,88 Roman Rd,LEE,EX34 4GP,Lucy.A.Cooke@spambob.com,079 8435 1067
Sean,Pugh,404,45 Foregate Street,COED-Y-PAEN,NP4 5UY,Sean.A.Pugh@spambob.com,079 3908 7067
Reece,Barnes,405,68 Newgate Street,JOHNSHAVEN,DD10 6FS,Reece.L.Barnes@spambob.com,078 5553 0309
Tilly,Hall,406,35 St Omers Road,HIXON,ST18 0LW,Tilly.E.Hall@mailinator.com,079 3329 3132
Summer,Johnston,407,47 Fulford Road,PENTEWAN,PL26 8DG,Summer.H.Johnston@pookmail.com,079 3688 8546
Reece,Peacock,408,18 South Crescent,LYMINSTER,BN17 1KL,Reece.M.Peacock@spambob.com,077 8038 5420
Jacob,O'Brien,409,8 Iffley Road,BROADBRIDGE,PO18 0BQ,Jacob.T.O'Brien@pookmail.com,077 3329 7632
Victoria,Jarvis,410,68 High St,THURLBEAR,TA3 0CN,Victoria.M.Jarvis@dodgit.com,077 1876 3067
Zoe,Howarth,411,52 Farburn Terrace,LITTLE LONDON,PE12 5IV,Zoe.C.Howarth@mailinator.com,078 6785 1797
Logan,Hutchinson,412,13 Circle Way,CAIRRRIE,AB41 0ZD,Logan.K.Hutchinson@trashymail.com,077 1214 4615
Ava,Cooke,413,48 Great rth Road,ANDERBY,PE24 8QM,Ava.T.Cooke@dodgit.com,079 2525 1993
Elizabeth,Townsend,414,36 Overton Circle,LITTLEBOROUGH,OL15 1LT,Elizabeth.K.Townsend@dodgit.com,079 6903 1411
Gracie,Morris,415,12 Seafield Street,LLYSFAEN,LL29 2SR,Gracie.C.Morris@pookmail.com,079 8298 1326
Mohammed,Miller,416,23 Boat Lane,REYNALTON,SA68 9BR,Mohammed.A.Miller@dodgit.com,077 3177 5770
Rachel,Parkinson,417,50 Lincoln Green Lane,CHURCHILL,DY10 1TE,Rachel.J.Parkinson@mailinator.com,078 5252 5975
Freddie,Vincent,418,67 Broad Street,LOWNIE MOOR,DD8 2NR,Freddie.D.Vincent@pookmail.com,079 8528 1891
Cameron,Tucker,419,30 Scrimshire Lane,ASTON,SY8 3OU,Cameron.L.Tucker@mailinator.com,070 5159 9731
Niamh,Holland,420,29 Ballifeary Road,BALNAHARD,PA61 7NS,Niamh.A.Holland@trashymail.com,077 4405 6335
Sophia,Parkes,421,90 Brackley Road,TILLYBIRLOCH,AB51 3AS,Sophia.L.Parkes@trashymail.com,078 3911 6455
Corey,Joyce,422,29 Eastbourne Rd,COLD ASHTON,SN14 3HO,Corey.H.Joyce@spambob.com,079 1817 0220
Lara,Summers,423,48 Walden Road,GRENDON GREEN,HR6 3LD,Lara.J.Summers@dodgit.com,079 7543 6409
Matthew,Long,424,68 Coast Rd,KIRKTON,KW13 9TL,Matthew.H.Long@trashymail.com,079 4516 4353
Taylor,O'Conr,425,90 Sutton Wick Lane,BRIDGEND,PA31 7GS,Taylor.E.O'Conr@trashymail.com,078 5746 8870
Joel,Wilkinson,426,10 Helland Bridge,UP HOLLAND,WN8 9PI,Joel.S.Wilkinson@dodgit.com,077 4320 2945
Joshua,Pugh,427,97 Nith Street,GLAN-YR-AFON,LL21 7TT,Joshua.M.Pugh@trashymail.com,077 6230 6891
Jayden,Martin,428,48 Scarcroft Road,POPHAM,SO21 9PD,Jayden.L.Martin@spambob.com,079 7688 6166
Finley,Osborne,429,52 Hounslow Rd,SNETTISHAM,PE31 2CL,Finley.C.Osborne@mailinator.com,077 5031 5462
Scott,Higgins,430,12 Main Road,AUCHENRIVOCK,DG14 2MG,Scott.K.Higgins@trashymail.com,078 7300 1213
Lydia,Johnston,431,4 Dunmow Road,GRINDLEY,ST14 8NP,Lydia.K.Johnston@pookmail.com,079 8203 3727
Jodie,Marsden,432,69 Iolaire Road,NEW FERRY,L62 4DJ,Jodie.R.Marsden@trashymail.com,079 6634 7447
Louise,Holmes,433,32 Warren St,WEST BYFLEET,KT14 6MS,Louise.I.Holmes@pookmail.com,077 7876 0985
Courtney,Martin,434,61 Freezeland Lane,COXWOLD,YO61 6AW,Courtney.I.Martin@dodgit.com,079 6696 1705
Harriet,Parkes,435,16 Ivy Lane,WARENTON,NE70 1WT,Harriet.S.Parkes@mailinator.com,070 8761 9453
Peter,Griffin,436,39 Osborne Road,KILVINGTON,NG13 7ZG,Peter.A.Griffin@pookmail.com,070 8376 6092
Declan,Jarvis,437,9 Exning Road,HANLITH,BD23 8LZ,Declan.F.Jarvis@spambob.com,078 4980 2276
Declan,Vaughan,438,87 Ploughley Rd,TINTERN PARVA,NP6 8HW,Declan.I.Vaughan@mailinator.com,079 5599 9534
Rosie,Webster,439,56 Consett Rd,HILLEND,KY11 4FP,Rosie.R.Webster@trashymail.com,079 6883 2030
Bradley,Davis,440,3 Bouverie Road,WESTONBIRT,GL8 5RH,Bradley.A.Davis@trashymail.com,078 0448 0361
Ellis,Alexander,441,94 Abbey Row,RWICH,NR2 8MH,Ellis.S.Alexander@mailinator.com,078 8438 8944
Jennifer,Richardson,442,3 Newgate Street,KEAL COTES,PE23 7KE,Jennifer.C.Richardson@trashymail.com,078 2494 8495
Scarlett,Khan,443,42 Iolaire Road,NEW ADDINGTON,CR0 5MF,Scarlett.L.Khan@spambob.com,077 7085 1113
Aimee,Fitzgerald,444,20 Newgate Street,KEELE,ST5 2KB,Aimee.N.Fitzgerald@pookmail.com,078 3242 9321
Rhys,Steele,445,57 Witney Way,KIRKTON OF STRATHMARTINE,DD3 7VZ,Rhys.S.Steele@spambob.com,078 6126 7662
Lucy,Welch,446,48 Abbey Row,RTON ST PHILIP,BA3 9SP,Lucy.L.Welch@mailinator.com,077 3589 3848
Josh,O'Brien,447,86 Whatlington Road,COVE BAY,AB1 1MN,Josh.I.O'Brien@pookmail.com,079 4580 9630
Zara,Watts,448,77 Lammas Street,GRAYINGHAM,DN21 3TY,Zara.E.Watts@trashymail.com,079 4574 0054
Kate,Owen,449,65 Holburn Lane,HELSBY,WA6 6OD,Kate.J.Owen@spambob.com,077 6887 6088
Nathan,Hilton,450,14 Boroughbridge Road,BIRMINGHAM,B2 4YZ,Nathan.E.Hilton@mailinator.com,079 2819 5636
Emma,Clarke,451,48 Sea Road,LANE END,LA19 4VM,Emma.A.Clarke@mailinator.com,079 6987 5437
Lauren,Williams,452,56 Rowland Rd,ORLETON,WR6 8FW,Lauren.L.Williams@trashymail.com,079 8325 0297
Erin,James,453,7 Abingdon Road,BRAMDEAN,SO24 1MK,Erin.A.James@spambob.com,070 0162 6279
Harvey,Parkinson,454,21 Wrexham Road,FEERING,CO5 6RR,Harvey.A.Parkinson@dodgit.com,077 1225 1170
Naomi,Bradley,455,90 Middlewich Road,FIRBANK,LA10 4SN,Naomi.B.Bradley@spambob.com,077 6496 0902
Madeleine,Bolton,456,93 Cambridge Road,MANSLAND,EX16 6HJ,Madeleine.K.Bolton@mailinator.com,070 5248 1732
Lauren,Bryan,457,96 Sloe Lane,CRUCHIE,AB54 0RF,Lauren.W.Bryan@dodgit.com,070 5332 8264
Andrew,Lamb,458,49 Huntly Street,BARSBY,LE7 6LV,Andrew.G.Lamb@trashymail.com,078 3780 5961
Bailey,McDonald,459,7 Caerfai Bay Road,THE BIRKS,AB32 0ZX,Bailey.M.McDonald@mailinator.com,070 4030 6381
Amber,Thorpe,460,96 St Omers Road,HOLBROOK,DE56 9VV,Amber.S.Thorpe@trashymail.com,078 2705 7067
Max,Rogers,461,6 Sea Road,LAMYATT,BA4 9BV,Max.A.Rogers@trashymail.com,077 3172 9521
Alicia,Wilson,462,68 rth Road,NETHERWOOD,KA18 7AA,Alicia.R.Wilson@spambob.com,070 3144 6891
Sienna,Barton,463,40 Boughton Rd,WHITSOME,TD11 8PJ,Sienna.M.Barton@spambob.com,077 0370 0000
Poppy,Page,464,79 Broomfield Place,STOULTON,WR7 4AE,Poppy.W.Page@dodgit.com,078 8264 0344
Rebecca,Howells,465,45 Ramsgate Rd,WILLIAN,SG6 3BR,Rebecca.M.Howells@spambob.com,077 1286 4980
Callum,Kirby,466,79 Wood Lane,BAINSHOLE,AB54 6DX,Callum.P.Kirby@pookmail.com,078 5181 9445
William,Naylor,467,49 Guildry Street,GAMSTON,NG2 0KP,William.E.Naylor@trashymail.com,077 7449 5498
Danielle,Robertson,468,79 Bootham Terrace,REDFORD,DD11 7HH,Danielle.N.Robertson@mailinator.com,070 4244 6766
Eve,Hooper,469,74 Oxford Rd,WORSTEAD,NR28 5ZU,Eve.T.Hooper@mailinator.com,079 2315 6309
Sarah,Byrne,470,59 Duckpit Lane,UPPERMILL,OL3 7UZ,Sarah.H.Byrne@pookmail.com,078 7058 1375
Ethan,Cole,471,10 Prospect Hill,DRAKES CROSS,B47 3WN,Ethan.A.Cole@pookmail.com,070 2690 4962
Robert,ble,472,4 Front Street,KNYPERSLEY,ST8 2ZC,Robert.M.ble@spambob.com,078 7072 5844
Mohammad,Flynn,473,6 Essex Rd,TASTON,OX7 4XH,Mohammad.N.Flynn@trashymail.com,078 3920 8178
Emily,Conlly,474,26 Winchester Rd,MICKLEHAM,RH5 1HR,Emily.J.Conlly@pookmail.com,079 7944 6623
Jonathan,Naylor,475,81 Coast Rd,KIRKBY UNDERWOOD,PE10 8CT,Jonathan.C.Naylor@dodgit.com,077 5567 6839
William,Holden,476,20 High St,THORPE ST ANDREW,NR7 2JR,William.L.Holden@pookmail.com,078 6441 5451
Christopher,Stevenson,477,55 Park Avenue,LEADEN RODING,CM6 3XN,Christopher.L.Stevenson@spambob.com,079 5472 3008
Nicole,Mellor,478,45 Botley Road,MIDDLEWOOD GREEN,IP14 9DD,Nicole.H.Mellor@trashymail.com,070 3691 9400
Morgan,Potts,479,15 Emerson Road,KIRKBRIDE,CA5 7BU,Morgan.M.Potts@trashymail.com,070 2794 9476
Isaac,Clarke,480,90 Newmarket Road,HAXTED,TN8 5VO,Isaac.L.Clarke@trashymail.com,078 7279 7861
Noah,Thompson,481,12 Clasper Way,HEVER,TN8 1JW,ah.D.Thompson@spambob.com,079 5056 8861
Kai,Reylds,482,41 Castledore Road,TUTNALL,B60 1HJ,Kai.H.Reylds@trashymail.com,070 7967 3763
Liam,Thornton,483,83 Hull Road,PADDOCKHOLE,DG11 6HY,Liam.M.Thornton@dodgit.com,078 5986 1177
Isabelle,Perry,484,16 Gloddaeth Street,BILLINGBOROUGH,NG34 3LV,Isabelle.D.Perry@pookmail.com,078 5849 8759
Declan,Ingram,485,98 Guild Street,LONDON,SE17 8QX,Declan.H.Ingram@trashymail.com,077 7305 0104
Henry,Lloyd,486,25 Scotsburn Rd,TALYBONT,SY24 2AA,Henry.D.Lloyd@trashymail.com,070 7412 7628
Tom,Ryan,487,77 Colorado Way,RHOSSILI,SA3 2YI,Tom.S.Ryan@spambob.com,078 5828 7133
Dominic,Clarke,488,63 rth Road,NETHER HEADON,DN22 2GN,Dominic.H.Clarke@pookmail.com,070 1799 7054
Jake,Baker,489,95 Peachfield Road,CHALE,PO38 0QH,Jake.K.Baker@dodgit.com,070 1181 4720
Amy,Duffy,490,63 Henley Road,BOWNESS-ON-SOLWAY,CA5 8WJ,Amy.S.Duffy@dodgit.com,079 3478 6256
Corey,Price,491,20 Horsefair Green,OLD SWARLAND,NE65 8DV,Corey.S.Price@trashymail.com,077 1600 9844
Jude,Francis,492,20 Kent Street,CROSS HILLS,BD20 7HG,Jude.A.Francis@spambob.com,077 5896 1563
Eva,Sims,493,56 Cefn Road,FARLEIGH WALLOP,RG25 3NH,Eva.K.Sims@dodgit.com,070 1575 7410
Emily,Peacock,494,31 Seafield Street,LLANYBRI,SA33 4EM,Emily.J.Peacock@dodgit.com,070 8858 7824
Kate,Wyatt,495,58 Freezeland Lane,CRAGGIE,KW8 4IT,Kate.P.Wyatt@mailinator.com,077 0693 1362
Emma,Hughes,496,74 Rhosddu Rd,FFAIR-RHOS,SY25 8HR,Emma.M.Hughes@pookmail.com,077 1253 1185
Matthew,Middleton,497,91 Fox Lane,BOGHEAD,KA18 1UH,Matthew.M.Middleton@dodgit.com,077 8197 8488
Samuel,Robson,498,55 Caradon Hill,TYLWCH,LD6 4NI,Samuel.L.Robson@trashymail.com,070 0768 2109
Olivia,Peacock,499,53 Guildry Street,GAMBLESBY,CA10 8ER,Olivia.C.Peacock@spambob.com,077 5776 2521
Jonathan,Page,500,31 Cunnery Rd,MALVERN WELLS,WR14 0KD,Jonathan.K.Page@pookmail.com,077 3823 7832
Ellie,Wilson,501,10 Caerfai Bay Road,TEWKESBURY,GL20 3SX,Ellie.B.Wilson@mailinator.com,070 6407 1498
Lewis,Hayward,502,15 Scrimshire Lane,ASTON,S30 0HW,Lewis.J.Hayward@mailinator.com,078 0917 5132
Paige,Carr,503,93 Wern Ddu Lane,LURGASHALL,GU28 4OO,Paige.D.Carr@dodgit.com,077 3780 8631
Lara,Hawkins,504,66 Uxbridge Road,SLIGACHAN,IV47 6HH,Lara.C.Hawkins@trashymail.com,070 7054 6325
Scarlett,Marshall,505,99 Dunmow Road,GRISHIPOLL,PA78 7ZC,Scarlett.L.Marshall@pookmail.com,078 0198 8036
Owen,Webster,506,37 Chapel Lane,ARNGIBBON,FK8 9YE,Owen.E.Webster@trashymail.com,077 0121 0169
Isabelle,King,507,37 Fraserburgh Rd,LINCOLN,LN2 7RH,Isabelle.K.King@pookmail.com,077 0442 9135
Holly,Johnson,508,54 Redcliffe Way,WOOLLEY,PE18 6HN,Holly.L.Johnson@dodgit.com,077 8929 8855
Corey,Cooper,509,90 Asfordby Rd,AIRIGH-DRISHAIG,IV54 8UN,Corey.E.Cooper@spambob.com,070 6150 3381
Aaron,Garner,510,18 George Street,BRUISYARD STREET,IP13 5IJ,Aaron.P.Garner@pookmail.com,079 3023 0972
Nathan,Farrell,511,69 Circle Way,CADELEIGH,EX16 3VY,Nathan.E.Farrell@spambob.com,078 4947 6449
Finley,Russell,512,34 Worthy Lane,MARYPORT,DG9 9NH,Finley.L.Russell@spambob.com,078 1433 9001
Molly,Farrell,513,67 Fraserburgh Rd,LINDORES,KY14 3MM,Molly.L.Farrell@dodgit.com,078 8120 3733
Ethan,Cook,514,77 Huntly Street,BARTESTREE,HR1 3BA,Ethan.Z.Cook@mailinator.com,070 2150 2977
Madison,Haynes,515,19 Scotsburn Rd,SYERSTON,NG23 6AX,Madison.G.Haynes@trashymail.com,079 0957 7233
Callum,Walters,516,60 Princes Street,ROGIET,NP6 8PK,Callum.A.Walters@dodgit.com,070 1749 5722
Georgia,Short,517,91 Walwyn Rd,CHARTERHOUSE,BS18 5WQ,Georgia.L.Short@trashymail.com,077 6449 8901
Matilda,Hunt,518,77 Broomfield Place,STOW BARDOLPH,PE34 2SU,Matilda.F.Hunt@dodgit.com,078 2293 4583
Maya,Abbott,519,22 Holgate Rd,RADCOT,OX18 0CG,Maya.C.Abbott@pookmail.com,070 7393 3998
Michael,Tyler,520,93 Nenthead Road,HIGHER WHATCOMBE,DT11 9NF,Michael.A.Tyler@dodgit.com,077 7027 8427
Abby,Ford,521,74 Park Terrace,GILDERSOME,LS27 8EN,Abby.K.Ford@spambob.com,078 2908 4748
Kai,Read,522,18 Rhosddu Rd,FINEGAND,PH10 7CE,Kai.L.Read@trashymail.com,079 2504 6772
Anna,Davidson,523,83 Rhosddu Rd,FINGERPOST,DY14 4IX,Anna.J.Davidson@spambob.com,070 4847 6275
Zachary,Wilson,524,23 Harrogate Road,RUSTON,YO13 9CG,Zachary.K.Wilson@mailinator.com,078 8560 5134
Leo,Wilkins,525,55 Clasper Way,HEYTESBURY,BA12 0NJ,Leo.F.Wilkins@spambob.com,079 3089 7616
Cameron,Webb,526,65 Park End St,BROOKTHORPE,GL4 7PL,Cameron.K.Webb@spambob.com,079 8151 8651
Harriet,Butler,527,18 Southern Way,RTH KYME,LN4 1VA,Harriet.G.Butler@pookmail.com,077 5305 3830
Joseph,Lambert,528,55 St Maurices Road,PRESTON,DT3 3GM,Joseph.M.Lambert@trashymail.com,079 7354 0928
Finlay,Bolton,529,13 Ivy Lane,WARBOYS,PE17 2QE,Finlay.M.Bolton@mailinator.com,077 4928 9904
Summer,Holt,530,51 Lammas Street,GREAT EDSTONE,YO62 5HI,Summer.E.Holt@pookmail.com,077 3454 4849
Sophie,Alexander,531,77 rthgate Street,BIDDISHAM,BS26 7RS,Sophie.L.Alexander@trashymail.com,079 1241 6542
Billy,Rogers,532,30 Kingsway rth,HOLLYBUSH,HR8 5CN,Billy.E.Rogers@dodgit.com,070 8845 8484
Lewis,Lees,533,13 Park End St,BROMLEY,BR1 3QL,Lewis.M.Lees@dodgit.com,077 1677 5632
Joshua,Patel,534,20 Great Western Road,LORBOTTLE HALL,NE65 7ID,Joshua.F.Patel@spambob.com,078 5246 3343
Finlay,Miles,535,61 Great Western Road,LONGR,SY5 5DV,Finlay.S.Miles@trashymail.com,070 6520 9517
Hollie,Leach,536,60 Front St,HEMPRIGGS HOUSE,KW1 5EI,Hollie.L.Leach@pookmail.com,070 5908 8664
Ben,Berry,537,46 Mar Way,GREAT HARWOOD,BB6 9HC,Ben.R.Berry@spambob.com,078 3216 3414
Adam,George,538,63 Hexham Road,INVERSHIEL,IV40 1RK,Adam.G.George@pookmail.com,079 5133 9572
Morgan,Ball,539,59 Duckpit Lane,UPTON,CH49 9SI,Morgan.S.Ball@dodgit.com,078 4497 6572
Luca,Browne,540,14 Sea Road,LANDFORD,SP5 3QU,Luca.I.Browne@trashymail.com,079 4111 8238
Emily,Rowe,541,23 Golf Road,SWAYFIELD,NG33 2SI,Emily.E.Rowe@dodgit.com,070 8268 3508
Ruby,Dodd,542,50 Souterhead Road,LOW MOOR,BB7 8LQ,Ruby.J.Dodd@dodgit.com,077 4169 4909
Evan,Hooper,543,19 St Dunstans Street,WATERLOOVILLE,PO7 2PL,Evan.R.Hooper@spambob.com,079 2330 4355
Elizabeth,Ingram,544,5 Earls Avenue,WHITELEY BANK,PO38 1RG,Elizabeth.C.Ingram@pookmail.com,079 8591 6287
Melissa,Singh,545,97 Neville Street,HYDE LEA,ST18 6FK,Melissa.O.Singh@trashymail.com,079 7404 0380
Eve,Kemp,546,34 Ivy Lane,WALTON,TF6 0OO,Eve.H.Kemp@spambob.com,079 1878 3427
Oscar,Griffiths,547,31 Russell Rd,SHEPTON MONTAGUE,BA7 2FZ,Oscar.G.Griffiths@pookmail.com,077 4798 9248
Ava,Wilkinson,548,4 Berkeley Rd,STOWFORD,EX20 4GW,Ava.J.Wilkinson@mailinator.com,078 0033 8832
Harriet,rris,549,23 Glandovey Terrace,TREMATON,PL12 1YI,Harriet.J.rris@dodgit.com,070 6536 3435
Tegan,Turnbull,550,8 Sutton Wick Lane,BRIDGETOWN,PL15 9AY,Tegan.S.Turnbull@pookmail.com,078 2033 2767
Paige,Bowen,551,18 Bridge Street,GOLDIELEA,DG2 4MU,Paige.L.Bowen@mailinator.com,078 5378 4347
Ryan,Vaughan,552,63 Winchester Rd,MEY,KW14 8RN,Ryan.S.Vaughan@spambob.com,079 0060 3543
Charlie,Harding,553,8 Argyll Street,ST QUIVOX,KA9 2FT,Charlie.I.Harding@dodgit.com,070 0393 6121
Joel,Daniels,554,28 Whitchurch Road,ENGLEFIELD GREEN,TW20 2RR,Joel.A.Daniels@pookmail.com,078 1219 4631
Oliver,Ferguson,555,48 Great rth Road,ALTICRY,DG8 7DH,Oliver.T.Ferguson@spambob.com,077 6107 1153
Joshua,Fuller,556,14 Park End St,BROOM'S GREEN,GL18 5SM,Joshua.D.Fuller@pookmail.com,078 1255 9703
Phoebe,Kirk,557,31 Southend Avenue,BLACKSHAW HEAD,HX7 4UD,Phoebe.L.Kirk@trashymail.com,078 2466 9831
Gracie,Crawford,558,98 High St,THRYBERGH,S65 7ZW,Gracie.A.Crawford@trashymail.com,079 0814 9967
Joshua,Jarvis,559,43 Asfordby Rd,AIRNTULLY,PH1 8SG,Joshua.S.Jarvis@pookmail.com,070 0618 0022
Georgina,Morley,560,19 Farburn Terrace,LITTLE GLEMHAM,IP13 9RC,Georgina.J.Morley@pookmail.com,078 2445 4291
Sophie,Jones,561,95 Cunnery Rd,MAINS OF THORNTON,AB30 3UV,Sophie.N.Jones@trashymail.com,079 6716 2403
Freya,Webb,562,62 Seafield Place,FOUR MARKS,GU34 7NB,Freya.M.Webb@trashymail.com,070 0124 4238
Harriet,McLean,563,27 Asfordby Rd,ALDERTON,GL20 8ZE,Harriet.W.McLean@mailinator.com,079 0533 4217
Erin,Hargreaves,564,9 Newgate Street,IVYCHURCH,TN29 0CD,Erin.S.Hargreaves@trashymail.com,077 2170 4994
Aidan,Stevens,565,13 Abingdon Road,BRAMSHAW,SO43 6LF,Aidan.S.Stevens@trashymail.com,078 3556 0993
Mohammad,Marsh,566,66 Long Street,MILTON,DD8 2QV,Mohammad.A.Marsh@spambob.com,070 3484 3717
Corey,West,567,84 George Street,BROXTED,CM6 8LO,Corey.P.West@pookmail.com,078 5550 5078
Mia,Sullivan,568,22 Sandyhill Rd,FULKING,BN5 3CD,Mia.H.Sullivan@pookmail.com,070 7455 4599
Kian,Dyer,569,41 St James Boulevard,HORSE BRIDGE,ST9 8IW,Kian.A.Dyer@mailinator.com,070 2405 8328
James,Harper,570,54 Thornton St,HURLINESS,KW16 4AI,James.M.Harper@dodgit.com,077 2144 8219
Zara,Chan,571,87 Mill Lane,CORNISH HALL END,CM7 8GD,Zara.G.Chan@dodgit.com,078 7120 1240
Laura,Tomlinson,572,81 Sutton Wick Lane,BRINKWORTH,SN15 4IV,Laura.T.Tomlinson@trashymail.com,070 8085 8576
Evie,Kirk,573,24 Boroughbridge Road,BISHOP AUCKLAND,DL14 1GD,Evie.J.Kirk@trashymail.com,070 1425 5128
Poppy,Flynn,574,21 Kent Street,CROSS ASH,NP7 4DO,Poppy.A.Flynn@spambob.com,077 5862 3404
Chloe,Walton,575,14 Mar Way,GREAT GLEMHAM,IP17 2AP,Chloe.T.Walton@spambob.com,079 6597 8767
Jodie,Fleming,576,1 Park Row,EDITH WESTON,LE15 0JW,Jodie.A.Fleming@mailinator.com,078 2471 5503
Taylor,Kay,577,70 High Street,ASHELDHAM,CM0 1SI,Taylor.A.Kay@mailinator.com,077 3769 3249
Kiera,Hardy,578,21 Ploughley Rd,TOFT,PE10 9XZ,Kiera.C.Hardy@spambob.com,078 8429 9226
Demi,Watson,579,92 Boroughbridge Road,BIRMINGHAM,B4 9PA,Demi.C.Watson@pookmail.com,070 1875 8981
Riley,Dennis,580,80 Felix Lane,SHOTWICK,CH1 8FQ,Riley.A.Dennis@dodgit.com,077 2256 2001
Mason,Boyle,581,49 Castledore Road,TWYFORD,LE14 8YC,Mason.E.Boyle@mailinator.com,077 3955 8703
Jay,Wade,582,94 Ponteland Rd,HOVERINGHAM,NG14 1ID,Jay.H.Wade@trashymail.com,077 4716 1180
Sean,Chadwick,583,30 Shore Street,STOKE,PO11 5JA,Sean.L.Chadwick@mailinator.com,079 1784 5782
Sophia,Daly,584,8 Walden Road,GREINTON,TA7 1OX,Sophia.P.Daly@pookmail.com,077 1303 4101
Kyle,Arld,585,64 Mar Way,GREAT SUTTON,SY8 8JU,Kyle.S.Arld@dodgit.com,077 2464 2310
Danielle,Walton,586,81 Sutton Wick Lane,BRIGHTON,BN2 2CU,Danielle.O.Walton@trashymail.com,077 1114 3427
Bailey,Webb,587,90 Cloch Rd,ST IVES,PE17 6WN,Bailey.J.Webb@dodgit.com,079 1127 6164
Hayden,Bibi,588,50 Boughton Rd,WICK,BH6 5XZ,Hayden.M.Bibi@mailinator.com,078 5225 0395
Joshua,Carter,589,81 Redcliffe Way,WOOLFARDISWORTHY,EX39 7PB,Joshua.E.Carter@spambob.com,070 7185 3610
Katherine,Law,590,44 Henley Road,BOWLING BANK,LL13 1ER,Katherine.J.Law@spambob.com,077 3978 0937
Gabriel,Brennan,591,51 Temple Way,WITHAM,CM8 1UW,Gabriel.I.Brennan@dodgit.com,079 0239 7607
Alisha,Townsend,592,51 London Road,CONCHRA,IV40 0LV,Alisha.C.Townsend@trashymail.com,070 2889 6607
Phoebe,Hardy,593,35 Rhosddu Rd,FFAIRFACH,SA19 0QD,Phoebe.T.Hardy@pookmail.com,078 3750 7087
Aaliyah,Dawson,594,68 Shore Street,STOKE ORCHARD,GL52 4JY,Aaliyah.J.Dawson@spambob.com,078 3626 6720
Louie,Vincent,595,44 East Street,MARKBEECH,TN8 3PW,Louie.C.Vincent@pookmail.com,070 5577 8586
Aaliyah,Fletcher,596,37 Kendell Street,SHARNFORD,LE10 4FV,Aaliyah.E.Fletcher@mailinator.com,079 8949 0085
Kieran,Johnston,597,50 Cloch Rd,ST MARTINS,PH2 5MR,Kieran.M.Johnston@mailinator.com,077 2827 8866
Georgia,Iqbal,598,35 London Road,COMBE MOOR,LD8 9XR,Georgia.S.Iqbal@trashymail.com,070 5157 8547
Declan,Elliott,599,49 Trehafod Road,BUIRGH,HS3 3LC,Declan.A.Elliott@spambob.com,070 3783 3991
Mia,Young,600,16 Eastbourne Rd,COLDEN COMMON,SO21 8MH,Mia.J.Young@pookmail.com,077 1604 0826
Millie,Whitehead,601,67 High Street,ASHE,RG25 2WH,Millie.A.Whitehead@trashymail.com,077 4134 8752
Kyle,Fry,602,31 Ings Lane,DAVA,PH26 7GE,Kyle.A.Fry@mailinator.com,070 2641 7141
Zara,Campbell,603,36 Berkeley Rd,STREET,BA16 9FB,Zara.B.Campbell@spambob.com,077 4208 0893
Ethan,Cole,604,94 Boughton Rd,WHITSON,NP6 4BT,Ethan.I.Cole@spambob.com,070 5218 1531
Shann,Gibson,605,30 Bootham Crescent,RIDDELL,TD6 7RZ,Shann.M.Gibson@trashymail.com,078 6266 0822
Sam,Houghton,606,10 Seafield Street,LLECHRYD,NP2 1PC,Sam.L.Houghton@spambob.com,079 8820 8333
Hollie,Doyle,607,6 Lincoln Green Lane,CHURCH END,CV10 8PN,Hollie.L.Doyle@dodgit.com,079 1671 8649
Logan,Parsons,608,18 Tonbridge Rd,CONISBY,PA49 0PP,Logan.S.Parsons@dodgit.com,079 1942 1190
Kian,Davis,609,48 Prospect Hill,DRIBY,LN13 0MF,Kian.S.Davis@spambob.com,079 6048 9295
Leon,Harding,610,52 Gloucester Road,CLACKMANNAN,FK10 3IM,Leon.J.Harding@mailinator.com,079 1495 8745
Sarah,Perkins,611,75 Cefn Road,FARLOW,DY14 8YS,Sarah.S.Perkins@trashymail.com,078 1826 2752
Naomi,Rice,612,11 Constitution St,LLANGOED,LL58 6SK,Naomi.E.Rice@dodgit.com,078 3993 2074
Kiera,Parsons,613,88 Emerson Road,KIRKBURN,EH45 2LN,Kiera.J.Parsons@trashymail.com,070 3166 7268
Eloise,Lee,614,81 Davids Lane,STRONTIAN,PH36 4ED,Eloise.A.Lee@spambob.com,077 7653 6855
Ruby,Banks,615,85 Ivy Lane,WARENTON,NE70 1HT,Ruby.G.Banks@spambob.com,078 6894 0058
Sean,Hamilton,616,73 Worthy Lane,MAXTON,CT17 4JD,Sean.C.Hamilton@trashymail.com,078 1852 7638
Sarah,Fry,617,4 Canterbury Road,UPTON ST LEONARDS,GL4 9HJ,Sarah.J.Fry@spambob.com,077 2265 4116
Liam,Short,618,81 Stamford Road,ANSTEY,LE7 1HA,Liam.E.Short@mailinator.com,079 0448 1940
Cerys,O'Conr,619,27 Pendwyallt Road,BURRADON,NE65 8ZG,Cerys.E.O'Conr@trashymail.com,070 8853 1201
Liam,Humphries,620,91 Layburn Court,TOTEGAN,KW14 0WH,Liam.F.Humphries@mailinator.com,077 4303 9767
Ella,Robson,621,97 Preston Rd,MORBORNE,PE7 2KG,Ella.O.Robson@dodgit.com,070 5879 1557
Tilly,Able,622,67 Southend Avenue,BLACK PILL,SA3 1TC,Tilly.A.ble@trashymail.com,070 1785 7307
Shann,Campbell,623,26 Copthorne Way,CAMUSNAGAUL,IV23 6SU,Shann.C.Campbell@mailinator.com,078 5283 0743
Evan,O'Sullivan,624,58 Holburn Lane,HEATON MOOR,SK4 2NM,Evan.K.O'Sullivan@mailinator.com,070 5567 0639
Declan,Pollard,625,73 Pier Road,STANWELL,TW19 7MD,Declan.M.Pollard@mailinator.com,079 0094 4122
Rebecca,Akhtar,626,25 High St,THREE CROSSES,SA4 4CV,Rebecca.A.Akhtar@trashymail.com,070 2557 7492
Oliver,Arld,627,71 Bridge Street,GOOLE,DN14 6MD,Oliver.E.Arld@spambob.com,070 0536 6675
Kate,Osborne,628,16 South Western Terrace,MILTON,PH8 6CR,Kate.J.Osborne@mailinator.com,079 2221 3220
Finlay,Godfrey,629,12 Front St,HENNY STREET,CO10 7RZ,Finlay.E.Godfrey@dodgit.com,077 4470 3953
Sofia,O'Donnell,630,28 Netherpark Crescent,STIFFORD'S BRIDGE,WR13 4GY,Sofia.F.O'Donnell@mailinator.com,078 7178 0899
Josh,Glover,631,61 Iolaire Road,NEW FRYSTON,WF10 4KX,Josh.I.Glover@pookmail.com,070 3102 4491
Tegan,Naylor,632,29 Thames Street,BONEHILL,B78 0AU,Tegan.G.Naylor@trashymail.com,077 7781 9140
Brandon,Hayward,633,5 Uxbridge Road,SMALL HYTHE,TN30 5MQ,Brandon.L.Hayward@spambob.com,078 7339 5543
Georgina,Iqbal,634,99 Boat Lane,RESCOBIE,DD8 2SP,Georgina.J.Iqbal@pookmail.com,077 1562 2811
Charles,Wilkins,635,1 Kingsway rth,HOLT END,GU34 7DM,Charles.S.Wilkins@trashymail.com,077 5992 4427
Courtney,Hill,636,42 Spilman Street,GRAINSBY,DN36 0UE,Courtney.M.Hill@trashymail.com,079 4829 1170
Mason,Marsh,637,87 Emerson Road,KINROSSIE,PH2 4NJ,Mason.S.Marsh@trashymail.com,077 3216 1852
Harley,Daniels,638,99 Gordon Terrace,BASHLEY,BH25 0SV,Harley.S.Daniels@pookmail.com,070 8771 9601
Zachary,Leach,639,35 Hindhead Road,EARL'S CROOME,WR8 4EL,Zachary.N.Leach@pookmail.com,077 5843 9325
Ruby,Warner,640,26 Trinity Crescent,WHARTON,HR6 1HZ,Ruby.J.Warner@spambob.com,077 6046 0591
Finley,Russell,641,53 Graham Road,CHEW MAGNA,BS18 6FN,Finley.S.Russell@trashymail.com,079 3777 9426
Georgia,Watts,642,69 Cheriton Rd,WEST ORCHARD,SP7 8AF,Georgia.C.Watts@dodgit.com,079 2472 9729
Brooke,Nelson,643,69 Main St,ACHNAHA,PH36 5RW,Brooke.G.Nelson@mailinator.com,078 5248 5719
