GivenName,Surname,MembershipNumber,StreetAddress,City,PostCode,EmailAddress,TelephoneNumber,Joined
Lydia,Sykes,100,59 Exning Road,HARFORD,PL21 7XC,Lydia.M.Sykes@trashymail.com,079 5199 5552,March
Ewan,Mason,103,38 Sloe Lane,CROUCH,TN15 4AK,Ewan.S.Mason@spambob.com,070 7427 1580,March
Connor,Chamberlain,110,43 Traill Street,ROTHERSTHORPE,NN7 8BM,Conr.L.Chamberlain@mailinator.com,078 3398 3220,March
Ella,McKenzie,120,66 Stone St,CRANFORD,TW5 4BJ,Ella.A.McKenzie@pookmail.com,070 1719 6783,March
Harley,Carr,125,24 Lairg Road,NEWBOROUGH,DE13 8RN,Harley.V.Carr@spambob.com,078 6358 9334,March
Spencer,Butcher,128,31 Roker Terrace,LANGLEY PARK,DH7 5UU,Spencer.Z.Butcher@spambob.com,079 5611 9572,March
Melissa,Davison,220,99 Ballifeary Road,BALLOGIE,AB34 9DD,Melissa.R.Davison@pookmail.com,078 5115 4894,March
Tilly,Gill,223,65 Ockham Road,EAST MOLESEY,KT8 4OG,Tilly.H.Gill@dodgit.com,078 6025 7473,March
Sophie,Middleton,225,36 Holburn Lane,HEBDEN,BD23 9XR,Sophie.J.Middleton@dodgit.com,077 2142 1139,March
Harvey,Hall,230,74 Redcliffe Way,WOOLSTONE,SN7 0CN,Harvey.C.Hall@dodgit.com,077 7581 7951,March
Corey,Hooper,233,43 St Dunstans Street,WATERSIDE,KA6 2GF,Corey.N.Hooper@mailinator.com,079 4929 9005,March
Emily,Mitchell,236,94 Carriers Road,CREETING ST MARY,IP6 7NG,Emily.R.Mitchell@mailinator.com,077 1397 7052,March
Laura,Kelly,240,91 Davids Lane,STRONE,PH33 6AS,Laura.L.Kelly@spambob.com,079 1758 3320,March
Billy,Mitchell,244,8 Park Place,CARSTAIRS,ML11 1NI,Billy.E.Mitchell@mailinator.com,070 7335 3197,March
Luke,Harding,246,77 Stone St,CRASTER,NE66 6HY,Luke.L.Harding@mailinator.com,079 8013 5141,March
William,James,249,27 Baldock Street,NEWTONMORE,PH20 8HN,William.A.James@spambob.com,070 4083 5079,March
Toby,Vincent,252,51 Thompsons Lane,MEIKLE WARTLE,AB51 7ZU,Toby.E.Vincent@mailinator.com,079 5916 2837,March
Peter,Bailey,266,62 Chapel Lane,ARMINGHALL,NR14 8QF,Peter.E.Bailey@mailinator.com,070 5557 3640,March
Phoebe,Kent,312,24 Prospect Hill,DRE-FACH,SA40 0CM,Phoebe.J.Kent@trashymail.com,070 4166 8722,March
Leo,Akhtar,328,13 Rhosddu Rd,FIFE KEITH,AB55 1IZ,Leo.B.Akhtar@trashymail.com,079 6844 3311,March
Summer,Walker,332,52 Constitution St,LLANSANFFRAID GLAN CONWY,LL28 0NG,Summer.G.Walker@pookmail.com,079 2439 4734,March
Oscar,Giles,340,51 Gordon Terrace,BAUGH,PA77 8CE,Oscar.A.Giles@trashymail.com,070 2085 5076,March
Harvey,Turner,350,27 Hertingfordbury Rd,NEWGORD,ZE2 1PF,Harvey.E.Turner@trashymail.com,079 2664 4468,March
Peter,Mitchell,360,13 Scarcroft Road,PORTHMEOR,TR20 4OG,Peter.J.Mitchell@trashymail.com,077 6581 2603,March
Daniel,Baker,368,2 Stamford Road,ARDANSTUR,PA34 6CW,Daniel.A.Baker@trashymail.com,077 8721 9509,March
Dominic,Doyle,372,21 Peachfield Road,CEFNEITHIN,SA14 7AC,Dominic.F.Doyle@dodgit.com,077 0913 0328,March
Louie,Fraser,394,78 Ross Road,MARKS TEY,CO6 9JD,Louie.L.Fraser@spambob.com,077 0017 0636,March
Jake,Powell,395,33 Hindhead Road,EARLISH,IV51 5KW,Jake.H.Powell@trashymail.com,079 2904 2857,March
Joshua,Pugh,427,97 Nith Street,GLAN-YR-AFON,LL21 7TT,Joshua.M.Pugh@trashymail.com,077 6230 6891,March
Eve,Hooper,469,74 Oxford Rd,WORSTEAD,NR28 5ZU,Eve.T.Hooper@mailinator.com,079 2315 6309,March
Mohammad,Flynn,473,6 Essex Rd,TASTON,OX7 4XH,Mohammad.N.Flynn@trashymail.com,078 3920 8178,March
Jake,Baker,489,95 Peachfield Road,CHALE,PO38 0QH,Jake.K.Baker@dodgit.com,070 1181 4720,March
Josh,Glover,631,61 Iolaire Road,NEW FRYSTON,WF10 4KX,Josh.I.Glover@pookmail.com,070 3102 4491,March
Mason,Marsh,637,87 Emerson Road,KINROSSIE,PH2 4NJ,Mason.S.Marsh@trashymail.com,077 3216 1852,March
Ruby,Warner,640,26 Trinity Crescent,WHARTON,HR6 1HZ,Ruby.J.Warner@spambob.com,077 6046 0591,March
Georgia,Watts,642,69 Cheriton Rd,WEST ORCHARD,SP7 8AF,Georgia.C.Watts@dodgit.com,079 2472 9729,March
Brooke,Nelson,643,69 Main St,ACHNAHA,PH36 5RW,Brooke.G.Nelson@mailinator.com,078 5248 5719,March
