Surname,Forename,Telephone,Enquiry_no,Type,Hull_preference,Depart_port,Country,Guests,Cabins,Depart_date,Days_duration,Weekly_budget
Cairns,Geoff,077009001214,1453,Flotilla,Multihull,Marina Vitus,Croatia,12,8,07/06/2022,25,1229
Carroll,Joshua,077009001232,1721,Bareboat,Monohull,Marina Naupotiri,Greece,7,3,20/08/2022,20,780
Chaudhary,Dinanath,077009001233,1026,Bareboat,Multihull,Branimir Marina,Italy,11,5,26/07/2022,17,675
Desmarais,Meghan,077009001249,1757,Flotilla,Multihull,Pavao Island Marina,Croatia,5,3,29/08/2022,18,850
Dunford,Josephine,077009001251,1384,Crewed,Monohull,Port Djurak ,Croatia,6,3,03/06/2022,15,900
Foster,Adam,077009001257,1661,Crewed,Multihull,Marina Naupotiri,Greece,10,6,13/09/2022,8,1000
Gilbertson,Luca,077009001262,1555,Crewed,Multihull,Branimir Marina,Italy,8,4,23/06/2022,21,825
Heinemann,Joseph,077009001274,1353,Bareboat,Multihull,Port Djurak ,Croatia,5,3,12/07/2022,24,600
Littlewood,Nathaniel,077009001286,1936,Crewed,Monohull,Pavao Island Marina,Croatia,12,6,14/05/2022,18,950
Nicholson,Kyle,077009001287,1027,Flotilla,Monohull,Branimir Marina,Italy,6,3,21/08/2022,26,750
Patel,Ramesh,077009001311,1441,Flotilla,Monohull,Marina Naupotiri,Greece,12,8,26/06/2022,22,1563
Pennington,Lawrence,077009001314,1877,Bareboat,Monohull,Marina Vitus,Croatia,6,4,14/05/2022,18,1000
