Area code,Location
473,Cheung Chau
475,Ap Lei Chau
476,Aberdeen
477,Causeway Bay
478,Central
480,Chai Wan
482,Chung Hom Kok
484,Deep Water Bay
486,Happy Valley
488,Heng Fa Chuen
489,Jardine's Lookout
491,Midlevels Central
493,Midlevels East
495,Midlevels West
497,North Point
498,North Point Hill
500,Pokfulam
502,Quarry Bay
504,Repulse Bay
505,Sai Ying Pun
507,Shau Kei Wan
509,Shek O
511,Sheung Wan
512,Shouson Hill
513,Siu Sai Wan
514,Stanley
516,Tai Hang
518,Tai Tam
519,Taikoo Shing
520,The Peak
521,Wan Chai
522,Western
523,Kennedy Town
524,Wong Chuk Hang
526,Kowloon Bay
527,Kowloon City
528,Kowloon Tong
529,Jordan
530,Hung Hom
531,Diamond Hill
532,Cheung Sha Wan
533,Waterloo Road
534,Lai Chi Kok
535,Sham Shui Po
537,Yau Ma Tei
538,Wong Tai Sin
539,Tsz Wan Shan
540,Shatin
542,Tai Po
543,Tseung Kwan O
544,Yeun Lung Tau
545,Tin Shui Wai
546,Tung Chung
548,Tai O
