Student id,Title,Surname,Forename,Address,Address2,Address3,Address4,Gender,DOB,Qualification Check,Approved,Option Module,Notified
11cs178,Mr,Watkins,Greg,17 Ficus Mews,Wamfagton,Berks,WQ 16 4PO,M,07/02/1984,y,y,IDACOPT5,y
11cs161,Mrs,Craig,Martha,101 Parsnip Avenue,Hobbesbury,Sussex,HB3 8DD,F,15/05/1985,y,y,IDTSOPT1,y
11cs177,Mr,Washington,Craig,16 Wearby Close,Mongton,Lincs,MO1 8DE,M,13/07/1985,y,y,IDECOPT4,y
11cs158,Miss,Barnett,Deborah,21 Newbald Close,Alsingham,Essex,AL3 6GG,F,19/11/1989,n, ,IDACOPT5,n
11cs173,Mr,Smith,James,44 Cipridoda Drive,Plipswich,Dorset,PL9 8BN,M,15/12/1990,y,n,IDPGOPT2,n
11cs170,Mr,Patterson,Phillip,12 Hupstuper Close,Pertsmouth,Essex,PE9 8TR,M,31/12/1990,y,y,IDTSOPT1,n
11cs175,Mrs,Terry,Helen,3 Gorgon Street,Daddesbrom,Cambs,DA18 5SA,F,12/10/1991,y,y,IDIMOPT3,y
11cs176,Mr,Thomas,Daniel,32 The Clodagh,Cragfield,Wilts,CR14 7WA,M,09/11/1991,y,y,IDTSOPT1,y
11cs171,Ms,Reeves,Phyllis,22 Corndolly Street,Newsham,Hants,NE17 3ED,F,31/12/1991,y,y,IDPGOPT2,y
11cs172,Mrs,Santiago,Jean,18 Verdan Road,Swandon,Sussex,SW3 4PK,F,11/02/1992,y,y,IDPGOPT2,y
11cs166,Mr,James,Fred,51 Netherloin Lane,Slilough,Dorset,SL9 LP2,M,07/03/1992,y,n,IDTSOPT1,y
11cs165,Mr,Hernandez,Larry,19 Hourney Road,Reeding,Wilts,RE11 6TY,M,10/04/1992,y,y,IDPGOPT2,y
11cs180,Ms,Zimmerman,Jeanette,19 Aspen Lane,Deckford,Norfolk,DE18 2RE,F,14/04/1992,n,,IDIMOPT3,n
11cs167,Ms,Lindsey,Geraldine,18 St Annes Folly,Burnet,Hants,BU15 2UP,F,27/04/1992,y,y,IDECOPT4,y
11cs156,Miss,Abbott,Gina,13 The Crescent,Newmarten,Cambs,CA4 3ET,F,29/04/1992,y,y,IDTSOPT1,y
11cs168,Miss,May,Betty,21 Juniper Street,Cheder,Essex,CH14 9FU,F,30/04/1992,y,y,IDIMOPT3,y
11cs174,Ms,Sparks,Kristin,9 The Sopric Way,Glamsford,Dorset,GL3 6JJ,F,13/05/1992,y,y,IDIMOPT3,y
11cs159,Mr,Bradley,Zachary,14 Gravid Drive,Scourmouth,Berks,SC12 3HJ,M,07/06/1992,y,y,IDIMOPT3,y
11cs162,Mr,Elliott,Rick,43 Dewdrop Place,Ippleswick,Hants,IP14 2DS,M,19/06/1992,n,,IDTSOPT1,n
11cs157,Mr,Allen,Timothy,51 Sprout Street,Bery,Wilts,BE3 4PK,M,21/06/1992,y,y,IDECOPT4,n
11cs163,Mr,Freeman,Lee,19 Hissom Mead,Wintinton,Lincs,WI5 6PU,M,10/07/1992,n,,IDTSOPT1,n
11cs169,Mr,Murray,Jacob,43 Beerson Avenue,Lardy,Berks,LA12 4FH,M,20/08/1992,y,n,IDPGOPT2,n
11cs179,Mr,Williamson,Chester,31 Diplock Avenue,Prandford,Lincs,PR7 6ET,M,13/10/1992,y,n,IDTSOPT1,y
11cs164,Mr,Greene,Ricardo,11 Folker Mews,Harpordon,Cambs,HA4 8DJ,M,30/10/1992,y,y,IDTSOPT1,n
11cs160,Mr,Carter,Dennis,12 Jasmine Way,Madsmere,Dorset,MD1 32K,M,06/12/1992,y,y,IDACOPT5,y
