ID,Country,Number,Name,Distance,Operational,Capacity,Depth,Height,Diameter,Sea
BE02,Belgium,55,Bligh Bank,42,Yes,165,15,117,90,North Sea
BE05,Belgium,6,Thornton Bank,27,Yes,30,13,157,126,North Sea
BE06,Belgium,66,Belwind,46,Yes,330,30,117,90,North Sea
BE07,Belgium,60,C-power II,27,Yes,216,25,130,90,North Sea
BE09,Belgium,72,Northwind,37,No,216,15,127,112,North Sea
CA01,Canada,110,NaiKun ,9,No,396,7,133.5,107,Pacific Ocean
CA05,Canada,138,Trillum Power Wind,17,No,414,3,146,112,Lake Ontario
CN04,China,34,Donghai Bridge,9,Yes,102,7,136,90,East China Sea
CN07,China,34,Huang Rongcheng Intertidal,5,No,100,5,132.5,105,Yellow Sea
DE01,Germany,12,Alpha Ventus,56,Yes,60,28,150,116,North Sea
DE02,Germany,80,DanTysk,70,No,288,24,155,120,North Sea
DE03,Germany,21,Baltic 1,16,Yes,48,19,113.5,93,Baltic Sea
DE04,Germany,40,Borkum Riffgrund,45,No,200,28,148,116,North Sea
DE05,Germany,80,BARD,101,No,400,39,151,122,North Sea
DE06,Germany,40,Borkum West II,45,No,200,28,148,116,North Sea
DE07,Germany,161,Meerwind Ost,72,No,805,24,115,90,North Sea
DE08,Germany,1,Breitling,0.3,Yes,3,0.5,125,90,Breitling
DE09,Germany,1,Emden,0.3,Yes,5,2,157,114,North Sea
DE10,Germany,1,Hooksiel,0.4,Yes,5,5,151,122,North Sea
DE11,Germany,79,Albatros,75,No,474,39,115,90,North Sea
DE13,Germany,77,Gode Wind,40,No,231,28,127,112,North Sea
DK01,Denmark,10,Tuno Knob,5.5,Yes,5,4,64.5,39,Kattegat
DK02,Denmark,80,Horns Rev 1,17,Yes,160,6,110,80,North Sea
DK03,Denmark,4,Frederikshavn,3.2,Yes,11,4,125,90,Kattegat
DK04,Denmark,8,Roenland,1,Yes,17,2,120,93,Nissum Bredning
DK05,Denmark,91,Horns Rev 2,31.7,Yes,209,9,114.5,93,North Sea
DK06,Denmark,90,Rodsand 2,8.8,Yes,207,6,115,93,Baltic Sea
DK07,Denmark,20,Middelgrunden,4.7,Yes,40,3,102,76,Kattegat
DK08,Denmark,72,Nysted (R�dsand I),10.8,Yes,166,6,110,82,Baltic Sea
DK09,Denmark,10,Samso,4,Yes,23,10,105,82,Kattegat
DK10,Denmark,7,Sprogo,10.6,Yes,21,6,115,90,Kattegat
DK11,Denmark,11,Vindeby,1.8,Yes,5,2,52.5,35,Kattegat
DK13,Denmark,6,NearshoreLab,7.9,No,36,18,182,152,Kattegat
DK14,Denmark,3,Avedore Holme,0,Yes,11,2,153,120,Kattegat
DK15,Denmark,111,Anholt,15,No,400,14,141.6,120,Kattegat
FI01,Finland,5,Kemi Ajos I,2.6,Yes,15,3,138,100,Gulf of Bothnia
FI02,Finland,73,Kristinestad,3,No,365,20,162.5,125,Gulf of Bothnia
FI03,Finland,5,Kemi Ajos II,2.6,Yes,15,3,138,100,Gulf of Bothnia
FI04,Finland,1,Pori 1,6.6,Yes,2,16,130.5,101,Gulf of Bothnia
FR01,France,21,Cote d'Albatre,6,No,105,23,150,116,English Channel
FR03,France,50,Baie de Seine,10,No,300,22,155,130,English Channel
FR05,France,140,Deux Cotes,18,No,700,9,145,116,English Channel
FR06,France,35,Poweo,11,No,200,19,155,130,English Channel
GR04,Greece,90,Marathon Bay,2.5,No,450,31,153,126,Evian Gulf
IE02,Ireland,220,Codling Bank,13,No,1120,9,160,120,Irish Sea
IE04,Ireland,20,Sceirde Rocks,5.9,No,100,8,140,120,Atlantic Ocean
IT01,Italy,95,Gargano Sud,10.5,No,342,14,115,90,Adriatic Sea
IT02,Italy,38,Golgo di Gela,3,No,137,14,135,110,Mediterranean Sea
IT03,Italy,54,San Michele,4.5,No,162,15,115,90,Adriatic Sea
JP01,Japan,7,Kamisu,0.2,Yes,14,5,100,80,Kashima Nada
JP04,Japan,5,Sakata,1.3,Yes,10,4,100,80,Sea of Japan
JP07,Japan,2,Setana,0.7,Yes,1,10,63.8,47,Sea of Japan
MT02,Malta,19,Sikka l-Bajda,1.5,No,95,10,163,126,Mediterranean Sea
NL01,Netherlands,60,Princess Amalia,23,Yes,120,19,99,80,North Sea
NL02,Netherlands,36,Egmond aan Zee,10,Yes,108,15,115,90,North Sea
NL03,Netherlands,28,Irene Vorrink,0.8,Yes,17,2,71.5,43,Ijsselmeer
NL04,Netherlands,93,Beaufort,24,No,279,19,115,90,North Sea
NL05,Netherlands,4,Lely,0.8,Yes,2,3,60,40,Ijsselmeer
NL10,Netherlands,72,West Rijn,37,No,259,20,130.1,111,North Sea
NL18,Netherlands,94,Brown Ridge Oost,74,No,282,22,110,90,North Sea
NR02,Norway,78,Havsul I,20.2,No,350,10,150,120,Norweigan Sea
NR03,Norway,60,Havsul II,20.2,No,300,10,150,120,Norweigan Sea
NR13,Norway,40,Siragrunnen,2,No,200,11,155,120,North Sea
PT01,Portugal,1,WindFloat,5,No,2,40,100,80,Atlantic Ocean
RO01,Romania,100,Blackstone,6,No,500,50,115,90,Black Sea
SE01,Sweden,5,Bockstigen,4,Yes,3,5,60,37,Baltic Sea
SE02,Sweden,48,Lillgrund,8,Yes,110,13,114.5,93,Oresund
SE03,Sweden,7,Utgrunden 1,4.2,Yes,11,6,100,70,Baltic Sea
SE04,Sweden,24,Utgrunden II,5.9,No,86,10,212.5,125,Baltic Sea
SE05,Sweden,10,Vindpark Vanern,3.5,Yes,30,10,140,100,Vanern Lake
SE06,Sweden,5,Yttre Stengrund,2,Yes,10,6,96,72,Baltic Sea
SE07,Sweden,53,Storgrundet,13,No,265,10,115,90,Gulf of Bothnia
SE08,Sweden,128,Kriegers Flak,32.7,No,640,16,120,95,Baltic Sea
SE09,Sweden,108,Stora Middelgrund,25,No,540,15,115,90,North Sea
UK01,United Kingdom,30,Scroby Sands,2.3,Yes,60,8,100,80,North Sea
UK02,United Kingdom,30,North Hoyle,8,Yes,60,7,107,80,Irish Sea
UK03,United Kingdom,25,Rhyl Flats,8,Yes,90,7,133.5,107,Irish Sea
UK04,United Kingdom,30,Barrow,10,Yes,90,12,120,90,Irish Sea
UK05,United Kingdom,60,Robin Rigg,9.5,Yes,216,10,125,90,Irish Sea
UK06,United Kingdom,30,Kentish Flats,8.5,Yes,90,4,115,90,North Sea
UK07,United Kingdom,25,Burbo Bank,6.4,Yes,90,6,137,107,Irish Sea
UK08,United Kingdom,27,Lynn,5.2,Yes,97,7,133.5,107,North Sea
UK09,United Kingdom,30,Inner Dowsing,5,Yes,120,5,133.5,107,North Sea
UK10,United Kingdom,2,Beatricee Demonstration,23,Yes,10,45,170,126,North Sea
UK11,United Kingdom,48,Gunfleet Sands,7,Yes,172,10,128.5,107,North Sea
UK13,United Kingdom,30,Scarweather Sands,5,No,108,3,95,66,Bristol Channel
UK14,United Kingdom,2,Blyth,1,Yes,4,5,95,66,North Sea
UK15,United Kingdom,27,Teesside,1.5,No,62,18,150.5,101,North Sea
UK16,United Kingdom,30,Ormonde,9.5,No,150,17,163,126,Irish Sea
UK17,United Kingdom,175,London Array,20,No,630,15,147,120,North Sea
UK18,United Kingdom,140,Greater Gabbbard,36,No,504,25,131,107,North Sea
UK19,United Kingdom,100,Thanet,11,Yes,300,15,115,90,North Sea
UK20,United Kingdom,160,Gwynt y Mor,13,No,576,15,153.5,107,Irish Sea
UK21,United Kingdom,51,Walney,14,Yes,184,20,137,107,Irish Sea
UK22,United Kingdom,108,West of Duddon,15,No,389,17,150,120,Irish Sea
UK23,United Kingdom,88,Sheringham Shoal,23,No,317,18,133.5,107,North Sea
UK27,United Kingdom,75,Lincs,8,No,270,9,160,120,North Sea
UK32,United Kingdom,333,Triton Knoll,33,No,1200,8,230,180,North Sea
US01,United States,130,Cape Wind,7,No,468,5,132,107,Atlantic Ocean
US02,United States,160,Rio Grande North,12,No,1000,22,163,126,Gulf of Mexico
US03,United States,200,Bluewater Wind Maryland,19,No,600,25,120,95,Atlantic Ocean
