Position,Team_name,Games_won,Games_drawn,Games_lost,Points
1,James Town Rovers,15,0,4,
2,The Jolly Hockey,14,4,1,
3,The Scarlets,14,2,3,
4,Putt Rovers,13,5,1,
5,The Hockey Rangers,13,3,3,
6,The Red Tigers,12,0,7,
7,The Blue Sharks,11,4,4,
8,Lightning Town,11,2,6,
9,The Jazzy Foxes,10,5,4,
10,Harley Town Rovers,10,5,4,
11,Putt United,9,9,1,
12,The Strikers,8,8,3,
13,Jones Town United,7,2,10,
14,The Defenders,6,2,11,
15,The Saints,6,0,13,
16,Holly Street Rovers,5,0,14,
17,Hockey Street United,4,1,14,
18,The Giant Putts,2,2,15,
19,The Violets,1,1,17,
20,Happy Hockey Rovers,0,3,16,
