Player_ID,Player_title,Player_forename,Player_surname,Street_address,City,Zip_code,Date_of_birth,Age,Player_status,Player_fee,Fee_due
,Mr,Johann,Schmidt,49 Cambridge Road,NOKE,OX3 6LF,01/01/1980,,,,TRUE
,Miss,Steffi,Beckenbauer,55 Victoria Road,LITTLE CASTERTON,PE9 7LU,02/02/1950,,,,FALSE
,Mr,Maurice,LaPorte,85 Castledore Road,TWYFORD,DE73 0XX,04/10/2001,,,,FALSE
,Mr,Venkhat,Dasgupta,97 Front Street,KNOTTING,MK44 9FU,13/06/1983,,,,FALSE
,Mr,Gurdeep,Dasgupta,46 Boar Lane,SELSDON,CR2 4TD,29/03/1989,,,,TRUE
,Mr,John,Smith,63 Ramsgate Rd,WILLINGTON,MK44 4DD,05/05/1975,,,,FALSE
,Mr,Malcom,Jones,74 Farburn Terrace,LITTLE DUNKELD,PH8 0HY,06/01/1980,,,,FALSE
,Mrs,Fatima,Hedge,65 George Street,BROXBOURNE,EN10 1JQ,04/03/1999,,,,TRUE
,Mr,Jorge,Lopez,43 Old Edinburgh Road,BELL END,DY9 9UE,22/07/1985,,,,FALSE
,Mr,Tanjung ,Lu,92 Netherpark Crescent,STEANE,NN13 5JN,23/12/1993,,,,FALSE
,Miss,Alice,Jones,61 South Street,MOLLAND,EX36 5XN,05/01/1996,,,,FALSE
,Mr,Daniel,James,43 Long Street,MILLAND MARSH,GU30 6FL,07/05/1994,,,,FALSE
,Mr,Hans,Schumacher,38 Roman Rd,LEDMORE,IV27 7YD,23/06/1954,,,,TRUE
,Mrs,Joy,Lu,70 Brynglas Road,GLENELG,IV40 5HB,26/03/1991,,,,FALSE
,Mrs,Sally,Evans,86 New Dover Rd,WALCOT,TF6 8WZ,01/01/1987,,,,FALSE
,Mr,Hyung-Ju,Lee,29 Carriers Road,CROES-IAN,SA44 8TD,02/12/1981,,,,FALSE
,Mr,Diego,Garcia,20 Ross Road,MARTIN DROVE END,SP6 8LD,04/01/1975,,,,FALSE
,Miss,Maria,Velasquez,14 Folkestone Road,WIMPSTONE,CV37 5GY,09/03/2000,,,,FALSE
,Mr,Pradeep,Sekaran,59 Walwyn Rd,CHARTHAM,CT4 2GH,30/08/1990,,,,FALSE
,Mr,Seyon,Khurumoorthy,2 Farburn Terrace,LITTLE DRIFFIELD,YO25 7UT,12/12/1983,,,,FALSE
,Mr,David,Ferrarin,31 Brackley Road,TIDDINGTON,OX9 7LW,10/06/1958,,,,FALSE
,Mrs,Sarah,Jones,30 Victoria Road,LISSINGTON,LN3 2PZ,13/06/1983,,,,FALSE
,Miss,Rachel,Jackson,45 Manor Close,DITTON PRIORS,WV16 3YH,06/01/1980,,,,FALSE
,Mr,Dennis,Chapman,11 Glenurquhart Road,BALLIEMORE,PH16 8QN,28/08/1992,,,,FALSE
,Mr,Michael,Chang,66 Great Western Road,LONGWOOD,SY5 4DS,29/09/1993,,,,FALSE
,Mr,Daniel,Chua,87 Red Lane,ETTRICKBRIDGE,TD7 7LN,02/01/1997,,,,FALSE
,Mr,Ian,Xie,66 Foregate Street,CODDENHAM,IP6 3UU,14/11/1981,,,,FALSE
,Miss,Anna,Beaumont,91 Lincoln Green Lane,CHURCH END,AL3 7TY,11/05/1982,,,,FALSE
,Mr,Pascal,Emelie,60 Huntly Street,BARNWOOD,GL4 0RQ,13/12/1984,,,,FALSE
,Mr,Benedict,Smith,77 Caerfai Bay Road,TETTENHALL,WV6 6DL,16/07/1992,,,,FALSE
,Mrs,Nicola,Perry,12 Park Avenue,LAWKLAND,LA2 0HU,15/08/1993,,,,FALSE
,Mr,Arya,Tandon,20 Maidstone Road,WELLOW,BA2 1GY,04/10/2001,,,,FALSE
,Miss,Katherine,Potter,33 Overton Circle,LITTLEOVER,DE23 0SN,16/03/1987,,,,FALSE
,Mrs,Simone,Roach,26 Chapel Lane,ARLEY,CW9 4NB,02/02/2002,,,,FALSE
,Mr,Joshua,Bond,32 Golden Knowes Road,FRADDAM,TR27 8UY,14/12/1990,,,,FALSE
,Mrs,Lisa,Greenwood,92 Castledore Road,TURWESTON,NN13 4DJ,25/12/2000,,,,FALSE
,Mr,David,Khan,59 Roman Rd,LEIDEAG,HS9 3AZ,13/06/1983,,,,FALSE
,Mr,Sagar,Singh,66 Union Terrace,LOCHLAIR,DD8 2QW,09/10/1973,,,,FALSE
,Miss,Mena,Kaur,30 Wenlock Terrace,PETHAM,CT4 3UR,25/07/1980,,,,FALSE
,Miss,Sita,Singh,41 Manor Way,GREAT FRANSHAM,NR19 4EF,02/01/2003,,,,FALSE
