Name,Department,Role,extn:
John Peeves,Sales,Head,311
Georgia Watts,Sales,Music,452
Josh Norris,Sales,Merchandise,457
Harley Daniels,Sales,Events,150
Katy Skipper,HR,Head,160
D'Arcy Russell,HR,Assistant,201
Peter Bones,IT,Head,242
Perry Callow,IT,Network Manager,283
Ima Geque,IT,Support,324
Julie Haddock,Promotions,Head,365
Kevin Mullet,Promotions,Music,406
Katryn Dodds,Promotions,Merchandise,447
Surinder Colleth,Promotions,Events,488
Stuart Florist,Admin,Head,529
Moira Fluety,Admin,Finance,570
Rob Roy,Admin,Office Manager,611
Graham Crown,Executive,Head,652
Terri Fayed,Executive,PA,693
