GivenName,Surname,Member ID,StreetAddress,City,PostCode,EmailAddress,TelephoneNumber,Pop,Metal,Rock,R&B,Status
Lydia,Sykes,214,59 Exning Road,HARFORD,PL21 7XC,lydia.m.sykes@trashymail.com,079 5199 5552,,yes,yes,yes,Standard
Finlay,White,215,22 Whatlington Road,COULTRAINE,KY15 4YA,finlay.n.white@spambob.com,077 0703 2848,,yes,,,Premium
Noah,Pope,216,39 Vicar Lane,SANDY LANE,BD15 6QL,noah.f.pope@mailinator.com,078 6440 7800,,,,,Standard
Ewan,Mason,217,38 Sloe Lane,CROUCH,TN15 4AK,ewan.s.mason@spambob.com,070 7427 1580,,,yes,yes,Premium
Jay,Francis,218,83 Wenlock Terrace,PERT,AB30 9ZO,jay.d.francis@spambob.com,070 6195 8891,,,,,Standard
Erin,Taylor,219,59 Warren St,WEST FARNDON,NN11 0AU,erin.c.taylor@dodgit.com,078 7226 4832,,yes,,,Premium
Amber,Ford,220,63 Thames Street,BOLTON LOW HOUSES,CA7 4TW,amber.t.ford@mailinator.com,077 1934 0672,,yes,,yes,Standard
Anthony,Wyatt,221,41 Park Place,CASSINGTON,OX8 4WK,anthony.m.wyatt@dodgit.com,077 5405 3369,yes,,,,Premium
Jack,Naylor,222,11 Seafield Place,FORNCETT ST MARY,NR16 6KQ,jack.s.naylor@trashymail.com,077 8772 9363,,,,yes,Standard
Lewis,Lord,223,48 Fox Lane,BODORGAN,LL62 6KQ,lewis.j.lord@mailinator.com,079 6664 5229,yes,,,,Standard
Connor,Chamberlain,224,43 Traill Street,ROTHERSTHORPE,NN7 8BM,conr.l.chamberlain@mailinator.com,078 3398 3220,,,,,Premium
Owen,Wright,225,43 Chapel Lane,ARRAD FOOT,LA12 0DA,owen.a.wright@trashymail.com,070 5285 1898,,yes,,,Standard
Katherine,Griffin,226,3 Baldock Street,NEWTON ABBOT,TQ12 7UM,katherine.a.griffin@pookmail.com,070 1211 5952,,yes,,yes,Premium
Peter,Williams,227,87 Withers Close,ALDWINCLE,NN14 5UC,peter.c.williams@mailinator.com,070 4665 6756,yes,,,yes,Standard
Scarlett,Hardy,228,39 Wrexham Road,FAWKHAM GREEN,DA3 9KE,scarlett.k.hardy@pookmail.com,078 5248 8893,,,,,Standard
Jake,Abbott,229,71 Hexham Road,IVELET,DL11 6FZ,jake.c.abbott@trashymail.com,078 7099 6775,yes,,,yes,Standard
Morgan,John,230,43 East Street,MARDEN,HR1 1MV,morgan.n.john@mailinator.com,079 8160 9651,,,,yes,Standard
Morgan,Stevens,231,9 Mar Close,DODDISCOMBSLEIGH,EX6 8OU,morgan.l.stevens@trashymail.com,079 6903 5627,,,,yes,Standard
Isabelle,McLean,232,96 Scrimshire Lane,ATHELNEY,TA7 3OO,isabelle.g.mclean@spambob.com,078 2713 1749,,,,yes,Standard
Max,Collier,233,98 Great Western Road,LONGWORTH,OX13 5ZE,max.r.collier@dodgit.com,079 2468 6469,,yes,,,Premium
Ella,McKenzie,234,66 Stone St,CRANFORD,TW5 4BJ,ella.a.mckenzie@pookmail.com,070 1719 6783,,,,,Standard
Isabella,Gibbs,235,69 Tonbridge Rd,COPPENHALL MOSS,CW1 2ZN,isabella.d.gibbs@pookmail.com,077 5054 8532,,,,,Premium
Jack,Whitehouse,236,62 Golf Road,SWALWELL,NE16 5KS,jack.b.whitehouse@trashymail.com,078 6485 8510,yes,yes,yes,yes,Standard
Ethan,Baxter,237,72 Jubilee Drive,CASTLETON,CF3 0RC,ethan.k.baxter@trashymail.com,078 5561 4696,,,,yes,Standard
Charlie,Simmons,238,38 Park Terrace,GLADESTRY,HR5 9YN,charlie.d.simmons@trashymail.com,078 3439 7172,,yes,,,Premium
Harley,Carr,239,24 Lairg Road,NEWBOROUGH,DE13 8RN,harley.v.carr@spambob.com,078 6358 9334,yes,yes,yes,yes,Premium
Brandon,Bevan,240,20 Main St,ACCRINGTON,BB5 1MX,brandon.e.bevan@pookmail.com,070 8740 4329,yes,,yes,,Standard
Samantha,Jennings,241,77 Preston Rd,MORRISTON,KA19 8MT,samantha.a.jennings@trashymail.com,070 6781 0022,,,,,Premium
Spencer,Butcher,242,31 Roker Terrace,LANGLEY PARK,DH7 5UU,spencer.z.butcher@spambob.com,079 5611 9572,yes,,,yes,Standard
Thomas,Winter,243,89 Haslemere Road,EASTFIELD,ML7 4KG,thomas.f.winter@pookmail.com,070 6101 3553,,yes,,,Premium
Yasmin,Peacock,244,47 Rowland Rd,OSSETT,WF5 8UM,yasmin.m.peacock@spambob.com,070 5761 6306,yes,,,,Standard
Sebastian,Law,245,24 Jedburgh Road,LEVENCORROCH,KA27 3UI,sebastian.s.law@pookmail.com,077 0504 6356,,,yes,,Standard
Alfie,Thomas,246,61 Shore Street,STITHIANS,TR3 3LG,alfie.b.thomas@trashymail.com,079 1347 1904,,yes,,,Standard
Finley,Mills,247,41 Brynglas Road,GLENRISDELL,PA29 6PX,finley.e.mills@trashymail.com,077 3817 0693,,,,,Standard
Katherine,Stokes,248,40 Duckpit Lane,UPPER HORSEBRIDGE,BN27 7PO,katherine.l.stokes@spambob.com,077 4504 8544,,,,yes,Premium
Evan,Kemp,249,78 South Crescent,LYDEARD ST LAWRENCE,TA4 8UW,evan.f.kemp@pookmail.com,070 7630 3448,yes,,,,Premium
Lydia,Powell,251,47 Coast Rd,KIRKBY,TS9 9IM,lydia.o.powell@mailinator.com,079 1457 4246,yes,,yes,,Premium
Oliver,Haynes,252,71 Great rth Road,ALTHAM,BB5 5EW,oliver.a.haynes@trashymail.com,079 7236 6313,,,yes,,Standard
Henry,Davison,253,16 Souterhead Road,LOSTWITHIEL,PL22 6HN,henry.e.davison@dodgit.com,078 7153 8251,,,,yes,Standard
Isabelle,Holloway,255,5 Boat Lane,RESOLIS,IV7 3AL,isabelle.r.holloway@dodgit.com,070 5294 3121,,,,yes,Standard
Faith,Hammond,256,12 Simone Weil Avenue,WAUN Y CLYN,SA17 7TB,faith.m.hammond@dodgit.com,078 5237 6534,,,,yes,Standard
Molly,Pickering,257,38 Earls Avenue,WHITESTAUNTON,TA20 3LG,molly.t.pickering@mailinator.com,077 4211 0322,,,yes,,Standard
Corey,Ball,258,10 Marlborough Crescent,SOUTHGATE,PE31 8MJ,corey.r.ball@mailinator.com,078 1576 0068,,yes,,,Standard
Isobel,Higgins,259,93 Preston Rd,MORDON,TS21 4EQ,isobel.r.higgins@mailinator.com,077 5738 8326,yes,,,,Standard
Hollie,Davison,260,91 Station Rd,PURSE CAUNDLE,DT9 7GF,hollie.e.davison@pookmail.com,070 7092 5812,,,yes,,Standard
Maisie,Stewart,261,76 Pendwyallt Road,BURTON,NE69 8FV,maisie.j.stewart@trashymail.com,077 3085 2112,,,yes,yes,Premium
Chelsea,Doyle,262,61 Great rth Road,AMBLECOTE,DY8 6IE,chelsea.r.doyle@spambob.com,079 8773 6743,,,yes,,Standard
Louise,Stewart,263,45 Church Way,BRADFIELD ST GEORGE,IP30 7NE,louise.j.stewart@spambob.com,070 0940 5905,,,,yes,Standard
Nathan,Waters,264,68 Ivy Lane,WALSTON,ML11 0JR,nathan.a.waters@spambob.com,077 6834 1521,,,,yes,Standard
Michael,Kemp,265,19 Roman Rd,LEDAIG,PA37 4OE,michael.r.kemp@dodgit.com,070 0262 5667,,,,yes,Standard
Hannah,Fleming,266,75 Ballifeary Road,BAMBER BRIDGE,PR5 0TU,hannah.b.fleming@trashymail.com,070 2287 0252,yes,,yes,,Premium
Christopher,Morton,267,82 Ash Lane,YNYSBOETH,CF45 7ZI,christopher.n.morton@trashymail.com,078 5093 2575,yes,,,yes,Standard
Danielle,Holmes,268,1 Baldock Street,NEWTON ON TRENT,LN1 7MF,danielle.t.holmes@trashymail.com,078 4397 1816,,,,yes,Premium
Hannah,Arton,269,85 Buckingham Rd,THORNHILL,CF83 2QI,hannah.arton@pookmail.com,079 4358 0376,,,,yes,Standard
Holly,Reid,271,5 Temple Way,WISTON,ML12 7CY,holly.e.reid@pookmail.com,078 1756 8897,,yes,,,Standard
Henry,Robson,272,16 Fraserburgh Rd,LEYSDOWN-ON-SEA,ME12 6VW,henry.d.robson@dodgit.com,079 3715 6169,,,yes,,Standard
Eve,Garner,274,20 Mar Close,DODINGTON ASH,BS37 2DP,eve.j.garner@mailinator.com,079 8893 2378,,,,yes,Premium
Eloise,Little,275,23 Ponsmere Road,TREBONNE,TR26 9OP,eloise.d.little@spambob.com,078 7753 8177,,,,yes,Standard
Toby,Hewitt,277,74 Boat Lane,REPSTONE,NR29 4RA,toby.l.hewitt@pookmail.com,078 4701 2074,,,,yes,Standard
Finlay,Bruce,278,78 Town Lane,SOUTH CLIFFE,YO4 6ZA,finlay.l.bruce@dodgit.com,070 4195 2404,yes,,,yes,Standard
Hayden,Gibson,279,47 Roman Rd,LECKFORD,SO20 3WW,hayden.p.gibson@spambob.com,078 5769 4692,,,,yes,Premium
Yasmin,Power,280,93 Kent Street,CROSS INN,CF72 2OC,yasmin.j.power@pookmail.com,078 1155 7004,,,yes,yes,Standard
Natasha,Cross,281,74 Park Place,CASTERTON,LA6 2UR,natasha.a.cross@trashymail.com,079 5855 1952,yes,,,yes,Premium
Kayleigh,Bishop,283,50 Seafield Place,FOSSDALE,DL8 3PP,kayleigh.t.bishop@trashymail.com,078 5411 9244,,yes,,,Standard
Hayden,Barrett,284,1 Union Terrace,LOCKERLEY,SO51 7TX,hayden.l.barrett@trashymail.com,070 6559 1238,,yes,,,Standard
Nathan,Walsh,287,57 Well Lane,PARKFORD,DD8 7HU,nathan.m.walsh@mailinator.com,078 5218 3252,,,,yes,Standard
Scott,Clements,288,10 Bath Rd,WOLDINGHAM,CR3 4BY,scott.p.clements@trashymail.com,070 3296 3482,,,,yes,Standard
Georgia,Archer,289,65 Roman Rd,LEIGH,SY5 4ML,georgia.r.archer@dodgit.com,078 3581 2580,,,,yes,Premium
Aaron,Rhodes,290,11 Glandovey Terrace,TRESINNEY,PL32 9XJ,aaron.e.rhodes@dodgit.com,078 0065 0838,,,yes,,Premium
Jasmine,Richards,291,51 Cunnery Rd,MANCHESTER,M1 7NI,jasmine.b.richards@dodgit.com,077 6218 7285,,yes,,yes,Premium
Hayden,Nash,292,71 Ings Lane,DELNY,IV18 6AR,hayden.c.nash@trashymail.com,079 6053 0774,,,,,Premium
Melissa,Hope,293,55 Fordham Rd,HALLWORTHY,PL32 1TA,melissa.m.hope@pookmail.com,070 3801 1183,,,yes,yes,Standard
Faith,Stevenson,294,16 Bouverie Road,WESTOW,YO6 3YP,faith.h.stevenson@pookmail.com,077 2191 9047,,yes,,,Standard
Conr,Dean,295,30 Sutton Wick Lane,BRINGTON,PE18 4OJ,conr.g.dean@mailinator.com,078 7742 0620,,,yes,,Premium
Amy,Birch,296,12 Trehafod Road,BUDE,EX23 7MO,amy.s.birch@dodgit.com,078 3627 2654,,,,,Standard
Chloe,Alexander,297,91 High St,THURNBY,LE7 6JI,chloe.r.alexander@mailinator.com,070 3430 3118,,yes,,,Standard
Lewis,Goddard,299,78 Stroude Road,SIMPRIMTON,TD12 7XN,lewis.t.goddard@trashymail.com,070 5128 1899,,,yes,,Premium
Robert,Lawson,300,41 Berkeley Rd,STRATFORD TONY,SP5 8FG,robert.e.lawson@spambob.com,070 3179 6652,,,,,Standard
Lucas,Bates,301,52 Graham Road,CHERITON,SA3 7AM,lucas.a.bates@trashymail.com,078 5290 2116,,,,yes,Premium
Lucy,Chan,302,14 Prince Consort Road,KELSAY,PA47 3TC,lucy.j.chan@mailinator.com,078 7644 2743,yes,,,,Premium
Laura,Potter,303,48 Neville Street,IMPINGTON,CB4 6UZ,laura.t.potter@dodgit.com,078 2662 5367,,,yes,yes,Standard
Reece,Barnes,304,41 Newport Road,CARISBROOKE,PO30 1PX,reece.c.barnes@dodgit.com,077 4504 7773,yes,,yes,yes,Premium
Harriet,Sims,305,56 Canterbury Road,URCHANY,IV12 4HS,harriet.d.sims@pookmail.com,070 0911 8116,,yes,yes,,Premium
Michael,Willis,306,78 Helland Bridge,UPPER HACKNEY,DE4 2IU,michael.a.willis@spambob.com,079 0979 1769,,,yes,yes,Standard
Aaron,Morris,307,79 Hampton Court Rd,SOUTHORPE,PE9 1QH,aaron.m.morris@spambob.com,077 6742 5279,,yes,yes,,Standard
Owen,Wyatt,310,5 Colorado Way,RHYD-YR-ONNEN,LL36 1LW,owen.l.wyatt@spambob.com,079 4257 3934,yes,,yes,,Premium
Chloe,White,311,36 Huntly Street,BARRAHORMID,PA31 8JL,chloe.j.white@dodgit.com,078 7835 1699,,,yes,yes,Premium
Grace,Frost,312,58 Southlands Road,PONTNEWYNYDD,NP4 3QY,grace.j.frost@trashymail.com,078 2210 1945,,yes,yes,,Premium
Louise,Perkins,313,90 Old Edinburgh Road,BELMONT,BL7 9VS,louise.o.perkins@trashymail.com,079 1021 6384,,yes,,,Standard
Charlie,Manning,314,78 Greyfriars Road,CAPEL PARC,LL68 7WC,charlie.d.manning@pookmail.com,077 0501 9500,,,yes,,Standard
Riley,Chapman,315,27 Iffley Road,BROADOAK,SA32 4ZW,riley.c.chapman@dodgit.com,077 5630 2998,,yes,,,Standard
Edward,Ashton,316,10 Broomfield Place,STONYBRECK,ZE2 7CI,edward.s.ashton@pookmail.com,078 0114 7231,,,yes,,Premium
Victoria,Taylor,317,55 St Omers Road,HOCKLEY,SS5 3OB,victoria.d.taylor@spambob.com,077 0834 2029,,yes,,yes,Premium
Naomi,Chamberlain,318,74 Brynglas Road,GLENLEE,DD9 3JW,naomi.a.chamberlain@trashymail.com,070 0073 3289,,yes,yes,,Premium
Erin,Kerr,319,10 South Street,MONCREIFFE,PH2 5AV,erin.t.kerr@mailinator.com,070 2961 7150,,yes,,yes,Premium
Lola,Mellor,320,69 Caradon Hill,TYWYN,LL36 4UR,lola.l.mellor@trashymail.com,070 3962 5256,,yes,,,Standard
Alfie,Saunders,322,12 Old Edinburgh Road,BEECH HILL,RG7 8KQ,alfie.l.saunders@dodgit.com,070 4751 0765,,yes,,,Standard
Naomi,Lees,323,14 Prospect Hill,DRAYTON,DY9 7ZM,naomi.l.lees@trashymail.com,070 8419 3271,yes,,,,Standard
Ellis,Curtis,326,93 Jubilee Drive,CATLOW,BB10 5ZS,ellis.s.curtis@trashymail.com,070 1803 8232,,,yes,,Premium
Ben,Nelson,328,52 Iolaire Road,NEW BYTH,AB53 2IT,ben.i.nelson@trashymail.com,079 6623 5145,yes,,,,Premium
Harvey,John,329,68 Caradon Hill,TYNRIBBIE,PA38 4OU,harvey.m.john@pookmail.com,079 4112 8239,,,,yes,Standard
Aidan,Wong,330,47 Newport Road,CARNYORTH,TR19 6AL,aidan.v.wong@spambob.com,078 6635 9940,,yes,,yes,Standard
Owen,Doyle,331,16 Harehills Lane,ROWLEY,HU20 2UI,owen.l.doyle@mailinator.com,077 5362 6257,yes,,,yes,Premium
Rachel,Wells,332,6 Prince Consort Road,KENSALEYRE,IV51 4XN,rachel.o.wells@pookmail.com,077 4919 7315,,,,yes,Standard
Madeleine,Sinclair,334,61 Greble Road,BRAYSHOP,PL17 1JE,madeleine.b.sinclair@trashymail.com,078 5096 8359,yes,,,yes,Premium
Natasha,O'Sullivan,336,46 Whatlington Road,COTHAM,BS6 7CE,natasha.k.o'sullivan@dodgit.com,079 3284 4934,,,yes,,Standard
Sam,Miller,337,54 Nenthead Road,HIGH HARROGATE,HG1 7ZK,sam.t.miller@pookmail.com,079 7901 0977,,yes,,,Standard
Amelia,Power,338,13 Prospect Hill,DRAYCOTT IN THE MOORS,ST10 2KL,amelia.t.power@dodgit.com,070 0037 4273,,,yes,yes,Standard
Luke,Murray,339,6 St Andrews Lane,DALCHRUIN,PH6 3EP,luke.h.murray@mailinator.com,078 4825 6668,yes,,,yes,Standard
Jack,Morris,341,87 Stroude Road,SKEGBY,NG17 7ZC,jack.o.morris@trashymail.com,078 3397 6272,,yes,,yes,Premium
Ruby,Ross,342,27 South Western Terrace,MITCHAM,CR4 2FU,ruby.c.ross@spambob.com,079 4188 1266,,yes,,,Premium
Shann,Moran,344,40 Bootham Terrace,REDBURN,IV16 3FJ,shann.l.moran@trashymail.com,079 4375 5690,,yes,,,Standard
Patrick,Adams,345,96 Overton Circle,LIVERTON,TS13 2PC,patrick.d.adams@dodgit.com,070 3264 5872,,yes,,,Standard
Imogen,Byrne,346,63 Prestwick Road,INNERGELLIE,KY10 7KA,imogen.k.byrne@pookmail.com,077 5390 3226,,,,yes,Premium
Toby,Dunn,347,82 Tadcaster Rd,PIGDON,NE61 2YZ,toby.s.dunn@mailinator.com,070 7248 0137,,,yes,yes,Standard
Aaliyah,Stewart,349,6 Roman Rd,LEGSBY,LN8 6ZY,aaliyah.b.stewart@pookmail.com,078 0251 5245,yes,,,yes,Premium
Jade,Joyce,350,93 South Crescent,LYMBRIDGE GREEN,TN25 7QS,jade.b.joyce@trashymail.com,079 4688 4990,,yes,,,Premium
Owen,Barry,351,55 Roman Rd,LEDSTON,WF10 1PB,owen.a.barry@mailinator.com,077 3022 8765,yes,yes,yes,yes,Standard
Riley,Leonard,352,18 Lincoln Green Lane,CHRISHALL,SG8 3JM,riley.s.leonard@pookmail.com,078 0661 6026,,,,yes,Premium
Freya,Harris,354,79 Friar Street,CLATTER,SY17 2YE,freya.e.harris@mailinator.com,070 5233 5073,,yes,,yes,Standard
Melissa,Davison,356,99 Ballifeary Road,BALLOGIE,AB34 9DD,melissa.r.davison@pookmail.com,078 5115 4894,,,yes,,Premium
Joshua,Lawrence,357,95 Caerfai Bay Road,TEMPLE GUITING,GL54 0BO,joshua.c.lawrence@spambob.com,077 8132 6708,,yes,yes,,Standard
Elise,Townsend,358,31 Park Avenue,LEAKE COMMON SIDE,PE22 6XC,elise.j.townsend@pookmail.com,077 8163 6464,yes,,,,Premium
Tilly,Gill,359,65 Ockham Road,EAST MOLESEY,KT8 4OG,tilly.h.gill@dodgit.com,078 6025 7473,,,yes,yes,Premium
Oliver,Chan,360,21 Long Street,MILL HOUSES,LA2 1NG,oliver.t.chan@trashymail.com,077 0418 3416,,yes,yes,,Premium
Sophie,Middleton,361,36 Holburn Lane,HEBDEN,BD23 9XR,sophie.j.middleton@dodgit.com,077 2142 1139,yes,,,,Premium
Katie,Hart,362,76 Annfield Rd,BEDHAMPTON,PO9 2NK,katie.e.hart@spambob.com,070 8801 0157,yes,,,yes,Premium
Alex,Arld,363,31 Lamphey Road,THONG,DA12 8XK,alex.c.arld@mailinator.com,070 4564 8083,,,,,Premium
Thomas,Quinn,364,38 Ploughley Rd,TOCKINGTON,BS12 9CE,thomas.j.quinn@pookmail.com,079 6428 2055,yes,yes,,,Standard
Lucy,Patterson,365,81 Friar Street,CLAXTON,YO6 8EL,lucy.j.patterson@pookmail.com,077 1948 1930,,,yes,yes,Standard
Harvey,Hall,366,74 Redcliffe Way,WOOLSTONE,SN7 0CN,harvey.c.hall@dodgit.com,077 7581 7951,yes,,,yes,Premium
Jacob,Banks,367,23 Ploughley Rd,TINWALD,DG1 2UI,jacob.m.banks@spambob.com,070 8288 3700,,,,yes,Premium
Courtney,Marshall,368,28 Duckpit Lane,UPPER MITTON,DY13 6NN,courtney.k.marshall@mailinator.com,079 6307 1325,yes,,,yes,Standard
Corey,Hooper,369,43 St Dunstans Street,WATERSIDE,KA6 2GF,corey.n.hooper@mailinator.com,079 4929 9005,,yes,,,Premium
Joe,Coates,370,67 Ramsgate Rd,WILBY,IP21 9FA,joe.l.coates@dodgit.com,077 0374 2851,,,yes,,Standard
Hollie,Horton,372,99 Ramsgate Rd,WILLOUGHTON,DN21 2OJ,hollie.b.horton@pookmail.com,079 4482 7102,,,yes,,Premium
Emily,Mitchell,373,94 Carriers Road,CREETING ST MARY,IP6 7NG,emily.r.mitchell@mailinator.com,077 1397 7052,yes,yes,,,Premium
Laura,Lowe,374,14 Hexham Road,IRONBRIDGE,TF8 1AR,laura.e.lowe@spambob.com,079 2605 0533,yes,,,yes,Premium
Christopher,Johnson,375,60 Circle Way,CALFSOUND,KW17 6KZ,christopher.s.johnson@trashymail.com,079 2619 0725,,yes,yes,yes,Standard
Scarlett,Patterson,376,58 Overton Circle,LITTLE STANNEY,CH2 6XO,scarlett.g.patterson@spambob.com,077 7293 1045,yes,yes,,yes,Standard
Laura,Kelly,377,91 Davids Lane,STRONE,PH33 6AS,laura.l.kelly@spambob.com,079 1758 3320,yes,,,,Premium
Anna,Bennett,378,40 Whatlington Road,COURT-AT-STREET,CT21 3LS,anna.t.bennett@mailinator.com,070 0697 0154,yes,,yes,,Premium
Robert,Garner,379,70 Huntly Street,BARROCK,KW14 0SL,robert.a.garner@dodgit.com,070 3283 0325,yes,,,,Standard
Charles,Singh,381,14 Ilchester Road,MULLION,TR12 8UR,charles.e.singh@spambob.com,077 6158 9084,,,,yes,Premium
Billy,Mitchell,382,8 Park Place,CARSTAIRS,ML11 1NI,billy.e.mitchell@mailinator.com,070 7335 3197,,,,yes,Standard
Anna,Carter,384,69 Ermin Street,WYCOMB,LE14 6UQ,anna.p.carter@spambob.com,070 3724 6088,,yes,,,Premium
Luke,Harding,385,77 Stone St,CRASTER,NE66 6HY,luke.l.harding@mailinator.com,079 8013 5141,yes,,,,Standard
Samantha,Frost,386,99 Jedburgh Road,LETTERSHAWS,ML12 2CQ,samantha.d.frost@mailinator.com,077 3151 7869,,,yes,,Standard
Isaac,Austin,387,39 Winchester Rd,MERROW,GU1 0UO,isaac.c.austin@dodgit.com,079 2106 7429,yes,,,yes,Standard
William,James,388,27 Baldock Street,NEWTONMORE,PH20 8HN,william.a.james@spambob.com,070 4083 5079,,yes,,yes,Standard
Henry,Chan,390,13 Colorado Way,RICHMOND UPON THAMES,TW10 7SR,henry.r.chan@spambob.com,070 0879 7677,,yes,,yes,Standard
William,Nicholls,391,45 ttingham Rd,ABERCRYCHAN,SA20 9RZ,william.h.nicholls@trashymail.com,079 5425 8613,,,yes,,Standard
Toby,Vincent,392,51 Thompsons Lane,MEIKLE WARTLE,AB51 7ZU,toby.e.vincent@mailinator.com,079 5916 2837,,,yes,,Standard
Lydia,Storey,393,85 St Andrews Lane,DALE PARK,BN18 9GG,lydia.t.storey@pookmail.com,077 3815 0815,yes,,,,Standard
Aidan,Brooks,394,24 Asfordby Rd,ALDFIELD,HG4 8AM,aidan.e.brooks@pookmail.com,070 1317 8421,,yes,,yes,Standard
Harrison,Leonard,395,73 Front Street,KWL WALL,ST4 3LQ,harrison.l.leonard@dodgit.com,079 3853 2929,,yes,yes,,Standard
Tom,Shaw,396,36 Prestwick Road,INISTRYNICH,PA33 2DI,tom.g.shaw@pookmail.com,077 4854 5932,yes,yes,,,Standard
Anna,Conroy,397,44 Winchester Rd,MICHAELCHURCH,HR2 0UF,anna.t.conr@dodgit.com,079 1276 8030,,,,yes,Premium
Elear,Edwards,398,68 Preston Rd,MORFA GLAS,SA11 6NU,elear.n.edwards@spambob.com,079 8612 6560,,,yes,,Premium
Joshua,Cook,400,36 Hounslow Rd,SNITTERFIELD,CV37 0WB,joshua.e.cook@pookmail.com,070 6144 1550,,,,yes,Standard
Naomi,Matthews,404,90 Witney Way,KITWOOD,SO24 8FK,naomi.m.matthews@pookmail.com,079 2192 1434,,,,yes,Standard
Charlie,Pritchard,405,49 Stroud Rd,ODCOMBE,BA22 0HL,charlie.a.pritchard@trashymail.com,070 7445 1007,yes,,yes,,Standard
Lauren,Jarvis,407,86 Felix Lane,SHOTWICK,CH1 6ZY,lauren.l.jarvis@mailinator.com,079 7819 1574,,,,yes,Standard
Jude,Davidson,409,93 Buckingham Rd,THORNTON-LE-MOOR,DL7 4BT,jude.c.davidson@pookmail.com,077 3827 8269,,,yes,,Standard
Abby,O'Donnell,410,48 Stamford Road,APPLETREEHALL,TD9 1WN,abby.s.o'donnell@mailinator.com,079 2911 8671,,,,yes,Standard
Libby,West,412,67 Jesmond Rd,KILMALIEU,PH33 1ML,libby.a.west@dodgit.com,079 0628 6095,yes,,,,Premium
Peter,Bailey,413,62 Chapel Lane,ARMINGHALL,NR14 8QF,peter.e.bailey@mailinator.com,070 5557 3640,,,yes,,Premium
Cerys,White,414,72 Main Road,AUDLEY,ST7 7YD,cerys.j.white@mailinator.com,079 1368 8831,,,,yes,Standard
Madison,Warner,415,19 Fore St,TROUGHEND,NE19 5FB,madison.b.warner@mailinator.com,070 8694 2467,,,,yes,Standard
Matthew,Swift,416,38 Well Lane,PARKHILL,PH10 0YG,matthew.e.swift@trashymail.com,070 1942 8838,,,,yes,Standard
Amelie,Joyce,417,4 Annfield Rd,BEDBURN,DL13 0CN,amelie.n.joyce@mailinator.com,070 5010 1669,,,yes,,Standard
Kieran,Elliott,418,82 Telford Street,BANCKBURN,FK7 9AD,kieran.r.elliott@dodgit.com,078 2435 5342,,yes,yes,yes,Standard
Jacob,Kent,419,54 Lincoln Green Lane,CHOLSTREY,HR6 9TI,jacob.e.kent@mailinator.com,070 6662 1607,,,yes,,Standard
Samuel,Turner,420,43 Cefn Road,FARDEN,SY8 9GY,samuel.n.turner@dodgit.com,079 1320 5640,yes,,yes,,Premium
Alexander,Savage,421,15 Buckingham Rd,THORNHILL,CF83 4FX,alexander.h.savage@pookmail.com,079 4330 8200,,,,yes,Premium
Abbie,Day,422,65 rthgate Street,BETTWS EVAN,SA38 1YW,abbie.d.day@mailinator.com,077 1160 6538,,,,yes,Standard
Thomas,Willis,423,84 Thompsons Lane,MELLOR BROOK,BB2 4QW,thomas.m.willis@trashymail.com,078 1545 1436,,,yes,,Premium
Jonathan,Thomson,424,33 Hull Road,PALE,LL23 2SV,jonathan.z.thomson@pookmail.com,079 3696 1133,,,yes,,Premium
Freddie,Conlly,425,12 Walden Road,GREAT WRATTING,CB9 0UF,freddie.s.conlly@dodgit.com,078 2005 9069,,yes,,yes,Premium
William,Hughes,426,81 South Street,MONXTON,SP11 0ST,william.l.hughes@spambob.com,079 0339 4553,,,yes,,Premium
Phoebe,Hargreaves,427,73 Simone Weil Avenue,WELL END,SL8 4PZ,phoebe.d.hargreaves@dodgit.com,077 0823 4050,,,yes,,Premium
Tyler,Bradshaw,428,9 Long Street,MILE ELM,SN11 6EP,tyler.a.bradshaw@mailinator.com,070 4658 2650,,yes,,,Premium
Imogen,Lamb,429,48 Cloch Rd,ST HELIER,JE1 8RK,imogen.a.lamb@dodgit.com,079 1807 6631,,yes,,,Premium
Jasmine,Tyler,430,46 Neville Street,ICKLETON,CB10 6AF,jasmine.d.tyler@dodgit.com,079 5899 4560,yes,,,,Premium
Sarah,Vincent,431,27 Botley Road,MIDDLETON GREEN,ST10 7CZ,sarah.r.vincent@trashymail.com,078 5280 5525,,yes,,yes,Premium
Mohammed,Butcher,432,85 Withers Close,ALDONS,KA26 7PW,mohammed.m.butcher@trashymail.com,070 0941 0205,yes,yes,,,Premium
Ruby,Bond,433,69 Overton Circle,LITTLETON DREW,SN14 5QD,ruby.b.bond@mailinator.com,079 3203 2244,,,yes,,Standard
Aidan,Power,434,48 Baldock Street,NEWTON STACEY,SO20 8SB,aidan.o.power@dodgit.com,078 2690 2613,,,,yes,Standard
Tom,Bates,435,5 Coast Rd,KIRKBY,TS9 2TS,tom.a.bates@spambob.com,079 2711 0067,,,,,Standard
Alexander,Poole,436,21 Sandyhill Rd,FULLER STREET,CM3 9IR,alexander.a.poole@spambob.com,078 4503 6713,,,,yes,Standard
Nicole,Thompson,437,84 Simone Weil Avenue,WEELEY HEATH,CO16 0IL,nicole.s.thompson@trashymail.com,078 1738 0980,,yes,,,Standard
Declan,Gregory,439,56 Southlands Road,PONTLLYFNI,LL54 4ZM,declan.e.gregory@spambob.com,079 8047 1875,yes,,,,Standard
Ellie,Akhtar,441,93 rthgate Street,BIELBY,YO42 5CY,ellie.h.akhtar@dodgit.com,070 3817 0987,yes,,,,Standard
Archie,Davey,442,5 Bootham Crescent,RING'S END,PE13 4AN,archie.s.davey@pookmail.com,070 3577 0108,,,,yes,Standard
Daniel,Barber,443,39 South Crescent,LYDHAM,SY9 8NF,daniel.z.barber@trashymail.com,078 5093 4810,yes,,,,Standard
Harrison,Harrison,444,95 Park Place,CASTLE CARY,BA7 5HC,harrison.l.harrison@spambob.com,078 3673 4036,,yes,,,Standard
Lucas,Woodward,446,62 Ilchester Road,MUIE,IV28 1GD,lucas.c.woodward@spambob.com,078 1716 9162,,yes,,,Premium
Amber,Smith,448,44 Tadcaster Rd,PINXTON,NG16 6WW,amber.r.smith@pookmail.com,070 2146 3477,,,yes,,Standard
Corey,Chan,449,48 Wade Lane,SALTERFORTH,BB8 8VW,corey.j.chan@mailinator.com,070 2970 1012,,yes,,,Standard
Abigail,Bruce,450,72 Fulford Road,PENTRE GWYNFRYN,LL45 8DO,abigail.h.bruce@pookmail.com,078 5933 3430,,,yes,yes,Premium
Cameron,Stokes,451,63 Consett Rd,HILL DYKE,PE22 5VW,cameron.e.stokes@trashymail.com,070 0586 9342,yes,,,,Premium
Maya,Rowley,452,24 Malcolm Rd,LLANFENDIGAID,LL36 3CO,maya.s.rowley@pookmail.com,079 3347 6748,,yes,yes,,Standard
Brandon,Atkins,454,48 Folkestone Road,WINFARTHING,IP22 9FX,brandon.s.atkins@pookmail.com,070 4307 9878,,yes,,,Premium
Harley,Bruce,455,97 Petworth Rd,EAGLESFIELD,CA13 5NS,harley.a.bruce@dodgit.com,079 2326 3366,,,yes,,Premium
Madeleine,Conrad,456,74 Broad Street,LOWER WIELD,SO24 7JD,madeleine.a.conr@dodgit.com,078 5045 4256,,,yes,yes,Standard
Josh,Reeves,457,67 Cambridge Road,REITHANSTON,S31 7CG,josh.j.reeves@dodgit.com,070 3507 6899,,yes,,,Premium
Michael,Fry,458,20 Fore St,TRIMDON GRANGE,TS29 9WW,michael.a.fry@dodgit.com,077 8616 3012,yes,,,,Standard
Kate,Ryan,459,27 Felix Lane,SHOTTISHAM,IP12 7VY,kate.s.ryan@trashymail.com,078 5912 2852,,yes,,,Standard
Naomi,Bray,460,39 Stroud Rd,OLD BUCKENHAM,NR17 3XF,naomi.s.bray@mailinator.com,077 7261 0703,,yes,,,Standard
Keira,Foster,461,85 Folkestone Road,WINCHAM,CW9 4SX,keira.t.foster@mailinator.com,079 8712 3959,,yes,,,Premium
Abbie,Collins,462,13 rth Promenade,DOUGLASTOWN,DD8 8CJ,abbie.r.collins@dodgit.com,079 7091 5972,,yes,,yes,Premium
Archie,Duncan,463,34 St Denys Road,PORTOBELLO,EH15 0DJ,archie.k.duncan@dodgit.com,078 2967 7780,yes,,,,Standard
Phoebe,Kent,464,24 Prospect Hill,DRE-FACH,SA40 0CM,phoebe.j.kent@trashymail.com,070 4166 8722,,,,yes,Premium
Gabriel,Murray,465,3 Kingsway rth,HOLDEN,BB7 3AG,gabriel.r.murray@trashymail.com,077 2774 9901,,,,yes,Premium
Matthew,Osborne,466,28 Earls Avenue,WHITMINSTER,GL2 5SZ,matthew.v.osborne@dodgit.com,078 6521 1429,,,,yes,Standard
Kiera,Herbert,467,51 Roker Terrace,LANGRICK,PE22 8DZ,kiera.b.herbert@trashymail.com,078 5178 2855,yes,,yes,,Standard
Conr,Dean,468,23 Hendford Hill,MOULTON,NN3 9BC,conr.k.dean@dodgit.com,078 2248 3787,,,,yes,Standard
Nathan,Rees,469,12 Canterbury Road,VIEWPARK,G71 8XB,nathan.m.rees@trashymail.com,079 7146 9129,,yes,yes,,Standard
Alisha,Newman,470,79 Greyfriars Road,CAPEL DEWI,SA44 6UO,alisha.e.newman@pookmail.com,070 4194 9176,,yes,,,Standard
Maya,Fox,472,70 Jubilee Drive,CASTLESIDE,DH8 2KA,maya.s.fox@trashymail.com,079 8060 1185,,,yes,,Standard
Leo,Fox,473,53 Front St,HENLEY,TA10 9HU,leo.m.fox@spambob.com,078 2042 9138,,,yes,,Standard
Aidan,Craig,474,46 Ramsgate Rd,WILLISHAM,IP8 1QM,aidan.r.craig@spambob.com,079 2574 3700,,yes,,,Standard
Sienna,Field,476,11 Hindhead Road,EAST BUDLEIGH,EX9 7UX,sienna.k.field@spambob.com,077 4081 4152,yes,yes,,,Premium
Georgina,McDonald,477,65 Wartnaby Road,ADEL,LS16 2FL,georgina.j.mcdonald@dodgit.com,078 1535 8973,,,,yes,Standard
Sophia,Howarth,478,45 Botley Road,MIDDLE TYSOE,CV35 8BF,sophia.l.howarth@spambob.com,078 1235 8596,,,,yes,Standard
Tom,Atkins,480,98 Roman Rd,LEIGH,SY5 4LW,tom.l.atkins@trashymail.com,079 7871 0349,,,,yes,Standard
Niamh,Ross,481,10 Consett Rd,HILLOWTON,DG7 4AI,niamh.m.ross@trashymail.com,077 7086 4550,yes,,yes,yes,Standard
Olivia,Pratt,483,94 Bishopgate Street,SEAFIELD,KA7 9BF,olivia.b.pratt@spambob.com,078 4524 2183,,,,yes,Premium
Leo,Akhtar,484,13 Rhosddu Rd,FIFE KEITH,AB55 1IZ,leo.b.akhtar@trashymail.com,079 6844 3311,,yes,,yes,Standard
Millie,Shah,485,51 Glandovey Terrace,TRENT PARK,EN4 1WA,millie.h.shah@pookmail.com,078 3872 9580,,,yes,yes,Standard
Elise,Poole,487,67 George Street,BROUBSTER,KW14 2QW,elise.f.poole@trashymail.com,079 8110 3915,,yes,yes,yes,Standard
Joel,Rose,489,9 Cloch Rd,ST MARTIN,TR12 4HT,joel.e.rose@mailinator.com,077 0180 9791,,,yes,,Standard
Summer,Walker,490,52 Constitution St,GLAN CONWY,LL28 0NG,summer.g.walker@pookmail.com,079 2439 4734,,yes,,,Standard
Madeleine,Bevan,492,2 High Street,ASHILL,IP25 5HK,madeleine.j.bevan@dodgit.com,079 7765 3374,yes,,,yes,Standard
Andrew,Griffiths,493,1 Shire Oak Road,SAWLEY,BB7 4EX,andrew.e.griffiths@spambob.com,070 5309 8579,,,,yes,Standard
Scarlett,Coles,494,47 Clasper Way,HICKLING GREEN,NR12 6IZ,scarlett.e.coles@trashymail.com,070 1089 3878,yes,,,yes,Premium
Lewis,Scott,495,23 Jedburgh Road,LETTERS,IV23 5BP,lewis.l.scott@mailinator.com,077 6851 3180,,yes,,yes,Standard
Ruby,Fuller,496,77 Tadcaster Rd,PIPEWELL,NN14 3RX,ruby.b.fuller@pookmail.com,070 3307 0974,,yes,,,Standard
Jonathan,Clayton,497,19 Eastbourne Rd,COLDHARBOUR,RH5 7GJ,jonathan.c.clayton@spambob.com,079 7556 7910,,,yes,,Premium
Georgia,Dobson,498,50 Traill Street,ROSTON,DE6 9KP,georgia.b.dobson@spambob.com,078 3653 1533,,yes,,,Standard
Oscar,Giles,499,51 Gordon Terrace,BAUGH,PA77 8CE,oscar.a.giles@trashymail.com,070 2085 5076,yes,,yes,,Standard
Finley,Duffy,500,92 Cunnery Rd,MALDON,CM9 6TA,finley.l.duffy@dodgit.com,079 0566 0811,yes,yes,,,Premium
Charlie,Stevens,501,18 Caxton Place,BUSHBURY,WV10 9WQ,charlie.m.stevens@mailinator.com,078 5229 5709,,,yes,,Premium
Melissa,Daly,502,72 Fore St,TROUSTAN,PA22 3XG,melissa.s.daly@dodgit.com,070 1371 3577,yes,yes,,,Premium
Jay,Sinclair,503,35 Boat Lane,RELUBBUS,TR20 8WT,jay.i.sinclair@mailinator.com,077 8831 2811,yes,yes,,,Premium
Lewis,Marshall,504,52 Felix Lane,SIBSEY,PE22 5AI,lewis.b.marshall@mailinator.com,077 8093 6968,yes,,,,Standard
Erin,Ferguson,505,21 Holburn Lane,HEIGHTS OF BRAE,IV14 8RR,erin.k.ferguson@dodgit.com,079 6625 3103,,,,yes,Premium
Natasha,Summers,506,42 Union Terrace,LOCHEND,IV3 1EL,natasha.h.summers@trashymail.com,079 6298 0390,,yes,,,Standard
Elise,Fowler,507,20 Southern Way,RATHDAWN,KW17 0MU,elise.n.fowler@pookmail.com,079 5471 8260,yes,,,yes,Standard
Eva,Martin,508,2 Hindhead Road,EAST CLANDON,GU4 7UJ,eva.k.martin@mailinator.com,079 0672 1269,,,yes,,Standard
Harvey,Turner,509,27 Hertingfordbury Rd,NEWGORD,ZE2 1PF,harvey.e.turner@trashymail.com,079 2664 4468,,yes,,,Standard
Natasha,Johnson,511,90 South Crescent,LYNE OF SKENE,AB32 3VR,natasha.s.johnson@pookmail.com,079 3771 7031,,yes,,yes,Standard
Sebastian,Perkins,512,26 Golf Road,SWAFFHAM,PE37 7OH,sebastian.r.perkins@spambob.com,077 3284 7494,,yes,,,Standard
Madison,Middleton,513,31 Bouverie Road,WETWANG,YO25 4XU,madison.l.middleton@dodgit.com,079 2303 4490,,yes,,,Standard
Tegan,Holland,515,59 Osborne Road,KILTON,TA5 0RQ,tegan.r.holland@mailinator.com,077 2979 0696,,,,yes,Standard
Summer,Bryant,516,69 Petworth Rd,DUTHIL,PH23 9FU,summer.b.bryant@dodgit.com,078 0310 4726,yes,,,yes,Premium
Harley,Newton,517,2 Golf Road,SUTTON-IN-CRAVEN,BD20 6EV,harley.m.newton@mailinator.com,079 3821 1458,,yes,,,Standard
Aaliyah,Ferguson,518,16 York Road,OVERTON,LL13 0FW,aaliyah.a.ferguson@trashymail.com,070 8623 8584,yes,yes,,,Premium
Alexandra,Thornton,519,30 Petworth Rd,DYFFRYN CEIDRYCH,SA19 9KP,alexandra.b.thornton@spambob.com,078 5436 1731,,yes,,,Standard
Andrew,Wilson,520,75 Hart Road,NORTHOLT,UB5 6DB,andrew.l.wilson@pookmail.com,077 7508 0523,,,,yes,Premium
Peter,Mitchell,521,13 Scarcroft Road,PORTHMEOR,TR20 4OG,peter.j.mitchell@trashymail.com,077 6581 2603,yes,,yes,,Standard
Harriet,Lees,523,22 Park Terrace,GILSTON,EH38 0ZV,harriet.j.lees@trashymail.com,077 4012 7706,yes,,,,Premium
Joe,Doyle,527,43 Ploughley Rd,TOFT HILL,DL14 7OI,joe.n.doyle@spambob.com,079 8549 1296,,yes,,,Premium
Mohammad,Metcalfe,529,86 Thirsk Road,BLAIRYDRYNE,AB31 6RH,mohammad.c.metcalfe@trashymail.com,077 8629 1632,,,,yes,Premium
Henry,Barlow,530,95 Seafield Place,FORSBROOK,ST11 2RA,henry.i.barlow@dodgit.com,077 8438 8863,,,,yes,Standard
Tia,Kelly,531,60 Petworth Rd,EAGLESHAM,G76 8PO,tia.s.kelly@pookmail.com,079 5719 9921,,,yes,yes,Standard
Mollie,Simmons,532,85 Fraserburgh Rd,LIDLINGTON,MK43 2AB,mollie.m.simmons@spambob.com,078 6109 5010,,,,yes,Standard
Rhys,Higgins,533,97 Roman Rd,LEDICOT,HR6 3EK,rhys.a.higgins@mailinator.com,077 8466 8374,yes,,,yes,Standard
Daniel,Baker,536,2 Stamford Road,ARDANSTUR,PA34 6CW,daniel.a.baker@trashymail.com,077 8721 9509,,,,yes,Standard
Alfie,Stanley,537,37 Withers Close,ALMINGTON,TF9 7QB,alfie.k.stanley@trashymail.com,070 5155 8557,,yes,,yes,Premium
Brooke,Allan,539,16 Fordham Rd,HAIGHTON GREEN,PR2 1VQ,brooke.e.allan@dodgit.com,079 2035 6485,,,,yes,Standard
Tom,Kent,540,94 Annfield Rd,BEARCK,IV3 5YO,tom.j.kent@pookmail.com,077 8378 8717,,,yes,yes,Premium
Dominic,Doyle,541,21 Peachfield Road,CEFNEITHIN,SA14 7AC,dominic.f.doyle@dodgit.com,077 0913 0328,,yes,yes,,Standard
Demi,Byrne,542,46 Ross Road,MARTIN,SP6 3XY,demi.b.byrne@trashymail.com,078 6362 9104,,yes,,,Standard
Patrick,Walters,545,36 Iffley Road,BRIZERTON,OX18 4QM,patrick.e.walters@pookmail.com,077 5724 6673,,,,yes,Standard
Nicole,Sinclair,547,45 Boroughbridge Road,BIRKWOOD,ML11 8ZK,nicole.i.sinclair@pookmail.com,070 3778 1575,,yes,,,Premium
Jodie,Brooks,548,89 Buckingham Rd,THORNYLEE,TD1 6JE,jodie.i.brooks@mailinator.com,070 0900 2053,yes,,yes,,Premium
Lilly,Bull,549,75 Monks Way,TORRISDALE,KW14 7YQ,lilly.f.bull@dodgit.com,070 6429 5471,yes,yes,,,Premium
Liam,Cooper,550,16 Golf Road,SUTTON-UNDER-BRAILES,CV36 3OL,liam.k.conr@trashymail.com,079 7597 2763,,,,yes,Premium
Eve,Watson,551,13 Graham Road,CHERITON CROSS,EX6 7GL,eve.r.watson@dodgit.com,079 8065 1875,,yes,,yes,Premium
Aimee,Sykes,552,86 Temple Way,WITHAM ON THE HILL,PE10 9TQ,aimee.j.sykes@trashymail.com,079 5472 2088,,yes,,,Standard
Katherine,Slater,553,36 Shire Oak Road,SCALASAIG,PA61 9II,katherine.d.slater@mailinator.com,070 4872 4521,,yes,,,Premium
Bailey,Alexander,554,55 Main St,ABYFORD,LN13 3ET,bailey.m.alexander@mailinator.com,078 0630 8993,,yes,,,Standard
Reece,Nicholls,555,9 Sea Road,LAMBFELL MOAR,IM4 0IO,reece.e.nicholls@trashymail.com,070 1941 3267,,,,yes,Premium
Zachary,George,556,93 Colorado Way,RICCARTON,KA1 1XD,zachary.l.george@spambob.com,070 2138 3657,,,yes,,Premium
Ryan,Scott,557,86 Hounslow Rd,SNARFORD,LN8 2JH,ryan.t.scott@pookmail.com,078 8763 3606,,yes,,,Standard
Paige,Barton,558,60 Holburn Lane,HEBDEN GREEN,CW7 5ZM,paige.j.barton@dodgit.com,077 8252 3109,,yes,,,Standard
Isobel,Burgess,559,76 Layburn Court,TOWN STREET,IP27 4JJ,isobel.t.burgess@pookmail.com,078 8290 6832,,yes,,,Premium
Georgia,Bentley,560,84 Russell Rd,SHIPTON,GL54 8OV,georgia.r.bentley@mailinator.com,078 0555 8219,,yes,,,Premium
Kiera,Connor,561,19 Well Lane,PEARSIE,DD8 7RB,kiera.d.conr@mailinator.com,078 1449 0841,,,yes,,Standard
Kai,Wong,562,43 Henley Road,BOWSDEN,TD15 7KR,kai.k.wong@spambob.com,070 1448 1080,,,yes,,Standard
Matilda,Chadwick,563,5 Shire Oak Road,SCOTSTON,AB30 2RB,matilda.t.chadwick@pookmail.com,077 3727 7353,yes,,,yes,Premium
Chelsea,Black,564,82 Hart Road,RUTHEND,CV33 4FN,chelsea.d.black@dodgit.com,079 2902 0526,,yes,,yes,Standard
Benjamin,Hardy,565,73 Seaford Road,CUMMERSDALE,CA2 6ZM,benjamin.l.hardy@pookmail.com,078 2519 2790,yes,,,yes,Standard
Louie,Fraser,566,78 Ross Road,MERKSTEY,CO6 9JD,louie.l.fraser@spambob.com,077 0017 0636,yes,,,,Premium
Jake,Powell,567,33 Hindhead Road,EARLISH,IV51 5KW,jake.h.powell@trashymail.com,079 2904 2857,yes,,,yes,Standard
Nicole,French,569,45 Bath Rd,WOLFHAMPCOTE,CV23 3AW,nicole.m.french@trashymail.com,070 1574 4878,,,,yes,Premium
Charlotte,Blake,570,89 Spilman Street,GRAMSDAL,HS7 6VL,charlotte.m.blake@mailinator.com,078 6294 3435,,,,yes,Standard
Chloe,Williamson,571,52 Foregate Street,CLYNDERWEN,SA66 0QG,chloe.j.williamson@trashymail.com,078 8927 1480,yes,,,,Premium
Mohammed,McDonald,572,95 Earls Avenue,WHITECHURCH,SA41 6GO,mohammed.c.mcdonald@dodgit.com,077 4728 4510,,,,yes,Standard
Sebastian,Bartlett,573,18 Tadcaster Rd,PILLATON,PL12 8NN,sebastian.a.bartlett@pookmail.com,078 8860 9105,,yes,yes,,Standard
Naomi,Murphy,574,32 Neville Street,IFIELD,RH11 8BA,naomi.m.murphy@mailinator.com,070 6917 1302,,yes,,,Premium
Leon,Clark,575,8 Ponteland Rd,HUCCLECOTE,GL3 3TZ,leon.t.clark@mailinator.com,078 8787 2387,,,,yes,Premium
Lucy,Cooke,576,88 Roman Rd,LEE,EX34 4GP,lucy.a.cooke@spambob.com,079 8435 1067,,yes,,yes,Premium
Sean,Pugh,577,45 Foregate Street,COED-Y-PAEN,NP4 5UY,sean.a.pugh@spambob.com,079 3908 7067,,,,yes,Premium
Reece,Barnes,578,68 Newgate Street,JOHNSHAVEN,DD10 6FS,reece.l.barnes@spambob.com,078 5553 0309,,yes,,yes,Standard
Tilly,Hall,579,35 St Omers Road,HIXON,ST18 0LW,tilly.e.hall@mailinator.com,079 3329 3132,yes,,,yes,Standard
Summer,Johnston,580,47 Fulford Road,PENTEWAN,PL26 8DG,summer.h.johnston@pookmail.com,079 3688 8546,,,,yes,Standard
Reece,Peacock,581,18 South Crescent,LYMINSTER,BN17 1KL,reece.m.peacock@spambob.com,077 8038 5420,,,yes,yes,Premium
Jacob,O'Brien,582,8 Iffley Road,BROADBRIDGE,PO18 0BQ,jacob.t.o'brien@pookmail.com,077 3329 7632,,yes,,,Standard
Victoria,Jarvis,583,68 High St,THURLBEAR,TA3 0CN,victoria.m.jarvis@dodgit.com,077 1876 3067,,,,yes,Premium
Zoe,Howarth,586,52 Farburn Terrace,LITTLE LONDON,PE12 5IV,zoe.c.howarth@mailinator.com,078 6785 1797,yes,,yes,,Standard
Logan,Hutchinson,587,13 Circle Way,CAIRRRIE,AB41 0ZD,logan.k.hutchinson@trashymail.com,077 1214 4615,,yes,,,Standard
Ava,Cooke,588,48 Great rth Road,ANDERBY,PE24 8QM,ava.t.cooke@dodgit.com,079 2525 1993,yes,,,,Premium
Elizabeth,Townsend,589,36 Overton Circle,LITTLEBOROUGH,OL15 1LT,elizabeth.k.townsend@dodgit.com,079 6903 1411,,,,yes,Premium
Gracie,Morris,590,12 Seafield Street,LLYSFAEN,LL29 2SR,gracie.c.morris@pookmail.com,079 8298 1326,,yes,,,Standard
Mohammed,Miller,591,23 Boat Lane,REYNALTON,SA68 9BR,mohammed.a.miller@dodgit.com,077 3177 5770,,,yes,,Standard
Rachel,Parkinson,592,50 Lincoln Green Lane,CHURCHILL,DY10 1TE,rachel.j.parkinson@mailinator.com,078 5252 5975,,,,yes,Premium
Freddie,Vincent,593,67 Broad Street,LOWNIE MOOR,DD8 2NR,freddie.d.vincent@pookmail.com,079 8528 1891,,,,yes,Standard
Cameron,Tucker,594,30 Scrimshire Lane,ASTON,SY8 3OU,cameron.l.tucker@mailinator.com,070 5159 9731,,yes,,,Standard
Niamh,Holland,595,29 Ballifeary Road,BALNAHARD,PA61 7NS,niamh.a.holland@trashymail.com,077 4405 6335,yes,,,yes,Standard
Sophia,Parkes,598,90 Brackley Road,TILLYBIRLOCH,AB51 3AS,sophia.l.parkes@trashymail.com,078 3911 6455,,yes,,yes,Standard
Corey,Joyce,600,29 Eastbourne Rd,COLD ASHTON,SN14 3HO,corey.h.joyce@spambob.com,079 1817 0220,,,,yes,Standard
Lara,Summers,602,48 Walden Road,GRENDON GREEN,HR6 3LD,lara.j.summers@dodgit.com,079 7543 6409,yes,,yes,,Premium
Matthew,Long,603,68 Coast Rd,KIRKTON,KW13 9TL,matthew.h.long@trashymail.com,079 4516 4353,yes,,yes,,Premium
Taylor,O'Connor,604,90 Sutton Wick Lane,BRIDGEND,PA31 7GS,taylor.e.o'conr@trashymail.com,078 5746 8870,,,,yes,Standard
Joel,Wilkinson,605,10 Helland Bridge,UP HOLLAND,WN8 9PI,joel.s.wilkinson@dodgit.com,077 4320 2945,,,yes,,Standard
Joshua,Pugh,606,97 Nith Street,GLAN-YR-AFON,LL21 7TT,joshua.m.pugh@trashymail.com,077 6230 6891,,yes,,,Standard
Jayden,Martin,608,48 Scarcroft Road,POPHAM,SO21 9PD,jayden.l.martin@spambob.com,079 7688 6166,,,,yes,Standard
Finley,Osborne,610,52 Hounslow Rd,SNETTISHAM,PE31 2CL,finley.c.osborne@mailinator.com,077 5031 5462,yes,,,,Standard
Scott,Higgins,612,12 Main Road,AUCHENRIVOCK,DG14 2MG,scott.k.higgins@trashymail.com,078 7300 1213,,yes,,,Standard
Lydia,Johnston,613,4 Dunmow Road,GRINDLEY,ST14 8NP,lydia.k.johnston@pookmail.com,079 8203 3727,,yes,,,Standard
Jodie,Marsden,614,69 Iolaire Road,NEW FERRY,L62 4DJ,jodie.r.marsden@trashymail.com,079 6634 7447,,yes,,,Standard
Louise,Holmes,616,32 Warren St,WEST BYFLEET,KT14 6MS,louise.i.holmes@pookmail.com,077 7876 0985,yes,,,yes,Standard
Courtney,Martin,618,61 Freezeland Lane,COXWOLD,YO61 6AW,courtney.i.martin@dodgit.com,079 6696 1705,,,yes,,Premium
Harriet,Parkes,619,16 Ivy Lane,WARENTON,NE70 1WT,harriet.s.parkes@mailinator.com,070 8761 9453,,,,yes,Standard
Peter,Griffin,621,39 Osborne Road,KILVINGTON,NG13 7ZG,peter.a.griffin@pookmail.com,070 8376 6092,,yes,,yes,Premium
Declan,Jarvis,622,9 Exning Road,HANLITH,BD23 8LZ,declan.f.jarvis@spambob.com,078 4980 2276,,yes,,,Standard
Declan,Vaughan,623,87 Ploughley Rd,TINTERN PARVA,NP6 8HW,declan.i.vaughan@mailinator.com,079 5599 9534,,,yes,,Standard
Rosie,Webster,624,56 Consett Rd,HILLEND,KY11 4FP,rosie.r.webster@trashymail.com,079 6883 2030,,,yes,yes,Premium
Bradley,Davis,625,3 Bouverie Road,WESTONBIRT,GL8 5RH,bradley.a.davis@trashymail.com,078 0448 0361,,,yes,,Standard
Ellis,Alexander,626,94 Abbey Row,RAWICH,NR2 8MH,ellis.s.alexander@mailinator.com,078 8438 8944,yes,yes,,yes,Premium
Jennifer,Richardson,627,3 Newgate Street,KEAL COTES,PE23 7KE,jennifer.c.richardson@trashymail.com,078 2494 8495,,yes,,,Premium
Scarlett,Khan,628,42 Iolaire Road,NEW ADDINGTON,CR0 5MF,scarlett.l.khan@spambob.com,077 7085 1113,,,,yes,Premium
Aimee,Fitzgerald,629,20 Newgate Street,KEELE,ST5 2KB,aimee.n.fitzgerald@pookmail.com,078 3242 9321,yes,,,,Premium
Rhys,Steele,631,57 Witney Way,KIRKTON OF STRATHMARTINE,DD3 7VZ,rhys.s.steele@spambob.com,078 6126 7662,yes,,,,Premium
Lucy,Welch,633,48 Abbey Row,NORTON ST PHILIP,BA3 9SP,lucy.l.welch@mailinator.com,077 3589 3848,,yes,,,Standard
Josh,O'Brien,634,86 Whatlington Road,COVE BAY,AB1 1MN,josh.i.o'brien@pookmail.com,079 4580 9630,,,,yes,Standard
Zara,Watts,635,77 Lammas Street,GRAYINGHAM,DN21 3TY,zara.e.watts@trashymail.com,079 4574 0054,yes,,,,Standard
Kate,Owen,636,65 Holburn Lane,HELSBY,WA6 6OD,kate.j.owen@spambob.com,077 6887 6088,yes,yes,,yes,Standard
Nathan,Hilton,637,14 Boroughbridge Road,BIRMINGHAM,B2 4YZ,nathan.e.hilton@mailinator.com,079 2819 5636,,yes,,,Standard
Emma,Clarke,638,48 Sea Road,LANE END,LA19 4VM,emma.a.clarke@mailinator.com,079 6987 5437,yes,yes,,,Standard
Lauren,Williams,640,56 Rowland Rd,ORLETON,WR6 8FW,lauren.l.williams@trashymail.com,079 8325 0297,,yes,,yes,Premium
Erin,James,641,7 Abingdon Road,BRAMDEAN,SO24 1MK,erin.a.james@spambob.com,070 0162 6279,,,,yes,Standard
Harvey,Parkinson,642,21 Wrexham Road,FEERING,CO5 6RR,harvey.a.parkinson@dodgit.com,077 1225 1170,,yes,,,Standard
Naomi,Bradley,643,90 Middlewich Road,FIRBANK,LA10 4SN,naomi.b.bradley@spambob.com,077 6496 0902,,,,yes,Standard
Madeleine,Bolton,644,93 Cambridge Road,MANSLAND,EX16 6HJ,madeleine.k.bolton@mailinator.com,070 5248 1732,,,yes,,Standard
Lauren,Bryan,645,96 Sloe Lane,CRUCHIE,AB54 0RF,lauren.w.bryan@dodgit.com,070 5332 8264,,,,yes,Standard
Andrew,Lamb,646,49 Huntly Street,BARSBY,LE7 6LV,andrew.g.lamb@trashymail.com,078 3780 5961,,,yes,yes,Premium
Bailey,McDonald,648,7 Caerfai Bay Road,THE BIRKS,AB32 0ZX,bailey.m.mcdonald@mailinator.com,070 4030 6381,,,yes,,Standard
Amber,Thorpe,650,96 St Omers Road,HOLBROOK,DE56 9VV,amber.s.thorpe@trashymail.com,078 2705 7067,yes,,,yes,Standard
Max,Rogers,651,6 Sea Road,LAMYATT,BA4 9BV,max.a.rogers@trashymail.com,077 3172 9521,,yes,,,Standard
Alicia,Wilson,652,68 rth Road,NETHERWOOD,KA18 7AA,alicia.r.wilson@spambob.com,070 3144 6891,,yes,,,Standard
Sienna,Barton,653,40 Boughton Rd,WHITSOME,TD11 8PJ,sienna.m.barton@spambob.com,077 0370 0000,,,yes,yes,Standard
Poppy,Page,655,79 Broomfield Place,STOULTON,WR7 4AE,poppy.w.page@dodgit.com,078 8264 0344,,,yes,,Premium
Rebecca,Howells,656,45 Ramsgate Rd,WILLIAN,SG6 3BR,rebecca.m.howells@spambob.com,077 1286 4980,,yes,,yes,Premium
Callum,Kirby,657,79 Wood Lane,BAINSHOLE,AB54 6DX,callum.p.kirby@pookmail.com,078 5181 9445,,,,yes,Standard
William,Naylor,658,49 Guildry Street,GAMSTON,NG2 0KP,william.e.naylor@trashymail.com,077 7449 5498,,,,yes,Standard
Danielle,Robertson,659,79 Bootham Terrace,REDFORD,DD11 7HH,danielle.n.robertson@mailinator.com,070 4244 6766,,yes,,,Standard
Eve,Hooper,660,74 Oxford Rd,WORSTEAD,NR28 5ZU,eve.t.hooper@mailinator.com,079 2315 6309,,,,yes,Standard
Sarah,Byrne,662,59 Duckpit Lane,UPPERMILL,OL3 7UZ,sarah.h.byrne@pookmail.com,078 7058 1375,yes,,,,Premium
Ethan,Cole,663,10 Prospect Hill,DRAKES CROSS,B47 3WN,ethan.a.cole@pookmail.com,070 2690 4962,,yes,,yes,Premium
Robert,Able,664,4 Front Street,KNYPERSLEY,ST8 2ZC,robert.m.able@spambob.com,078 7072 5844,,yes,,,Standard
Mohammad,Flynn,669,6 Essex Rd,TASTON,OX7 4XH,mohammad.n.flynn@trashymail.com,078 3920 8178,yes,yes,,,Premium
Emily,Conlly,671,26 Winchester Rd,MICKLEHAM,RH5 1HR,emily.j.conlly@pookmail.com,079 7944 6623,,,,yes,Standard
Jonathan,Naylor,672,81 Coast Rd,KIRKBY UNDERWOOD,PE10 8CT,jonathan.c.naylor@dodgit.com,077 5567 6839,,,yes,,Standard
William,Holden,673,20 High St,THORPE ST ANDREW,NR7 2JR,william.l.holden@pookmail.com,078 6441 5451,yes,,yes,,Premium
Christopher,Stevenson,674,55 Park Avenue,LEADEN RODING,CM6 3XN,christopher.l.stevenson@spambob.com,079 5472 3008,,yes,,yes,Premium
Nicole,Mellor,675,45 Botley Road,MIDDLEWOOD GREEN,IP14 9DD,nicole.h.mellor@trashymail.com,070 3691 9400,,,yes,yes,Standard
Morgan,Potts,676,15 Emerson Road,KIRKBRIDE,CA5 7BU,morgan.m.potts@trashymail.com,070 2794 9476,,yes,,,Standard
Isaac,Clarke,677,90 Newmarket Road,HAXTED,TN8 5VO,isaac.l.clarke@trashymail.com,078 7279 7861,,,,yes,Premium
Noah,Thompson,678,12 Clasper Way,HEVER,TN8 1JW,noah.d.thompson@spambob.com,079 5056 8861,,,yes,,Standard
Kai,Reylds,682,41 Castledore Road,TUTNALL,B60 1HJ,kai.h.reylds@trashymail.com,070 7967 3763,yes,,,,Premium
Liam,Thornton,683,83 Hull Road,PADDOCKHOLE,DG11 6HY,liam.m.thornton@dodgit.com,078 5986 1177,,yes,,,Standard
Isabelle,Perry,684,16 Gloddaeth Street,BILLINGBOROUGH,NG34 3LV,isabelle.d.perry@pookmail.com,078 5849 8759,yes,,yes,yes,Premium
Declan,Ingram,686,98 Guild Street,LONDON,SE17 8QX,declan.h.ingram@trashymail.com,077 7305 0104,,yes,yes,,Premium
Henry,Lloyd,687,25 Scotsburn Rd,TALYBONT,SY24 2AA,henry.d.lloyd@trashymail.com,070 7412 7628,,,yes,,Standard
Tom,Ryan,688,77 Colorado Way,RHOSSILI,SA3 2YI,tom.s.ryan@spambob.com,078 5828 7133,,,yes,,Standard
Dominic,Clarke,689,63 rth Road,NETHER HEADON,DN22 2GN,dominic.h.clarke@pookmail.com,070 1799 7054,,,yes,yes,Premium
Jake,Baker,690,95 Peachfield Road,CHALE,PO38 0QH,jake.k.baker@dodgit.com,070 1181 4720,yes,,,yes,Premium
Amy,Duffy,692,63 Henley Road,BOWNESS-ON-SOLWAY,CA5 8WJ,amy.s.duffy@dodgit.com,079 3478 6256,,yes,,,Standard
Corey,Price,693,20 Horsefair Green,OLD SWARLAND,NE65 8DV,corey.s.price@trashymail.com,077 1600 9844,,,,yes,Standard
Jude,Francis,694,20 Kent Street,CROSS HILLS,BD20 7HG,jude.a.francis@spambob.com,077 5896 1563,,,yes,,Premium
Eva,Sims,695,56 Cefn Road,FARLEIGH WALLOP,RG25 3NH,eva.k.sims@dodgit.com,070 1575 7410,,yes,,,Premium
Emily,Peacock,696,31 Seafield Street,LLANYBRI,SA33 4EM,emily.j.peacock@dodgit.com,070 8858 7824,,,,yes,Standard
Kate,Wyatt,697,58 Freezeland Lane,CRAGGIE,KW8 4IT,kate.p.wyatt@mailinator.com,077 0693 1362,,,,yes,Standard
Emma,Hughes,698,74 Rhosddu Rd,FFAIR-RHOS,SY25 8HR,emma.m.hughes@pookmail.com,077 1253 1185,,,,yes,Standard
Matthew,Middleton,699,91 Fox Lane,BOGHEAD,KA18 1UH,matthew.m.middleton@dodgit.com,077 8197 8488,,yes,,,Standard
Samuel,Robson,700,55 Caradon Hill,TYLWCH,LD6 4NI,samuel.l.robson@trashymail.com,070 0768 2109,,,yes,yes,Standard
Olivia,Peacock,701,53 Guildry Street,GAMBLESBY,CA10 8ER,olivia.c.peacock@spambob.com,077 5776 2521,,yes,,,Standard
Jonathan,Page,704,31 Cunnery Rd,MALVERN WELLS,WR14 0KD,jonathan.k.page@pookmail.com,077 3823 7832,,yes,,yes,Premium
Ellie,Wilson,705,10 Caerfai Bay Road,TEWKESBURY,GL20 3SX,ellie.b.wilson@mailinator.com,070 6407 1498,,,,yes,Standard
Lewis,Hayward,706,15 Scrimshire Lane,ASTON,S30 0HW,lewis.j.hayward@mailinator.com,078 0917 5132,,yes,,,Standard
Paige,Carr,707,93 Wern Ddu Lane,LURGASHALL,GU28 4OO,paige.d.carr@dodgit.com,077 3780 8631,,yes,yes,,Standard
Lara,Hawkins,708,66 Uxbridge Road,SLIGACHAN,IV47 6HH,lara.c.hawkins@trashymail.com,070 7054 6325,,,yes,,Premium
Scarlett,Marshall,709,99 Dunmow Road,GRISHIPOLL,PA78 7ZC,scarlett.l.marshall@pookmail.com,078 0198 8036,yes,yes,,,Standard
Owen,Webster,710,37 Chapel Lane,ARNGIBBON,FK8 9YE,owen.e.webster@trashymail.com,077 0121 0169,,yes,yes,,Standard
Isabelle,King,711,37 Fraserburgh Rd,LINCOLN,LN2 7RH,isabelle.k.king@pookmail.com,077 0442 9135,,yes,,,Standard
Holly,Johnson,712,54 Redcliffe Way,WOOLLEY,PE18 6HN,holly.l.johnson@dodgit.com,077 8929 8855,,,,yes,Standard
Corey,Cooper,715,90 Asfordby Rd,AIRIGH-DRISHAIG,IV54 8UN,corey.e.cooper@spambob.com,070 6150 3381,,yes,yes,,Standard
Aaron,Garner,716,18 George Street,BRUISYARD STREET,IP13 5IJ,aaron.p.garner@pookmail.com,079 3023 0972,,yes,,,Standard
Nathan,Farrell,717,69 Circle Way,CADELEIGH,EX16 3VY,nathan.e.farrell@spambob.com,078 4947 6449,yes,,yes,,Premium
Finley,Russell,718,34 Worthy Lane,MARYPORT,DG9 9NH,finley.l.russell@spambob.com,078 1433 9001,yes,,,yes,Premium
Molly,Farrell,720,67 Fraserburgh Rd,LINDORES,KY14 3MM,molly.l.farrell@dodgit.com,078 8120 3733,,,yes,yes,Premium
Ethan,Cook,721,77 Huntly Street,BARTESTREE,HR1 3BA,ethan.z.cook@mailinator.com,070 2150 2977,yes,,,,Standard
Madison,Haynes,722,19 Scotsburn Rd,SYERSTON,NG23 6AX,madison.g.haynes@trashymail.com,079 0957 7233,,yes,,,Standard
Callum,Walters,723,60 Princes Street,ROGIET,NP6 8PK,callum.a.walters@dodgit.com,070 1749 5722,,,,yes,Standard
Georgia,Short,724,91 Walwyn Rd,CHARTERHOUSE,BS18 5WQ,georgia.l.short@trashymail.com,077 6449 8901,yes,,,,Premium
Matilda,Hunt,725,77 Broomfield Place,STOW BARDOLPH,PE34 2SU,matilda.f.hunt@dodgit.com,078 2293 4583,yes,,,yes,Premium
Maya,Abbott,727,22 Holgate Rd,RADCOT,OX18 0CG,maya.c.abbott@pookmail.com,070 7393 3998,,yes,,yes,Premium
Michael,Tyler,729,93 Nenthead Road,HIGHER WHATCOMBE,DT11 9NF,michael.a.tyler@dodgit.com,077 7027 8427,,,,yes,Standard
Abby,Ford,730,74 Park Terrace,GILDERSOME,LS27 8EN,abby.k.ford@spambob.com,078 2908 4748,,yes,,yes,Standard
Kai,Read,731,18 Rhosddu Rd,FINEGAND,PH10 7CE,kai.l.read@trashymail.com,079 2504 6772,yes,,,,Premium
Anna,Davidson,732,83 Rhosddu Rd,FINGERPOST,DY14 4IX,anna.j.davidson@spambob.com,070 4847 6275,,,,yes,Premium
Zachary,Wilson,733,23 Harrogate Road,RUSTON,YO13 9CG,zachary.k.wilson@mailinator.com,078 8560 5134,,,,yes,Premium
Leo,Wilkins,734,55 Clasper Way,HEYTESBURY,BA12 0NJ,leo.f.wilkins@spambob.com,079 3089 7616,yes,,,yes,Premium
Cameron,Webb,735,65 Park End St,BROOKTHORPE,GL4 7PL,cameron.k.webb@spambob.com,079 8151 8651,yes,yes,yes,,Premium
Harriet,Butler,736,18 Southern Way,RTH KYME,LN4 1VA,harriet.g.butler@pookmail.com,077 5305 3830,,yes,,yes,Premium
Joseph,Lambert,738,55 St Maurices Road,PRESTON,DT3 3GM,joseph.m.lambert@trashymail.com,079 7354 0928,yes,,,yes,Premium
Finlay,Bolton,739,13 Ivy Lane,WARBOYS,PE17 2QE,finlay.m.bolton@mailinator.com,077 4928 9904,,yes,,,Standard
Summer,Holt,740,51 Lammas Street,GREAT EDSTONE,YO62 5HI,summer.e.holt@pookmail.com,077 3454 4849,yes,,,,Premium
Sophie,Alexander,741,77 rthgate Street,BIDDISHAM,BS26 7RS,sophie.l.alexander@trashymail.com,079 1241 6542,,,,yes,Standard
Billy,Rogers,742,30 Kingsway rth,HOLLYBUSH,HR8 5CN,billy.e.rogers@dodgit.com,070 8845 8484,,,yes,,Standard
Lewis,Lees,743,13 Park End St,BROMLEY,BR1 3QL,lewis.m.lees@dodgit.com,077 1677 5632,,yes,,,Standard
Joshua,Patel,744,20 Great Western Road,LORBOTTLE HALL,NE65 7ID,joshua.f.patel@spambob.com,078 5246 3343,,,,yes,Premium
Finlay,Miles,745,61 Great Western Road,LONGAR,SY5 5DV,finlay.s.miles@trashymail.com,070 6520 9517,,,yes,,Standard
Hollie,Leach,746,60 Front St,HEMPRIGGS HOUSE,KW1 5EI,hollie.l.leach@pookmail.com,070 5908 8664,,,,yes,Premium
Ben,Berry,747,46 Mar Way,GREAT HARWOOD,BB6 9HC,ben.r.berry@spambob.com,078 3216 3414,,,,yes,Premium
Adam,George,748,63 Hexham Road,INVERSHIEL,IV40 1RK,adam.g.george@pookmail.com,079 5133 9572,,,yes,,Premium
Morgan,Ball,750,59 Duckpit Lane,UPTON,CH49 9SI,morgan.s.ball@dodgit.com,078 4497 6572,,,,yes,Premium
Luca,Browne,752,14 Sea Road,LANDFORD,SP5 3QU,luca.i.browne@trashymail.com,079 4111 8238,,,yes,,Premium
Emily,Rowe,753,23 Golf Road,SWAYFIELD,NG33 2SI,emily.e.rowe@dodgit.com,070 8268 3508,yes,,yes,yes,Premium
Ruby,Dodd,754,50 Souterhead Road,LOW MOOR,BB7 8LQ,ruby.j.dodd@dodgit.com,077 4169 4909,,yes,yes,yes,Standard
Evan,Hooper,755,19 St Dunstans Street,LOOVILLE,PO7 2PL,evan.r.hooper@spambob.com,079 2330 4355,,,,yes,Standard
Elizabeth,Ingram,756,5 Earls Avenue,WHITELEY BANK,PO38 1RG,elizabeth.c.ingram@pookmail.com,079 8591 6287,,,yes,yes,Premium
Melissa,Singh,757,97 Neville Street,HYDE LEA,ST18 6FK,melissa.o.singh@trashymail.com,079 7404 0380,yes,yes,yes,,Premium
Eve,Kemp,758,34 Ivy Lane,WALTON,TF6 0OO,eve.h.kemp@spambob.com,079 1878 3427,,yes,,,Standard
Oscar,Griffiths,759,31 Russell Rd,SHEPTON MONTAGUE,BA7 2FZ,oscar.g.griffiths@pookmail.com,077 4798 9248,,yes,,,Standard
Ava,Wilkinson,760,4 Berkeley Rd,STOWFORD,EX20 4GW,ava.j.wilkinson@mailinator.com,078 0033 8832,,yes,,,Standard
Harriet,Harris,761,23 Glandovey Terrace,TREMATON,PL12 1YI,harriet.j.harris@dodgit.com,070 6536 3435,,,,yes,Premium
Tegan,Turnbull,762,8 Sutton Wick Lane,BRIDGETOWN,PL15 9AY,tegan.s.turnbull@pookmail.com,078 2033 2767,,,,yes,Standard
Paige,Bowen,763,18 Bridge Street,GOLDIELEA,DG2 4MU,paige.l.bowen@mailinator.com,078 5378 4347,,,yes,,Premium
Ryan,Vaughan,764,63 Winchester Rd,MEY,KW14 8RN,ryan.s.vaughan@spambob.com,079 0060 3543,,yes,yes,,Standard
Charlie,Harding,765,8 Argyll Street,ST QUIVOX,KA9 2FT,charlie.i.harding@dodgit.com,070 0393 6121,,yes,,,Standard
Joel,Daniels,766,28 Whitchurch Road,ENGLEFIELD GREEN,TW20 2RR,joel.a.daniels@pookmail.com,078 1219 4631,,,,yes,Standard
Oliver,Ferguson,767,48 Great rth Road,ALTICRY,DG8 7DH,oliver.t.ferguson@spambob.com,077 6107 1153,,,,yes,Standard
Joshua,Fuller,769,14 Park End St,BROOM'S GREEN,GL18 5SM,joshua.d.fuller@pookmail.com,078 1255 9703,yes,,yes,yes,Premium
Phoebe,Kirk,770,31 Southend Avenue,BLACKSHAW HEAD,HX7 4UD,phoebe.l.kirk@trashymail.com,078 2466 9831,,,,yes,Standard
Gracie,Crawford,772,98 High St,THRYBERGH,S65 7ZW,gracie.a.crawford@trashymail.com,079 0814 9967,,,yes,,Premium
Joshua,Jarvis,773,43 Asfordby Rd,AIRNTULLY,PH1 8SG,joshua.s.jarvis@pookmail.com,070 0618 0022,,yes,,,Standard
Georgina,Morley,774,19 Farburn Terrace,LITTLE GLEMHAM,IP13 9RC,georgina.j.morley@pookmail.com,078 2445 4291,,,,yes,Premium
Sophie,Jones,775,95 Cunnery Rd,MAINS OF THORNTON,AB30 3UV,sophie.n.jones@trashymail.com,079 6716 2403,,,yes,,Premium
Freya,Webb,776,62 Seafield Place,FOUR MARKS,GU34 7NB,freya.m.webb@trashymail.com,070 0124 4238,yes,,,,Premium
Harriet,McLean,777,27 Asfordby Rd,ALDERTON,GL20 8ZE,harriet.w.mclean@mailinator.com,079 0533 4217,,yes,,,Standard
Erin,Hargreaves,780,9 Newgate Street,IVYCHURCH,TN29 0CD,erin.s.hargreaves@trashymail.com,077 2170 4994,,,yes,,Standard
Aidan,Stevens,783,13 Abingdon Road,BRAMSHAW,SO43 6LF,aidan.s.stevens@trashymail.com,078 3556 0993,,,yes,,Standard
Mohammad,Marsh,784,66 Long Street,MILTON,DD8 2QV,mohammad.a.marsh@spambob.com,070 3484 3717,,,,yes,Premium
Corey,West,785,84 George Street,BROXTED,CM6 8LO,corey.p.west@pookmail.com,078 5550 5078,,yes,,yes,Standard
Mia,Sullivan,786,22 Sandyhill Rd,FULKING,BN5 3CD,mia.h.sullivan@pookmail.com,070 7455 4599,,yes,,,Standard
Kian,Dyer,787,41 St James Boulevard,HORSE BRIDGE,ST9 8IW,kian.a.dyer@mailinator.com,070 2405 8328,,yes,yes,,Standard
James,Harper,789,54 Thornton St,HURLINESS,KW16 4AI,james.m.harper@dodgit.com,077 2144 8219,,,yes,,Standard
Zara,Chan,790,87 Mill Lane,CORNISH HALL END,CM7 8GD,zara.g.chan@dodgit.com,078 7120 1240,,yes,yes,yes,Standard
Laura,Tomlinson,791,81 Sutton Wick Lane,BRINKWORTH,SN15 4IV,laura.t.tomlinson@trashymail.com,070 8085 8576,,yes,,,Standard
Evie,Kirk,792,24 Boroughbridge Road,BISHOP AUCKLAND,DL14 1GD,evie.j.kirk@trashymail.com,070 1425 5128,,,yes,,Standard
Poppy,Flynn,794,21 Kent Street,CROSS ASH,NP7 4DO,poppy.a.flynn@spambob.com,077 5862 3404,yes,,yes,,Standard
Chloe,Walton,795,14 Mar Way,GREAT GLEMHAM,IP17 2AP,chloe.t.walton@spambob.com,079 6597 8767,,yes,,,Standard
Jodie,Fleming,796,1 Park Row,EDITH WESTON,LE15 0JW,jodie.a.fleming@mailinator.com,078 2471 5503,,,,yes,Standard
Taylor,Kay,797,70 High Street,ASHELDHAM,CM0 1SI,taylor.a.kay@mailinator.com,077 3769 3249,,yes,,,Premium
Kiera,Hardy,798,21 Ploughley Rd,TOFT,PE10 9XZ,kiera.c.hardy@spambob.com,078 8429 9226,,yes,,,Standard
Demi,Watson,799,92 Boroughbridge Road,BIRMINGHAM,B4 9PA,demi.c.watson@pookmail.com,070 1875 8981,,yes,,,Standard
Riley,Dennis,800,80 Felix Lane,SHOTWICK,CH1 8FQ,riley.a.dennis@dodgit.com,077 2256 2001,yes,,,,Premium
Mason,Boyle,801,49 Castledore Road,TWYFORD,LE14 8YC,mason.e.boyle@mailinator.com,077 3955 8703,,,yes,,Standard
Jay,Wade,802,94 Ponteland Rd,HOVERINGHAM,NG14 1ID,jay.h.wade@trashymail.com,077 4716 1180,,,yes,yes,Premium
Sean,Chadwick,803,30 Shore Street,STOKE,PO11 5JA,sean.l.chadwick@mailinator.com,079 1784 5782,yes,,,,Standard
Sophia,Daly,804,8 Walden Road,GREINTON,TA7 1OX,sophia.p.daly@pookmail.com,077 1303 4101,,yes,,,Standard
Kyle,Arld,805,64 Mar Way,GREAT SUTTON,SY8 8JU,kyle.s.arld@dodgit.com,077 2464 2310,yes,yes,yes,,Premium
Danielle,Walton,806,81 Sutton Wick Lane,BRIGHTON,BN2 2CU,danielle.o.walton@trashymail.com,077 1114 3427,,,,yes,Standard
Bailey,Webb,807,90 Cloch Rd,STIVES,PE17 6WN,bailey.j.webb@dodgit.com,079 1127 6164,,yes,,,Premium
Hayden,Bibi,809,50 Boughton Rd,WICK,BH6 5XZ,hayden.m.bibi@mailinator.com,078 5225 0395,yes,,,,Standard
Joshua,Carter,810,81 Redcliffe Way,WOOLFARDISWORTHY,EX39 7PB,joshua.e.carter@spambob.com,070 7185 3610,,,yes,yes,Standard
Katherine,Law,811,44 Henley Road,BOWLING BANK,LL13 1ER,katherine.j.law@spambob.com,077 3978 0937,,yes,,,Premium
Gabriel,Brennan,812,51 Temple Way,WITHAM,CM8 1UW,gabriel.i.brennan@dodgit.com,079 0239 7607,,,,yes,Premium
Alisha,Townsend,813,51 London Road,CONCHRA,IV40 0LV,alisha.c.townsend@trashymail.com,070 2889 6607,,yes,,,Standard
Phoebe,Hardy,815,35 Rhosddu Rd,FFAIRFACH,SA19 0QD,phoebe.t.hardy@pookmail.com,078 3750 7087,,yes,,,Standard
Aaliyah,Dawson,816,68 Shore Street,STOKE ORCHARD,GL52 4JY,aaliyah.j.dawson@spambob.com,078 3626 6720,,,,yes,Standard
Louie,Vincent,817,44 East Street,MARKBEECH,TN8 3PW,louie.c.vincent@pookmail.com,070 5577 8586,,yes,yes,,Standard
Aaliyah,Fletcher,818,37 Kendell Street,SHARNFORD,LE10 4FV,aaliyah.e.fletcher@mailinator.com,079 8949 0085,yes,,,,Premium
Kieran,Johnston,819,50 Cloch Rd,ST MARTINS,PH2 5MR,kieran.m.johnston@mailinator.com,077 2827 8866,,yes,,,Standard
Georgia,Iqbal,820,35 London Road,COMBE MOOR,LD8 9XR,georgia.s.iqbal@trashymail.com,070 5157 8547,,,,yes,Standard
Declan,Elliott,821,49 Trehafod Road,BUIRGH,HS3 3LC,declan.a.elliott@spambob.com,070 3783 3991,,yes,,,Standard
Mia,Young,822,16 Eastbourne Rd,COLDEN COMMON,SO21 8MH,mia.j.young@pookmail.com,077 1604 0826,yes,,,,Standard
Millie,Whitehead,823,67 High Street,ASHE,RG25 2WH,millie.a.whitehead@trashymail.com,077 4134 8752,,,yes,,Standard
Kyle,Fry,824,31 Ings Lane,DAVA,PH26 7GE,kyle.a.fry@mailinator.com,070 2641 7141,,yes,,,Standard
Zara,Campbell,825,36 Berkeley Rd,STREET,BA16 9FB,zara.b.campbell@spambob.com,077 4208 0893,,,yes,,Premium
Ethan,Cole,826,94 Boughton Rd,WHITSON,NP6 4BT,ethan.i.cole@spambob.com,070 5218 1531,,yes,,,Premium
Shann,Gibson,827,30 Bootham Crescent,RIDDELL,TD6 7RZ,shann.m.gibson@trashymail.com,078 6266 0822,,yes,,,Standard
Sam,Houghton,828,10 Seafield Street,LLECHRYD,NP2 1PC,sam.l.houghton@spambob.com,079 8820 8333,yes,,,,Premium
Hollie,Doyle,829,6 Lincoln Green Lane,CHURCH END,CV10 8PN,hollie.l.doyle@dodgit.com,079 1671 8649,,yes,,,Standard
Logan,Parsons,830,18 Tonbridge Rd,CONISBY,PA49 0PP,logan.s.parsons@dodgit.com,079 1942 1190,yes,,,yes,Premium
Kian,Davis,831,48 Prospect Hill,DRIBY,LN13 0MF,kian.s.davis@spambob.com,079 6048 9295,,yes,,,Premium
Leon,Harding,832,52 Gloucester Road,CLACKMANNAN,FK10 3IM,leon.j.harding@mailinator.com,079 1495 8745,,yes,,,Standard
Sarah,Perkins,833,75 Cefn Road,FARLOW,DY14 8YS,sarah.s.perkins@trashymail.com,078 1826 2752,,,yes,,Standard
Naomi,Rice,834,11 Constitution St,LLANGOED,LL58 6SK,naomi.e.rice@dodgit.com,078 3993 2074,,yes,,,Premium
Kiera,Parsons,835,88 Emerson Road,KIRKBURN,EH45 2LN,kiera.j.parsons@trashymail.com,070 3166 7268,,yes,,,Standard
Eloise,Lee,836,81 Davids Lane,STRONTIAN,PH36 4ED,eloise.a.lee@spambob.com,077 7653 6855,,,yes,,Standard
Ruby,Banks,837,85 Ivy Lane,WARENTON,NE70 1HT,ruby.g.banks@spambob.com,078 6894 0058,,yes,,,Standard
Sean,Hamilton,838,73 Worthy Lane,MAXTON,CT17 4JD,sean.c.hamilton@trashymail.com,078 1852 7638,,yes,,,Standard
Sarah,Fry,839,4 Canterbury Road,UPTON ST LEONARDS,GL4 9HJ,sarah.j.fry@spambob.com,077 2265 4116,,yes,,,Standard
Liam,Short,840,81 Stamford Road,ANSTEY,LE7 1HA,liam.e.short@mailinator.com,079 0448 1940,yes,,,,Premium
Cerys,O'Connor,841,27 Pendwyallt Road,BURRADON,NE65 8ZG,cerys.e.oconnor@trashymail.com,070 8853 1201,,yes,,yes,Standard
Liam,Humphries,842,91 Layburn Court,TOTEGAN,KW14 0WH,liam.f.humphries@mailinator.com,077 4303 9767,,yes,,,Standard
Ella,Robson,843,97 Preston Rd,MORBORNE,PE7 2KG,ella.o.robson@dodgit.com,070 5879 1557,,,,yes,Premium
Tilly,Able,844,67 Southend Avenue,BLACK PILL,SA3 1TC,tilly.able@trashymail.com,070 1785 7307,,,yes,yes,Premium
Shann,Campbell,847,26 Copthorne Way,CAMUSNAGAUL,IV23 6SU,shann.c.campbell@mailinator.com,078 5283 0743,yes,yes,yes,,Standard
Evan,O'Sullivan,848,58 Holburn Lane,HEATON MOOR,SK4 2NM,evan.k.o'sullivan@mailinator.com,070 5567 0639,yes,yes,,,Standard
Declan,Pollard,849,73 Pier Road,STANWELL,TW19 7MD,declan.m.pollard@mailinator.com,079 0094 4122,,,yes,,Standard
Rebecca,Akhtar,851,25 High St,THREE CROSSES,SA4 4CV,rebecca.a.akhtar@trashymail.com,070 2557 7492,,,yes,,Premium
Oliver,Arld,853,71 Bridge Street,GOOLE,DN14 6MD,oliver.e.arld@spambob.com,070 0536 6675,,yes,yes,,Standard
Kate,Osborne,854,16 South Western Terrace,MILTON,PH8 6CR,kate.j.osborne@mailinator.com,079 2221 3220,yes,,,,Standard
Finlay,Godfrey,855,12 Front St,HENNY STREET,CO10 7RZ,finlay.e.godfrey@dodgit.com,077 4470 3953,,yes,,,Standard
Sofia,O'Donnell,859,28 Netherpark Crescent,STIFFORD'S BRIDGE,WR13 4GY,sofia.f.o'donnell@mailinator.com,078 7178 0899,yes,,yes,,Standard
Josh,Glover,860,61 Iolaire Road,NEW FRYSTON,WF10 4KX,josh.i.glover@pookmail.com,070 3102 4491,yes,,yes,,Standard
Tegan,Naylor,861,29 Thames Street,BONEHILL,B78 0AU,tegan.g.naylor@trashymail.com,077 7781 9140,,,yes,yes,Premium
Brandon,Hayward,862,5 Uxbridge Road,SMALL HYTHE,TN30 5MQ,brandon.l.hayward@spambob.com,078 7339 5543,yes,,,,Standard
Georgina,Iqbal,863,99 Boat Lane,RESCOBIE,DD8 2SP,georgina.j.iqbal@pookmail.com,077 1562 2811,,,,yes,Standard
Charles,Wilkins,864,1 Kingsway rth,HOLT END,GU34 7DM,charles.s.wilkins@trashymail.com,077 5992 4427,yes,,,,Standard
Courtney,Hill,865,42 Spilman Street,GRAINSBY,DN36 0UE,courtney.m.hill@trashymail.com,079 4829 1170,,,,,Standard
Mason,Marsh,866,87 Emerson Road,KINROSSIE,PH2 4NJ,mason.s.marsh@trashymail.com,077 3216 1852,,,,yes,Premium
Harley,Daniels,867,99 Gordon Terrace,BASHLEY,BH25 0SV,harley.s.daniels@pookmail.com,070 8771 9601,,,,yes,Premium
Zachary,Leach,869,35 Hindhead Road,EARL'S CROOME,WR8 4EL,zachary.n.leach@pookmail.com,077 5843 9325,,,yes,,Standard
Ruby,Warner,870,26 Trinity Crescent,WHARTON,HR6 1HZ,ruby.j.warner@spambob.com,077 6046 0591,,,,yes,Standard
Finley,Russell,871,53 Graham Road,CHEW MAGNA,BS18 6FN,finley.s.russell@trashymail.com,079 3777 9426,,yes,,,Premium
Georgia,Watts,873,69 Cheriton Rd,WEST ORCHARD,SP7 8AF,georgia.c.watts@dodgit.com,079 2472 9729,,yes,,,Premium
Brooke,Nelson,875,69 Main St,ACHNAHA,PH36 5RW,brooke.g.nelson@mailinator.com,078 5248 5719,yes,,,yes,Standard
