Staff,Office,Date,Booking,Week,Price,Number,Tour
ST ,Regent Street,01/01/2009,JGBEXC,36,195,3,0
PB,Oxford Street,01/01/2009,JGBEXC,37,195,7,-1
AR,Strand,01/01/2009,ALMGPL,36,399,7,0
ME,Oxford Street,01/01/2009,ALMGPL,36,399,2,0
ST ,Regent Street,01/01/2009,JGBEXC,36,195,6,-1
AR,Strand,01/01/2009,ALMGLP,37,399,7,-1
JP,Strand,01/01/2009,ALMGLP,36,399,7,0
FD,Regent Street,01/02/2009,ALMGPL,36,399,4,0
FD,Regent Street,01/02/2009,ALMGPL,35,399,7,-1
PB,Oxford Street,01/02/2009,ALMGLP,36,399,5,-1
JP,Strand,01/02/2009,GCAPRG,36,599,2,0
FS,Strand,01/03/2009,JGBEXC,36,195,5,-1
RD,Strand,01/03/2009,ALMGPL,36,399,5,-1
JP,Strand,01/03/2009,ALMGLP,35,399,6,-1
LM,Regent Street,01/03/2009,ALMGLP,36,399,5,-1
ST ,Regent Street,01/03/2009,GCAPRG,37,599,3,0
ME,Oxford Street,01/04/2009,ALMGPL,36,399,5,-1
RD,Strand,01/04/2009,ALMGPL,36,399,2,0
PB,Oxford Street,01/05/2009,ALMGPL,35,399,7,-1
ST ,Regent Street,01/05/2009,ALMGPL,35,399,3,0
AR,Strand,01/05/2009,GCAPRG,35,599,6,-1
PB,Oxford Street,01/06/2009,ALMGPL,36,399,5,0
AR,Strand,01/06/2009,ALMGPL,35,399,4,-1
FD,Regent Street,01/07/2009,ALMGLP,36,399,3,-1
AR,Strand,01/07/2009,ALMGLP,36,399,4,0
LM,Regent Street,01/08/2009,ALMGPL,36,399,2,-1
JP,Strand,01/08/2009,JGBEXC,37,195,3,0
PB,Oxford Street,01/08/2009,ALMGLP,36,399,7,-1
RD,Strand,01/08/2009,ALMGLP,36,399,4,-1
AR,Strand,01/08/2009,ALMGLP,35,399,5,0
AR,Strand,01/09/2009,ALMGPL,35,399,3,0
JP,Strand,01/09/2009,ALMGPL,37,399,4,0
FD,Regent Street,01/09/2009,JGBEXC,36,195,6,0
PB,Oxford Street,01/09/2009,ALMGLP,36,399,5,-1
JP,Strand,01/09/2009,ALMGLP,36,399,7,-1
JP,Strand,01/09/2009,GCAPRG,37,599,2,0
ST ,Regent Street,01/10/2009,JGBEXC,35,195,4,-1
RD,Strand,01/10/2009,ALMGPL,35,399,2,-1
FS,Strand,01/10/2009,ALMGPL,35,399,4,-1
ST ,Regent Street,01/10/2009,ALMGLP,35,399,6,0
JP,Strand,01/10/2009,ALMGLP,36,399,5,-1
FD,Regent Street,01/10/2009,ALMGLP,35,399,2,-1
FD,Regent Street,01/10/2009,GCAPRG,36,599,6,-1
AR,Strand,01/10/2009,GCAPRG,35,599,2,0
JP,Strand,01/10/2009,GCAPRG,35,599,3,0
AR,Strand,01/10/2009,GCAPRG,35,599,6,-1
LM,Regent Street,01/11/2009,JGBEXC,37,195,3,0
PB,Oxford Street,01/11/2009,JGBEXC,35,195,7,-1
RD,Strand,01/11/2009,ALMGLP,36,399,5,0
JP,Strand,01/12/2009,ALMGPL,36,399,4,-1
RD,Strand,01/12/2009,ALMGPL,36,399,5,0
RD,Strand,01/12/2009,ALMGPL,35,399,7,0
RD,Strand,01/12/2009,JGBEXC,37,195,2,-1
RD,Strand,01/12/2009,ALMGLP,35,399,2,-1
AR,Strand,01/13/2009,ALMGPL,35,399,3,0
FD,Regent Street,01/13/2009,ALMGPL,37,399,6,-1
AR,Strand,01/13/2009,GCAPRG,36,599,5,0
JP,Strand,01/14/2009,JGBEXC,35,195,2,-1
ST ,Regent Street,01/14/2009,ALMGPL,35,399,7,0
RD,Strand,01/14/2009,ALMGLP,35,399,4,0
PB,Oxford Street,01/15/2009,JGBEXC,35,195,7,0
FD,Regent Street,01/15/2009,ALMGLP,36,399,2,-1
JP,Strand,01/15/2009,GCAPRG,36,599,2,-1
FS,Strand,01/16/2009,ALMGPL,36,399,4,0
LM,Regent Street,01/16/2009,ALMGPL,35,399,5,-1
AR,Strand,01/16/2009,JGBEXC,35,195,4,0
ST ,Regent Street,01/16/2009,GCAPRG,35,599,3,0
RD,Strand,01/17/2009,JGBEXC,35,195,7,0
PB,Oxford Street,01/17/2009,ALMGLP,36,399,5,-1
ST ,Regent Street,01/17/2009,ALMGLP,35,399,5,-1
ME,Oxford Street,01/18/2009,ALMGPL,35,399,5,0
JP,Strand,01/18/2009,ALMGPL,37,399,4,0
AR,Strand,01/18/2009,ALMGLP,36,399,7,0
ST ,Regent Street,01/18/2009,ALMGLP,36,399,4,-1
JP,Strand,01/19/2009,ALMGPL,36,399,5,0
PB,Oxford Street,01/19/2009,ALMGLP,36,399,3,-1
PB,Oxford Street,01/20/2009,ALMGPL,36,399,5,-1
JP,Strand,01/20/2009,ALMGLP,35,399,3,-1
AR,Strand,01/20/2009,GCAPRG,36,599,7,-1
RD,Strand,01/21/2009,ALMGPL,36,399,5,0
PB,Oxford Street,01/21/2009,JGBEXC,36,195,5,0
PB,Oxford Street,01/22/2009,ALMGLP,36,399,7,0
ST ,Regent Street,01/22/2009,ALMGLP,35,399,7,0
LM,Regent Street,01/22/2009,ALMGLP,36,399,6,-1
FD,Regent Street,01/23/2009,ALMGPL,37,399,5,0
ME,Oxford Street,01/23/2009,ALMGLP,35,399,3,-1
JP,Strand,01/24/2009,JGBEXC,35,195,7,-1
JP,Strand,01/24/2009,ALMGPL,36,399,3,-1
ST ,Regent Street,01/24/2009,GCAPRG,36,599,2,-1
ST ,Regent Street,01/25/2009,ALMGPL,35,399,3,-1
PB,Oxford Street,01/25/2009,JGBEXC,37,195,4,-1
JP,Strand,01/25/2009,GCAPRG,36,599,4,0
RD,Strand,01/25/2009,GCAPRG,35,599,7,0
AR,Strand,01/26/2009,JGBEXC,35,195,5,0
RD,Strand,01/26/2009,JGBEXC,35,195,7,-1
RD,Strand,01/26/2009,JGBEXC,35,195,2,-1
ST ,Regent Street,01/26/2009,GCAPRG,35,599,5,0
FS,Strand,01/27/2009,ALMGPL,36,399,4,0
PB,Oxford Street,01/27/2009,ALMGPL,36,399,6,0
ST ,Regent Street,01/27/2009,ALMGPL,35,399,4,-1
RD,Strand,01/27/2009,ALMGPL,37,399,7,-1
JP,Strand,01/27/2009,JGBEXC,36,195,2,0
RD,Strand,01/27/2009,GCAPRG,36,599,6,0
RD,Strand,01/27/2009,GCAPRG,35,599,6,-1
JP,Strand,01/28/2009,ALMGPL,37,399,6,-1
JP,Strand,01/28/2009,ALMGLP,35,399,3,-1
FS,Strand,01/29/2009,JGBEXC,36,195,5,0
PB,Oxford Street,01/29/2009,JGBEXC,36,195,4,0
PB,Oxford Street,01/29/2009,JGBEXC,36,195,5,-1
ST ,Regent Street,01/29/2009,ALMGLP,35,399,5,-1
LM,Regent Street,01/30/2009,ALMGPL,37,399,6,0
ST ,Regent Street,01/30/2009,ALMGPL,36,399,7,0
ME,Oxford Street,01/30/2009,ALMGPL,36,399,4,-1
AR,Strand,01/31/2009,JGBEXC,36,195,6,-1
FD,Regent Street,01/31/2009,ALMGPL,36,399,4,-1
FD,Regent Street,01/31/2009,ALMGPL,35,399,7,-1
AR,Strand,01/31/2009,ALMGPL,37,399,4,-1
AR,Strand,01/31/2009,ALMGLP,36,399,6,-1
AR,Strand,02/01/2009,JGBEXC,36,195,6,0
AR,Strand,02/01/2009,ALMGPL,35,399,2,0
FS,Strand,02/01/2009,ALMGLP,36,399,4,-1
RD,Strand,02/01/2009,ALMGLP,37,399,2,-1
AR,Strand,02/01/2009,ALMGLP,35,399,7,0
JP,Strand,02/01/2009,ALMGLP,35,399,6,0
AR,Strand,02/01/2009,GCAPRG,37,599,2,-1
PB,Oxford Street,02/02/2009,JGBEXC,36,195,6,0
AR,Strand,02/02/2009,ALMGPL,35,399,5,-1
LM,Regent Street,02/02/2009,ALMGPL,37,399,5,-1
FS,Strand,02/02/2009,ALMGLP,36,399,4,-1
AR,Strand,02/02/2009,ALMGLP,36,399,7,0
JP,Strand,02/02/2009,ALMGLP,35,399,2,0
AR,Strand,02/02/2009,GCAPRG,36,599,5,-1
PB,Oxford Street,02/03/2009,ALMGPL,36,399,5,-1
FD,Regent Street,02/03/2009,ALMGPL,37,399,5,-1
PB,Oxford Street,02/03/2009,ALMGLP,35,399,5,-1
RD,Strand,02/04/2009,JGBEXC,36,195,6,0
FS,Strand,02/04/2009,ALMGPL,35,399,3,0
RD,Strand,02/04/2009,ALMGPL,36,399,6,0
RD,Strand,02/04/2009,ALMGLP,36,399,2,-1
FD,Regent Street,02/04/2009,ALMGLP,35,399,2,0
AR,Strand,02/04/2009,ALMGLP,36,399,7,0
ST ,Regent Street,02/05/2009,GCAPRG,35,599,4,-1
RD,Strand,02/06/2009,ALMGLP,35,399,3,0
JP,Strand,02/06/2009,ALMGLP,35,399,4,-1
ST ,Regent Street,02/06/2009,ALMGLP,36,399,7,-1
ST ,Regent Street,02/07/2009,ALMGPL,36,399,7,0
JP,Strand,02/07/2009,ALMGPL,37,399,4,-1
AR,Strand,02/07/2009,ALMGLP,36,399,6,0
RD,Strand,02/07/2009,ALMGLP,37,399,2,-1
AR,Strand,02/07/2009,ALMGLP,36,399,3,-1
JP,Strand,02/07/2009,ALMGLP,35,399,6,-1
RD,Strand,02/08/2009,ALMGPL,36,399,7,-1
FS,Strand,02/08/2009,JGBEXC,35,195,7,-1
AR,Strand,02/08/2009,ALMGLP,35,399,6,0
JP,Strand,02/09/2009,JGBEXC,37,195,3,-1
FD,Regent Street,02/09/2009,JGBEXC,36,195,3,-1
LM,Regent Street,02/09/2009,ALMGLP,35,399,5,-1
AR,Strand,02/09/2009,ALMGLP,35,399,2,-1
AR,Strand,02/09/2009,ALMGLP,35,399,5,-1
FS,Strand,02/10/2009,ALMGPL,36,399,6,0
PB,Oxford Street,02/10/2009,JGBEXC,35,195,3,-1
PB,Oxford Street,02/10/2009,ALMGPL,35,399,6,-1
LM,Regent Street,02/10/2009,ALMGPL,35,399,4,0
ST ,Regent Street,02/10/2009,JGBEXC,36,195,6,0
LM,Regent Street,02/10/2009,ALMGLP,35,399,7,-1
LM,Regent Street,02/11/2009,ALMGPL,36,399,5,0
RD,Strand,02/11/2009,JGBEXC,36,195,7,0
ST ,Regent Street,02/11/2009,ALMGLP,35,399,6,0
AR,Strand,02/11/2009,GCAPRG,35,599,7,0
AR,Strand,02/12/2009,ALMGPL,35,399,3,-1
AR,Strand,02/12/2009,ALMGPL,36,399,2,-1
FS,Strand,02/12/2009,JGBEXC,35,195,5,-1
AR,Strand,02/12/2009,ALMGLP,36,399,4,-1
ME,Oxford Street,02/12/2009,GCAPRG,35,599,2,0
PB,Oxford Street,02/13/2009,JGBEXC,37,195,3,-1
FD,Regent Street,02/13/2009,JGBEXC,36,195,2,0
AR,Strand,02/13/2009,ALMGPL,37,399,4,0
PB,Oxford Street,02/13/2009,ALMGPL,35,399,6,-1
AR,Strand,02/13/2009,ALMGPL,36,399,7,-1
FD,Regent Street,02/13/2009,ALMGLP,35,399,6,-1
LM,Regent Street,02/13/2009,ALMGLP,37,399,3,0
AR,Strand,02/13/2009,ALMGLP,35,399,7,0
FD,Regent Street,02/14/2009,ALMGPL,35,399,5,-1
LM,Regent Street,02/14/2009,ALMGPL,35,399,4,-1
PB,Oxford Street,02/14/2009,ALMGLP,36,399,7,-1
RD,Strand,02/15/2009,ALMGPL,35,399,7,0
JP,Strand,02/15/2009,ALMGLP,37,399,6,-1
FS,Strand,02/15/2009,JGBEXC,35,195,5,-1
FS,Strand,02/15/2009,ALMGLP,36,399,4,-1
LM,Regent Street,02/15/2009,ALMGLP,36,399,2,0
RD,Strand,02/15/2009,GCAPRG,35,599,4,-1
ST ,Regent Street,02/16/2009,ALMGPL,35,399,4,-1
PB,Oxford Street,02/16/2009,ALMGPL,35,399,2,0
FS,Strand,02/17/2009,ALMGPL,37,399,3,0
PB,Oxford Street,02/17/2009,ALMGPL,35,399,4,0
AR,Strand,02/17/2009,ALMGPL,35,399,4,0
RD,Strand,02/18/2009,JGBEXC,36,195,2,0
RD,Strand,02/18/2009,JGBEXC,37,195,2,-1
LM,Regent Street,02/19/2009,ALMGPL,35,399,5,0
AR,Strand,02/19/2009,JGBEXC,36,195,5,-1
LM,Regent Street,02/19/2009,GCAPRG,37,599,2,0
RD,Strand,02/20/2009,ALMGPL,35,399,4,-1
PB,Oxford Street,02/20/2009,ALMGPL,36,399,4,-1
ST ,Regent Street,02/20/2009,ALMGPL,35,399,6,0
ME,Oxford Street,02/21/2009,ALMGLP,35,399,4,0
LM,Regent Street,02/21/2009,JGBEXC,35,195,4,0
ST ,Regent Street,02/21/2009,ALMGLP,36,399,7,0
LM,Regent Street,02/22/2009,ALMGPL,36,399,2,-1
AR,Strand,02/22/2009,ALMGPL,37,399,3,-1
AR,Strand,02/22/2009,JGBEXC,35,195,5,-1
AR,Strand,02/22/2009,ALMGLP,36,399,6,-1
JP,Strand,02/22/2009,GCAPRG,37,599,6,-1
FD,Regent Street,02/23/2009,JGBEXC,35,195,3,0
AR,Strand,02/23/2009,ALMGPL,35,399,2,-1
PB,Oxford Street,02/23/2009,JGBEXC,35,195,7,-1
AR,Strand,02/23/2009,JGBEXC,36,195,4,-1
RD,Strand,02/23/2009,JGBEXC,37,195,6,-1
AR,Strand,02/23/2009,ALMGLP,35,399,5,0
AR,Strand,02/24/2009,JGBEXC,35,195,3,-1
JP,Strand,02/24/2009,JGBEXC,35,195,3,0
AR,Strand,02/24/2009,ALMGPL,37,399,7,-1
PB,Oxford Street,02/24/2009,JGBEXC,35,195,7,0
ST ,Regent Street,02/24/2009,ALMGLP,35,399,4,0
RD,Strand,02/25/2009,ALMGPL,35,399,2,-1
JP,Strand,02/25/2009,ALMGPL,35,399,3,-1
LM,Regent Street,02/25/2009,ALMGLP,36,399,6,0
RD,Strand,02/25/2009,GCAPRG,36,599,4,-1
AR,Strand,02/26/2009,ALMGLP,35,399,7,0
FS,Strand,02/26/2009,ALMGLP,36,399,7,0
AR,Strand,02/27/2009,ALMGPL,35,399,4,0
FD,Regent Street,02/27/2009,JGBEXC,37,195,3,-1
JP,Strand,02/27/2009,ALMGLP,36,399,5,0
ST ,Regent Street,02/27/2009,ALMGLP,36,399,6,-1
LM,Regent Street,02/27/2009,ALMGLP,35,399,3,0
FD,Regent Street,02/27/2009,ALMGLP,35,399,3,-1
FS,Strand,02/28/2009,JGBEXC,37,195,2,-1
RD,Strand,02/28/2009,ALMGPL,36,399,7,0
PB,Oxford Street,02/28/2009,ALMGLP,37,399,7,0
FD,Regent Street,02/28/2009,GCAPRG,35,599,5,-1
AR,Strand,03/01/2009,ALMGPL,35,399,3,-1
FS,Strand,03/01/2009,ALMGLP,36,399,7,-1
JP,Strand,03/01/2009,ALMGLP,36,399,7,0
AR,Strand,03/01/2009,GCAPRG,36,599,4,0
ST ,Regent Street,03/01/2009,JGBEXC,36,195,5,0
LM,Regent Street,03/01/2009,GCAPRG,37,599,4,-1
AR,Strand,03/02/2009,JGBEXC,36,195,7,0
PB,Oxford Street,03/02/2009,JGBEXC,37,195,5,0
JP,Strand,03/02/2009,ALMGPL,35,399,4,-1
LM,Regent Street,03/02/2009,ALMGLP,35,399,5,0
PB,Oxford Street,03/02/2009,ALMGPL,35,399,5,-1
FS,Strand,03/03/2009,ALMGPL,35,399,5,-1
ST ,Regent Street,03/03/2009,JGBEXC,36,195,6,0
JP,Strand,03/03/2009,JGBEXC,36,195,3,0
AR,Strand,03/03/2009,ALMGPL,36,399,4,-1
FS,Strand,03/03/2009,ALMGPL,37,399,5,-1
RD,Strand,03/03/2009,ALMGPL,36,399,4,0
ST ,Regent Street,03/04/2009,ALMGPL,35,399,3,0
PB,Oxford Street,03/04/2009,ALMGPL,35,399,4,0
JP,Strand,03/04/2009,ALMGLP,35,399,7,-1
FS,Strand,03/04/2009,ALMGLP,37,399,3,-1
ME,Oxford Street,03/04/2009,ALMGLP,36,399,4,0
PB,Oxford Street,03/04/2009,JGBEXC,35,195,3,-1
RD,Strand,03/04/2009,ALMGPL,36,399,7,0
LM,Regent Street,03/05/2009,ALMGPL,36,399,7,0
RD,Strand,03/05/2009,JGBEXC,36,195,2,-1
JP,Strand,03/05/2009,ALMGPL,36,399,4,-1
JP,Strand,03/05/2009,ALMGPL,36,399,7,0
PB,Oxford Street,03/05/2009,ALMGPL,37,399,5,-1
ST ,Regent Street,03/05/2009,ALMGPL,35,399,6,0
ST ,Regent Street,03/05/2009,ALMGPL,36,399,6,-1
JP,Strand,03/05/2009,ALMGLP,37,399,7,0
RD,Strand,03/05/2009,ALMGLP,35,399,6,-1
ST ,Regent Street,03/05/2009,ALMGLP,36,399,4,-1
JP,Strand,03/05/2009,GCAPRG,36,599,7,0
FD,Regent Street,03/06/2009,ALMGLP,35,399,6,-1
RD,Strand,03/06/2009,ALMGLP,35,399,6,-1
PB,Oxford Street,03/06/2009,ALMGLP,36,399,7,-1
AR,Strand,03/06/2009,ALMGLP,36,399,6,-1
AR,Strand,03/06/2009,GCAPRG,36,599,3,-1
PB,Oxford Street,03/06/2009,ALMGPL,35,399,5,-1
FS,Strand,03/06/2009,ALMGPL,36,399,4,0
FD,Regent Street,03/06/2009,ALMGPL,37,399,7,0
AR,Strand,03/07/2009,JGBEXC,36,195,5,0
JP,Strand,03/07/2009,ALMGPL,36,399,2,-1
RD,Strand,03/07/2009,ALMGLP,36,399,3,-1
LM,Regent Street,03/07/2009,ALMGLP,35,399,3,-1
FD,Regent Street,03/07/2009,JGBEXC,36,195,7,0
JP,Strand,03/07/2009,ALMGPL,37,399,7,0
ME,Oxford Street,03/07/2009,ALMGPL,36,399,6,-1
AR,Strand,03/07/2009,GCAPRG,36,599,4,-1
JP,Strand,03/07/2009,GCAPRG,35,599,3,-1
JP,Strand,03/08/2009,ALMGLP,37,399,5,-1
JP,Strand,03/08/2009,ALMGPL,37,399,6,0
RD,Strand,03/08/2009,GCAPRG,36,599,3,-1
AR,Strand,03/09/2009,ALMGPL,35,399,2,0
FS,Strand,03/09/2009,ALMGPL,35,399,5,0
LM,Regent Street,03/09/2009,ALMGPL,36,399,7,-1
ME,Oxford Street,03/09/2009,ALMGPL,37,399,3,-1
LM,Regent Street,03/09/2009,ALMGPL,35,399,5,0
JP,Strand,03/09/2009,ALMGPL,35,399,4,0
AR,Strand,03/10/2009,ALMGLP,36,399,2,0
LM,Regent Street,03/10/2009,ALMGLP,35,399,7,0
FS,Strand,03/10/2009,JGBEXC,37,195,2,0
RD,Strand,03/10/2009,JGBEXC,35,195,3,-1
RD,Strand,03/10/2009,ALMGPL,37,399,3,0
AR,Strand,03/11/2009,JGBEXC,35,195,6,0
FD,Regent Street,03/11/2009,ALMGPL,35,399,5,-1
AR,Strand,03/11/2009,ALMGPL,35,399,5,0
JP,Strand,03/11/2009,JGBEXC,37,195,3,0
PB,Oxford Street,03/11/2009,ALMGPL,36,399,7,-1
FD,Regent Street,03/11/2009,ALMGPL,36,399,6,0
ST ,Regent Street,03/12/2009,ALMGPL,35,399,5,0
JP,Strand,03/12/2009,ALMGPL,35,399,7,-1
RD,Strand,03/12/2009,ALMGLP,35,399,4,-1
RD,Strand,03/12/2009,JGBEXC,36,195,7,-1
FS,Strand,03/12/2009,ALMGLP,36,399,7,0
JP,Strand,03/12/2009,JGBEXC,37,195,2,-1
LM,Regent Street,03/13/2009,JGBEXC,35,195,4,-1
FS,Strand,03/13/2009,ALMGPL,37,399,3,-1
JP,Strand,03/13/2009,ALMGPL,35,399,3,-1
ST ,Regent Street,03/13/2009,JGBEXC,36,195,4,0
RD,Strand,03/13/2009,ALMGLP,37,399,4,-1
FS,Strand,03/13/2009,ALMGLP,36,399,4,-1
AR,Strand,03/13/2009,ALMGLP,35,399,2,-1
JP,Strand,03/13/2009,GCAPRG,36,599,4,-1
FS,Strand,03/14/2009,JGBEXC,35,195,4,-1
RD,Strand,03/14/2009,JGBEXC,36,195,6,0
FS,Strand,03/14/2009,ALMGLP,37,399,3,-1
AR,Strand,03/14/2009,GCAPRG,37,599,5,0
FS,Strand,03/15/2009,ALMGPL,37,399,4,-1
PB,Oxford Street,03/15/2009,ALMGPL,37,399,4,0
JP,Strand,03/15/2009,JGBEXC,37,195,6,-1
JP,Strand,03/15/2009,ALMGLP,35,399,7,-1
FD,Regent Street,03/16/2009,JGBEXC,35,195,4,-1
AR,Strand,03/16/2009,JGBEXC,37,195,4,0
RD,Strand,03/16/2009,JGBEXC,35,195,6,-1
ME,Oxford Street,03/16/2009,ALMGLP,35,399,2,-1
AR,Strand,03/16/2009,ALMGLP,36,399,6,0
FS,Strand,03/16/2009,ALMGLP,37,399,7,0
JP,Strand,03/16/2009,GCAPRG,35,599,2,-1
RD,Strand,03/16/2009,ALMGPL,36,399,4,-1
AR,Strand,03/16/2009,ALMGPL,35,399,5,0
AR,Strand,03/17/2009,ALMGLP,36,399,6,-1
JP,Strand,03/17/2009,ALMGLP,37,399,4,0
FD,Regent Street,03/17/2009,GCAPRG,36,599,6,-1
ST ,Regent Street,03/17/2009,GCAPRG,36,599,4,-1
FD,Regent Street,03/17/2009,GCAPRG,37,599,2,-1
AR,Strand,03/17/2009,GCAPRG,36,599,5,0
JP,Strand,03/17/2009,ALMGPL,36,399,2,0
ST ,Regent Street,03/17/2009,ALMGPL,36,399,3,-1
AR,Strand,03/17/2009,GCAPRG,35,599,2,0
LM,Regent Street,03/17/2009,GCAPRG,35,599,4,0
AR,Strand,03/18/2009,ALMGPL,37,399,2,0
RD,Strand,03/18/2009,ALMGLP,37,399,7,-1
FD,Regent Street,03/18/2009,ALMGPL,35,399,4,-1
FD,Regent Street,03/19/2009,ALMGPL,37,399,3,0
AR,Strand,03/19/2009,JGBEXC,37,195,5,-1
LM,Regent Street,03/19/2009,JGBEXC,36,195,7,-1
ST ,Regent Street,03/19/2009,ALMGLP,35,399,4,-1
AR,Strand,03/19/2009,ALMGPL,37,399,7,-1
ST ,Regent Street,03/19/2009,ALMGPL,36,399,4,-1
RD,Strand,03/19/2009,ALMGPL,35,399,6,-1
AR,Strand,03/20/2009,ALMGPL,35,399,3,0
RD,Strand,03/20/2009,ALMGPL,36,399,7,-1
ME,Oxford Street,03/20/2009,ALMGLP,35,399,7,-1
AR,Strand,03/20/2009,ALMGPL,35,399,2,-1
PB,Oxford Street,03/21/2009,ALMGPL,35,399,7,0
FS,Strand,03/21/2009,ALMGPL,37,399,3,0
JP,Strand,03/21/2009,ALMGPL,35,399,6,-1
FD,Regent Street,03/21/2009,ALMGLP,36,399,5,0
PB,Oxford Street,03/21/2009,ALMGLP,37,399,2,-1
JP,Strand,03/21/2009,ALMGLP,36,399,2,-1
ME,Oxford Street,03/21/2009,GCAPRG,36,599,6,0
PB,Oxford Street,03/21/2009,ALMGPL,37,399,7,0
ME,Oxford Street,03/22/2009,ALMGPL,37,399,2,-1
AR,Strand,03/22/2009,ALMGPL,36,399,6,-1
RD,Strand,03/22/2009,ALMGPL,36,399,4,0
AR,Strand,03/22/2009,ALMGLP,35,399,5,0
ST ,Regent Street,03/22/2009,ALMGLP,37,399,3,0
AR,Strand,03/22/2009,ALMGLP,36,399,4,-1
FS,Strand,03/22/2009,ALMGPL,37,399,3,0
LM,Regent Street,03/22/2009,ALMGPL,37,399,4,-1
AR,Strand,03/22/2009,ALMGPL,36,399,4,-1
ST ,Regent Street,03/22/2009,GCAPRG,35,599,4,-1
FS,Strand,03/23/2009,JGBEXC,35,195,5,-1
JP,Strand,03/23/2009,ALMGPL,36,399,6,0
RD,Strand,03/23/2009,ALMGPL,35,399,5,0
AR,Strand,03/23/2009,ALMGPL,36,399,5,0
LM,Regent Street,03/24/2009,ALMGPL,36,399,2,0
RD,Strand,03/24/2009,ALMGPL,36,399,5,-1
PB,Oxford Street,03/24/2009,ALMGPL,36,399,2,0
AR,Strand,03/24/2009,ALMGPL,35,399,7,-1
JP,Strand,03/24/2009,ALMGPL,37,399,6,0
AR,Strand,03/24/2009,ALMGLP,35,399,5,0
FS,Strand,03/24/2009,ALMGLP,36,399,2,-1
RD,Strand,03/24/2009,JGBEXC,35,195,4,0
FS,Strand,03/24/2009,ALMGPL,35,399,5,-1
JP,Strand,03/25/2009,ALMGPL,35,399,7,-1
FS,Strand,03/25/2009,ALMGPL,36,399,4,0
LM,Regent Street,03/25/2009,ALMGLP,36,399,4,-1
PB,Oxford Street,03/25/2009,JGBEXC,36,195,2,0
JP,Strand,03/25/2009,ALMGLP,36,399,4,-1
PB,Oxford Street,03/25/2009,ALMGLP,36,399,6,0
JP,Strand,03/25/2009,ALMGLP,36,399,2,-1
JP,Strand,03/25/2009,ALMGLP,35,399,5,0
LM,Regent Street,03/25/2009,GCAPRG,35,599,4,-1
FS,Strand,03/25/2009,JGBEXC,35,195,7,0
AR,Strand,03/25/2009,GCAPRG,36,599,2,-1
JP,Strand,03/25/2009,GCAPRG,35,599,4,-1
AR,Strand,03/26/2009,ALMGPL,36,399,5,-1
LM,Regent Street,03/26/2009,JGBEXC,36,195,3,-1
RD,Strand,03/26/2009,JGBEXC,37,195,6,0
AR,Strand,03/26/2009,ALMGPL,35,399,4,-1
AR,Strand,03/26/2009,ALMGPL,36,399,2,-1
ST ,Regent Street,03/26/2009,ALMGPL,37,399,7,0
AR,Strand,03/26/2009,ALMGPL,35,399,2,-1
RD,Strand,03/26/2009,ALMGLP,36,399,3,-1
JP,Strand,03/26/2009,GCAPRG,35,599,6,-1
LM,Regent Street,03/26/2009,ALMGPL,37,399,3,-1
AR,Strand,03/26/2009,ALMGPL,36,399,4,-1
AR,Strand,03/26/2009,ALMGPL,35,399,7,0
AR,Strand,03/27/2009,JGBEXC,36,195,7,0
JP,Strand,03/27/2009,ALMGPL,36,399,3,0
RD,Strand,03/28/2009,JGBEXC,35,195,2,0
ME,Oxford Street,03/28/2009,ALMGLP,37,399,5,0
AR,Strand,03/28/2009,ALMGLP,36,399,4,0
LM,Regent Street,03/28/2009,GCAPRG,36,599,3,-1
RD,Strand,03/28/2009,GCAPRG,36,599,4,-1
LM,Regent Street,03/28/2009,ALMGPL,37,399,3,-1
AR,Strand,03/28/2009,ALMGPL,37,399,2,-1
RD,Strand,03/28/2009,GCAPRG,36,599,4,-1
AR,Strand,03/28/2009,GCAPRG,36,599,6,0
PB,Oxford Street,03/29/2009,ALMGLP,35,399,2,0
PB,Oxford Street,03/29/2009,ALMGLP,35,399,7,-1
AR,Strand,03/29/2009,ALMGLP,36,399,3,0
ME,Oxford Street,03/29/2009,ALMGPL,36,399,7,-1
LM,Regent Street,03/29/2009,ALMGPL,37,399,2,-1
JP,Strand,03/29/2009,ALMGPL,35,399,5,0
FD,Regent Street,03/29/2009,GCAPRG,36,599,5,-1
RD,Strand,03/30/2009,JGBEXC,35,195,3,-1
AR,Strand,03/30/2009,ALMGPL,35,399,3,-1
RD,Strand,03/30/2009,ALMGLP,36,399,7,-1
PB,Oxford Street,03/30/2009,ALMGLP,35,399,2,-1
RD,Strand,03/30/2009,ALMGLP,36,399,7,0
LM,Regent Street,03/30/2009,JGBEXC,35,195,5,0
RD,Strand,03/30/2009,JGBEXC,35,195,2,0
PB,Oxford Street,03/30/2009,ALMGPL,35,399,4,0
RD,Strand,03/30/2009,ALMGPL,37,399,6,-1
AR,Strand,03/31/2009,ALMGPL,35,399,6,0
JP,Strand,03/31/2009,ALMGPL,35,399,5,-1
LM,Regent Street,03/31/2009,JGBEXC,36,195,6,0
FS,Strand,03/31/2009,ALMGLP,35,399,5,0
AR,Strand,03/31/2009,JGBEXC,36,195,4,0
ST ,Regent Street,04/01/2009,JGBEXC,35,195,4,-1
JP,Strand,04/01/2009,JGBEXC,35,195,6,0
AR,Strand,04/01/2009,JGBEXC,37,195,2,-1
PB,Oxford Street,04/01/2009,ALMGPL,35,399,4,-1
JP,Strand,04/01/2009,GCAPRG,35,599,3,-1
AR,Strand,04/02/2009,ALMGPL,35,399,6,-1
JP,Strand,04/02/2009,GCAPRG,37,599,7,0
RD,Strand,04/02/2009,GCAPRG,37,599,2,0
AR,Strand,04/03/2009,ALMGPL,35,399,5,-1
LM,Regent Street,04/03/2009,ALMGPL,37,399,4,0
LM,Regent Street,04/03/2009,ALMGPL,37,399,3,0
JP,Strand,04/03/2009,ALMGPL,36,399,4,-1
FD,Regent Street,04/03/2009,GCAPRG,35,599,7,-1
LM,Regent Street,04/04/2009,ALMGPL,35,399,6,-1
AR,Strand,04/05/2009,ALMGPL,37,399,4,-1
ST ,Regent Street,04/05/2009,GCAPRG,37,599,6,-1
AR,Strand,04/06/2009,ALMGPL,36,399,5,-1
PB,Oxford Street,04/06/2009,ALMGPL,35,399,3,0
AR,Strand,04/06/2009,ALMGPL,37,399,2,0
AR,Strand,04/07/2009,JGBEXC,37,195,7,-1
FD,Regent Street,04/07/2009,ALMGPL,35,399,5,0
ST ,Regent Street,04/07/2009,ALMGPL,36,399,2,0
AR,Strand,04/07/2009,GCAPRG,37,599,5,0
JP,Strand,04/07/2009,GCAPRG,37,599,7,0
JP,Strand,04/08/2009,JGBEXC,35,195,7,0
LM,Regent Street,04/08/2009,ALMGPL,35,399,5,0
FS,Strand,04/08/2009,ALMGPL,35,399,6,0
FD,Regent Street,04/08/2009,ALMGPL,37,399,3,-1
JP,Strand,04/08/2009,ALMGPL,37,399,5,-1
JP,Strand,04/09/2009,ALMGPL,37,399,2,0
JP,Strand,04/09/2009,ALMGPL,37,399,5,-1
PB,Oxford Street,04/09/2009,ALMGPL,35,399,5,0
PB,Oxford Street,04/10/2009,JGBEXC,35,195,5,0
ST ,Regent Street,04/10/2009,ALMGPL,37,399,3,-1
JP,Strand,04/10/2009,ALMGPL,35,399,6,-1
ST ,Regent Street,04/10/2009,GCAPRG,37,599,5,0
AR,Strand,04/11/2009,ALMGPL,35,399,4,-1
AR,Strand,04/11/2009,GCAPRG,35,599,2,-1
AR,Strand,04/15/2009,JGBEXC,37,195,5,-1
ME,Oxford Street,04/15/2009,GCAPRG,35,599,6,-1
RD,Strand,04/15/2009,GCAPRG,36,599,7,0
AR,Strand,04/16/2009,ALMGPL,35,399,7,-1
RD,Strand,04/16/2009,ALMGPL,35,399,3,-1
ST ,Regent Street,04/17/2009,ALMGPL,36,399,4,0
RD,Strand,04/17/2009,ALMGPL,35,399,3,-1
ST ,Regent Street,04/17/2009,ALMGPL,36,399,6,0
FD,Regent Street,04/18/2009,ALMGPL,36,399,2,0
JP,Strand,04/18/2009,ALMGPL,35,399,7,-1
ME,Oxford Street,04/18/2009,ALMGPL,35,399,5,0
LM,Regent Street,04/18/2009,GCAPRG,36,599,2,-1
RD,Strand,04/18/2009,GCAPRG,37,599,5,0
JP,Strand,04/18/2009,GCAPRG,37,599,2,0
RD,Strand,04/19/2009,JGBEXC,36,195,3,0
RD,Strand,04/19/2009,JGBEXC,35,195,4,-1
PB,Oxford Street,04/20/2009,ALMGPL,36,399,4,-1
RD,Strand,04/21/2009,ALMGPL,35,399,6,0
RD,Strand,04/21/2009,ALMGPL,35,399,4,-1
FD,Regent Street,04/21/2009,GCAPRG,37,599,4,0
JP,Strand,04/22/2009,ALMGPL,36,399,4,0
JP,Strand,04/23/2009,ALMGPL,37,399,2,-1
RD,Strand,04/23/2009,GCAPRG,35,599,2,0
PB,Oxford Street,04/25/2009,ALMGPL,36,399,6,0
LM,Regent Street,04/25/2009,ALMGPL,36,399,5,-1
RD,Strand,04/25/2009,ALMGPL,36,399,5,-1
AR,Strand,04/25/2009,ALMGPL,37,399,4,0
AR,Strand,04/25/2009,ALMGPL,36,399,3,-1
AR,Strand,04/25/2009,GCAPRG,37,599,7,-1
FD,Regent Street,04/26/2009,JGBEXC,36,195,6,-1
FD,Regent Street,04/26/2009,ALMGPL,36,399,2,-1
AR,Strand,04/27/2009,ALMGPL,35,399,6,0
AR,Strand,04/28/2009,ALMGPL,36,399,6,-1
RD,Strand,04/28/2009,ALMGPL,35,399,7,-1
JP,Strand,04/28/2009,ALMGPL,37,399,7,-1
PB,Oxford Street,04/29/2009,JGBEXC,37,195,7,-1
FS,Strand,04/29/2009,ALMGPL,36,399,4,-1
AR,Strand,04/29/2009,ALMGPL,35,399,6,0
FS,Strand,04/30/2009,JGBEXC,37,195,5,0
RD,Strand,04/30/2009,ALMGPL,37,399,5,0
JP,Strand,04/30/2009,GCAPRG,36,599,6,0
FS,Strand,05/01/2009,ALMGPL,37,399,3,0
JP,Strand,05/02/2009,ALMGPL,35,399,4,-1
ST ,Regent Street,05/02/2009,ALMGPL,37,399,6,-1
FS,Strand,05/02/2009,ALMGPL,35,399,3,-1
ST ,Regent Street,05/02/2009,ALMGPL,35,399,5,-1
FD,Regent Street,05/03/2009,ALMGPL,36,399,6,0
AR,Strand,05/03/2009,GCAPRG,35,599,5,0
JP,Strand,05/03/2009,GCAPRG,37,599,7,0
JP,Strand,05/04/2009,ALMGPL,35,399,7,0
LM,Regent Street,05/05/2009,ALMGPL,36,399,5,0
AR,Strand,05/07/2009,JGBEXC,35,195,7,-1
ME,Oxford Street,05/07/2009,ALMGPL,36,399,6,0
PB,Oxford Street,05/08/2009,JGBEXC,36,195,7,0
LM,Regent Street,05/08/2009,ALMGPL,36,399,7,-1
JP,Strand,05/09/2009,ALMGPL,36,399,6,-1
LM,Regent Street,05/10/2009,ALMGPL,36,399,2,-1
JP,Strand,05/10/2009,ALMGPL,36,399,6,-1
JP,Strand,05/10/2009,ALMGPL,36,399,7,-1
AR,Strand,05/11/2009,ALMGPL,37,399,2,-1
FS,Strand,05/11/2009,ALMGPL,36,399,6,0
FS,Strand,05/12/2009,JGBEXC,35,195,6,0
LM,Regent Street,05/12/2009,JGBEXC,36,195,5,-1
FD,Regent Street,05/12/2009,ALMGPL,37,399,3,-1
RD,Strand,05/12/2009,ALMGPL,37,399,3,0
AR,Strand,05/13/2009,ALMGPL,37,399,5,-1
ST ,Regent Street,05/13/2009,ALMGPL,35,399,5,-1
AR,Strand,05/14/2009,JGBEXC,35,195,4,-1
JP,Strand,05/14/2009,ALMGPL,36,399,5,-1
RD,Strand,05/14/2009,JGBEXC,37,195,5,-1
FD,Regent Street,05/14/2009,ALMGPL,36,399,6,0
AR,Strand,05/14/2009,ALMGPL,35,399,6,0
AR,Strand,05/15/2009,JGBEXC,36,195,7,0
RD,Strand,05/15/2009,JGBEXC,36,195,6,-1
PB,Oxford Street,05/15/2009,ALMGPL,37,399,7,-1
LM,Regent Street,05/16/2009,ALMGPL,37,399,3,0
ST ,Regent Street,05/16/2009,ALMGPL,35,399,3,-1
LM,Regent Street,05/16/2009,JGBEXC,36,195,5,0
ST ,Regent Street,05/16/2009,ALMGPL,37,399,7,0
FS,Strand,05/18/2009,ALMGPL,37,399,7,-1
ST ,Regent Street,05/18/2009,GCAPRG,35,599,2,-1
RD,Strand,05/19/2009,GCAPRG,35,599,3,0
FS,Strand,05/20/2009,ALMGPL,35,399,5,-1
FD,Regent Street,05/20/2009,GCAPRG,36,599,2,-1
ST ,Regent Street,05/20/2009,GCAPRG,37,599,5,-1
AR,Strand,05/20/2009,GCAPRG,37,599,7,-1
PB,Oxford Street,05/21/2009,ALMGPL,36,399,2,-1
ST ,Regent Street,05/21/2009,JGBEXC,37,195,5,0
JP,Strand,05/21/2009,ALMGPL,36,399,2,0
PB,Oxford Street,05/22/2009,JGBEXC,36,195,4,-1
FD,Regent Street,05/22/2009,ALMGPL,35,399,2,-1
AR,Strand,05/23/2009,ALMGPL,35,399,2,-1
AR,Strand,05/23/2009,GCAPRG,35,599,3,0
ST ,Regent Street,05/25/2009,ALMGPL,35,399,5,0
FD,Regent Street,05/25/2009,JGBEXC,35,195,6,-1
LM,Regent Street,05/25/2009,ALMGPL,36,399,4,-1
PB,Oxford Street,05/26/2009,ALMGPL,36,399,4,-1
AR,Strand,05/26/2009,ALMGPL,37,399,2,-1
LM,Regent Street,05/26/2009,GCAPRG,37,599,5,-1
PB,Oxford Street,05/27/2009,ALMGPL,35,399,4,0
AR,Strand,05/27/2009,GCAPRG,37,599,4,-1
JP,Strand,05/28/2009,ALMGPL,35,399,6,-1
AR,Strand,05/28/2009,ALMGPL,37,399,2,-1
FS,Strand,05/29/2009,ALMGPL,36,399,3,-1
JP,Strand,05/29/2009,GCAPRG,35,599,2,0
AR,Strand,05/29/2009,GCAPRG,37,599,4,-1
JP,Strand,05/30/2009,JGBEXC,37,195,5,-1
PB,Oxford Street,05/30/2009,ALMGPL,37,399,4,0
PB,Oxford Street,05/30/2009,ALMGPL,36,399,2,-1
AR,Strand,05/30/2009,ALMGPL,35,399,3,0
PB,Oxford Street,05/31/2009,ALMGPL,37,399,6,-1
FS,Strand,06/01/2009,ALMGPL,36,399,2,-1
PB,Oxford Street,06/02/2009,JGBEXC,36,195,5,-1
RD,Strand,06/02/2009,JGBEXC,37,195,7,0
RD,Strand,06/02/2009,ALMGPL,35,399,4,-1
PB,Oxford Street,06/02/2009,ALMGPL,36,399,7,-1
AR,Strand,06/02/2009,GCAPRG,37,599,2,-1
JP,Strand,06/02/2009,GCAPRG,35,599,2,0
ST ,Regent Street,06/02/2009,GCAPRG,35,599,3,-1
FD,Regent Street,06/02/2009,GCAPRG,35,599,5,0
RD,Strand,06/03/2009,ALMGPL,35,399,3,-1
RD,Strand,06/04/2009,JGBEXC,36,195,4,-1
ME,Oxford Street,06/04/2009,ALMGPL,36,399,2,-1
JP,Strand,06/04/2009,ALMGPL,37,399,4,0
JP,Strand,06/04/2009,ALMGPL,35,399,6,-1
AR,Strand,06/05/2009,ALMGPL,36,399,6,0
FS,Strand,06/06/2009,ALMGPL,36,399,6,0
FS,Strand,06/06/2009,ALMGPL,36,399,6,0
AR,Strand,06/06/2009,ALMGPL,37,399,5,0
FD,Regent Street,06/06/2009,GCAPRG,35,599,5,-1
JP,Strand,06/07/2009,ALMGPL,35,399,7,-1
RD,Strand,06/08/2009,JGBEXC,37,195,3,0
FS,Strand,06/08/2009,ALMGPL,37,399,7,0
ME,Oxford Street,06/08/2009,GCAPRG,37,599,5,0
ME,Oxford Street,06/09/2009,ALMGPL,37,399,5,-1
JP,Strand,06/09/2009,GCAPRG,37,599,2,0
FD,Regent Street,06/10/2009,JGBEXC,35,195,5,0
LM,Regent Street,06/10/2009,JGBEXC,36,195,5,0
RD,Strand,06/10/2009,ALMGPL,35,399,6,0
RD,Strand,06/11/2009,ALMGPL,35,399,7,-1
ST ,Regent Street,06/11/2009,ALMGPL,36,399,4,0
AR,Strand,06/11/2009,GCAPRG,36,599,5,-1
LM,Regent Street,06/12/2009,GCAPRG,36,599,4,-1
ME,Oxford Street,06/13/2009,ALMGPL,35,399,6,0
RD,Strand,06/13/2009,JGBEXC,35,195,3,0
RD,Strand,06/13/2009,ALMGPL,37,399,7,-1
ST ,Regent Street,06/13/2009,GCAPRG,35,599,6,0
JP,Strand,06/14/2009,JGBEXC,36,195,7,-1
AR,Strand,06/14/2009,ALMGPL,36,399,2,-1
AR,Strand,06/14/2009,GCAPRG,37,599,6,-1
RD,Strand,06/14/2009,GCAPRG,35,599,4,-1
JP,Strand,06/15/2009,ALMGPL,37,399,3,0
PB,Oxford Street,06/16/2009,JGBEXC,35,195,3,0
PB,Oxford Street,06/17/2009,ALMGPL,36,399,4,-1
ME,Oxford Street,06/17/2009,ALMGPL,36,399,3,0
ST ,Regent Street,06/17/2009,ALMGPL,37,399,4,0
RD,Strand,06/17/2009,ALMGPL,35,399,6,0
ST ,Regent Street,06/18/2009,JGBEXC,37,195,7,-1
AR,Strand,06/18/2009,ALMGPL,35,399,7,0
FS,Strand,06/20/2009,JGBEXC,37,195,6,-1
AR,Strand,06/20/2009,ALMGPL,37,399,3,0
ST ,Regent Street,06/20/2009,ALMGPL,37,399,5,0
LM,Regent Street,06/20/2009,ALMGPL,37,399,4,0
RD,Strand,06/21/2009,ALMGPL,35,399,4,0
RD,Strand,06/22/2009,ALMGPL,35,399,5,-1
AR,Strand,06/23/2009,JGBEXC,37,195,2,-1
FS,Strand,06/23/2009,JGBEXC,35,195,4,-1
PB,Oxford Street,06/23/2009,ALMGPL,35,399,4,-1
JP,Strand,06/23/2009,GCAPRG,37,599,6,0
AR,Strand,06/25/2009,ALMGPL,37,399,3,0
AR,Strand,06/26/2009,ALMGPL,37,399,2,-1
JP,Strand,06/26/2009,ALMGPL,36,399,2,0
RD,Strand,06/27/2009,ALMGPL,35,399,3,-1
AR,Strand,06/27/2009,ALMGPL,35,399,5,-1
FD,Regent Street,06/27/2009,GCAPRG,37,599,6,0
PB,Oxford Street,06/28/2009,JGBEXC,37,195,5,0
LM,Regent Street,06/29/2009,ALMGPL,35,399,6,-1
FD,Regent Street,06/29/2009,ALMGPL,35,399,5,-1
AR,Strand,06/29/2009,ALMGPL,37,399,7,-1
