Staff,Office,Date,Booking,Week,Price,Number,Tour
ST ,Regent Street,01/01/2009,JGBEXC,36,195,3,0
PB,Oxford Street,01/01/2009,JGBEXC,37,195,7,-1
AR,Strand,01/01/2009,ALMGPL,36,399,7,0
ME,Oxford Street,01/01/2009,ALMGPL,36,399,2,0
ST ,Regent Street,01/01/2009,JGBEXC,36,195,6,-1
AR,Strand,01/01/2009,ALMGLP,37,399,7,-1
JP,Strand,01/01/2009,ALMGLP,36,399,7,0
FD,Regent Street,02/01/2009,ALMGPL,36,399,4,0
FD,Regent Street,02/01/2009,ALMGPL,35,399,7,-1
PB,Oxford Street,02/01/2009,ALMGLP,36,399,5,-1
JP,Strand,02/01/2009,GCAPRG,36,599,2,0
FS,Strand,03/01/2009,JGBEXC,36,195,5,-1
RD,Strand,03/01/2009,ALMGPL,36,399,5,-1
JP,Strand,03/01/2009,ALMGLP,35,399,6,-1
LM,Regent Street,03/01/2009,ALMGLP,36,399,5,-1
ST ,Regent Street,03/01/2009,GCAPRG,37,599,3,0
ME,Oxford Street,04/01/2009,ALMGPL,36,399,5,-1
RD,Strand,04/01/2009,ALMGPL,36,399,2,0
PB,Oxford Street,05/01/2009,ALMGPL,35,399,7,-1
ST ,Regent Street,05/01/2009,ALMGPL,35,399,3,0
AR,Strand,05/01/2009,GCAPRG,35,599,6,-1
PB,Oxford Street,06/01/2009,ALMGPL,36,399,5,0
AR,Strand,06/01/2009,ALMGPL,35,399,4,-1
FD,Regent Street,07/01/2009,ALMGLP,36,399,3,-1
AR,Strand,07/01/2009,ALMGLP,36,399,4,0
LM,Regent Street,08/01/2009,ALMGPL,36,399,2,-1
JP,Strand,08/01/2009,JGBEXC,37,195,3,0
PB,Oxford Street,08/01/2009,ALMGLP,36,399,7,-1
RD,Strand,08/01/2009,ALMGLP,36,399,4,-1
AR,Strand,08/01/2009,ALMGLP,35,399,5,0
AR,Strand,09/01/2009,ALMGPL,35,399,3,0
JP,Strand,09/01/2009,ALMGPL,37,399,4,0
FD,Regent Street,09/01/2009,JGBEXC,36,195,6,0
PB,Oxford Street,09/01/2009,ALMGLP,36,399,5,-1
JP,Strand,09/01/2009,ALMGLP,36,399,7,-1
JP,Strand,09/01/2009,GCAPRG,37,599,2,0
ST ,Regent Street,10/01/2009,JGBEXC,35,195,4,-1
RD,Strand,10/01/2009,ALMGPL,35,399,2,-1
FS,Strand,10/01/2009,ALMGPL,35,399,4,-1
ST ,Regent Street,10/01/2009,ALMGLP,35,399,6,0
JP,Strand,10/01/2009,ALMGLP,36,399,5,-1
FD,Regent Street,10/01/2009,ALMGLP,35,399,2,-1
FD,Regent Street,10/01/2009,GCAPRG,36,599,6,-1
AR,Strand,10/01/2009,GCAPRG,35,599,2,0
JP,Strand,10/01/2009,GCAPRG,35,599,3,0
AR,Strand,10/01/2009,GCAPRG,35,599,6,-1
LM,Regent Street,11/01/2009,JGBEXC,37,195,3,0
PB,Oxford Street,11/01/2009,JGBEXC,35,195,7,-1
RD,Strand,11/01/2009,ALMGLP,36,399,5,0
JP,Strand,12/01/2009,ALMGPL,36,399,4,-1
RD,Strand,12/01/2009,ALMGPL,36,399,5,0
RD,Strand,12/01/2009,ALMGPL,35,399,7,0
RD,Strand,12/01/2009,JGBEXC,37,195,2,-1
RD,Strand,12/01/2009,ALMGLP,35,399,2,-1
AR,Strand,13/01/2009,ALMGPL,35,399,3,0
FD,Regent Street,13/01/2009,ALMGPL,37,399,6,-1
AR,Strand,13/01/2009,GCAPRG,36,599,5,0
JP,Strand,14/01/2009,JGBEXC,35,195,2,-1
ST ,Regent Street,14/01/2009,ALMGPL,35,399,7,0
RD,Strand,14/01/2009,ALMGLP,35,399,4,0
PB,Oxford Street,15/01/2009,JGBEXC,35,195,7,0
FD,Regent Street,15/01/2009,ALMGLP,36,399,2,-1
JP,Strand,15/01/2009,GCAPRG,36,599,2,-1
FS,Strand,16/01/2009,ALMGPL,36,399,4,0
LM,Regent Street,16/01/2009,ALMGPL,35,399,5,-1
AR,Strand,16/01/2009,JGBEXC,35,195,4,0
ST ,Regent Street,16/01/2009,GCAPRG,35,599,3,0
RD,Strand,17/01/2009,JGBEXC,35,195,7,0
PB,Oxford Street,17/01/2009,ALMGLP,36,399,5,-1
ST ,Regent Street,17/01/2009,ALMGLP,35,399,5,-1
ME,Oxford Street,18/01/2009,ALMGPL,35,399,5,0
JP,Strand,18/01/2009,ALMGPL,37,399,4,0
AR,Strand,18/01/2009,ALMGLP,36,399,7,0
ST ,Regent Street,18/01/2009,ALMGLP,36,399,4,-1
JP,Strand,19/01/2009,ALMGPL,36,399,5,0
PB,Oxford Street,19/01/2009,ALMGLP,36,399,3,-1
PB,Oxford Street,20/01/2009,ALMGPL,36,399,5,-1
JP,Strand,20/01/2009,ALMGLP,35,399,3,-1
AR,Strand,20/01/2009,GCAPRG,36,599,7,-1
RD,Strand,21/01/2009,ALMGPL,36,399,5,0
PB,Oxford Street,21/01/2009,JGBEXC,36,195,5,0
PB,Oxford Street,22/01/2009,ALMGLP,36,399,7,0
ST ,Regent Street,22/01/2009,ALMGLP,35,399,7,0
LM,Regent Street,22/01/2009,ALMGLP,36,399,6,-1
FD,Regent Street,23/01/2009,ALMGPL,37,399,5,0
ME,Oxford Street,23/01/2009,ALMGLP,35,399,3,-1
JP,Strand,24/01/2009,JGBEXC,35,195,7,-1
JP,Strand,24/01/2009,ALMGPL,36,399,3,-1
ST ,Regent Street,24/01/2009,GCAPRG,36,599,2,-1
ST ,Regent Street,25/01/2009,ALMGPL,35,399,3,-1
PB,Oxford Street,25/01/2009,JGBEXC,37,195,4,-1
JP,Strand,25/01/2009,GCAPRG,36,599,4,0
RD,Strand,25/01/2009,GCAPRG,35,599,7,0
AR,Strand,26/01/2009,JGBEXC,35,195,5,0
RD,Strand,26/01/2009,JGBEXC,35,195,7,-1
RD,Strand,26/01/2009,JGBEXC,35,195,2,-1
ST ,Regent Street,26/01/2009,GCAPRG,35,599,5,0
FS,Strand,27/01/2009,ALMGPL,36,399,4,0
PB,Oxford Street,27/01/2009,ALMGPL,36,399,6,0
ST ,Regent Street,27/01/2009,ALMGPL,35,399,4,-1
RD,Strand,27/01/2009,ALMGPL,37,399,7,-1
JP,Strand,27/01/2009,JGBEXC,36,195,2,0
RD,Strand,27/01/2009,GCAPRG,36,599,6,0
RD,Strand,27/01/2009,GCAPRG,35,599,6,-1
JP,Strand,28/01/2009,ALMGPL,37,399,6,-1
JP,Strand,28/01/2009,ALMGLP,35,399,3,-1
FS,Strand,29/01/2009,JGBEXC,36,195,5,0
PB,Oxford Street,29/01/2009,JGBEXC,36,195,4,0
PB,Oxford Street,29/01/2009,JGBEXC,36,195,5,-1
ST ,Regent Street,29/01/2009,ALMGLP,35,399,5,-1
LM,Regent Street,30/01/2009,ALMGPL,37,399,6,0
ST ,Regent Street,30/01/2009,ALMGPL,36,399,7,0
ME,Oxford Street,30/01/2009,ALMGPL,36,399,4,-1
AR,Strand,31/01/2009,JGBEXC,36,195,6,-1
FD,Regent Street,31/01/2009,ALMGPL,36,399,4,-1
FD,Regent Street,31/01/2009,ALMGPL,35,399,7,-1
AR,Strand,31/01/2009,ALMGPL,37,399,4,-1
AR,Strand,31/01/2009,ALMGLP,36,399,6,-1
AR,Strand,01/02/2009,JGBEXC,36,195,6,0
AR,Strand,01/02/2009,ALMGPL,35,399,2,0
FS,Strand,01/02/2009,ALMGLP,36,399,4,-1
RD,Strand,01/02/2009,ALMGLP,37,399,2,-1
AR,Strand,01/02/2009,ALMGLP,35,399,7,0
JP,Strand,01/02/2009,ALMGLP,35,399,6,0
AR,Strand,01/02/2009,GCAPRG,37,599,2,-1
PB,Oxford Street,02/02/2009,JGBEXC,36,195,6,0
AR,Strand,02/02/2009,ALMGPL,35,399,5,-1
LM,Regent Street,02/02/2009,ALMGPL,37,399,5,-1
FS,Strand,02/02/2009,ALMGLP,36,399,4,-1
AR,Strand,02/02/2009,ALMGLP,36,399,7,0
JP,Strand,02/02/2009,ALMGLP,35,399,2,0
AR,Strand,02/02/2009,GCAPRG,36,599,5,-1
PB,Oxford Street,03/02/2009,ALMGPL,36,399,5,-1
FD,Regent Street,03/02/2009,ALMGPL,37,399,5,-1
PB,Oxford Street,03/02/2009,ALMGLP,35,399,5,-1
RD,Strand,04/02/2009,JGBEXC,36,195,6,0
FS,Strand,04/02/2009,ALMGPL,35,399,3,0
RD,Strand,04/02/2009,ALMGPL,36,399,6,0
RD,Strand,04/02/2009,ALMGLP,36,399,2,-1
FD,Regent Street,04/02/2009,ALMGLP,35,399,2,0
AR,Strand,04/02/2009,ALMGLP,36,399,7,0
ST ,Regent Street,05/02/2009,GCAPRG,35,599,4,-1
RD,Strand,06/02/2009,ALMGLP,35,399,3,0
JP,Strand,06/02/2009,ALMGLP,35,399,4,-1
ST ,Regent Street,06/02/2009,ALMGLP,36,399,7,-1
ST ,Regent Street,07/02/2009,ALMGPL,36,399,7,0
JP,Strand,07/02/2009,ALMGPL,37,399,4,-1
AR,Strand,07/02/2009,ALMGLP,36,399,6,0
RD,Strand,07/02/2009,ALMGLP,37,399,2,-1
AR,Strand,07/02/2009,ALMGLP,36,399,3,-1
JP,Strand,07/02/2009,ALMGLP,35,399,6,-1
RD,Strand,08/02/2009,ALMGPL,36,399,7,-1
FS,Strand,08/02/2009,JGBEXC,35,195,7,-1
AR,Strand,08/02/2009,ALMGLP,35,399,6,0
JP,Strand,09/02/2009,JGBEXC,37,195,3,-1
FD,Regent Street,09/02/2009,JGBEXC,36,195,3,-1
LM,Regent Street,09/02/2009,ALMGLP,35,399,5,-1
AR,Strand,09/02/2009,ALMGLP,35,399,2,-1
AR,Strand,09/02/2009,ALMGLP,35,399,5,-1
FS,Strand,10/02/2009,ALMGPL,36,399,6,0
PB,Oxford Street,10/02/2009,JGBEXC,35,195,3,-1
PB,Oxford Street,10/02/2009,ALMGPL,35,399,6,-1
LM,Regent Street,10/02/2009,ALMGPL,35,399,4,0
ST ,Regent Street,10/02/2009,JGBEXC,36,195,6,0
LM,Regent Street,10/02/2009,ALMGLP,35,399,7,-1
LM,Regent Street,11/02/2009,ALMGPL,36,399,5,0
RD,Strand,11/02/2009,JGBEXC,36,195,7,0
ST ,Regent Street,11/02/2009,ALMGLP,35,399,6,0
AR,Strand,11/02/2009,GCAPRG,35,599,7,0
AR,Strand,12/02/2009,ALMGPL,35,399,3,-1
AR,Strand,12/02/2009,ALMGPL,36,399,2,-1
FS,Strand,12/02/2009,JGBEXC,35,195,5,-1
AR,Strand,12/02/2009,ALMGLP,36,399,4,-1
ME,Oxford Street,12/02/2009,GCAPRG,35,599,2,0
PB,Oxford Street,13/02/2009,JGBEXC,37,195,3,-1
FD,Regent Street,13/02/2009,JGBEXC,36,195,2,0
AR,Strand,13/02/2009,ALMGPL,37,399,4,0
PB,Oxford Street,13/02/2009,ALMGPL,35,399,6,-1
AR,Strand,13/02/2009,ALMGPL,36,399,7,-1
FD,Regent Street,13/02/2009,ALMGLP,35,399,6,-1
LM,Regent Street,13/02/2009,ALMGLP,37,399,3,0
AR,Strand,13/02/2009,ALMGLP,35,399,7,0
FD,Regent Street,14/02/2009,ALMGPL,35,399,5,-1
LM,Regent Street,14/02/2009,ALMGPL,35,399,4,-1
PB,Oxford Street,14/02/2009,ALMGLP,36,399,7,-1
RD,Strand,15/02/2009,ALMGPL,35,399,7,0
JP,Strand,15/02/2009,ALMGLP,37,399,6,-1
FS,Strand,15/02/2009,JGBEXC,35,195,5,-1
FS,Strand,15/02/2009,ALMGLP,36,399,4,-1
LM,Regent Street,15/02/2009,ALMGLP,36,399,2,0
RD,Strand,15/02/2009,GCAPRG,35,599,4,-1
ST ,Regent Street,16/02/2009,ALMGPL,35,399,4,-1
PB,Oxford Street,16/02/2009,ALMGPL,35,399,2,0
FS,Strand,17/02/2009,ALMGPL,37,399,3,0
PB,Oxford Street,17/02/2009,ALMGPL,35,399,4,0
AR,Strand,17/02/2009,ALMGPL,35,399,4,0
RD,Strand,18/02/2009,JGBEXC,36,195,2,0
RD,Strand,18/02/2009,JGBEXC,37,195,2,-1
LM,Regent Street,19/02/2009,ALMGPL,35,399,5,0
AR,Strand,19/02/2009,JGBEXC,36,195,5,-1
LM,Regent Street,19/02/2009,GCAPRG,37,599,2,0
RD,Strand,20/02/2009,ALMGPL,35,399,4,-1
PB,Oxford Street,20/02/2009,ALMGPL,36,399,4,-1
ST ,Regent Street,20/02/2009,ALMGPL,35,399,6,0
ME,Oxford Street,21/02/2009,ALMGLP,35,399,4,0
LM,Regent Street,21/02/2009,JGBEXC,35,195,4,0
ST ,Regent Street,21/02/2009,ALMGLP,36,399,7,0
LM,Regent Street,22/02/2009,ALMGPL,36,399,2,-1
AR,Strand,22/02/2009,ALMGPL,37,399,3,-1
AR,Strand,22/02/2009,JGBEXC,35,195,5,-1
AR,Strand,22/02/2009,ALMGLP,36,399,6,-1
JP,Strand,22/02/2009,GCAPRG,37,599,6,-1
FD,Regent Street,23/02/2009,JGBEXC,35,195,3,0
AR,Strand,23/02/2009,ALMGPL,35,399,2,-1
PB,Oxford Street,23/02/2009,JGBEXC,35,195,7,-1
AR,Strand,23/02/2009,JGBEXC,36,195,4,-1
RD,Strand,23/02/2009,JGBEXC,37,195,6,-1
AR,Strand,23/02/2009,ALMGLP,35,399,5,0
AR,Strand,24/02/2009,JGBEXC,35,195,3,-1
JP,Strand,24/02/2009,JGBEXC,35,195,3,0
AR,Strand,24/02/2009,ALMGPL,37,399,7,-1
PB,Oxford Street,24/02/2009,JGBEXC,35,195,7,0
ST ,Regent Street,24/02/2009,ALMGLP,35,399,4,0
RD,Strand,25/02/2009,ALMGPL,35,399,2,-1
JP,Strand,25/02/2009,ALMGPL,35,399,3,-1
LM,Regent Street,25/02/2009,ALMGLP,36,399,6,0
RD,Strand,25/02/2009,GCAPRG,36,599,4,-1
AR,Strand,26/02/2009,ALMGLP,35,399,7,0
FS,Strand,26/02/2009,ALMGLP,36,399,7,0
AR,Strand,27/02/2009,ALMGPL,35,399,4,0
FD,Regent Street,27/02/2009,JGBEXC,37,195,3,-1
JP,Strand,27/02/2009,ALMGLP,36,399,5,0
ST ,Regent Street,27/02/2009,ALMGLP,36,399,6,-1
LM,Regent Street,27/02/2009,ALMGLP,35,399,3,0
FD,Regent Street,27/02/2009,ALMGLP,35,399,3,-1
FS,Strand,28/02/2009,JGBEXC,37,195,2,-1
RD,Strand,28/02/2009,ALMGPL,36,399,7,0
PB,Oxford Street,28/02/2009,ALMGLP,37,399,7,0
FD,Regent Street,28/02/2009,GCAPRG,35,599,5,-1
AR,Strand,01/03/2009,ALMGPL,35,399,3,-1
FS,Strand,01/03/2009,ALMGLP,36,399,7,-1
JP,Strand,01/03/2009,ALMGLP,36,399,7,0
AR,Strand,01/03/2009,GCAPRG,36,599,4,0
ST ,Regent Street,01/03/2009,JGBEXC,36,195,5,0
LM,Regent Street,01/03/2009,GCAPRG,37,599,4,-1
AR,Strand,02/03/2009,JGBEXC,36,195,7,0
PB,Oxford Street,02/03/2009,JGBEXC,37,195,5,0
JP,Strand,02/03/2009,ALMGPL,35,399,4,-1
LM,Regent Street,02/03/2009,ALMGLP,35,399,5,0
PB,Oxford Street,02/03/2009,ALMGPL,35,399,5,-1
FS,Strand,03/03/2009,ALMGPL,35,399,5,-1
ST ,Regent Street,03/03/2009,JGBEXC,36,195,6,0
JP,Strand,03/03/2009,JGBEXC,36,195,3,0
AR,Strand,03/03/2009,ALMGPL,36,399,4,-1
FS,Strand,03/03/2009,ALMGPL,37,399,5,-1
RD,Strand,03/03/2009,ALMGPL,36,399,4,0
ST ,Regent Street,04/03/2009,ALMGPL,35,399,3,0
PB,Oxford Street,04/03/2009,ALMGPL,35,399,4,0
JP,Strand,04/03/2009,ALMGLP,35,399,7,-1
FS,Strand,04/03/2009,ALMGLP,37,399,3,-1
ME,Oxford Street,04/03/2009,ALMGLP,36,399,4,0
PB,Oxford Street,04/03/2009,JGBEXC,35,195,3,-1
RD,Strand,04/03/2009,ALMGPL,36,399,7,0
LM,Regent Street,05/03/2009,ALMGPL,36,399,7,0
RD,Strand,05/03/2009,JGBEXC,36,195,2,-1
JP,Strand,05/03/2009,ALMGPL,36,399,4,-1
JP,Strand,05/03/2009,ALMGPL,36,399,7,0
PB,Oxford Street,05/03/2009,ALMGPL,37,399,5,-1
ST ,Regent Street,05/03/2009,ALMGPL,35,399,6,0
ST ,Regent Street,05/03/2009,ALMGPL,36,399,6,-1
JP,Strand,05/03/2009,ALMGLP,37,399,7,0
RD,Strand,05/03/2009,ALMGLP,35,399,6,-1
ST ,Regent Street,05/03/2009,ALMGLP,36,399,4,-1
JP,Strand,05/03/2009,GCAPRG,36,599,7,0
FD,Regent Street,06/03/2009,ALMGLP,35,399,6,-1
RD,Strand,06/03/2009,ALMGLP,35,399,6,-1
PB,Oxford Street,06/03/2009,ALMGLP,36,399,7,-1
AR,Strand,06/03/2009,ALMGLP,36,399,6,-1
AR,Strand,06/03/2009,GCAPRG,36,599,3,-1
PB,Oxford Street,06/03/2009,ALMGPL,35,399,5,-1
FS,Strand,06/03/2009,ALMGPL,36,399,4,0
FD,Regent Street,06/03/2009,ALMGPL,37,399,7,0
AR,Strand,07/03/2009,JGBEXC,36,195,5,0
JP,Strand,07/03/2009,ALMGPL,36,399,2,-1
RD,Strand,07/03/2009,ALMGLP,36,399,3,-1
LM,Regent Street,07/03/2009,ALMGLP,35,399,3,-1
FD,Regent Street,07/03/2009,JGBEXC,36,195,7,0
JP,Strand,07/03/2009,ALMGPL,37,399,7,0
ME,Oxford Street,07/03/2009,ALMGPL,36,399,6,-1
AR,Strand,07/03/2009,GCAPRG,36,599,4,-1
JP,Strand,07/03/2009,GCAPRG,35,599,3,-1
JP,Strand,08/03/2009,ALMGLP,37,399,5,-1
JP,Strand,08/03/2009,ALMGPL,37,399,6,0
RD,Strand,08/03/2009,GCAPRG,36,599,3,-1
AR,Strand,09/03/2009,ALMGPL,35,399,2,0
FS,Strand,09/03/2009,ALMGPL,35,399,5,0
LM,Regent Street,09/03/2009,ALMGPL,36,399,7,-1
ME,Oxford Street,09/03/2009,ALMGPL,37,399,3,-1
LM,Regent Street,09/03/2009,ALMGPL,35,399,5,0
JP,Strand,09/03/2009,ALMGPL,35,399,4,0
AR,Strand,10/03/2009,ALMGLP,36,399,2,0
LM,Regent Street,10/03/2009,ALMGLP,35,399,7,0
FS,Strand,10/03/2009,JGBEXC,37,195,2,0
RD,Strand,10/03/2009,JGBEXC,35,195,3,-1
RD,Strand,10/03/2009,ALMGPL,37,399,3,0
AR,Strand,11/03/2009,JGBEXC,35,195,6,0
FD,Regent Street,11/03/2009,ALMGPL,35,399,5,-1
AR,Strand,11/03/2009,ALMGPL,35,399,5,0
JP,Strand,11/03/2009,JGBEXC,37,195,3,0
PB,Oxford Street,11/03/2009,ALMGPL,36,399,7,-1
FD,Regent Street,11/03/2009,ALMGPL,36,399,6,0
ST ,Regent Street,12/03/2009,ALMGPL,35,399,5,0
JP,Strand,12/03/2009,ALMGPL,35,399,7,-1
RD,Strand,12/03/2009,ALMGLP,35,399,4,-1
RD,Strand,12/03/2009,JGBEXC,36,195,7,-1
FS,Strand,12/03/2009,ALMGLP,36,399,7,0
JP,Strand,12/03/2009,JGBEXC,37,195,2,-1
LM,Regent Street,13/03/2009,JGBEXC,35,195,4,-1
FS,Strand,13/03/2009,ALMGPL,37,399,3,-1
JP,Strand,13/03/2009,ALMGPL,35,399,3,-1
ST ,Regent Street,13/03/2009,JGBEXC,36,195,4,0
RD,Strand,13/03/2009,ALMGLP,37,399,4,-1
FS,Strand,13/03/2009,ALMGLP,36,399,4,-1
AR,Strand,13/03/2009,ALMGLP,35,399,2,-1
JP,Strand,13/03/2009,GCAPRG,36,599,4,-1
FS,Strand,14/03/2009,JGBEXC,35,195,4,-1
RD,Strand,14/03/2009,JGBEXC,36,195,6,0
FS,Strand,14/03/2009,ALMGLP,37,399,3,-1
AR,Strand,14/03/2009,GCAPRG,37,599,5,0
FS,Strand,15/03/2009,ALMGPL,37,399,4,-1
PB,Oxford Street,15/03/2009,ALMGPL,37,399,4,0
JP,Strand,15/03/2009,JGBEXC,37,195,6,-1
JP,Strand,15/03/2009,ALMGLP,35,399,7,-1
FD,Regent Street,16/03/2009,JGBEXC,35,195,4,-1
AR,Strand,16/03/2009,JGBEXC,37,195,4,0
RD,Strand,16/03/2009,JGBEXC,35,195,6,-1
ME,Oxford Street,16/03/2009,ALMGLP,35,399,2,-1
AR,Strand,16/03/2009,ALMGLP,36,399,6,0
FS,Strand,16/03/2009,ALMGLP,37,399,7,0
JP,Strand,16/03/2009,GCAPRG,35,599,2,-1
RD,Strand,16/03/2009,ALMGPL,36,399,4,-1
AR,Strand,16/03/2009,ALMGPL,35,399,5,0
AR,Strand,17/03/2009,ALMGLP,36,399,6,-1
JP,Strand,17/03/2009,ALMGLP,37,399,4,0
FD,Regent Street,17/03/2009,GCAPRG,36,599,6,-1
ST ,Regent Street,17/03/2009,GCAPRG,36,599,4,-1
FD,Regent Street,17/03/2009,GCAPRG,37,599,2,-1
AR,Strand,17/03/2009,GCAPRG,36,599,5,0
JP,Strand,17/03/2009,ALMGPL,36,399,2,0
ST ,Regent Street,17/03/2009,ALMGPL,36,399,3,-1
AR,Strand,17/03/2009,GCAPRG,35,599,2,0
LM,Regent Street,17/03/2009,GCAPRG,35,599,4,0
AR,Strand,18/03/2009,ALMGPL,37,399,2,0
RD,Strand,18/03/2009,ALMGLP,37,399,7,-1
FD,Regent Street,18/03/2009,ALMGPL,35,399,4,-1
FD,Regent Street,19/03/2009,ALMGPL,37,399,3,0
AR,Strand,19/03/2009,JGBEXC,37,195,5,-1
LM,Regent Street,19/03/2009,JGBEXC,36,195,7,-1
ST ,Regent Street,19/03/2009,ALMGLP,35,399,4,-1
AR,Strand,19/03/2009,ALMGPL,37,399,7,-1
ST ,Regent Street,19/03/2009,ALMGPL,36,399,4,-1
RD,Strand,19/03/2009,ALMGPL,35,399,6,-1
AR,Strand,20/03/2009,ALMGPL,35,399,3,0
RD,Strand,20/03/2009,ALMGPL,36,399,7,-1
ME,Oxford Street,20/03/2009,ALMGLP,35,399,7,-1
AR,Strand,20/03/2009,ALMGPL,35,399,2,-1
PB,Oxford Street,21/03/2009,ALMGPL,35,399,7,0
FS,Strand,21/03/2009,ALMGPL,37,399,3,0
JP,Strand,21/03/2009,ALMGPL,35,399,6,-1
FD,Regent Street,21/03/2009,ALMGLP,36,399,5,0
PB,Oxford Street,21/03/2009,ALMGLP,37,399,2,-1
JP,Strand,21/03/2009,ALMGLP,36,399,2,-1
ME,Oxford Street,21/03/2009,GCAPRG,36,599,6,0
PB,Oxford Street,21/03/2009,ALMGPL,37,399,7,0
ME,Oxford Street,22/03/2009,ALMGPL,37,399,2,-1
AR,Strand,22/03/2009,ALMGPL,36,399,6,-1
RD,Strand,22/03/2009,ALMGPL,36,399,4,0
AR,Strand,22/03/2009,ALMGLP,35,399,5,0
ST ,Regent Street,22/03/2009,ALMGLP,37,399,3,0
AR,Strand,22/03/2009,ALMGLP,36,399,4,-1
FS,Strand,22/03/2009,ALMGPL,37,399,3,0
LM,Regent Street,22/03/2009,ALMGPL,37,399,4,-1
AR,Strand,22/03/2009,ALMGPL,36,399,4,-1
ST ,Regent Street,22/03/2009,GCAPRG,35,599,4,-1
FS,Strand,23/03/2009,JGBEXC,35,195,5,-1
JP,Strand,23/03/2009,ALMGPL,36,399,6,0
RD,Strand,23/03/2009,ALMGPL,35,399,5,0
AR,Strand,23/03/2009,ALMGPL,36,399,5,0
LM,Regent Street,24/03/2009,ALMGPL,36,399,2,0
RD,Strand,24/03/2009,ALMGPL,36,399,5,-1
PB,Oxford Street,24/03/2009,ALMGPL,36,399,2,0
AR,Strand,24/03/2009,ALMGPL,35,399,7,-1
JP,Strand,24/03/2009,ALMGPL,37,399,6,0
AR,Strand,24/03/2009,ALMGLP,35,399,5,0
FS,Strand,24/03/2009,ALMGLP,36,399,2,-1
RD,Strand,24/03/2009,JGBEXC,35,195,4,0
FS,Strand,24/03/2009,ALMGPL,35,399,5,-1
JP,Strand,25/03/2009,ALMGPL,35,399,7,-1
FS,Strand,25/03/2009,ALMGPL,36,399,4,0
LM,Regent Street,25/03/2009,ALMGLP,36,399,4,-1
PB,Oxford Street,25/03/2009,JGBEXC,36,195,2,0
JP,Strand,25/03/2009,ALMGLP,36,399,4,-1
PB,Oxford Street,25/03/2009,ALMGLP,36,399,6,0
JP,Strand,25/03/2009,ALMGLP,36,399,2,-1
JP,Strand,25/03/2009,ALMGLP,35,399,5,0
LM,Regent Street,25/03/2009,GCAPRG,35,599,4,-1
FS,Strand,25/03/2009,JGBEXC,35,195,7,0
AR,Strand,25/03/2009,GCAPRG,36,599,2,-1
JP,Strand,25/03/2009,GCAPRG,35,599,4,-1
AR,Strand,26/03/2009,ALMGPL,36,399,5,-1
LM,Regent Street,26/03/2009,JGBEXC,36,195,3,-1
RD,Strand,26/03/2009,JGBEXC,37,195,6,0
AR,Strand,26/03/2009,ALMGPL,35,399,4,-1
AR,Strand,26/03/2009,ALMGPL,36,399,2,-1
ST ,Regent Street,26/03/2009,ALMGPL,37,399,7,0
AR,Strand,26/03/2009,ALMGPL,35,399,2,-1
RD,Strand,26/03/2009,ALMGLP,36,399,3,-1
JP,Strand,26/03/2009,GCAPRG,35,599,6,-1
LM,Regent Street,26/03/2009,ALMGPL,37,399,3,-1
AR,Strand,26/03/2009,ALMGPL,36,399,4,-1
AR,Strand,26/03/2009,ALMGPL,35,399,7,0
AR,Strand,27/03/2009,JGBEXC,36,195,7,0
JP,Strand,27/03/2009,ALMGPL,36,399,3,0
RD,Strand,28/03/2009,JGBEXC,35,195,2,0
ME,Oxford Street,28/03/2009,ALMGLP,37,399,5,0
AR,Strand,28/03/2009,ALMGLP,36,399,4,0
LM,Regent Street,28/03/2009,GCAPRG,36,599,3,-1
RD,Strand,28/03/2009,GCAPRG,36,599,4,-1
LM,Regent Street,28/03/2009,ALMGPL,37,399,3,-1
AR,Strand,28/03/2009,ALMGPL,37,399,2,-1
RD,Strand,28/03/2009,GCAPRG,36,599,4,-1
AR,Strand,28/03/2009,GCAPRG,36,599,6,0
PB,Oxford Street,29/03/2009,ALMGLP,35,399,2,0
PB,Oxford Street,29/03/2009,ALMGLP,35,399,7,-1
AR,Strand,29/03/2009,ALMGLP,36,399,3,0
ME,Oxford Street,29/03/2009,ALMGPL,36,399,7,-1
LM,Regent Street,29/03/2009,ALMGPL,37,399,2,-1
JP,Strand,29/03/2009,ALMGPL,35,399,5,0
FD,Regent Street,29/03/2009,GCAPRG,36,599,5,-1
RD,Strand,30/03/2009,JGBEXC,35,195,3,-1
AR,Strand,30/03/2009,ALMGPL,35,399,3,-1
RD,Strand,30/03/2009,ALMGLP,36,399,7,-1
PB,Oxford Street,30/03/2009,ALMGLP,35,399,2,-1
RD,Strand,30/03/2009,ALMGLP,36,399,7,0
LM,Regent Street,30/03/2009,JGBEXC,35,195,5,0
RD,Strand,30/03/2009,JGBEXC,35,195,2,0
PB,Oxford Street,30/03/2009,ALMGPL,35,399,4,0
RD,Strand,30/03/2009,ALMGPL,37,399,6,-1
AR,Strand,31/03/2009,ALMGPL,35,399,6,0
JP,Strand,31/03/2009,ALMGPL,35,399,5,-1
LM,Regent Street,31/03/2009,JGBEXC,36,195,6,0
FS,Strand,31/03/2009,ALMGLP,35,399,5,0
AR,Strand,31/03/2009,JGBEXC,36,195,4,0
ST ,Regent Street,01/04/2009,JGBEXC,35,195,4,-1
JP,Strand,01/04/2009,JGBEXC,35,195,6,0
AR,Strand,01/04/2009,JGBEXC,37,195,2,-1
PB,Oxford Street,01/04/2009,ALMGPL,35,399,4,-1
JP,Strand,01/04/2009,GCAPRG,35,599,3,-1
AR,Strand,02/04/2009,ALMGPL,35,399,6,-1
JP,Strand,02/04/2009,GCAPRG,37,599,7,0
RD,Strand,02/04/2009,GCAPRG,37,599,2,0
AR,Strand,03/04/2009,ALMGPL,35,399,5,-1
LM,Regent Street,03/04/2009,ALMGPL,37,399,4,0
LM,Regent Street,03/04/2009,ALMGPL,37,399,3,0
JP,Strand,03/04/2009,ALMGPL,36,399,4,-1
FD,Regent Street,03/04/2009,GCAPRG,35,599,7,-1
LM,Regent Street,04/04/2009,ALMGPL,35,399,6,-1
AR,Strand,05/04/2009,ALMGPL,37,399,4,-1
ST ,Regent Street,05/04/2009,GCAPRG,37,599,6,-1
AR,Strand,06/04/2009,ALMGPL,36,399,5,-1
PB,Oxford Street,06/04/2009,ALMGPL,35,399,3,0
AR,Strand,06/04/2009,ALMGPL,37,399,2,0
AR,Strand,07/04/2009,JGBEXC,37,195,7,-1
FD,Regent Street,07/04/2009,ALMGPL,35,399,5,0
ST ,Regent Street,07/04/2009,ALMGPL,36,399,2,0
AR,Strand,07/04/2009,GCAPRG,37,599,5,0
JP,Strand,07/04/2009,GCAPRG,37,599,7,0
JP,Strand,08/04/2009,JGBEXC,35,195,7,0
LM,Regent Street,08/04/2009,ALMGPL,35,399,5,0
FS,Strand,08/04/2009,ALMGPL,35,399,6,0
FD,Regent Street,08/04/2009,ALMGPL,37,399,3,-1
JP,Strand,08/04/2009,ALMGPL,37,399,5,-1
JP,Strand,09/04/2009,ALMGPL,37,399,2,0
JP,Strand,09/04/2009,ALMGPL,37,399,5,-1
PB,Oxford Street,09/04/2009,ALMGPL,35,399,5,0
PB,Oxford Street,10/04/2009,JGBEXC,35,195,5,0
ST ,Regent Street,10/04/2009,ALMGPL,37,399,3,-1
JP,Strand,10/04/2009,ALMGPL,35,399,6,-1
ST ,Regent Street,10/04/2009,GCAPRG,37,599,5,0
AR,Strand,11/04/2009,ALMGPL,35,399,4,-1
AR,Strand,11/04/2009,GCAPRG,35,599,2,-1
AR,Strand,15/04/2009,JGBEXC,37,195,5,-1
ME,Oxford Street,15/04/2009,GCAPRG,35,599,6,-1
RD,Strand,15/04/2009,GCAPRG,36,599,7,0
AR,Strand,16/04/2009,ALMGPL,35,399,7,-1
RD,Strand,16/04/2009,ALMGPL,35,399,3,-1
ST ,Regent Street,17/04/2009,ALMGPL,36,399,4,0
RD,Strand,17/04/2009,ALMGPL,35,399,3,-1
ST ,Regent Street,17/04/2009,ALMGPL,36,399,6,0
FD,Regent Street,18/04/2009,ALMGPL,36,399,2,0
JP,Strand,18/04/2009,ALMGPL,35,399,7,-1
ME,Oxford Street,18/04/2009,ALMGPL,35,399,5,0
LM,Regent Street,18/04/2009,GCAPRG,36,599,2,-1
RD,Strand,18/04/2009,GCAPRG,37,599,5,0
JP,Strand,18/04/2009,GCAPRG,37,599,2,0
RD,Strand,19/04/2009,JGBEXC,36,195,3,0
RD,Strand,19/04/2009,JGBEXC,35,195,4,-1
PB,Oxford Street,20/04/2009,ALMGPL,36,399,4,-1
RD,Strand,21/04/2009,ALMGPL,35,399,6,0
RD,Strand,21/04/2009,ALMGPL,35,399,4,-1
FD,Regent Street,21/04/2009,GCAPRG,37,599,4,0
JP,Strand,22/04/2009,ALMGPL,36,399,4,0
JP,Strand,23/04/2009,ALMGPL,37,399,2,-1
RD,Strand,23/04/2009,GCAPRG,35,599,2,0
PB,Oxford Street,25/04/2009,ALMGPL,36,399,6,0
LM,Regent Street,25/04/2009,ALMGPL,36,399,5,-1
RD,Strand,25/04/2009,ALMGPL,36,399,5,-1
AR,Strand,25/04/2009,ALMGPL,37,399,4,0
AR,Strand,25/04/2009,ALMGPL,36,399,3,-1
AR,Strand,25/04/2009,GCAPRG,37,599,7,-1
FD,Regent Street,26/04/2009,JGBEXC,36,195,6,-1
FD,Regent Street,26/04/2009,ALMGPL,36,399,2,-1
AR,Strand,27/04/2009,ALMGPL,35,399,6,0
AR,Strand,28/04/2009,ALMGPL,36,399,6,-1
RD,Strand,28/04/2009,ALMGPL,35,399,7,-1
JP,Strand,28/04/2009,ALMGPL,37,399,7,-1
PB,Oxford Street,29/04/2009,JGBEXC,37,195,7,-1
FS,Strand,29/04/2009,ALMGPL,36,399,4,-1
AR,Strand,29/04/2009,ALMGPL,35,399,6,0
FS,Strand,30/04/2009,JGBEXC,37,195,5,0
RD,Strand,30/04/2009,ALMGPL,37,399,5,0
JP,Strand,30/04/2009,GCAPRG,36,599,6,0
FS,Strand,01/05/2009,ALMGPL,37,399,3,0
JP,Strand,02/05/2009,ALMGPL,35,399,4,-1
ST ,Regent Street,02/05/2009,ALMGPL,37,399,6,-1
FS,Strand,02/05/2009,ALMGPL,35,399,3,-1
ST ,Regent Street,02/05/2009,ALMGPL,35,399,5,-1
FD,Regent Street,03/05/2009,ALMGPL,36,399,6,0
AR,Strand,03/05/2009,GCAPRG,35,599,5,0
JP,Strand,03/05/2009,GCAPRG,37,599,7,0
JP,Strand,04/05/2009,ALMGPL,35,399,7,0
LM,Regent Street,05/05/2009,ALMGPL,36,399,5,0
AR,Strand,07/05/2009,JGBEXC,35,195,7,-1
ME,Oxford Street,07/05/2009,ALMGPL,36,399,6,0
PB,Oxford Street,08/05/2009,JGBEXC,36,195,7,0
LM,Regent Street,08/05/2009,ALMGPL,36,399,7,-1
JP,Strand,09/05/2009,ALMGPL,36,399,6,-1
LM,Regent Street,10/05/2009,ALMGPL,36,399,2,-1
JP,Strand,10/05/2009,ALMGPL,36,399,6,-1
JP,Strand,10/05/2009,ALMGPL,36,399,7,-1
AR,Strand,11/05/2009,ALMGPL,37,399,2,-1
FS,Strand,11/05/2009,ALMGPL,36,399,6,0
FS,Strand,12/05/2009,JGBEXC,35,195,6,0
LM,Regent Street,12/05/2009,JGBEXC,36,195,5,-1
FD,Regent Street,12/05/2009,ALMGPL,37,399,3,-1
RD,Strand,12/05/2009,ALMGPL,37,399,3,0
AR,Strand,13/05/2009,ALMGPL,37,399,5,-1
ST ,Regent Street,13/05/2009,ALMGPL,35,399,5,-1
AR,Strand,14/05/2009,JGBEXC,35,195,4,-1
JP,Strand,14/05/2009,ALMGPL,36,399,5,-1
RD,Strand,14/05/2009,JGBEXC,37,195,5,-1
FD,Regent Street,14/05/2009,ALMGPL,36,399,6,0
AR,Strand,14/05/2009,ALMGPL,35,399,6,0
AR,Strand,15/05/2009,JGBEXC,36,195,7,0
RD,Strand,15/05/2009,JGBEXC,36,195,6,-1
PB,Oxford Street,15/05/2009,ALMGPL,37,399,7,-1
LM,Regent Street,16/05/2009,ALMGPL,37,399,3,0
ST ,Regent Street,16/05/2009,ALMGPL,35,399,3,-1
LM,Regent Street,16/05/2009,JGBEXC,36,195,5,0
ST ,Regent Street,16/05/2009,ALMGPL,37,399,7,0
FS,Strand,18/05/2009,ALMGPL,37,399,7,-1
ST ,Regent Street,18/05/2009,GCAPRG,35,599,2,-1
RD,Strand,19/05/2009,GCAPRG,35,599,3,0
FS,Strand,20/05/2009,ALMGPL,35,399,5,-1
FD,Regent Street,20/05/2009,GCAPRG,36,599,2,-1
ST ,Regent Street,20/05/2009,GCAPRG,37,599,5,-1
AR,Strand,20/05/2009,GCAPRG,37,599,7,-1
PB,Oxford Street,21/05/2009,ALMGPL,36,399,2,-1
ST ,Regent Street,21/05/2009,JGBEXC,37,195,5,0
JP,Strand,21/05/2009,ALMGPL,36,399,2,0
PB,Oxford Street,22/05/2009,JGBEXC,36,195,4,-1
FD,Regent Street,22/05/2009,ALMGPL,35,399,2,-1
AR,Strand,23/05/2009,ALMGPL,35,399,2,-1
AR,Strand,23/05/2009,GCAPRG,35,599,3,0
ST ,Regent Street,25/05/2009,ALMGPL,35,399,5,0
FD,Regent Street,25/05/2009,JGBEXC,35,195,6,-1
LM,Regent Street,25/05/2009,ALMGPL,36,399,4,-1
PB,Oxford Street,26/05/2009,ALMGPL,36,399,4,-1
AR,Strand,26/05/2009,ALMGPL,37,399,2,-1
LM,Regent Street,26/05/2009,GCAPRG,37,599,5,-1
PB,Oxford Street,27/05/2009,ALMGPL,35,399,4,0
AR,Strand,27/05/2009,GCAPRG,37,599,4,-1
JP,Strand,28/05/2009,ALMGPL,35,399,6,-1
AR,Strand,28/05/2009,ALMGPL,37,399,2,-1
FS,Strand,29/05/2009,ALMGPL,36,399,3,-1
JP,Strand,29/05/2009,GCAPRG,35,599,2,0
AR,Strand,29/05/2009,GCAPRG,37,599,4,-1
JP,Strand,30/05/2009,JGBEXC,37,195,5,-1
PB,Oxford Street,30/05/2009,ALMGPL,37,399,4,0
PB,Oxford Street,30/05/2009,ALMGPL,36,399,2,-1
AR,Strand,30/05/2009,ALMGPL,35,399,3,0
PB,Oxford Street,31/05/2009,ALMGPL,37,399,6,-1
FS,Strand,01/06/2009,ALMGPL,36,399,2,-1
PB,Oxford Street,02/06/2009,JGBEXC,36,195,5,-1
RD,Strand,02/06/2009,JGBEXC,37,195,7,0
RD,Strand,02/06/2009,ALMGPL,35,399,4,-1
PB,Oxford Street,02/06/2009,ALMGPL,36,399,7,-1
AR,Strand,02/06/2009,GCAPRG,37,599,2,-1
JP,Strand,02/06/2009,GCAPRG,35,599,2,0
ST ,Regent Street,02/06/2009,GCAPRG,35,599,3,-1
FD,Regent Street,02/06/2009,GCAPRG,35,599,5,0
RD,Strand,03/06/2009,ALMGPL,35,399,3,-1
RD,Strand,04/06/2009,JGBEXC,36,195,4,-1
ME,Oxford Street,04/06/2009,ALMGPL,36,399,2,-1
JP,Strand,04/06/2009,ALMGPL,37,399,4,0
JP,Strand,04/06/2009,ALMGPL,35,399,6,-1
AR,Strand,05/06/2009,ALMGPL,36,399,6,0
FS,Strand,06/06/2009,ALMGPL,36,399,6,0
FS,Strand,06/06/2009,ALMGPL,36,399,6,0
AR,Strand,06/06/2009,ALMGPL,37,399,5,0
FD,Regent Street,06/06/2009,GCAPRG,35,599,5,-1
JP,Strand,07/06/2009,ALMGPL,35,399,7,-1
RD,Strand,08/06/2009,JGBEXC,37,195,3,0
FS,Strand,08/06/2009,ALMGPL,37,399,7,0
ME,Oxford Street,08/06/2009,GCAPRG,37,599,5,0
ME,Oxford Street,09/06/2009,ALMGPL,37,399,5,-1
JP,Strand,09/06/2009,GCAPRG,37,599,2,0
FD,Regent Street,10/06/2009,JGBEXC,35,195,5,0
LM,Regent Street,10/06/2009,JGBEXC,36,195,5,0
RD,Strand,10/06/2009,ALMGPL,35,399,6,0
RD,Strand,11/06/2009,ALMGPL,35,399,7,-1
ST ,Regent Street,11/06/2009,ALMGPL,36,399,4,0
AR,Strand,11/06/2009,GCAPRG,36,599,5,-1
LM,Regent Street,12/06/2009,GCAPRG,36,599,4,-1
ME,Oxford Street,13/06/2009,ALMGPL,35,399,6,0
RD,Strand,13/06/2009,JGBEXC,35,195,3,0
RD,Strand,13/06/2009,ALMGPL,37,399,7,-1
ST ,Regent Street,13/06/2009,GCAPRG,35,599,6,0
JP,Strand,14/06/2009,JGBEXC,36,195,7,-1
AR,Strand,14/06/2009,ALMGPL,36,399,2,-1
AR,Strand,14/06/2009,GCAPRG,37,599,6,-1
RD,Strand,14/06/2009,GCAPRG,35,599,4,-1
JP,Strand,15/06/2009,ALMGPL,37,399,3,0
PB,Oxford Street,16/06/2009,JGBEXC,35,195,3,0
PB,Oxford Street,17/06/2009,ALMGPL,36,399,4,-1
ME,Oxford Street,17/06/2009,ALMGPL,36,399,3,0
ST ,Regent Street,17/06/2009,ALMGPL,37,399,4,0
RD,Strand,17/06/2009,ALMGPL,35,399,6,0
ST ,Regent Street,18/06/2009,JGBEXC,37,195,7,-1
AR,Strand,18/06/2009,ALMGPL,35,399,7,0
FS,Strand,20/06/2009,JGBEXC,37,195,6,-1
AR,Strand,20/06/2009,ALMGPL,37,399,3,0
ST ,Regent Street,20/06/2009,ALMGPL,37,399,5,0
LM,Regent Street,20/06/2009,ALMGPL,37,399,4,0
RD,Strand,21/06/2009,ALMGPL,35,399,4,0
RD,Strand,22/06/2009,ALMGPL,35,399,5,-1
AR,Strand,23/06/2009,JGBEXC,37,195,2,-1
FS,Strand,23/06/2009,JGBEXC,35,195,4,-1
PB,Oxford Street,23/06/2009,ALMGPL,35,399,4,-1
JP,Strand,23/06/2009,GCAPRG,37,599,6,0
AR,Strand,25/06/2009,ALMGPL,37,399,3,0
AR,Strand,26/06/2009,ALMGPL,37,399,2,-1
JP,Strand,26/06/2009,ALMGPL,36,399,2,0
RD,Strand,27/06/2009,ALMGPL,35,399,3,-1
AR,Strand,27/06/2009,ALMGPL,35,399,5,-1
FD,Regent Street,27/06/2009,GCAPRG,37,599,6,0
PB,Oxford Street,28/06/2009,JGBEXC,37,195,5,0
LM,Regent Street,29/06/2009,ALMGPL,35,399,6,-1
FD,Regent Street,29/06/2009,ALMGPL,35,399,5,-1
AR,Strand,29/06/2009,ALMGPL,37,399,7,-1
