Registration,Offering,Area,Person
A23461,Yes,Beachhead,Murtaza Ahmed
A25464,No,Beachhead,Anthony Clive Williams
A30927,Yes,Yarakah,Jitesh Patel
A36498,No,Yarakah,Margaret Jacqueli Maloy
A44740,No,Muttaburra,Andrew Mcculloch
A70587,No,Muttaburra,Aranit Hoxha
A74393,No,Winton,Achita Mcdonald-Drummond
A75600,No,Beachhead,Md Tahazzat Hossain
A80185,No,Townsville,Richard Chol
B20287,No,Beachhead,Ahmed Benbrika
B23344,No,Hamilton,Sarah Anne Johnston
B26726,No,Yarakah,Craig Douglas Bissett
B30104,No,Bundaberg,Steven William Atkins
B39231,No,Middleton,Nadia Hatam
B48811,No,Isisford,Kadiralisharif Mohamed
B54079,No,Yalleroi,Ross James Evans
B84528,No,Isisford,Bakistan Ahmed Shiil
B86330,No,Muttaburra,Adilson Azulay Da Silva
B86437,No,Townsville,Liljana Kastrati
B88208,No,Aramac,Hermenegildo Merv De Oliveira
C14395,No,Hamilton,Weleigadara Wasantha Kumara
C20573,No,Hamilton,Catherine Maire Guinnelly
C53329,No,Muttaburra,Tauqir Ghazanfar
C64291,No,Yarakah,Darron Anthony Cassidy
C91058,No,Hamilton,Mohamed Ahmed Abdi
C93523,No,Winton,Chris David Yeadon
D10223,No,Hamilton,John Balogun
D15576,No,Winton,Henry Osei-Kwarteng
D34409,No,Townsville,Lisa Marie Kopa
D38119,No,Beachhead,Yasin Yusuf
D46095,No,Townsville,Vanessa Tele-Mensah
D48454,No,Muttaburra,Francisca Adediran
D51448,No,Isisford,Michele Vaginay
D55228,No,Muttaburra,Stephen Quin
D64957,No,Hamilton,Imelda Mary Cathe Regan
D69820,No,Hamilton,Aglima Rasuli
D70148,No,Middleton,Sachin Bhudia
D87755,No,Aramac,Katherine Emma Stocker
D93587,No,Yalleroi,Tony Steven Denis
E17345,Yes,Middleton,Americo Luis Gomes
E22309,Yes,Beachhead,Mohammad Samih Faghirzada
E36728,Yes,Winton,Mohammad-Amin Sal Adam
E50193,Yes,Winton,Ahmed Warsame Gelleh
E52985,Yes,Isisford,Kieron Deeney
E63354,Yes,Winton,Donna Roswell-Meade
E64253,Yes,Yarakah,Iyabo Helen Soile
E85256,Yes,Bundaberg,Nalya Nadine Harris
E88866,Yes,Townsville,Elias Ghanem
F25749,Yes,Jericho,Louisa Xavier-Pinnock
F38599,Yes,Jericho,Lennox Oliver Cole
F64724,Yes,Beachhead,Claudia Giannini
F79267,Yes,Bundaberg,Josie Douglas
F79656,Yes,Winton,Subramaniam Smathagni
G11138,Yes,Bundaberg,Jonathan Bowe
G16474,Yes,Bundaberg,Agustin Javier Cabrera Tilve
G19110,Yes,Beachhead,Warren Clifford Hoyle
G19766,Yes,Yarakah,Ajmal Jamshidi
G30881,Yes,Bundaberg,Martin Looney
G32092,Yes,Muttaburra,Zergay Hakeem
G32741,Yes,Yalleroi,Monica Busingye Parish
G56621,Yes,Bundaberg,Paul Gorman
G82094,Yes,Bundaberg,Annouska Bryan
G90098,Yes,Jericho,Fedaa Mohamad Naeim
G91412,Yes,Windorah,Sarah Bunting
G92319,Yes,Townsville,Tedroy Miller
G93640,Yes,Townsville,Sugath Samarakoon
H12113,Yes,Blackall,Henriett Fisher
H25316,Yes,Middleton,Rikesh Patel
H34120,Yes,Townsville,Terry Millson
H36402,Yes,Aramac,Ravi Haria
H41066,Yes,Aramac,Syed Taqi
H43742,Yes,Beachhead,Michael Aldin Mckenzie
H51316,Yes,Winton,Esther Ayiwah Sikayenah
H55157,Yes,Beachhead,Michael Willcox
H56670,Yes,Hamilton,Kenneth Thorpe
H58023,Yes,Isisford,Ian Michael Bennett
H70097,Yes,Jericho,Hawa Worku Mohammed
H77542,Yes,Hamilton,Robert James Elston
H83799,Yes,Isisford,Levi Emanuel Simpson
I12551,Yes,Middleton,Gulzar Stanickzi
I12587,Yes,Bundaberg,Stephen Peter Houldsworth
I12647,Yes,Townsville,Devinder Grewall
I21673,Yes,Beachhead,Hamit Halili
I26006,Yes,Yarakah,Leelawathi Iddagoda
I37381,Yes,Winton,Irene Elaine Durant
I62523,Yes,Bundaberg,James Cardoso
I81602,Yes,Aramac,Liam Mcginley
I85951,Yes,Beachhead,Ibilola Eniola Ijaola
I88783,Yes,Beachhead,Darren Terry Foskett
I89925,Yes,Townsville,Vijayashanthie Gnanam
I92894,Yes,Yalleroi,Velda Williams
I97264,Yes,Middleton,Michael Turner
I97980,Yes,Blackall,Daniel George Peters
J13970,Yes,Yarakah,Gareth Dunn
J20881,Yes,Yalleroi,Sharon Rose Graham
J21589,Yes,Yalleroi,Shane Kelly
J26879,Yes,Windorah,Ritesh Patel
J72426,Yes,Townsville,Heyriya Ali Mohammed
J75519,Yes,Windorah,Tahmoor Ahmed
J92763,Yes,Bundaberg,Opokua Gyamfi-Kumaning
