Ref,Code,Description,Wholesale,Pack Size
647,M,Lever Arch Files Green A4,11.895,1
664,M,Lever Arch File Foolscap,9.745,1
6445,M,Lever Arch Files Blue A4,11.895,1
6526,M,Lever Arch Files Red A4,11.895,1
6534,M,Lever Arch Files Yellow A4,11.895,1
6623,M,Lever Arch Files Blue Foolscap,11.895,1
6631,M,Lever Arch Files Green Foolscap,11.895,1
6658,M,Lever Arch File A4,8.535,1
6852,M,Lever Arch Files Red Foolscap,11.895,1
6860,M,Lever Arch Files Yellow Foolscap,11.895,1
8772,L,Clear Pockets A4 Size Pkd 100,4.055,1
9801,R,1000 Page Transfer Case 100mm A4,9.615,20
10610,L,Elite 70 Lever Arch File Foolscap Black,4.745,1
10612,L,Elite 70 Lever Arch File A4 Black,4.745,1
10982,L,Superfine Pockets A4 Pkd 100,2.97,1
13270,M,Lever Arch File Spine Labels Assorted Pkd 10,1.565,1
13278,M,Lever Arch File Spine Labels Black Pkd 10,1.565,1
13279,M,Lever Arch File Spine Labels Red Pkd 10,1.565,1
13280,M,Lever Arch File Spine Labels Yellow Pkd 10,1.565,1
13281,M,Lever Arch File Spine Labels Green Pkd 10,1.565,1
13282,M,Lever Arch File Spine Labels Blue Pkd 10,1.565,1
14508,R,Flip Top Transfer File Grey/Red,9.495,20
15866,M,Lever Arch Files Black Foolscap,13.315,1
15869,M,Lever Arch Files Black A4,11.895,1
22083,R,Flip Top Transfer File Blue/White,9.495,20
22087,R,Econo/Stor Transfer File,5.195,20
22462,L,Blue Strip Top Open A4 Pkd 25,2.715,1
22470,L,Blue Strip Top Open Pkd 25,3.615,1
22489,L,Red Strip Side Open A4 Pkd 25,2.715,1
22497,L,Red Strip Side Open Pkd 25,3.445,1
24273,L,Elite 70 Lever Arch File A4 Blue,4.745,1
24274,L,Elite 70 Lever Arch File Foolscap Blue,4.745,1
24275,L,Elite 70 Lever Arch File A4 Red,4.745,1
24276,L,Elite 70 Lever Arch File Foolscap Red,4.745,1
24388,L,Rexel Budget Pockets A4 Pkd 100,0.485,1
26804,R,Transfer File 123mm Spine Width,6.645,20
26805,R,Transfer File 80mm Spine Width,7.215,20
29528,R,Transfer Case Oyster White,1.525,20
29529,R,Transfer Case Oyster Grey,1.525,20
29701,L,Economy Punched Pkts Pkd 100,0.08,1
29739,P,Square Cut Folder 270gsm Foolscap Blue,0.84,1
29740,P,Square Cut Folder 270gsm Foolscap Buff,0.84,1
29741,P,Square Cut Folder 270gsm Foolscap Green,0.84,1
29742,P,Square Cut Folder 270gsm Foolscap Orange,0.84,1
29743,P,Square Cut Folder 270gsm Foolscap Yellow,0.84,1
29744,P,Square Cut Folder 270gsm Foolscap Pink,0.84,1
29745,P,Square Cut Folder 270gsm Foolscap Grey,0.84,1
29746,P,Square Cut Folder 270gsm Foolscap Red,0.84,1
29747,P,Square Cut Folder 180gsm Buff,0.275,1
29748,N,Foolscap Lever Arch File Cloud,0.8,1
29749,N,A4 Lever Arch File Cloud,0.8,1
31850,R,Wilton Transfer Case 127mm Pkd 20,6.895,20
32313,L,3 Flap Elastic Folder Blue Pkd 10,4.01,1
32314,L,3 Flap Elastic Folder Green Pkd 10,4.01,1
32315,L,3 Flap Elastic Folder Black Pkd 10,4.01,1
32317,L,3 Flap Elastic Folder Assorted Pkd 10,4.01,1
32335,L,Elastic Folder Assorted Pkd 10,2.445,1
33058,R,Folder PVC 25mm Black,0.495,1
33059,R,Folder PVC 25mm Blue,0.495,1
33060,R,Folder PVC 25mm Red,0.495,1
33061,R,Folder PVC 25mm Green,0.495,1
33062,R,Folder PVC 25mm White,0.495,1
33105,R,Folder PVC 50mm Blue,0.525,1
33106,R,Folder PVC 50mm Red,0.525,1
33107,R,Folder PVC 50mm Green,0.525,1
33269,N,Foolscap Lever Arch File Cloud Pkd 1,0.14,1
33276,R,Folder PVC 50mm White,0.525,1
33286,N,Foolscap Lever Arch File Black,2.25,10
33287,N,Foolscap Lever Arch File Blue,2.25,10
33288,N,Foolscap Lever Arch File Red,2.25,10
33292,N,Foolscap Lever Arch File Green,2.25,10
33293,N,Foolscap LeverArch File Yellow,2.25,10
33312,R,Folder PVC 38mm Black,0.515,1
33313,R,Folder PVC 38mm Blue,0.515,1
33314,R,Folder PVC 38mm Red,0.515,1
33315,R,Folder PVC 38mm Green,0.515,1
33316,R,Folder PVC 38mm White,0.515,1
33317,R,Folder PVC 50mm Black,0.525,1
33318,R,Folder PVC 65mm Black,0.565,1
33319,R,Folder PVC 65mm Blue,0.515,1
33320,R,Folder PVC 65mm Red,0.565,1
33321,R,Folder PVC 65mm Green,0.565,1
33322,R,Folder PVC 65mm White,0.565,1
34041,P,Square Cut Folder 180gsm foolscap Blue,0.4,1
34042,P,Square Cut Folder 180gsm Buff Foolscap,0.4,1
34043,P,Square Cut Folder 180gsm foolscap Red,0.4,1
34044,P,Square Cut Folder 180gsm foolscap Green,0.4,1
34045,P,Square Cut Folder 180gsm Foolscap Yellow,0.4,1
34046,P,Square Cut Folder 180gsm foolscap Grey,0.4,1
34047,P,Square Cut Folder 180gsm foolscap Orange,0.4,1
34048,P,Square Cut Folder 180gsm foolscap Pink,0.4,1
34492,N,A4 Lever Arch File Cloud Pkd 1,0.14,1
36475,R,Panda Transfer File,8.045,20
39428,P,Square Cut Folder 270gsm A4 Blue,1.95,5
39429,P,Square Cut Folder 270gsm A4 Grey,1.95,5
39430,P,Square Cut Folder 270gsm A4 Yellow,1.95,5
39431,P,Square Cut Folder 270gsm A4 Buff,1.95,5
39432,P,Square Cut Folder 270gsm A4 Green,1.95,5
39433,P,Square Cut Folder 270gsm A4 Pink,1.95,5
39434,P,Square Cut Folder 270gsm A4 Red,1.95,5
39435,P,Square Cut Folder 270gsm A4 Orange,1.95,5
40284,L,Extra Capacity Reinf Pocket A4 Pkd 5,3.325,1
42369,N,A4 Lever Arch File Black,2.65,5
42370,N,A4 Lever Arch File Blue,2.65,5
42371,N,A4 Lever Arch File Red,2.65,5
42372,N,A4 Lever Arch File Green,2.65,5
42373,N,A4 Lever Arch File Yellow,2.65,5
45534,R,Flip Top Transfer File Woodgrain,9.495,20
46471,L,Glass Clear Plastic Pockets Pkd 100,0.455,1
47246,L,3 Flap Elastic Folder Bordeaux,4.01,1
47247,L,3 Flap Elastic Folder Midnight Blue,4.01,1
47248,L,3 Flap Elastic Folder Orange,4.01,1
47250,L,3 Flap Elastic Folder Yellow,4.01,1
50478,L,Eastlight Spine Lables Qty 100,5.775,1
