Title,Family_name,First_name,Memb_code,Road,Area,County,Postcode,Theme,Duration,Month,Discount
Mr,Chen,Li,ECJQ0043,32 Reading Close,Ipswich,Suffolk,IP5 9ZZ,Taster,3,June,20
Mrs,Naylor,Erin,MEIQ1020,14 Gilbert Crescent,Kings Lynn,Cambridgeshire,CB24 7TE,Wellbeing,14,November,5
Mr,Howarth,Stuart,NFAP0340, 11 Curzon Lane,Colchester,Essex,CO1 7ED,Antiques,17,September,10
Mrs,Woods,Jennifer,WCSP1024, 22 Beech Drive,Clacton,Essex,CO22 5TT,Music,9,April,5
Mrs,Brazier,Alison,ECJQ0044, 21 Hazlewood Road,Ipswich,Suffolk,IP7 3FT,Dance,10,March,8
Mr,Carr,Isaac,WCSP1023,32 Acacia Avenue,Cambridge,Cambridgeshire,CB1 2EU,Golf,7,June,5
Mr,Feki,Malak,ICAP0162, 19 Broadway,Colchester,Essex,CO6 9DX,Taster,2,April,12
Mr,Spiros,Vasos,ECTP1009, 20 Granville Close,Ipswich,Suffolk,1P5 2VB,Golf,10,October,8
Ms,Ploski,Anka,ECTP1001, 19 Town Street,Colchester,Essex,CO2 7FE,Art,8,July,8
Ms,Nowak,Katarzyna,BAIQ0074, 20 Milford Road,Histon,Cambridgeshire,CB8 5TE,Taster,4,May,25
