Ship_Ref,Sail_Date,Cruise_Ref,Departure_Port,Destination,Duration,Passengers,Board,Theme
BS03,20/01/2016,BS002LO,Los Angeles,Trans-Panama Canal,14,1936,AI,Golf
BS03,03/02/2016,BS003FO,Fort Lauderdale,Southern Caribbean,10,1981,Full,Celebrity Chef
BS03,13/02/2016,BS004FO,Fort Lauderdale,Southern Caribbean,10,2017,Full,Adventure
BS03,23/02/2016,BS005FO,Fort Lauderdale,Trans-Panama Canal,14,1966,AI,Antiques
BS03,02/08/2016,BS023WH,Whittier,Alaska,14,2098,Half,None
BS03,16/08/2016,BS024VA,Vancouver,Alaska,7,2129,Full,Singles
BS03,23/08/2016,BS001SE,Seattle,Alaska,15,2003,Full,Wine
BS03,07/09/2016,BS026VA,Vancouver,Alaska,14,2027,Half,Antiques
BS03,21/09/2016,BS027WH,Whittier,Alaska,7,1979,Full,Celebrity Chef
BS03,28/09/2016,BS028VA,Vancouver,Alaska,14,1977,Half,None
BS03,12/10/2016,BS029WH,Whittier,Alaska,7,1990,Full,Singles
BS03,19/10/2016,BS030VA,Vancouver,Pacific Coast,14,1978,Full,Adventure
BS03,02/11/2016,BS031LO,Los Angeles,Trans-Panama Canal,13,1994,Full,Cycling
BS03,15/11/2016,BS032FO,Fort Lauderdale,Trans-Panama Canal,15,1953,Half,Antiques
BS03,30/11/2016,BS033LO,Los Angeles,Trans-Panama Canal,15,1969,Half,Photography
BS03,15/12/2016,BS035LO,Los Angeles,Trans-Panama Canal,15,1967,AI,Marine Biology
BS03,30/12/2016,BS036FO,Fort Lauderdale,Trans-Panama Canal,15,2162,Half,Golf
BS03,14/01/2017,BS037FO,Fort Lauderdale,Western Caribbean,14,2864,Full,Cycling
BS03,28/01/2017,BS038FO,Fort Lauderdale,Southern Caribbean,10,2806,Half,Wellness
BS03,07/02/2017,BS039FO,Fort Lauderdale,Western Caribbean,11,2780,AI,Marine Biology
BS03,18/02/2017,BS040FO,Fort Lauderdale,Southern Caribbean,10,2762,Full,Golf
BS03,28/02/2017,BS041FO,Fort Lauderdale,Western Caribbean,11,2790,Half,Bridge
BS03,11/03/2017,BS042FO,Fort Lauderdale,Southern Caribbean,10,2828,Full,Bridge
BS03,21/03/2017,BS048RO,Rome,Transatlantic,15,2780,Half,Dance
BS03,14/11/2017,BS049FO,Fort Lauderdale,Western Caribbean,11,2794,Full,Dance
BS03,25/11/2017,BS050FO,Fort Lauderdale,Eastern Caribbean,10,2800,AI,Wine
BS03,05/12/2017,BS051FO,Fort Lauderdale,Western Caribbean,11,2736,Full,Cycling
BS03,16/12/2017,BS052FO,Fort Lauderdale,Eastern Caribbean,10,2915,Full,Singles
BS03,26/12/2017,BS053FO,Fort Lauderdale,Western Caribbean,11,3001,Full,Dance
BS03,06/01/2018,BS054FO,Fort Lauderdale,Southern Caribbean,10,2839,AI,Cycling
BS03,16/01/2018,BS055FO,Fort Lauderdale,Western Caribbean,11,2845,Half,Photography
BS03,27/01/2018,BS056FO,Fort Lauderdale,Southern Caribbean,10,2794,Full,Dance
BS03,06/02/2018,BS057FO,Fort Lauderdale,Western Caribbean,11,2840,Full,Dance
BS03,17/02/2018,BS058FO,Fort Lauderdale,Southern Caribbean,10,2848,Full,Golf
BS03,27/02/2018,BS059FO,Fort Lauderdale,Western Caribbean,11,2784,Half,Bridge
BS03,10/03/2018,BS060FO,Fort Lauderdale,Southern Caribbean,10,2877,AI,Wine
BS03,20/03/2018,BS061FO,Fort Lauderdale,Western Caribbean,11,2821,Full,Adventure
BS03,31/03/2018,BS062FO,Fort Lauderdale,Southern Caribbean,10,2811,Half,Bridge
BS03,10/04/2018,BS063FO,Fort Lauderdale,Western Caribbean,11,2863,Half,Wellness
BS03,21/04/2018,BS064FO,Fort Lauderdale,Southern Caribbean,10,2846,Full,Cycling
BS03,01/05/2018,BS065FO,Fort Lauderdale,Transatlantic,13,2804,Full,None
BS03,14/05/2018,BS066RO,Rome,Transatlantic,14,2787,Full,Cycling
BS03,28/05/2018,BS067FO,Fort Lauderdale,Western Caribbean,11,2787,Full,Cycling
BS03,08/06/2018,BS068FO,Fort Lauderdale,Southern Caribbean,10,2859,Full,Singles
CP02,07/01/2016,CP001LO,Los Angeles,Hawaii,14,2652,Half,None
CP02,21/01/2016,CP002LO,Los Angeles,Hawaii,14,2623,Full,Golf
CP02,04/02/2016,CP003LO,Los Angeles,Hawaii,14,2633,Full,None
CP02,18/02/2016,CP004LO,Los Angeles,Hawaii,14,2680,Half,Wellness
CP02,07/08/2016,CP022SE,Seattle,Alaska,7,2907,Full,Marine Biology
CP02,14/08/2016,CP023SE,Seattle,Alaska,7,2872,Half,Photography
CP02,21/08/2016,CP024SE,Seattle,Alaska,7,2843,AI,None
CP02,28/08/2016,CP025SE,Seattle,Alaska,7,2737,Full,None
CP02,04/09/2016,CP026SE,Seattle,Alaska,7,2683,AI,Cycling
CP02,11/09/2016,CP027SE,Seattle,Alaska,7,2675,Full,Photography
CP02,18/09/2016,CP028SE,Seattle,Pacific Coast,8,2655,AI,Golf
CP02,26/09/2016,CP029LO,Los Angeles,Hawaii,14,2672,Full,Marine Biology
CP02,10/10/2016,CP030LO,Los Angeles,Hawaii,14,2675,Full,None
CP02,24/10/2016,CP031LO,Los Angeles,Hawaii,14,2675,Half,Wellness
CP02,07/11/2016,CP032LO,Los Angeles,Hawaii,14,2658,Half,Adventure
CP02,21/11/2016,CP033LO,Los Angeles,Hawaii,14,2669,Full,None
CP02,05/12/2016,CP034LO,Los Angeles,Hawaii,14,2666,Half,None
CP02,19/12/2016,CP035LO,Los Angeles,Hawaii,14,2851,Half,Adventure
CP02,02/01/2017,CP036LO,Los Angeles,Hawaii,14,2696,Full,Photography
CP02,16/01/2017,CP037LO,Los Angeles,Hawaii,14,2672,Half,Photography
CP02,30/01/2017,CP038LO,Los Angeles,Hawaii,14,2632,Half,Bridge
CP02,13/02/2017,CP039LO,Los Angeles,Hawaii,14,2660,AI,Singles
CP02,27/02/2017,CP040LO,Los Angeles,Hawaii,14,2650,Half,Wellness
CP02,04/06/2017,CP049SE,Seattle,Alaska,7,2696,AI,Singles
CP02,11/06/2017,CP050SE,Seattle,Alaska,7,2847,Full,Singles
CP02,18/06/2017,CP051SE,Seattle,Alaska,7,2815,AI,Dance
CP02,25/06/2017,CP052SE,Seattle,Alaska,7,2911,Half,Photography
CP02,02/07/2017,CP053SE,Seattle,Alaska,7,2897,Full,Marine Biology
CP02,09/07/2017,CP054SE,Seattle,Alaska,7,2863,Half,Bridge
CP02,16/07/2017,CP055SE,Seattle,Alaska,7,2899,Full,Wine
CP02,23/07/2017,CP056SE,Seattle,Alaska,7,2877,AI,Singles
CP02,30/07/2017,CP057SE,Seattle,Alaska,7,2894,Half,Adventure
CP02,30/10/2017,CP058SO,Southampton,Transatlantic,13,2764,Full,Wellness
CP02,16/11/2017,CP059MI,Miami,Bahamas,3,3148,Full,Art
CP02,19/11/2017,CP060MI,Miami,Eastern Caribbean,6,3068,Half,Art
CP02,26/11/2017,CP061MI,Miami,Western Caribbean,7,2638,AI,Adventure
CP02,03/12/2017,CP062MI,Miami,Eastern Caribbean,6,2758,Half,Music
CP02,10/12/2017,CP063MI,Miami,Western Caribbean,7,2842,Half,None
CP02,17/12/2017,CP064MI,Miami,Eastern Caribbean,8,3068,Full,None
CP02,25/12/2017,CP065MI,Miami,Western Caribbean,7,3052,Full,Antiques
CP02,01/01/2018,CP066MI,Miami,Western Caribbean,6,2973,AI,Singles
CP02,07/01/2018,CP067MI,Miami,Western Caribbean,7,2887,Half,Adventure
CP02,14/01/2018,CP068MI,Miami,Eastern Caribbean,7,2888,Half,Wellness
CP02,21/01/2018,CP069MI,Miami,Western Caribbean,7,2855,Full,Bridge
CP02,28/01/2018,CP070MI,Miami,Eastern Caribbean,7,2801,Full,Celebrity Chef
CP02,04/02/2018,CP071MI,Miami,Western Caribbean,7,2858,AI,Golf
CP02,11/02/2018,CP072MI,Miami,Eastern Caribbean,7,2875,AI,Dance
CP02,18/02/2018,CP073MI,Miami,Western Caribbean,7,3003,Full,Cycling
CP02,25/02/2018,CP074MI,Miami,Eastern Caribbean,7,2907,Half,Antiques
CP02,04/03/2018,CP075MI,Miami,Western Caribbean,7,2908,AI,Celebrity Chef
CP02,11/03/2018,CP076MI,Miami,Eastern Caribbean,7,3129,Full,Dance
CP02,18/03/2018,CP077MI,Miami,Western Caribbean,7,2600,AI,Celebrity Chef
CP02,25/03/2018,CP078MI,Miami,Eastern Caribbean,7,2956,Full,Golf
CP02,01/04/2018,CP079MI,Miami,Western Caribbean,7,2885,AI,Celebrity Chef
CP02,08/04/2018,CP080MI,Miami,Southern Caribbean,6,2908,Full,Art
CP02,15/04/2018,CP081MI,Miami,Transatlantic,13,2778,AI,Marine Biology
CP02,29/10/2018,CP082SO,Southampton,Transatlantic,13,2766,Half,Bridge
CP02,11/11/2018,CP083MI,Miami,Eastern Caribbean,7,2770,Full,None
CP02,18/11/2018,CP084MI,Miami,Eastern Caribbean,7,3106,Half,Wellness
CP02,25/11/2018,CP085MI,Miami,Eastern Caribbean,7,2799,Half,Photography
CP02,02/12/2018,CP086MI,Miami,Eastern Caribbean,7,2788,Half,Photography
CP02,09/12/2018,CP087MI,Miami,Eastern Caribbean,7,2927,AI,Celebrity Chef
CP02,16/12/2018,CP088MI,Miami,Eastern Caribbean,7,3138,Half,None
CP02,23/12/2018,CP089MI,Miami,Eastern Caribbean,7,3131,Half,Bridge
CP02,30/12/2018,CP090MI,Miami,Eastern Caribbean,7,3099,Half,Adventure
DP07,03/01/2016,DP001SA,San Diego,Trans-Panama Canal,14,1871,Full,Wine
DP07,17/01/2016,DP002FO,Fort Lauderdale,Trans-Panama Canal,14,1858,Half,Bridge
DP07,31/01/2016,DP003SA,San Diego,Trans-Panama Canal,14,1856,Half,Wellness
DP07,14/02/2016,DP004FO,Fort Lauderdale,Trans-Panama Canal,14,1861,Full,Marine Biology
DP07,28/02/2016,DP005SA,San Diego,Hawaii,15,1853,AI,Cycling
DP07,01/06/2016,DP034VA,Vancouver,Alaska,7,2143,Full,Wine
DP07,08/06/2016,DP035VA,Vancouver,Alaska,7,2202,Half,Antiques
DP07,15/06/2016,DP036VA,Vancouver,Alaska,7,2142,Half,Wellness
DP07,22/06/2016,DP037SE,Seward,Alaska,7,2132,AI,Celebrity Chef
DP07,22/08/2016,DP038VA,Vancouver,Alaska,7,2181,AI,Golf
DP07,29/08/2016,DP039VA,Vancouver,Alaska,7,2116,AI,Cycling
DP07,05/09/2016,DP040VA,Vancouver,Alaska,7,2161,Full,Marine Biology
DP07,12/09/2016,DP041SE,Seward,Alaska,7,2060,Full,Adventure
DP07,19/09/2016,DP042VA,Vancouver,Alaska,7,1919,Half,Bridge
DP07,26/09/2016,DP043VA,Vancouver,Alaska,7,1993,Half,Photography
DP07,12/09/2016,DP044VA,Vancouver,Alaska,7,1913,Full,Wine
DP07,19/09/2016,DP045SE,Seward,Alaska,7,2020,Full,Marine Biology
DP07,26/09/2016,DP046VA,Vancouver,Alaska,8,1862,Half,Wellness
DP07,04/10/2016,DP047VA,Vancouver,Alaska,10,1995,AI,Celebrity Chef
DP07,14/10/2016,DP048SE,Seattle,Pacific Coast,4,1891,Full,Taster
DP07,18/10/2016,DP049SE,Seattle,Pacific Coast,3,1995,Half,Taster
DP07,21/10/2016,DP050SE,Seattle,Pacific Coast,5,1913,Half,Taster
DP07,26/10/2016,DP051VA,Vancouver,Pacific Coast,12,1997,AI,Dance
DP07,07/11/2016,DP052SE,Seattle,Pacific Coast,3,1993,Half,Taster
DP07,10/11/2016,DP053SE,Seattle,Pacific Coast,4,1991,Half,Photography
DP07,14/11/2016,DP054SE,Seattle,Pacific Coast,3,2072,AI,Taster
DP07,17/11/2016,DP055LO,Los Angeles,Trans-Panama Canal,16,1967,Full,None
DP07,03/12/2016,DP056SE,Seattle,Pacific Coast,11,2056,AI,Cycling
DP07,14/12/2016,DP057SA,San Diego,Trans-Panama Canal,17,1808,Full,Marine Biology
DP07,31/12/2016,DP058SA,San Juan,Southern Caribbean,11,1954,AI,Singles
DP07,11/01/2017,DP059SA,San Juan,Southern Caribbean,10,2036,Full,None
DP07,21/01/2017,DP060BA,Baltimore,Eastern Caribbean,12,1863,AI,Cycling
DP07,02/02/2017,DP061SA,San Juan,Southern Caribbean,11,1988,Full,Marine Biology
DP07,13/02/2017,DP062BA,Baltimore,Bahamas,9,1950,AI,Dance
DP07,22/02/2017,DP063SA,San Juan,Southern Caribbean,10,2050,Half,Bridge
DP07,04/03/2017,DP064BA,Baltimore,Eastern Caribbean,12,1847,Half,Photography
DP07,16/03/2017,DP065SA,San Juan,Southern Caribbean,11,2027,AI,Adventure
DP07,27/03/2017,DP066BA,Baltimore,Bahamas,9,1895,Full,Antiques
DP07,05/04/2017,DP067SA,San Juan,Southern Caribbean,15,2131,AI,Celebrity Chef
DP07,20/04/2017,DP068BA,Baltimore,Eastern Caribbean,12,1879,Full,Wine
DP07,02/05/2017,DP069SA,San Juan,Southern Caribbean,9,2159,Half,Bridge
DP07,11/05/2017,DP070BA,Baltimore,Bahamas,9,1880,AI,Celebrity Chef
DP07,20/05/2017,DP071BA,Baltimore,Eastern Caribbean,12,1885,AI,Dance
DP07,01/06/2017,DP169SA,San Francisco,Pacific Coast,2,1298,AI,Taster
DP07,03/06/2017,DP073SA,San Juan,Southern Caribbean,10,1986,Full,Bridge
DP07,13/06/2017,DP074BA,Baltimore,Bahamas,9,1852,AI,Cycling
DP07,22/06/2017,DP075SA,San Juan,Southern Caribbean,11,2015,AI,Celebrity Chef
DP07,03/07/2017,DP076BA,Baltimore,Eastern Caribbean,12,1830,Half,Photography
DP07,15/07/2017,DP077SA,San Juan,Southern Caribbean,10,2057,Full,Marine Biology
DP07,25/07/2017,DP078TH,Charleston,Eastern Caribbean,11,1850,AI,Celebrity Chef
DP07,05/08/2017,DP079SA,San Juan,Southern Caribbean,11,2022,AI,Cycling
DP07,16/08/2017,DP080TH,Charleston,Western Caribbean,10,1806,Half,None
DP07,26/08/2017,DP098SE,Seward,Alaska,7,2071,AI,Dance
DP07,02/09/2017,DP210MI,Miami,Western Caribbean,5,2035,AI,Music
DP07,07/09/2017,DP100VA,Vancouver,Alaska,7,2085,AI,Golf
DP07,14/09/2017,DP101VA,Vancouver,Alaska,7,2274,Half,Adventure
DP07,21/09/2017,DP102SE,Seward,Alaska,7,2065,Half,Antiques
DP07,28/09/2017,DP103VA,Vancouver,Alaska,7,2019,AI,Singles
DP07,05/10/2017,DP104VA,Vancouver,Alaska,7,2169,Full,None
DP07,12/10/2017,DP105VA,Vancouver,Alaska,7,2104,Half,Adventure
DP07,19/10/2017,DP106SE,Seward,Alaska,7,2174,Half,None
DP07,26/10/2017,DP107VA,Vancouver,Alaska,7,2031,Half,Antiques
DP07,02/11/2017,DP108VA,Vancouver,Alaska,7,2166,AI,Singles
DP07,09/11/2017,DP109VA,Vancouver,Alaska,7,2115,AI,Celebrity Chef
DP07,16/11/2017,DP110SE,Seward,Alaska,7,2131,Half,Adventure
DP07,23/11/2017,DP219MI,Miami,Western Caribbean,5,2065,Full,Music
DP07,28/11/2017,DP112VA,Vancouver,Alaska,7,2146,Full,Celebrity Chef
DP07,05/12/2017,DP113VA,Vancouver,Alaska,7,2067,AI,Celebrity Chef
DP07,12/12/2017,DP114SE,Seward,Alaska,7,2170,Full,Celebrity Chef
DP07,19/12/2017,DP115VA,Vancouver,Alaska,7,2082,Full,Wine
DP07,26/12/2017,DP116VA,Vancouver,Alaska,7,2155,Full,Marine Biology
DP07,02/01/2018,DP117VA,Vancouver,Alaska,7,2095,AI,Singles
DP07,09/01/2018,DP229MI,Miami,Western Caribbean,5,2032,Half,Music
DP07,14/01/2018,DP119VA,Vancouver,Alaska,7,2086,Full,Marine Biology
DP07,21/01/2018,DP120VA,Vancouver,Alaska,7,2088,Full,Wine
DP07,28/01/2018,DP121VA,Vancouver,Alaska,7,2113,Full,Marine Biology
DP07,04/02/2018,DP122SE,Seward,Alaska,7,2043,Half,Wellness
DP07,11/02/2018,DP123VA,Vancouver,Alaska,7,2149,Full,None
DP07,18/02/2018,DP124VA,Vancouver,Alaska,7,2051,AI,Golf
DP07,25/02/2018,DP125VA,Vancouver,Alaska,7,1906,Half,Adventure
DP07,04/03/2018,DP126SE,Seward,Alaska,7,2035,Full,Marine Biology
DP07,11/03/2018,DP127VA,Vancouver,Alaska,7,1885,Full,Dance
DP07,18/03/2018,DP128VA,Vancouver,Pacific Coast,10,2047,Half,Bridge
DP07,28/03/2018,DP129VA,Vancouver,Alaska,12,1825,Full,None
DP07,09/04/2018,DP226MI,Miami,Western Caribbean,5,2012,Full,Art
DP07,14/04/2018,DP131SA,San Diego,Trans-Panama Canal,17,1758,Half,None
DP07,01/05/2018,DP132SA,San Juan,Southern Caribbean,11,1984,Half,Bridge
DP07,12/05/2018,DP133BA,Baltimore,Eastern Caribbean,11,1814,Half,Photography
DP07,23/05/2018,DP134SA,San Juan,Southern Caribbean,10,2012,Full,None
DP07,02/06/2018,DP135BA,Baltimore,Bahamas,10,1838,Full,Marine Biology
DP07,12/06/2018,DP136SA,San Juan,Southern Caribbean,11,1962,Full,None
DP07,23/06/2018,DP137BA,Baltimore,Eastern Caribbean,12,1844,Half,Adventure
DP07,05/07/2018,DP138SA,San Juan,Southern Caribbean,10,2008,Full,Wine
DP07,15/07/2018,DP139BA,Baltimore,Bahamas,9,1940,AI,Singles
DP07,24/07/2018,DP224MI,Miami,Western Caribbean,5,1960,Full,Art
DP07,29/07/2018,DP141BA,Baltimore,Eastern Caribbean,12,1775,Full,Antiques
DP07,10/08/2018,DP142SA,San Juan,Southern Caribbean,10,1990,AI,Singles
DP07,20/08/2018,DP143BA,Baltimore,Bahamas,9,1840,Full,Wine
DP07,29/08/2018,DP144SA,San Juan,Southern Caribbean,11,2047,Full,Photography
DP07,09/09/2018,DP145BA,Baltimore,Eastern Caribbean,14,1936,AI,Golf
DP07,23/09/2018,DP146SA,San Juan,Southern Caribbean,10,2229,AI,Cycling
DP07,03/10/2018,DP147BA,Baltimore,Southern Caribbean,12,1860,AI,Celebrity Chef
DP07,15/10/2018,DP148SA,San Juan,Southern Caribbean,11,2087,AI,Golf
DP07,26/10/2018,DP149SA,San Juan,Southern Caribbean,10,2009,Half,Antiques
DP07,05/11/2018,DP150BA,Baltimore,Bahamas,9,1830,AI,Dance
DP07,14/11/2018,DP151BA,Baltimore,Southern Caribbean,12,1822,AI,Photography
DP07,26/11/2018,DP152SA,San Juan,Southern Caribbean,11,1983,Full,Marine Biology
DP07,07/12/2018,DP153SA,San Juan,Southern Caribbean,10,2454,Half,Photography
DP07,17/12/2018,DP154BA,Baltimore,Bahamas,9,1827,Half,Adventure
DP07,26/12/2018,DP155BA,Baltimore,Southern Caribbean,12,1798,Half,Bridge
DP07,07/01/2019,DP156SA,San Juan,Southern Caribbean,11,2012,Full,None
DP07,18/01/2019,DP157SA,San Juan,Southern Caribbean,10,2007,AI,Singles
DP07,28/01/2019,DP158SA,San Juan,Southern Caribbean,11,2032,Half,Adventure
DP07,08/02/2019,DP159LO,Los Angeles,Trans-Panama Canal,15,2003,Full,None
DP07,23/02/2019,DP160SA,San Juan,Southern Caribbean,10,2030,Half,Bridge
DP07,05/03/2019,DP161SA,San Juan,Southern Caribbean,11,1996,Full,None
DP07,16/03/2019,DP162FO,Fort Lauderdale,Trans-Panama Canal,15,1992,Full,None
DP07,31/03/2019,DP163SA,San Juan,Southern Caribbean,10,2051,AI,Cycling
DP07,10/04/2019,DP164LO,Los Angeles,Trans-Panama Canal,15,1921,Full,None
DP07,25/04/2019,DP165SA,San Juan,Trans-Panama Canal,15,1986,Full,Wellness
JQ09,04/01/2016,JQ002FO,Fort Lauderdale,Eastern Caribbean,7,2995,AI,Cycling
JQ09,11/01/2016,JQ003FO,Fort Lauderdale,Eastern Caribbean,7,2765,Full,Marine Biology
JQ09,18/01/2016,JQ004FO,Fort Lauderdale,Eastern Caribbean,7,2835,Full,None
JQ09,25/01/2016,JQ005FO,Fort Lauderdale,Eastern Caribbean,7,2775,AI,Bridge
JQ09,01/02/2016,JQ006FO,Fort Lauderdale,Eastern Caribbean,7,2769,AI,Singles
JQ09,08/02/2016,JQ007FO,Fort Lauderdale,Eastern Caribbean,7,2835,Full,Celebrity Chef
JQ09,15/02/2016,JQ008FO,Fort Lauderdale,Eastern Caribbean,7,2890,Full,Singles
JQ09,22/02/2016,JQ009FO,Fort Lauderdale,Eastern Caribbean,7,2855,AI,Celebrity Chef
JQ09,29/02/2016,JQ010FO,Fort Lauderdale,Eastern Caribbean,7,2923,Half,None
JQ09,29/11/2016,JQ018BA,Barcelona,Transatlantic,13,2526,AI,Golf
JQ09,12/12/2016,JQ019FO,Fort Lauderdale,Eastern Caribbean,7,2785,AI,Singles
JQ09,19/12/2016,JQ020FO,Fort Lauderdale,Eastern Caribbean,7,3128,AI,Golf
JQ09,26/12/2016,JQ021FO,Fort Lauderdale,Eastern Caribbean,7,3054,AI,Dance
JQ09,02/01/2017,JQ022FO,Fort Lauderdale,Eastern Caribbean,7,2987,Half,Photography
JQ09,09/01/2017,JQ023FO,Fort Lauderdale,Eastern Caribbean,7,2938,Full,Marine Biology
JQ09,16/01/2017,JQ024FO,Fort Lauderdale,Eastern Caribbean,7,2814,AI,Celebrity Chef
JQ09,23/01/2017,JQ025FO,Fort Lauderdale,Eastern Caribbean,7,2810,Half,None
JQ09,30/01/2017,JQ026FO,Fort Lauderdale,Eastern Caribbean,7,2846,AI,Singles
JQ09,06/02/2017,JQ027FO,Fort Lauderdale,Eastern Caribbean,7,2850,AI,Cycling
JQ09,13/02/2017,JQ028FO,Fort Lauderdale,Eastern Caribbean,7,2834,AI,Dance
JQ09,20/02/2017,JQ029FO,Fort Lauderdale,Eastern Caribbean,7,2817,Full,Celebrity Chef
JQ09,27/02/2017,JQ030FO,Fort Lauderdale,Eastern Caribbean,7,2862,Half,Antiques
JQ09,05/06/2017,JQ044FO,Fort Lauderdale,Western Caribbean,7,3070,Half,Bridge
JQ09,12/06/2017,JQ045FO,Fort Lauderdale,Eastern Caribbean,7,3034,AI,Cycling
JQ09,19/06/2017,JQ046FO,Fort Lauderdale,Western Caribbean,7,3076,Full,Wellness
JQ09,26/06/2017,JQ047FO,Fort Lauderdale,Eastern Caribbean,7,3098,Full,Cycling
JQ09,03/07/2017,JQ048FO,Fort Lauderdale,Western Caribbean,7,3098,AI,Dance
JQ09,10/07/2017,JQ049FO,Fort Lauderdale,Eastern Caribbean,7,3108,Half,Photography
JQ09,17/07/2017,JQ050FO,Fort Lauderdale,Western Caribbean,7,3076,AI,Dance
JQ09,24/07/2017,JQ051FO,Fort Lauderdale,Eastern Caribbean,7,3090,Half,Bridge
JQ09,31/07/2017,JQ052FO,Fort Lauderdale,Western Caribbean,7,3095,Half,None
JQ09,07/08/2017,JQ053FO,Fort Lauderdale,Eastern Caribbean,7,3049,Half,Wellness
JQ09,14/08/2017,JQ054FO,Fort Lauderdale,Western Caribbean,7,3067,AI,Golf
JQ09,21/08/2017,JQ055FO,Fort Lauderdale,Eastern Caribbean,7,2905,AI,Golf
JQ09,28/08/2017,JQ056FO,Fort Lauderdale,Western Caribbean,7,2910,Half,Bridge
JQ09,04/09/2017,JQ057FO,Fort Lauderdale,Eastern Caribbean,7,2867,Full,Wine
JQ09,11/09/2017,JQ058FO,Fort Lauderdale,Western Caribbean,7,2681,Half,Wellness
JQ09,18/09/2017,JQ059FO,Fort Lauderdale,Eastern Caribbean,7,2744,Half,Photography
JQ09,25/09/2017,JQ060FO,Fort Lauderdale,Western Caribbean,7,2842,AI,Cycling
JQ09,02/10/2017,JQ061FO,Fort Lauderdale,Eastern Caribbean,7,2892,Full,Marine Biology
JQ09,09/10/2017,JQ062FO,Fort Lauderdale,Western Caribbean,7,2819,AI,Singles
JQ09,16/10/2017,JQ063FO,Fort Lauderdale,Eastern Caribbean,7,2875,Full,None
JQ09,23/10/2017,JQ064FO,Fort Lauderdale,Western Caribbean,7,2832,Half,None
JQ09,30/10/2017,JQ065FO,Fort Lauderdale,Eastern Caribbean,7,2877,AI,Singles
JQ09,06/11/2017,JQ066FO,Fort Lauderdale,Western Caribbean,7,2877,AI,Golf
JQ09,13/11/2017,JQ067FO,Fort Lauderdale,Eastern Caribbean,7,2618,Half,Antiques
JQ09,20/11/2017,JQ068FO,Fort Lauderdale,Eastern Caribbean,7,3065,Full,Marine Biology
JQ09,27/11/2017,JQ069FO,Fort Lauderdale,Eastern Caribbean,7,2682,AI,Dance
JQ09,04/12/2017,JQ070FO,Fort Lauderdale,Eastern Caribbean,7,2800,Full,None
JQ09,11/12/2017,JQ071FO,Fort Lauderdale,Eastern Caribbean,7,2876,AI,Dance
JQ09,18/12/2017,JQ072FO,Fort Lauderdale,Eastern Caribbean,7,3073,Half,Photography
JQ09,25/12/2017,JQ073FO,Fort Lauderdale,Eastern Caribbean,7,3091,AI,Photography
JQ09,01/01/2018,JQ074FO,Fort Lauderdale,Eastern Caribbean,7,3077,Half,Bridge
JQ09,08/01/2018,JQ075FO,Fort Lauderdale,Eastern Caribbean,7,2898,Full,Marine Biology
JQ09,15/01/2018,JQ076FO,Fort Lauderdale,Eastern Caribbean,7,2867,AI,Celebrity Chef
JQ09,22/01/2018,JQ077FO,Fort Lauderdale,Eastern Caribbean,7,2859,Half,None
JQ09,29/01/2018,JQ078FO,Fort Lauderdale,Eastern Caribbean,7,2835,AI,Celebrity Chef
JQ09,05/02/2018,JQ079FO,Fort Lauderdale,Eastern Caribbean,7,2851,Half,None
JQ09,12/02/2018,JQ080FO,Fort Lauderdale,Eastern Caribbean,7,2888,Full,None
JQ09,19/02/2018,JQ081FO,Fort Lauderdale,Eastern Caribbean,7,3023,Full,Wine
JQ09,26/02/2018,JQ082FO,Fort Lauderdale,Eastern Caribbean,7,2866,Half,Wellness
JQ09,05/03/2018,JQ083FO,Fort Lauderdale,Eastern Caribbean,7,2914,Full,Singles
JQ09,12/03/2018,JQ084FO,Fort Lauderdale,Eastern Caribbean,7,3134,Full,Wine
JQ09,19/03/2018,JQ085FO,Fort Lauderdale,Eastern Caribbean,7,2855,Full,Wellness
JQ09,26/03/2018,JQ086FO,Fort Lauderdale,Eastern Caribbean,7,2973,Half,Antiques
JQ09,02/04/2018,JQ087FO,Fort Lauderdale,Eastern Caribbean,7,2961,Full,Wine
JQ09,09/04/2018,JQ088FO,Fort Lauderdale,Eastern Caribbean,7,2897,AI,Dance
JQ09,16/04/2018,JQ089FO,Fort Lauderdale,Eastern Caribbean,7,3134,AI,Golf
JQ09,23/04/2018,JQ090FO,Fort Lauderdale,Eastern Caribbean,7,2971,Half,Antiques
JQ09,30/04/2018,JQ091FO,Fort Lauderdale,Transatlantic,13,2946,AI,Celebrity Chef
JQ09,27/11/2018,JQ092BA,Barcelona,Transatlantic,13,2730,Half,Adventure
JQ09,10/12/2018,JQ093FO,Fort Lauderdale,Western Caribbean,7,2849,AI,Golf
JQ09,17/12/2018,JQ094FO,Fort Lauderdale,Eastern Caribbean,8,2774,AI,Dance
JQ09,25/12/2018,JQ095FO,Fort Lauderdale,Eastern Caribbean,7,3119,AI,Golf
MP04,09/01/2016,MP001SA,San Juan,Southern Caribbean,10,1924,Full,Marine Biology
MP04,19/01/2016,MP002SA,San Juan,Southern Caribbean,11,1857,Half,Photography
MP04,30/01/2016,MP003SA,San Juan,Southern Caribbean,10,1862,Half,Antiques
MP04,09/02/2016,MP004SA,San Juan,Southern Caribbean,11,1848,AI,Cycling
MP04,20/02/2016,MP005SA,San Juan,Southern Caribbean,10,1824,Full,None
MP04,03/08/2016,MP020NE,New York,Eastern Caribbean,9,3498,Full,Marine Biology
MP04,12/08/2016,MP021NE,New York,Eastern Caribbean,9,3464,Half,Bridge
MP04,21/08/2016,MP022NE,New York,Canada/New England,7,3396,Half,None
MP04,28/08/2016,MP023NE,New York,Canada/New England,7,3305,AI,Singles
MP04,04/09/2016,MP024NE,New York,Canada/New England,7,3108,Half,Adventure
MP04,11/09/2016,MP025NE,New York,Canada/New England,7,3120,AI,Dance
MP04,18/09/2016,MP026NE,New York,Canada/New England,7,3088,Half,Photography
MP04,25/09/2016,MP027NE,New York,Canada/New England,7,3117,AI,Music
MP04,02/10/2016,MP028NE,New York,Canada/New England,7,3126,Full,None
MP04,09/10/2016,MP029NE,New York,Canada/New England,7,3139,Half,Photography
MP04,16/10/2016,MP030NE,New York,Canada/New England,7,3154,Half,None
MP04,23/10/2016,MP031NE,New York,Southern Caribbean,8,3193,AI,Dance
MP04,31/10/2016,MP032SA,San Juan,Southern Caribbean,7,3152,AI,Celebrity Chef
MP04,07/11/2016,MP033SA,San Juan,Southern Caribbean,7,2923,Full,Art
MP04,14/11/2016,MP034SA,San Juan,Southern Caribbean,7,2922,AI,Music
MP04,05/12/2016,MP035SA,San Juan,Southern Caribbean,7,3212,Full,Wine
MP04,12/12/2016,MP036SA,San Juan,Southern Caribbean,7,2861,Full,None
MP04,19/12/2016,MP037SA,San Juan,Southern Caribbean,7,3329,Full,Art
MP04,26/12/2016,MP038SA,San Juan,Southern Caribbean,7,3067,Full,Wine
MP04,02/01/2017,MP039SA,San Juan,Southern Caribbean,7,3194,AI,Golf
MP04,09/01/2017,MP040SA,San Juan,Southern Caribbean,7,2894,Half,Antiques
MP04,16/01/2017,MP041SA,San Juan,Southern Caribbean,7,2827,Full,None
MP04,23/01/2017,MP042SA,San Juan,Southern Caribbean,7,3166,AI,Music
MP04,30/01/2017,MP043SA,San Juan,Southern Caribbean,7,2750,Full,None
MP04,06/02/2017,MP044SA,San Juan,Southern Caribbean,7,3075,Full,Wine
MP04,13/02/2017,MP045SA,San Juan,Southern Caribbean,7,2876,Half,Wellness
MP04,20/02/2017,MP046SA,San Juan,Southern Caribbean,7,3167,Half,Adventure
MP04,27/02/2017,MP047SA,San Juan,Southern Caribbean,7,2909,Full,Singles
MP04,04/06/2017,MP060NE,New York,Eastern Caribbean,9,3237,Half,Wellness
MP04,13/06/2017,MP061NE,New York,Eastern Caribbean,9,3341,Half,None
MP04,22/06/2017,MP062NE,New York,Eastern Caribbean,9,3432,Half,Bridge
MP04,01/07/2017,MP063NE,New York,Eastern Caribbean,9,3491,AI,Antiques
MP04,10/07/2017,MP064NE,New York,Eastern Caribbean,9,3425,AI,Golf
MP04,19/07/2017,MP065NE,New York,Eastern Caribbean,9,3472,AI,Dance
MP04,28/07/2017,MP066NE,New York,Eastern Caribbean,9,3513,Half,Photography
MP04,06/08/2017,MP067NE,New York,Canada/New England,7,3426,AI,Dance
MP04,13/08/2017,MP068NE,New York,Canada/New England,7,3446,Full,None
MP04,20/08/2017,MP069NE,New York,Canada/New England,7,3449,Half,None
MP04,27/08/2017,MP070NE,New York,Canada/New England,7,3353,AI,Singles
MP04,03/09/2017,MP071NE,New York,Canada/New England,7,3215,Full,Golf
MP04,10/09/2017,MP072NE,New York,Canada/New England,7,3143,Half,Antiques
MP04,17/09/2017,MP073NE,New York,Canada/New England,7,3125,AI,Celebrity Chef
MP04,24/09/2017,MP074NE,New York,Canada/New England,7,3146,Full,Art
MP04,01/10/2017,MP075NE,New York,Canada/New England,7,3143,AI,Music
MP04,08/10/2017,MP076NE,New York,Canada/New England,7,3125,Full,Celebrity Chef
MP04,15/10/2017,MP077NE,New York,Canada/New England,7,3152,AI,Celebrity Chef
MP04,22/10/2017,MP078NE,New York,Eastern Caribbean,8,3060,Half,Adventure
MP04,30/10/2017,MP079SA,San Juan,Southern Caribbean,7,3146,Half,Wellness
MP04,06/11/2017,MP080SA,San Juan,Southern Caribbean,7,2967,Half,Photography
MP04,13/11/2017,MP081SA,San Juan,Southern Caribbean,7,3130,Full,Marine Biology
MP04,20/11/2017,MP082SA,San Juan,Southern Caribbean,7,3283,AI,Golf
MP04,27/11/2017,MP083SA,San Juan,Southern Caribbean,7,2675,Half,Antiques
MP04,04/12/2017,MP084SA,San Juan,Southern Caribbean,7,3044,Half,Photography
MP04,11/12/2017,MP085SA,San Juan,Southern Caribbean,7,3100,Half,Antiques
MP04,18/12/2017,MP086SA,San Juan,Southern Caribbean,7,3225,Full,None
MP04,25/12/2017,MP087SA,San Juan,Southern Caribbean,7,2942,Half,None
MP04,01/01/2018,MP088SA,San Juan,Southern Caribbean,7,3274,Full,None
MP04,08/01/2018,MP089SA,San Juan,Southern Caribbean,7,3208,Half,None
MP04,15/01/2018,MP090SA,San Juan,Southern Caribbean,7,2839,Half,Bridge
MP04,22/01/2018,MP091SA,San Juan,Southern Caribbean,7,2680,Full,Wine
MP04,29/01/2018,MP092SA,San Juan,Southern Caribbean,7,3105,Half,Bridge
MP04,05/02/2018,MP093SA,San Juan,Southern Caribbean,7,2863,Full,Wine
MP04,12/02/2018,MP094SA,San Juan,Southern Caribbean,7,3189,AI,Singles
MP04,19/02/2018,MP095SA,San Juan,Southern Caribbean,7,3109,AI,Cycling
MP04,26/02/2018,MP096SA,San Juan,Southern Caribbean,7,2920,Full,Antiques
MP04,05/03/2018,MP097SA,San Juan,Southern Caribbean,7,3132,AI,Golf
MP04,12/03/2018,MP098SA,San Juan,Southern Caribbean,7,2958,AI,Dance
MP04,19/03/2018,MP099SA,San Juan,Southern Caribbean,7,2942,AI,Golf
MP04,26/03/2018,MP100SA,San Juan,Southern Caribbean,7,2991,Full,Marine Biology
MP04,02/04/2018,MP101SA,San Juan,Southern Caribbean,7,3000,AI,Golf
MP04,09/04/2018,MP102SA,San Juan,Southern Caribbean,7,3184,Full,Marine Biology
MP04,16/04/2018,MP103SA,San Juan,Southern Caribbean,7,3391,Half,Photography
MP04,23/04/2018,MP104SA,San Juan,Southern Caribbean,7,3035,AI,Music
MP04,30/04/2018,MP105SA,San Juan,Southern Caribbean,7,2857,Half,Bridge
MP04,07/05/2018,MP106NE,New York,Eastern Caribbean,9,3192,Half,Adventure
MP04,16/05/2018,MP107NE,New York,Canada/New England,9,3101,AI,Dance
MP04,25/05/2018,MP108NE,New York,Eastern Caribbean,9,3234,AI,Golf
MP04,03/06/2018,MP109NE,New York,Eastern Caribbean,9,3324,AI,Dance
MP04,12/06/2018,MP110NE,New York,Canada/New England,9,3253,AI,Golf
MP04,21/06/2018,MP111NE,New York,Canada/New England,9,3340,Full,Marine Biology
MP04,30/06/2018,MP112NE,New York,Eastern Caribbean,9,3535,AI,Golf
MP04,09/07/2018,MP113NE,New York,Eastern Caribbean,9,3529,AI,Dance
MP04,18/07/2018,MP114NE,New York,Canada/New England,9,3361,Full,None
MP04,27/07/2018,MP115NE,New York,Canada/New England,9,3569,Full,Marine Biology
MP04,05/08/2018,MP116NE,New York,Canada/New England,7,3463,Full,None
MP04,12/08/2018,MP117NE,New York,Canada/New England,7,3472,Half,None
MP04,19/08/2018,MP118NE,New York,Canada/New England,7,3439,AI,Singles
MP04,26/08/2018,MP119NE,New York,Canada/New England,7,3155,Full,Art
MP04,02/09/2018,MP120NE,New York,Canada/New England,7,3166,Half,Antiques
MP04,09/09/2018,MP121NE,New York,Canada/New England,7,3134,AI,Celebrity Chef
MP04,16/09/2018,MP122NE,New York,Canada/New England,7,3158,AI,Cycling
MP04,23/09/2018,MP123NE,New York,Canada/New England,7,3150,Half,Antiques
MP04,30/09/2018,MP124NE,New York,Canada/New England,7,3142,Half,Wellness
MP04,07/10/2018,MP125NE,New York,Canada/New England,7,3171,AI,Celebrity Chef
MP04,14/10/2018,MP126NE,New York,Canada/New England,7,3199,Half,Adventure
MP04,21/10/2018,MP127NE,New York,Canada/New England,7,3150,Half,Antiques
MP04,28/10/2018,MP128NE,New York,Southern Caribbean,10,3114,Full,None
MP04,19/11/2018,MP129SA,San Juan,Southern Caribbean,7,3117,AI,Celebrity Chef
MP04,26/11/2018,MP130SA,San Juan,Southern Caribbean,7,2708,Full,Art
MP04,03/12/2018,MP131SA,San Juan,Southern Caribbean,7,3284,AI,Singles
MP04,10/12/2018,MP132SA,San Juan,Southern Caribbean,7,2836,Half,Photography
MP04,17/12/2018,MP133SA,San Juan,Southern Caribbean,8,3169,Half,Antiques
MP04,25/12/2018,MP134SA,San Juan,Southern Caribbean,7,2722,Half,Photography
OJ01,03/01/2016,OJ001MI,Miami,Western Caribbean,5,1945,Half,Music
OJ01,08/01/2016,OJ002MI,Miami,Bahamas,6,1880,AI,Music
OJ01,14/01/2016,OJ003MI,Miami,Western Caribbean,7,1533,Half,Antiques
OJ01,21/01/2016,OJ004MI,Miami,Western Caribbean,5,1866,Full,None
OJ01,26/01/2016,OJ005MI,Miami,Western Caribbean,5,1802,Half,Art
OJ01,31/01/2016,OJ006MI,Miami,Western Caribbean,5,1833,Full,Marine Biology
OJ01,05/02/2016,OJ007MI,Miami,Western Caribbean,5,1808,Full,Art
OJ01,10/02/2016,OJ008MI,Miami,Western Caribbean,5,1873,Half,Photography
OJ01,15/02/2016,OJ009MI,Miami,Western Caribbean,5,1834,Half,Adventure
OJ01,20/02/2016,OJ010MI,Miami,Western Caribbean,5,1982,AI,Dance
OJ01,25/02/2016,OJ011MI,Miami,Western Caribbean,5,1894,AI,Singles
OJ01,01/03/2016,OJ012MI,Miami,Western Caribbean,5,1829,AI,Golf
OJ01,06/03/2016,OJ013MI,Miami,Western Caribbean,5,1966,Half,Music
OJ01,11/03/2016,OJ026BA,Barcelona,Transatlantic,14,1641,Full,None
OJ01,25/03/2016,OJ027MI,Miami,Western Caribbean,5,1806,Half,Wellness
OJ01,30/03/2016,OJ028MI,Miami,Western Caribbean,5,1972,Half,Art
OJ01,04/04/2016,OJ029MI,Miami,Western Caribbean,5,2049,Half,None
OJ01,09/04/2016,OJ030MI,Miami,Western Caribbean,5,2086,Half,Antiques
OJ01,14/04/2016,OJ031MI,Miami,Western Caribbean,5,2041,Half,Art
OJ01,19/04/2016,OJ032MI,Miami,Western Caribbean,5,1851,Half,Adventure
OJ01,24/04/2016,OJ033MI,Miami,Bahamas,5,1687,Full,Music
OJ01,29/04/2016,OJ034MI,Miami,Bahamas,7,1664,Full,Singles
OJ01,06/05/2016,OJ035MI,Miami,Western Caribbean,5,1807,Half,Art
OJ01,11/05/2016,OJ036MI,Miami,Western Caribbean,5,1785,Half,Music
OJ01,16/05/2016,OJ037MI,Miami,Western Caribbean,5,1813,Full,Music
OJ01,21/05/2016,OJ038MI,Miami,Western Caribbean,5,1820,Full,Art
OJ01,26/05/2016,OJ039MI,Miami,Western Caribbean,5,1884,AI,Music
OJ01,31/05/2016,OJ040MI,Miami,Western Caribbean,5,1901,Full,Music
OJ01,05/06/2016,OJ041MI,Miami,Western Caribbean,5,1864,Half,Music
OJ01,10/06/2016,OJ042MI,Miami,Western Caribbean,5,1808,Full,Wine
OJ01,15/06/2017,OJ043MI,Miami,Western Caribbean,5,1795,Full,Art
OJ01,20/06/2017,OJ059BA,Barcelona,Transatlantic,14,1586,AI,Music
OJ01,07/11/2017,OJ060MI,Miami,Western Caribbean,5,1775,AI,Cycling
OJ01,12/11/2017,OJ061MI,Miami,Western Caribbean,5,1796,AI,Music
OJ01,17/11/2017,OJ062MI,Miami,Western Caribbean,5,1824,Half,Wellness
OJ01,22/11/2017,OJ063MI,Miami,Western Caribbean,5,2040,Half,Adventure
OJ01,27/11/2017,OJ064MI,Miami,Western Caribbean,5,1768,Full,Marine Biology
OJ01,02/12/2017,OJ065MI,Miami,Western Caribbean,5,1802,Half,Music
OJ01,07/12/2017,OJ066MI,Miami,Western Caribbean,5,1612,Half,Art
OJ01,12/12/2017,OJ067MI,Miami,Western Caribbean,5,1859,Full,Marine Biology
OJ01,17/12/2017,OJ068MI,Miami,Western Caribbean,5,2007,Half,Wellness
OJ01,22/12/2017,OJ069MI,Miami,Western Caribbean,5,2073,Full,Art
OJ01,27/12/2017,OJ070MI,Miami,Western Caribbean,5,2034,Full,Music
OJ01,01/01/2018,OJ071MI,Miami,Bahamas,5,1937,Full,Music
OJ01,06/01/2018,OJ072MI,Miami,Eastern Caribbean,7,1662,AI,Cycling
OJ01,13/01/2018,OJ073MI,Miami,Bahamas,5,1620,Full,Art
OJ01,18/01/2018,OJ074MI,Miami,Western Caribbean,5,1838,Full,Art
OJ01,23/01/2018,OJ075MI,Miami,Western Caribbean,5,1797,Half,Adventure
OJ01,28/01/2018,OJ076MI,Miami,Western Caribbean,5,1790,Half,Antiques
OJ01,02/02/2018,OJ077MI,Miami,Western Caribbean,5,1776,Full,Art
OJ01,07/02/2018,OJ078MI,Miami,Western Caribbean,5,1816,AI,Cycling
OJ01,12/02/2018,OJ079MI,Miami,Western Caribbean,5,1850,Half,Antiques
OJ01,17/02/2018,OJ080MI,Miami,Southern Caribbean,10,1797,AI,Celebrity Chef
OJ01,27/02/2018,OJ081MI,Miami,Western Caribbean,5,1910,Half,Art
OJ01,04/03/2018,OJ082MI,Miami,Western Caribbean,5,1815,AI,Singles
OJ01,09/03/2018,OJ083MI,Miami,Western Caribbean,5,530,Full,Music
OJ01,14/03/2018,OJ084MI,Miami,Western Caribbean,5,1993,AI,Art
OJ01,19/03/2018,OJ085MI,Miami,Western Caribbean,5,2028,Half,Music
OJ01,24/03/2018,OJ086MI,Miami,Western Caribbean,5,1904,Half,Art
OJ01,29/03/2018,OJ087MI,Miami,Western Caribbean,5,1913,AI,Music
OJ01,03/04/2018,OJ088MI,Miami,Western Caribbean,5,1966,Half,Wellness
OJ01,08/04/2018,OJ089MI,Miami,Western Caribbean,5,1975,Full,None
OJ01,13/04/2018,OJ090MI,Miami,Western Caribbean,5,1559,Half,Art
OJ01,18/04/2018,OJ091MI,Miami,Western Caribbean,5,1819,Full,Art
OJ01,23/04/2018,OJ092MI,Miami,Western Caribbean,5,2039,Half,Bridge
OJ01,28/04/2018,OJ093MI,Miami,Western Caribbean,5,2050,Half,Adventure
OJ01,03/05/2018,OJ094MI,Miami,Western Caribbean,5,1968,AI,Dance
OJ01,08/05/2018,OJ095MI,Miami,Trans-Panama Canal,6,1790,Full,Music
OJ01,14/05/2018,OJ096SA,San Diego,Pacific Coast,8,1761,Full,Marine Biology
OJ01,22/05/2018,OJ097VA,Vancouver,Alaska,7,1829,Half,Bridge
OJ01,29/05/2018,OJ098VA,Vancouver,Alaska,7,1811,AI,Cycling
OJ01,05/06/2018,OJ099VA,Vancouver,Alaska,7,1864,Full,None
OJ01,12/06/2018,OJ100VA,Vancouver,Alaska,7,1824,Full,None
OJ01,19/06/2018,OJ101VA,Vancouver,Alaska,7,1905,Half,None
OJ01,26/06/2018,OJ102VA,Vancouver,Alaska,7,1930,AI,Singles
OJ01,03/07/2018,OJ103VA,Vancouver,Alaska,7,1988,Full,Bridge
OJ01,10/07/2018,OJ104VA,Vancouver,Alaska,7,2001,Full,Marine Biology
OJ01,17/07/2018,OJ105VA,Vancouver,Alaska,7,1968,Half,Bridge
OJ01,24/07/2018,OJ106VA,Vancouver,Alaska,7,1945,AI,Cycling
OJ01,31/07/2018,OJ107VA,Vancouver,Alaska,7,1987,Full,None
OJ01,07/08/2018,OJ108VA,Vancouver,Alaska,7,1888,Half,Photography
OJ01,14/08/2018,OJ109VA,Vancouver,Alaska,7,1928,AI,Music
OJ01,21/08/2018,OJ110VA,Vancouver,Alaska,7,1936,Full,None
OJ01,28/08/2018,OJ111VA,Vancouver,Alaska,7,1893,Half,Adventure
OJ01,04/09/2018,OJ112VA,Vancouver,Alaska,7,1795,AI,Dance
OJ01,11/09/2018,OJ113VA,Vancouver,Alaska,7,1812,Full,None
OJ01,18/09/2018,OJ114VA,Vancouver,Alaska,14,1729,Full,Wine
OJ01,02/10/2018,OJ115SA,San Diego,Hawaii,15,1781,AI,Singles
OJ01,17/10/2018,OJ116SA,San Diego,Hawaii,15,1815,AI,Cycling
OJ01,01/11/2018,OJ117EN,Ensenada,Hawaii,10,1756,Half,Photography
OJ01,11/11/2018,OJ118HO,Honolulu,South Pacific/Far East,18,1618,Half,None
OW05,02/01/2016,OW001FO,Fort Lauderdale,Southern Caribbean,10,2056,Full,None
OW05,12/01/2016,OW002FO,Fort Lauderdale,Western Caribbean,11,2037,Half,Wellness
OW05,23/01/2016,OW003FO,Fort Lauderdale,Southern Caribbean,10,1967,AI,Cycling
OW05,02/02/2016,OW004FO,Fort Lauderdale,Western Caribbean,11,1979,Full,None
OW05,13/02/2016,OW005FO,Fort Lauderdale,Southern Caribbean,10,2017,Half,None
OW05,23/02/2016,OW006FO,Fort Lauderdale,Western Caribbean,11,1979,Half,Photography
OW05,04/09/2016,OW012HA,Harwich,Transatlantic,14,1911,Full,Art
OW05,18/09/2016,OW013CA,Cape Liberty,Canada/New England,14,1962,Full,None
OW05,02/10/2016,OW014CA,Cape Liberty,Canada/New England,13,1903,AI,Singles
OW05,15/10/2016,OW015CA,Cape Liberty,Canada/New England,14,1919,Full,Wine
OW05,29/10/2016,OW016CA,Cape Liberty,Bermuda,10,2052,Full,None
OW05,08/11/2016,OW017MI,Miami,Southern Caribbean,13,2007,Full,Wellness
OW05,21/11/2016,OW018MI,Miami,Trans-Panama Canal,14,1973,Full,None
OW05,05/12/2016,OW019SA,San Diego,Trans-Panama Canal,14,1985,AI,Cycling
OW05,19/12/2016,OW020MI,Miami,Southern Caribbean,14,2146,Half,Photography
OW05,02/01/2017,OW021MI,Miami,Trans-Panama Canal,6,2035,Full,Art
OW05,16/01/2017,OW022SA,San Diego,Trans-Panama Canal,14,1990,Half,Bridge
OW05,30/01/2017,OW023MI,Miami,Southern Caribbean,14,2025,Half,Wine
OW05,13/02/2017,OW024MI,Miami,Southern Caribbean,14,2050,Full,Adventure
OW05,27/02/2017,OW025MI,Miami,Trans-Panama Canal,13,2018,AI,Dance
OW05,05/11/2017,OW029BA,Barcelona,Transatlantic,14,1931,AI,Celebrity Chef
OW05,19/11/2017,OW030FO,Fort Lauderdale,Southern Caribbean,14,2001,Full,None
OW05,03/12/2017,OW031FO,Fort Lauderdale,Southern Caribbean,14,1986,AI,Celebrity Chef
OW05,17/12/2017,OW032FO,Fort Lauderdale,Trans-Panama Canal,15,2163,AI,Celebrity Chef
OW05,01/01/2018,OW033SA,San Diego,Trans-Panama Canal,13,2033,Half,Wellness
OW05,14/01/2018,OW034FO,Fort Lauderdale,Southern Caribbean,14,2034,Full,None
OW05,28/01/2018,OW035FO,Fort Lauderdale,Southern Caribbean,14,2011,AI,Singles
OW05,11/02/2018,OW036FO,Fort Lauderdale,Southern Caribbean,14,1984,Full,None
OW05,25/02/2018,OW037FO,Fort Lauderdale,Southern Caribbean,14,1994,AI,Dance
OW05,11/03/2018,OW038FO,Fort Lauderdale,Southern Caribbean,14,2061,AI,Music
OW05,25/03/2018,OW039FO,Fort Lauderdale,Southern Caribbean,14,2015,Half,None
OW05,08/04/2018,OW040FO,Fort Lauderdale,Southern Caribbean,14,2090,Half,None
OW05,22/04/2018,OW041FO,Fort Lauderdale,Southern Caribbean,14,2034,Half,None
OW05,06/05/2018,OW042FO,Fort Lauderdale,Transatlantic,15,1959,AI,Golf
OW05,19/11/2018,OW043BA,Barcelona,Transatlantic,13,1929,Half,Bridge
OW05,02/12/2018,OW044FO,Fort Lauderdale,Southern Caribbean,14,2029,Full,None
OW05,16/12/2018,OW045FO,Fort Lauderdale,Southern Caribbean,14,2112,Full,Marine Biology
OW05,30/12/2018,OW046FO,Fort Lauderdale,Southern Caribbean,14,2042,Half,None
SE06,06/08/2016,SE008SE,Seattle,Alaska,7,2258,Full,Dance
SE06,13/08/2016,SE009SE,Seattle,Alaska,14,2358,AI,None
SE06,27/08/2016,SE010SE,Seattle,Alaska,7,2248,Half,Wellness
SE06,03/09/2016,SE011SE,Seattle,Alaska,12,2097,Full,Golf
SE06,17/09/2016,SE012SE,Seattle,Alaska,7,2115,Half,Bridge
SE06,24/09/2016,SE013SE,Seattle,Trans-Panama Canal,16,1929,AI,Wine
SE06,10/10/2016,SE014FO,Fort Lauderdale,Trans-Panama Canal,13,2010,Full,Golf
SE06,24/10/2016,SE015SA,San Diego,Trans-Panama Canal,14,1993,AI,Wellness
SE06,07/11/2016,SE016FO,Fort Lauderdale,Trans-Panama Canal,11,1992,Full,Golf
SE06,21/11/2016,SE017SA,San Diego,Trans-Panama Canal,13,2006,Half,Wellness
SE06,04/12/2016,SE018FO,Fort Lauderdale,Trans-Panama Canal,15,1899,Half,Adventure
SE06,05/08/2017,SE026SE,Seattle,Alaska,7,2287,Half,Antiques
SE06,12/08/2017,SE027SE,Seattle,Alaska,7,2274,Full,Celebrity Chef
SE06,19/08/2017,SE028SE,Seattle,Alaska,14,2225,Full,Cycling
SE06,02/09/2017,SE029SE,Seattle,Alaska,7,2082,Half,Photography
SE06,09/09/2017,SE030SE,Seattle,Alaska,14,2086,AI,Music
SE06,23/09/2017,SE031SE,Seattle,Trans-Panama Canal,16,2003,AI,Golf
SE06,09/10/2017,SE032FO,Fort Lauderdale,Trans-Panama Canal,14,2019,AI,None
SE06,23/10/2017,SE033LO,Los Angeles,Trans-Panama Canal,14,2010,Full,Cycling
SE06,06/11/2017,SE034FO,Fort Lauderdale,Trans-Panama Canal,14,1998,AI,Adventure
SE06,20/11/2017,SE035LO,Los Angeles,Trans-Panama Canal,14,1996,Half,Photography
SE06,04/12/2017,SE036MI,Miami,Trans-Panama Canal,15,1994,Full,Golf
SE06,12/03/2018,SE037VA,Valparaiso,Trans-Panama Canal,14,1978,Half,Antiques
SE06,26/03/2018,SE038FO,Fort Lauderdale,Trans-Panama Canal,14,1965,AI,Dance
SE06,09/04/2018,SE039SA,San Diego,Trans-Panama Canal,14,1942,Half,Antiques
SE06,23/04/2018,SE040FO,Fort Lauderdale,Trans-Panama Canal,16,1983,Full,Marine Biology
SE06,09/05/2018,SE041SE,Seattle,Alaska,10,1994,Full,Cycling
SE06,04/08/2018,SE043SE,Seattle,Alaska,14,2293,Half,Bridge
SE06,18/08/2018,SE044SE,Seattle,Alaska,7,2242,Half,Wellness
SE06,25/08/2018,SE045SE,Seattle,Alaska,14,2148,AI,Golf
SE06,08/09/2018,SE046SE,Seattle,Alaska,7,2076,Half,Bridge
SE06,15/09/2018,SE047SE,Seattle,Alaska,10,2049,Half,Adventure
SE06,25/09/2018,SE048SE,Seattle,Trans-Panama Canal,17,1968,Full,Adventure
SE06,12/10/2018,SE049FO,Fort Lauderdale,Trans-Panama Canal,15,2015,AI,Art
SE06,27/10/2018,SE050SA,San Diego,Trans-Panama Canal,15,1960,Full,Wellness
SE06,02/12/2018,SE051FO,Fort Lauderdale,Trans-Panama Canal,18,1982,AI,Wellness
TH10,03/01/2016,TH001SA,San Juan,Southern Caribbean,15,2256,Full,Golf
TH10,18/01/2016,TH002SA,San Juan,Southern Caribbean,7,2131,Full,Celebrity Chef
TH10,25/01/2016,TH003SA,San Juan,Southern Caribbean,14,2135,Half,None
TH10,08/02/2016,TH004SA,San Juan,Southern Caribbean,7,1916,Full,Golf
TH10,15/02/2016,TH005SA,San Juan,Southern Caribbean,14,2086,Half,Antiques
TH10,29/02/2016,TH006SA,San Juan,Southern Caribbean,7,2043,AI,Wine
TH10,27/11/2016,TH012BA,Barcelona,Transatlantic,14,1676,Full,Celebrity Chef
TH10,11/12/2016,TH013SA,San Juan,Southern Caribbean,7,1992,Full,Dance
TH10,18/12/2016,TH014SA,San Juan,Southern Caribbean,11,2116,Full,None
TH10,01/01/2017,TH015SA,San Juan,Southern Caribbean,7,2275,AI,None
TH10,08/01/2017,TH016SA,San Juan,Southern Caribbean,14,2168,Half,None
TH10,22/01/2017,TH017SA,San Juan,Southern Caribbean,7,2071,AI,Wine
TH10,29/01/2017,TH018SA,San Juan,Southern Caribbean,14,2004,AI,Celebrity Chef
TH10,12/02/2017,TH019SA,San Juan,Southern Caribbean,7,2107,Half,Antiques
TH10,19/02/2017,TH020SA,San Juan,Southern Caribbean,14,2102,Full,Golf
TH10,03/07/2017,TH028CA,Cape Liberty,Canada/New England,7,2255,AI,Celebrity Chef
TH10,10/07/2017,TH029CA,Cape Liberty,Bermuda,7,2282,AI,None
TH10,17/07/2017,TH030CA,Cape Liberty,Canada/New England,14,2231,Half,None
TH10,31/07/2017,TH032CA,Cape Liberty,Canada/New England,7,2243,Full,Cycling
TH10,07/08/2017,TH033CA,Cape Liberty,Bermuda,14,2284,Full,Celebrity Chef
TH10,21/08/2017,TH035CA,Cape Liberty,Bermuda,7,2276,Half,Antiques
TH10,28/08/2017,TH036CA,Cape Liberty,Canada/New England,7,2066,Full,Celebrity Chef
TH10,04/09/2017,TH037CA,Cape Liberty,Bermuda,7,2027,Full,Cycling
TH10,11/09/2017,TH038CA,Cape Liberty,Canada/New England,14,1986,Full,Dance
TH10,25/09/2017,TH039CA,Cape Liberty,Canada/New England,14,1964,Half,Adventure
TH10,09/10/2017,TH040CA,Cape Liberty,Canada/New England,14,1994,Half,Wellness
TH10,23/10/2017,TH041CA,Cape Liberty,Eastern Caribbean,3,2015,AI,Taster
TH10,29/10/2017,TH042SA,San Juan,Southern Caribbean,7,1941,Half,Antiques
TH10,02/01/2018,TH043SA,San Juan,Southern Caribbean,3,2343,Half,Taster
TH10,07/01/2018,TH044SA,San Juan,Southern Caribbean,14,2056,AI,Wine
TH10,21/01/2018,TH045SA,San Juan,Southern Caribbean,7,1936,Full,Cycling
TH10,28/01/2018,TH046SA,San Juan,Southern Caribbean,14,2060,AI,None
TH10,11/02/2018,TH047SA,San Juan,Southern Caribbean,7,2068,Half,Wellness
TH10,18/02/2018,TH048SA,San Juan,Southern Caribbean,14,2063,Half,Adventure
TH10,04/03/2018,TH049SA,San Juan,Southern Caribbean,7,2111,Half,Photography
TH10,11/03/2018,TH050SA,San Juan,Southern Caribbean,14,2080,Half,None
TH10,25/03/2018,TH051SA,San Juan,Southern Caribbean,7,2147,Full,Music
TH10,01/04/2018,TH052SA,San Juan,Southern Caribbean,14,1991,Half,Photography
TH10,15/04/2018,TH053SA,San Juan,Southern Caribbean,7,2307,AI,None
TH10,22/04/2018,TH054SA,San Juan,Southern Caribbean,7,2146,AI,Wine
TH10,29/04/2018,TH055SA,San Juan,Eastern Caribbean,18,2076,Full,None
TH10,21/05/2018,TH058CA,Cape Liberty,Bermuda,7,2120,Full,Celebrity Chef
TH10,28/05/2018,TH059CA,Cape Liberty,Bermuda,7,2144,AI,Wine
TH10,04/06/2018,TH060CA,Cape Liberty,Bermuda,14,2121,AI,Wellness
TH10,18/06/2018,TH061CA,Cape Liberty,Bermuda,7,2291,Full,Music
TH10,25/06/2018,TH062CA,Cape Liberty,Bermuda,21,2369,Full,None
TH10,16/07/2018,TH063CA,Cape Liberty,Bermuda,7,2436,Full,Celebrity Chef
TH10,23/07/2018,TH064CA,Cape Liberty,Bermuda,7,2393,AI,Wine
TH10,30/07/2018,TH065CA,Cape Liberty,Bermuda,14,2452,Full,Wellness
TH10,13/08/2018,TH067CA,Cape Liberty,Bermuda,7,2453,AI,Marine Biology
TH10,20/08/2018,TH068CA,Cape Liberty,Bermuda,7,2450,Half,Bridge
TH10,27/08/2018,TH069CA,Cape Liberty,Bermuda,7,2448,Full,Cycling
TH10,03/09/2018,TH070CA,Cape Liberty,Bermuda,7,2039,AI,Celebrity Chef
TH10,24/09/2018,TH072CA,Cape Liberty,Canada/New England,14,1994,Full,Dance
TH10,08/10/2018,TH073CA,Cape Liberty,Canada/New England,14,1999,AI,None
TH10,22/10/2018,TH074CA,Cape Liberty,Eastern Caribbean,14,2055,Full,Dance
TH10,23/12/2018,TH076SA,San Juan,Southern Caribbean,7,2331,Full,Celebrity Chef
TH10,30/12/2018,TH077SA,San Juan,Southern Caribbean,14,2335,AI,Wine
VG08,03/01/2016,VG001AC,Acapulco,Trans-Panama Canal,10,1971,Half,Adventure
VG08,13/01/2016,VG002FO,Fort Lauderdale,Southern Caribbean,10,2001,AI,Singles
VG08,23/01/2016,VG003FO,Fort Lauderdale,Southern Caribbean,10,1977,Full,Wine
VG08,02/02/2016,VG004FO,Fort Lauderdale,Trans-Panama Canal,10,1964,Half,Bridge
VG08,12/02/2016,VG005AC,Acapulco,Trans-Panama Canal,10,1947,Full,Wine
VG08,22/02/2016,VG006FO,Fort Lauderdale,Southern Caribbean,10,1986,Full,None
VG08,02/08/2016,VG026VA,Vancouver,Alaska,7,2119,AI,Music
VG08,09/08/2016,VG027WH,Whittier,Alaska,7,2104,Full,None
VG08,16/08/2016,VG028VA,Vancouver,Alaska,7,2029,Half,Adventure
VG08,23/08/2016,VG029WH,Whittier,Alaska,7,2024,AI,Dance
VG08,30/08/2016,VG030VA,Vancouver,Alaska,7,2027,Full,None
VG08,06/09/2016,VG031WH,Whittier,Alaska,7,1970,AI,Music
VG08,13/09/2016,VG032VA,Vancouver,Trans-Panama Canal,17,1963,Full,None
VG08,30/09/2016,VG033FO,Fort Lauderdale,Western Caribbean,10,2011,Full,Wellness
VG08,10/10/2016,VG034FO,Fort Lauderdale,Western Caribbean,10,1961,Half,Adventure
VG08,20/10/2016,VG035FO,Fort Lauderdale,Western Caribbean,10,1981,AI,Music
VG08,30/10/2016,VG036FO,Fort Lauderdale,Western Caribbean,10,1998,Half,Bridge
VG08,09/11/2016,VG037FO,Fort Lauderdale,Western Caribbean,10,1987,Half,None
VG08,19/11/2016,VG038FO,Fort Lauderdale,Western Caribbean,10,2061,Half,Antiques
VG08,29/11/2016,VG039FO,Fort Lauderdale,Western Caribbean,10,1975,Full,Bridge
VG08,09/12/2016,VG040FO,Fort Lauderdale,Trans-Panama Canal,10,1984,Half,Antiques
VG08,19/12/2016,VG041AC,Acapulco,Trans-Panama Canal,10,2163,AI,Cycling
VG08,29/12/2016,VG042FO,Fort Lauderdale,Trans-Panama Canal,10,2110,AI,Singles
VG08,08/01/2017,VG043AC,Acapulco,Trans-Panama Canal,10,1930,AI,Music
VG08,18/01/2017,VG044FO,Fort Lauderdale,Western Caribbean,10,1980,AI,Golf
VG08,28/01/2017,VG045FO,Fort Lauderdale,Western Caribbean,10,1967,AI,Dance
VG08,07/02/2017,VG046FO,Fort Lauderdale,Western Caribbean,10,1954,Half,None
VG08,17/02/2017,VG047FO,Fort Lauderdale,Trans-Panama Canal,10,1984,Full,None
VG08,27/02/2017,VG048AC,Acapulco,Trans-Panama Canal,10,1932,AI,Singles
VG08,06/06/2017,VG059WH,Whittier,Alaska,7,2052,Full,None
VG08,13/06/2017,VG060VA,Vancouver,Alaska,7,2069,AI,Adventure
VG08,20/06/2017,VG061WH,Whittier,Alaska,7,2076,Full,None
VG08,27/06/2017,VG062VA,Vancouver,Alaska,7,2025,AI,Cycling
VG08,04/07/2017,VG063WH,Whittier,Alaska,7,2143,Half,Wellness
VG08,11/07/2017,VG064VA,Vancouver,Alaska,7,2113,Full,Art
VG08,18/07/2017,VG065WH,Whittier,Alaska,7,2134,Half,Antiques
VG08,25/07/2017,VG066VA,Vancouver,Alaska,7,2114,Full,None
VG08,01/08/2017,VG067WH,Whittier,Alaska,7,2132,AI,Music
VG08,08/08/2017,VG068VA,Vancouver,Alaska,7,2104,Full,None
VG08,15/08/2017,VG069WH,Whittier,Alaska,7,2091,Half,Adventure
VG08,22/08/2017,VG070VA,Vancouver,Alaska,7,2007,AI,Dance
VG08,29/08/2017,VG071WH,Whittier,Alaska,7,1989,Full,None
VG08,05/09/2017,VG072VA,Vancouver,Alaska,7,1973,Half,None
VG08,12/09/2017,VG073WH,Whittier,Alaska,7,1988,AI,Singles
VG08,03/10/2017,VG074VA,Vancouver,Pacific Coast,2,1919,Half,Taster
VG08,05/10/2017,VG075SA,San Francisco,Trans-Panama Canal,15,1346,AI,Dance
VG08,20/10/2017,VG076FO,Fort Lauderdale,Trans-Panama Canal,15,1838,AI,Golf
VG08,04/11/2017,VG077LO,Los Angeles,Trans-Panama Canal,15,1930,Half,Bridge
VG08,19/11/2017,VG078FO,Fort Lauderdale,Trans-Panama Canal,15,1935,AI,Celebrity Chef
VG08,04/12/2017,VG079LO,Los Angeles,Trans-Panama Canal,15,1987,Full,None
VG08,19/12/2017,VG080FO,Fort Lauderdale,Trans-Panama Canal,10,2256,Half,Adventure
VG08,29/12/2017,VG081FO,Fort Lauderdale,Trans-Panama Canal,10,2057,Full,Cycling
VG08,08/01/2018,VG082FO,Fort Lauderdale,Western Caribbean,10,2005,AI,Music
VG08,18/01/2018,VG083FO,Fort Lauderdale,Western Caribbean,10,1956,AI,Golf
VG08,28/01/2018,VG084FO,Fort Lauderdale,Western Caribbean,10,1988,Half,Wellness
VG08,07/02/2018,VG085FO,Fort Lauderdale,Western Caribbean,10,2016,Full,Marine Biology
VG08,17/02/2018,VG086FO,Fort Lauderdale,Western Caribbean,10,2032,Half,Photography
VG08,27/02/2018,VG087FO,Fort Lauderdale,Trans-Panama Canal,15,1974,Full,None
VG08,14/03/2018,VG088LO,Los Angeles,Trans-Panama Canal,15,2003,AI,Singles
VG08,29/03/2018,VG089FO,Fort Lauderdale,Trans-Panama Canal,15,1992,AI,Singles
VG08,21/10/2018,VG090RO,Rome,Transatlantic,11,2735,AI,Music
VG08,05/11/2018,VG091CA,Cape Liberty,Southern Caribbean,12,2900,Half,Adventure
VG08,17/11/2018,VG092CA,Cape Liberty,Southern Caribbean,12,2867,AI,Dance
VG08,29/11/2018,VG093CA,Cape Liberty,Southern Caribbean,12,2824,AI,Music
VG08,11/12/2018,VG094CA,Cape Liberty,Southern Caribbean,12,2895,Full,Marine Biology
VG08,23/12/2018,VG095CA,Cape Liberty,Southern Caribbean,12,3130,Full,None
