272,India,Singbulli Champagne Oolong,24,50,16,-1,Prepared by hand with the finest leaves
347,India,Phuguri Supreme ,27,50,16,-1,An aroma that evokes the pure air of the Himalayas
348,India,Tumsong Supreme ,34,50,16,-1,Exceptionally complex flavour reminding one of blackcurrant bushes and muscatel wine
349,India,Pussimbing Supreme  ,29,50,16,-1,An outstanding flavoured tea with the bonus of also being organic
3,India,Phuguri FTGFOP ,223,50,8.5,0,
5,India,Goomtee FTGFOP,379,50,8,0,
6,India,Risheehat FTGFOP,98,50,6.4,0,
7,India,Makaibari Organic FTGFOP,32,50,4.9,0,
8,India,Bannockburn FTGFOP,11,50,5,0,
9,India,Chamong Organic FTGFOP,119,50,4,0,
10,India,Singell FTGFOP ,223,50,3.8,0,
292,India,Ambootia Organic TGFOP,292,50,3.8,0,Organic
12,India,Phoobsering FTGFOP,126,50,2.6,0,
13,India,Badamtam FTGFOP ,259,50,2.3,0,
15,India,St Margarets Hope SFTGFOP ,282,50,9,0,
17,India,Sungma FTGFOP,171,50,7.2,0,Made from leaves picked at the peak of summer
18,India,Balasun FTGFOP,135,50,6,0,Highly aromatic with a sparkling flavour
293,India,Singell Organic SFTGFOP ,248,50,5.2,-1,Full bodied fruity infusion with the taste full of the sun
20,India,Kaley Valley SFTGFOP,80,50,5.2,0,A light and refreshing infusion due to its beautifully crafted tippy leaf
294,India,Castleton FTGFOP,78,50,4.8,0,One of the most renowned gardens in Darjeeling that fetches unbelievable prices in Japanese tea shops
21,India,Tukvar FTGFOP ,132,50,4,0,
22,India,St Margarets Hope FTGFOP ,252,50,4.3,0,
23,India,Ging FTGFOP,318,50,3.2,0,
25,India,Singbulli TGFOP ,226,50,2.6,0,
26,India,Selimbong FTGFOP ,58,50,4.6,0,From the top of the autumn harvest - darker mellow and fruity
27,India,Upper Namring FTGFOP,121,50,2.6,0,
37,India,Madoorie Golden Tips  ,15,50,24,-1,This tea is not available anywhere but ICT Teas making it the world's most exclusive speciality
39,India,Hajua �Shelter of the Swans� SFTGFOP ,365,50,9.5,-1,This garden produces wonderfully tippy hand twisted leaves but unfortunately in very small amounts
42,India,Joonktollee SFTGFOP ,497,50,6.4,0,Abundant gold tips and smooth liquor
43,India,Mangalam SFTGFOP ,163,50,6,-1,Rich ripe infusion and fine body
45,India,Harmutty STGFOP,185,50,4.8,0,
46,India,Hajua SFTGFOP ,61,50,4.2,0,Good value for every day drinking yet still malty and smooth
47,India,Thowra TGFOP ,150,50,4.8,0,
48,India,Khongea FTGFBOP ,350,50,4.6,0,
49,India,Tippuk TGFOP ,67,50,3.6,0,
50,India,Hunwal TGFOP,47,50,3.8,0,
52,India,Maijan TGFOP ,162,50,3.6,0,
53,India,Koomsong TGFOP,67,50,3.3,0,
54,India,Margherita GFBOP,453,50,3.3,0,
55,India,Nahorani TGFOP ,106,50,3.6,0,
56,India,Maud FBOP,119,50,3.5,0,
57,India,Bhooteachang FBOP ,273,50,3.4,0,
59,India,Dhelakat TGFOP ,418,50,2.4,0,
60,India,Zaloni GFBOP,33,50,2.3,0,
61,India,Sonabheel FBOP,217,50,2.4,0,
63,India,Sepon GBOP ,408,50,2.3,0,
64,India,Dimakusi CTCBOP ,125,50,2.2,0,
318,India,Assam Decaffeinated ,419,50,4.4,0,Decaffeinated using a safe method which also leaves more flavour quality in the leaf
29,India,Sikkim Temi FTGFOP,19,50,4.9,0,Very fine bouquet and delicate liquor from a breath-taking garden that rivals Darjeeling
31,India,Dooars Satali FTGFOP ,1,50,3.3,0,
34,India,Nepal Maloom FTGFOP ,231,50,5.8,0,Delicate infusion from the 'Top of the World'
33,India,Nepal Kanyam GFOP,171,50,2.8,0,
35,India,Nilgiri Thiashola FOP ,164,50,3.8,0,An exceptional mellow tea with a smooch full-bodied infusion
36,India,Nilgiri Parkside FOP ,230,50,2,0,
275,Ceylon,Precious Jewel ,121,50,5,0,A rare tea with a smooth malty character and richness reminiscent of finest Assam with a very elegant leaf edged with silver
74,Ceylon,Highland Organic ,450,50,3.3,0,Clean and fruity
76,Ceylon,Pettiagalla OP ,53,50,2.3,0,Classic favourite afternoon or lighter breakfast tea
77,Ceylon,Mahadowa BOP,50,50,2.2,0,
78,Ceylon,Waulugalla FOP ,160,50,2.7,0,
79,Ceylon,Ruhunu OP ,77,50,1.9,0,
80,Ceylon,Matale Curly Pekoe ,480,50,1.8,0,
84,Ceylon,Montecristo BOP ,101,50,2.3,0,
66,Ceylon,Dyraaba OP ,157,50,3.3,0,Full bodied fine aroma
67,Ceylon,Kenilworth OP,105,50,3.5,0,Very rounded flavour
68,Ceylon,Dotel Oya OP ,315,50,2.8,0,
70,Ceylon,Dickwella BOP ,341,50,2.3,0,Fruity aroma good body and pale colour
71,Ceylon,Shawlands OP ,265,50,2.6,0,An exceptional infusion
72,Ceylon,Meddecombra OP ,304,50,2.2,0,
73,Ceylon,El Teb FBOP ,499,50,2,0,
65,Ceylon,Koslanda OP ,114,50,4,0,Organic production and a fine flavour
351,Ceylon,Pedro Garden ,189,50,4,-1,Grown high up on a plateau this unusual Ceylon is reminiscent of a good first flush Darjeeling with its yellow cup and fresh yet soft taste
81,Ceylon,Battalgalla OP,428,50,2.5,0,Highest growing area of Nuwara Eliya - Light and refreshing
82,Ceylon,Lovers Leap BOP ,136,50,1.9,0,Famous picturesque estate
83,Ceylon,Liddesdale BOP ,76,50,1.9,0,
85,Kenya,Kenya Kaproret GFOP ,174,50,2.5,0,Dark gold infusion - Bright flavour
87,Kenya,Kenya Marinyn GFBOP ,458,50,2.3,0,
89,Tanzania,Tanzanian BOP ,25,50,2,0,
91,Java,Java Pasir Nangka OP,237,50,3.4,0,Sparkling refreshing infusion
93,Georgia,Georgian OP,153,50,1.5,0,Unique sweetish flavour
97,China,Jun Shan Silver Needles ,10,50,113,-1,
309,China,Lions Peak Imperial Dragon Well (Lung Ching),10,50,70,-1,
310,China,Anji April Snow ,10,50,72,-1,
304,China,Jin Shang Tian Hua  ,10,50,30,-1,
305,China,Hai Bei Tu Zhu ,10,50,30,-1,
303,China,Douyun Golden Spiral ,10,50,20,-1,
313,China,Gu Zhu Violet Shoots,10,50,17,-1,
316,China,Buddha Mountain Jade Kiss  ,10,50,17,-1,
98,China,Yellow Mountain Green Tea Rose ,10,50,17,-1,
99,China,Yellow Mountain Golden Spears ,10,50,17,-1,
306,China,Tiantang Emerald Cloud,10,50,16,-1,
100,China,Tai Ping Hou Kui,10,50,17,-1,
276,China,Yin Zhen White Crystal ,10,50,30,-1,
320,China, Xin Yang Moon Dew,10,50,16,-1,The finest growth on offer from the height of the second flush season with a divine muscatel and blackcurrant character - a rarity
319,China,Golden Delta Cha ,239,50,13,0,
106,China,Hubei Silvery Strawberry Tea ,434,50,12,0,
307,China,Huiming Temple Tea ,35,50,11.2,0,
108,China,Ninety Nine Peak Mountain ,71,50,14,0,
109,China,Yellow Spring Flower Awakening,443,50,14,0,
112,China,Little Dragon Lung Ching ,140,50,6.8,0,
114,China,Fire Mountain Silk Buds,300,50,11,0,
115,China,Green DestinyTM ,322,50,6.8,0,
117,China,Angels TearsTM ,180,50,7.5,0,
119,China,Spiral of Spring Jade  ,10,50,16.5,-1,
121,China,Fuchow White Monkey,312,50,7.5,0,
122,China,Fuchow Snow Buds ,211,50,7.5,0,
124,China,Gu Zhang Mao Jian ,35,50,4.6,0,
125,China,Guangxi White Downy ,483,50,4.4,0,
127,China,Tea of LifeTM ,279,50,4.4,0,
128,China,Gunpowder Special Temple ,464,50,2.5,0,
129,China,Chun Mee Special Temple,259,50,3.1,0,
130,China,Wintertime Spice ,424,50,4.4,0,Warming refreshing reviving and festive - an antidote to over indulgence!
131,China,Secret GardenTM ,304,50,4.4,0,Revives tired taste buds and has a beautiful aroma
134,China,Summertime Fruits ,82,50,4.4,0,A gentle blend of exotic fruits evoking balmy tropical evenings
330,China,Strawberry ,128,50,4.4,0,The quintessential summer high tea
138,China,Jasmine Yin Hao ,352,50,9.5,0,The best grade of Jasmine tea available grown in an area of outstanding natural beauty - a very delicate leaf that gives an exquisite infusion
139,China,Jasmine Chung Hao ,241,50,5.2,0,Very high quality well made leaf - aromatic infusion
140,China,Jasmine Monkey King,270,50,2.5,0,Our most economical yet far from ordinary offer
271,China,Pure Jasmine Blossoms ,331,50,2.5,0,These can be drunk as they are or added to tea to increase the concentration of jasmine
331,China,Jasmine Fortune Balls ,463,50,11,0,Tea buds are perfumed with jasmine blossoms then hand-tied into small balls crowned with a beautiful red smiling flower
141,China,Tarry Lapsang Crocodile,251,50,3.6,0,
142,China,Tarry Lapsang Souchong ,325,50,3,0,From the same beautiful province comes this slightly more full-bodied smoky infusion
338,China,Lapsang Gold ,79,50,5,0,This beautiful looking tea is named after the colour of the buds from which it is made
145,China,Lichee ,433,50,2.3,0,
146,China,Lotus Blossom ,193,50,2.3,0,
