Roll_No,First_Name,Last_Name,Gender,Acc_Code,Course_Code,Paid
SS0001,Luke,Kirby,M,MOL3,C1913,0
SS0002,William,Chambers,M,SAC3,D1914,-1
SS0003,Josh,Williams,M,PEH2,E1915,-1
SS0004,Xiang,Tsai,F,PEH2,M1920,0
SS0005,Ellie,Morley,F,PEH3,E1915,-1
SS0006,Gabriel,Bryan,M,SAC2,H1918,-1
SS0007,Daisy,O'Neill,F,SAC2,T1924,0
SS0008,Katherine,Burke,F,SAC1,F1917,0
SS0009,Jennifer,Welch,F,SAC2,T1925,-1
SS0010,Isabel,Price,F,SAC3,M1922,0
SS0011,Michael,Myers,M,SAC3,T1924,0
SS0012,Emma,Iqbal,F,MOL1,D1914,-1
SS0013,Paige,Morrison,F,UJA2,A1903,0
SS0014,Georgina,Morris,F,SAC3,C1913,0
SS0015,Rosie,Harrison,F,PEH2,C1910,-1
SS0016,Tegan,Hurst,F,CRC3,P1907,-1
SS0017,Charlie,Baldwin,F,PEH1,E1904,-1
SS0018,Finley,Watkins,M,MOL1,F1916,-1
SS0019,George,Briggs,M,SAC1,D1914,-1
SS0020,Katie,Rees,F,SAC3,V1926,-1
SS0021,Joshua,Summers,M,CRC3,F1916,0
SS0022,Aaron,Bentley,M,SAC3,T1925,0
SS0023,Jasmine,Stephenson,F,CRC3,P1906,-1
SS0024,Katie,Rowley,F,SAC3,V1926,-1
SS0025,Joshua,Price,M,MOL3,P1905,0
SS0026,David,Lewis,M,UJA2,A1902,-1
SS0027,Brooke,Cunningham,F,PEH2,E1915,0
SS0028,Finley,Faulkner,M,CRC3,F1916,-1
SS0029,John,Walker,M,MOL1,E1915,0
SS0030,Alice,Lamb,F,CRC2,C1911,-1
SS0031,Amber,Brown,F,CRC3,M1921,-1
SS0032,Corey,Kirk,M,PEH2,M1920,0
SS0033,John,Black,M,UJA2,A1901,-1
SS0034,Mollie,Pratt,F,CRC3,F1917,0
SS0035,Aleksandra,Lieplicis,F,PEH2,C1911,-1
SS0036,Lewis,Bates,M,CRC1,M1921,0
SS0037,Ruby,Gathard,F,MOL2,T1925,-1
SS0038,Patrick,Woodward,M,UJA1,A1903,0
SS0039,Scarlett,Barton,F,PEH2,L1900,-1
SS0040,Summer,Bruce,F,SAC2,V1926,0
SS0041,Daisy,Lloyd,F,PEH2,P1908,0
SS0042,Ella,Heath,F,MOL2,C1912,0
SS0043,Sebastian,Graham,M,PEH3,L1900,-1
SS0044,Samantha,Bowen,F,SAC3,S1923,-1
SS0045,Evie,Pearce,F,CRC2,F1917,0
SS0046,Lydia,Douglas,F,PEH2,C1910,-1
SS0047,Mohammed,Stephens,M,SAC1,H1918,0
SS0048,Faber,Maters,M,SAC2,P1906,0
SS0049,Kian,Black,M,UJA1,A1902,0
SS0050,Max,Lawrence,M,MOL3,C1912,-1
SS0051,Hayden,Parsons,M,PEH2,C1911,-1
SS0052,Jay,Gibson,M,MOL3,F1916,-1
SS0053,Freddie,Greenwood,M,PEH1,L1900,-1
SS0054,Holly,Howells,F,PEH2,C1911,0
SS0055,Victoria,Shaw,F,CRC3,E1904,0
SS0056,Morgan,Collins,F,PEH3,L1900,-1
SS0057,Sofia,Bolton,F,SAC1,H1918,-1
SS0058,Pedro,Lopez,M,CRC1,E1904,-1
SS0059,Dylan,Daly,M,CRC1,C1913,0
SS0060,Lewis,Knight,M,PEH3,D1914,0
SS0061,Hannah,Holden,F,MOL3,I1919,0
SS0062,Harry,Lewis,M,SAC3,E1915,0
SS0063,Logan,Johnston,M,MOL2,I1919,0
SS0064,Cameron,Barrett,M,SAC3,P1905,0
SS0065,Sean,Wells,M,PEH1,C1912,-1
SS0066,Lilly,Allan,F,UJA1,A1901,-1
SS0067,Victoria,Adams,F,PEH2,C1912,-1
SS0068,Jian,Yin,M,SAC1,F1917,0
SS0069,Harriet,Singh,F,PEH3,M1922,-1
SS0070,Liam,Barry,M,PEH1,M1921,-1
SS0071,Alex,Fisher,M,UJA3,A1901,-1
SS0073,Tiffany,Cox,F,PEH1,L1900,0
SS0074,Adel,Naser,M,PEH1,M1922,-1
SS0075,Leon,Mann,M,SAC3,L1900,-1
SS0076,Valerijs,Bergs,M,SAC1,S1923,-1
SS0077,Nicholas,Middleton,M,CRC1,C1912,-1
SS0078,Nicole,Davidson,F,MOL3,P1908,0
SS0079,Alisha,Palmer,F,CRC2,C1912,0
SS0080,Billy,Mitchell,M,MOL1,P1905,0
SS0081,Alexander,Nicholls,M,PEH1,E1904,0
SS0082,Erin,Bailey,F,CRC3,F1917,0
SS0083,Rebecca,Scott,F,MOL2,P1907,0
SS0084,Taylor,Hargreaves,M,UJA3,A1902,-1
SS0085,Francesca,Brooks,F,MOL1,T1924,0
SS0086,Abby,Bell,F,CRC2,C1913,-1
SS0087,Emma,West,F,UJA3,A1901,-1
SS0088,Max,Reid,M,MOL3,M1920,-1
SS0089,Lara,Riley,F,UJA3,A1903,0
SS0090,Brooke,O'Sullivan,F,UJA3,A1903,0
SS0091,Matilda,Craig,F,PEH2,C1910,0
SS0092,Gracie,Stokes,F,PEH1,C1911,-1
SS0093,Maisie,Byrne,F,MOL1,M1920,0
SS0094,Gracie,O'Neill,F,SAC2,E1904,0
SS0095,Callum,Baxter,M,UJA2,A1901,-1
SS0096,Samantha,Walton,F,MOL3,M1921,0
SS0097,Ellie,Jenkins,F,MOL1,M1921,-1
SS0098,Nathan,Burrows,M,UJA3,A1902,0
SS0099,Henry,Dodd,M,PEH3,C1913,0
SS0100,Margaret,Jakobson,F,MOL1,C1913,0
SS0101,Lok,Hou,M,PEH1,S1923,0
SS0102,Ethan,Grant,M,UJA3,A1901,-1
SS0103,Rebecca,Dodd,F,PEH2,P1906,-1
SS0104,David,Tobin,M,MOL3,I1919,-1
SS0105,Scott,Miller,M,CRC2,D1914,-1
SS0106,David,Ali,M,MOL3,P1905,-1
SS0107,Grace,Leach,F,MOL3,C1912,-1
SS0108,Summer,Dunn,F,CRC2,D1914,-1
SS0109,Sebastian,Daniels,M,UJA2,A1902,-1
SS0110,Kai,Lewis,M,PEH2,P1908,-1
SS0111,Amelia,Blackburn,F,PEH2,F1916,0
SS0112,Harvey,Carr,M,MOL3,E1915,0
SS0113,Harriet,Nicholson,F,CRC3,H1918,0
SS0114,Isaac,Bradshaw,M,CRC2,I1919,-1
SS0115,Jodie,Carpenter,F,MOL2,H1918,0
SS0116,Freddie,Benson,M,MOL2,M1922,0
SS0117,Anna,Fox,F,MOL3,T1924,-1
SS0118,Teodoro,Garza,M,UJA2,A1903,0
SS0119,Bradley,Simmons,M,PEH1,T1925,0
SS0120,Caitlin,Baldwin,F,CRC3,I1919,-1
SS0121,Ellis,Spencer,M,MOL2,M1920,0
SS0122,Michael,Rhodes,M,SAC1,M1920,0
SS0123,Bethany,Woodward,F,UJA3,A1903,0
SS0124,Lily,Harvey,F,PEH2,S1923,0
SS0125,Bethany,Stone,F,PEH2,P1906,-1
SS0126,Logan,Franklin,M,SAC1,C1913,-1
SS0127,Lydia,Brown,F,SAC1,M1921,0
SS0128,Steffen,Nguyen,M,UJA3,A1902,-1
SS0129,Chigaru,Maroun,M,SAC3,E1915,0
SS0130,Greg,Garrido,M,UJA2,A1902,-1
SS0131,Bethany,Kennedy,F,SAC2,S1923,0
SS0132,Alex,Lord,M,UJA2,A1903,0
SS0133,Leo,Rozitis,M,MOL2,M1921,-1
SS0134,Chin,Tao,M,MOL1,P1905,0
SS0135,Kiera,Dennis,F,SAC3,E1904,-1
SS0136,Yasmin,Davison,F,SAC2,F1916,-1
SS0137,Skye,Berry,F,SAC1,V1926,-1
SS0138,James,Stone,M,UJA1,A1902,-1
SS0139,Ellis,Hooper,M,SAC2,M1922,0
SS0140,Jayden,Mellor,M,UJA2,A1901,0
SS0141,Chelsea,Baxter,F,CRC2,P1906,0
SS0142,Taki,Akagi,M,CRC3,P1907,-1
SS0143,Scarlett,Norman,F,CRC1,S1923,-1
SS0144,Manu,Shammas,M,PEH3,P1905,-1
SS0145,Mason,O'Neill,M,UJA1,A1903,-1
SS0146,Freya,Nixon,F,UJA3,A1902,-1
SS0147,Waleed,Wasem,M,SAC2,E1904,0
SS0148,Isabella,Spencer,F,CRC3,C1910,-1
SS0149,Jose,Rasco,M,CRC3,T1924,0
SS0150,Peter,Lord,M,CRC3,I1919,-1
SS0151,Luca,Whitehead,M,SAC2,M1920,-1
SS0152,Gracie,Mason,F,SAC1,D1914,-1
SS0153,Chelsea,Porter,F,MOL3,M1921,-1
SS0154,Masaaki,Nakao,M,SAC3,M1922,-1
SS0155,Maddison,Allan,F,SAC2,E1904,-1
SS0156,Phoebe,Farmer,F,MOL1,E1915,-1
SS0157,Jennifer,Walker,F,CRC3,C1911,0
SS0158,Kayleigh,Wheeler,F,PEH3,C1913,0
SS0159,Danielle,Norton,F,MOL1,F1917,-1
SS0160,Abby,Kassab,F,SAC3,F1916,-1
SS0161,Jonathan,Metcalfe,M,PEH3,P1908,0
SS0162,Alfie,Thomas,M,UJA3,A1903,-1
SS0163,Oscar,Stephens,M,UJA3,A1903,-1
SS0164,Joshua,O'Brien,M,MOL3,M1922,-1
SS0165,Anthony,Tucker,M,UJA2,A1903,-1
SS0166,Samantha,Bull,F,MOL2,M1921,0
SS0167,David,Kanaan,M,PEH2,L1900,0
SS0168,Abby,Robertson,F,PEH1,T1925,0
SS0169,Samuel,Potts,M,MOL2,V1926,0
SS0170,Natasha,Walters,F,MOL2,P1906,0
SS0171,Lily,Baker,F,PEH3,P1907,-1
SS0172,Rosie,Davies,F,SAC1,E1904,0
SS0173,Agathe,Thalberg,F,MOL2,M1920,-1
SS0174,Robert,Barnett,M,MOL3,D1914,-1
SS0175,Monim,Bazzi,M,SAC3,M1922,0
SS0176,Henry,Pugh,M,SAC3,P1905,0
SS0177,John,Thorpe,M,SAC1,F1917,0
SS0178,Poppy,Stanley,F,MOL2,C1912,0
SS0179,Melosia,Natal,F,PEH3,M1921,-1
SS0180,Vambola,Olesk,M,MOL2,S1923,-1
SS0181,Edward,Saunders,M,SAC2,E1904,0
SS0182,Scarlett,Davey,F,CRC3,C1911,0
SS0183,Chloe,Macdonald,F,SAC3,P1905,-1
SS0184,Pedro,Garrido,M,SAC3,C1913,-1
SS0185,Ina,Dhiman,F,PEH2,C1912,0
SS0186,Patrick,Hunt,M,PEH3,T1924,-1
SS0187,Edward,Palmer,M,PEH2,P1907,0
SS0188,Connor,Kirk,M,PEH1,P1908,0
SS0189,Satoko,Miyamoto,F,MOL1,C1913,0
SS0190,Brandon,Stephens,M,MOL3,T1925,0
SS0191,Louis,Moore,M,MOL2,M1922,0
SS0192,Zak,Hargreaves,M,CRC2,H1918,-1
SS0193,Angelo ,Antonio,M,SAC2,P1905,-1
SS0194,Chloe,Pope,F,CRC3,P1905,0
SS0195,Sophie,Arnold,F,SAC3,M1921,-1
SS0196,Hollie,Lambert,F,CRC3,M1922,-1
SS0197,Libby,Horton,F,SAC3,P1906,0
SS0198,Zak,Barry,M,SAC3,D1914,-1
SS0199,Hayden,Mitchell,M,CRC3,L1900,-1
SS0200,Chloe,Lawrence,F,MOL2,M1922,-1
SS0201,Freddie,Baker,M,CRC1,E1904,0
SS0202,Skye,Sykes,F,CRC3,E1915,0
SS0203,Henry,Norman,M,MOL3,S1923,-1
SS0204,James,Shepherd,M,SAC2,S1923,0
SS0205,Kai,Gill,M,SAC1,P1907,-1
SS0206,Adam,Strauss,M,CRC1,P1908,-1
SS0207,Mohamed,Bansal,M,MOL1,P1905,0
SS0208,Nikolaus,Hettinger,M,PEH1,V1926,0
SS0209,Anwar,Maroun,M,MOL2,C1910,-1
SS0210,Summer,Kacaratchi,F,SAC1,S1923,-1
SS0211,Michelle,Simioni,F,SAC3,T1924,0
SS0212,Hannes,Wetter,M,SAC3,H1918,0
SS0213,Petra,Maier,F,MOL2,I1919,-1
SS0214,Chano,Viana,M,SAC1,P1906,-1
SS0215,Lapis,Hakimi,F,PEH1,E1904,0
SS0216,Josef,Ritter,M,SAC3,L1900,0
SS0217,Sandra,Cooper,F,CRC2,P1908,-1
SS0218,Thierry,Landry,M,MOL3,T1925,-1
SS0219,Grace,Faulkner,F,MOL1,T1924,-1
SS0220,Anna-Maria,Bastiaens,F,PEH3,P1906,0
SS0221,Yasmin,Kalb,F,CRC2,P1905,-1
SS0222,Dina,Ena,F,SAC2,F1917,-1
SS0223,Francisco Javier,Ramirez,M,PEH3,T1925,0
SS0224,Martins,Nuja,M,MOL3,I1919,-1
SS0225,Tomas,Cordero,M,CRC3,E1915,-1
SS0226,Isis,Deeb,F,CRC1,H1918,0
SS0227,Diarria,Salis,F,MOL2,P1906,-1
SS0228,Isabelle,Burke,F,PEH3,C1910,-1
SS0229,Elena,Smith,F,CRC1,P1906,-1
SS0230,Honor,Dimas,M,CRC2,P1906,-1
SS0231,Sandra,Royle,F,UJA1,A1901,0
SS0232,Jonas,Verdonk,M,CRC1,C1910,-1
SS0233,Aneta,Kozma,F,PEH1,P1907,0
SS0234,Muhanad,Maloof,M,MOL2,T1924,-1
SS0235,Sohaila,Kanaan,F,CRC3,P1907,0
SS0236,Maxime,Rouanet,F,SAC1,F1916,-1
SS0237,Malak,Bazzi,F,SAC1,F1916,0
SS0238,Petra,Bier,F,PEH2,T1924,0
SS0239,Menna,Haik,F,PEH2,P1907,0
SS0240,Isaac,Fisher,M,PEH3,P1907,-1
SS0241,Naida,Mangas,F,MOL3,T1925,-1
SS0242,Mariam,Gaber,F,PEH3,C1911,0
SS0243,Gudrun,Taubman,F,CRC1,F1917,-1
SS0244,Patrick,Warner,M,SAC1,F1916,0
SS0245,Pablo,Ramirez,M,PEH2,P1908,-1
SS0246,Boody,Quraishi,M,CRC2,M1920,-1
SS0247,Peter,Ryder,M,UJA3,A1901,-1
SS0248,Serena,Marcano,F,PEH2,V1926,0
SS0249,Leo,Quattrone,M,PEH1,D1914,0
SS0250,Miguel,Valles,M,PEH2,T1925,-1
SS0251,Fritz,Bumgarner,M,PEH2,V1926,-1
SS0252,Vasilis,Anania,M,CRC2,C1910,-1
SS0253,Ishmael,Contreras,M,PEH3,T1925,0
SS0254,Mohammed,Ahktar,M,UJA3,A1901,-1
SS0255,Nihad,Maroun,F,MOL3,M1920,0
SS0256,Mesi,Kassis,F,UJA3,A1902,0
SS0257,Olga,Schneider,F,MOL1,C1911,-1
SS0258,Carmina,Cornejo,F,CRC1,V1926,0
SS0259,Teremun,Atiyeh,M,UJA2,A1902,-1
SS0260,Kratika,Gupta,M,PEH2,F1917,-1
SS0261,Luigi,Brown,M,PEH3,P1908,0
SS0262,Lorie,Vasseur,F,SAC2,F1917,-1
SS0263,Merle,Wehausen,F,PEH3,P1908,0
SS0264,Vasos,Rines,M,CRC3,C1910,0
SS0265,Pablo,Ramos,M,CRC1,P1907,-1
SS0266,Phoebe,Nicolo,F,MOL1,E1915,-1
SS0267,Rebecca,Berry,F,SAC2,P1908,-1
SS0268,Patrick,McLean,M,PEH1,I1919,-1
SS0269,Dylan,Chamberlain,M,SAC2,P1908,0
SS0270,Qiang,Shen,M,SAC1,H1918,0
SS0271,Josh,Barlow,M,UJA3,A1902,-1
SS0272,Rachel,Randall,F,CRC2,V1926,-1
SS0273,Sebastian,Coleman,M,PEH2,H1918,-1
SS0274,Ilsa,Schins,F,CRC3,I1919,0
SS0275,Oliver,Fitzgerald,M,MOL2,L1900,-1
SS0276,Faith,Sinclair,F,PEH2,L1900,-1
SS0277,Charlie,Joyce,F,MOL3,C1912,-1
SS0278,Leo,Spencer,M,UJA2,A1901,0
SS0279,Josh,Dennis,M,UJA3,A1903,-1
SS0280,Djayden,Van De Hoef,M,PEH3,C1911,0
SS0281,Louie,Burke,M,CRC1,C1910,0
SS0282,Mohammed,Dickinson,M,PEH3,L1900,0
SS0283,Lewis,Iqbal,M,CRC3,C1910,0
SS0284,Alisha,Herbert,F,MOL3,C1912,0
SS0285,Leon,Lees,M,SAC1,S1923,0
SS0286,Kian,Norton,M,CRC3,F1916,0
SS0287,Nicholas,Rees,M,MOL2,C1910,-1
SS0288,Kai,Carroll,M,SAC1,C1913,-1
SS0289,Krijna,Ermers,F,CRC3,D1914,-1
SS0290,Lilly,Knowles,F,CRC1,C1911,-1
SS0291,Dietmar,Strauss,M,SAC1,T1924,0
SS0292,Kyle,Atkinson,M,PEH1,I1919,-1
SS0293,Rosie,Matthews,F,SAC3,C1912,0
SS0294,Tao,Chuang,F,PEH1,P1907,-1
SS0295,Jihan,Nuijens,F,MOL2,H1918,-1
SS0297,Cong,Yuan,M,MOL3,C1911,0
SS0298,Nicole,Gallagher,F,SAC3,V1926,-1
SS0299,Hendrik,Vrijdag,M,CRC2,M1920,-1
