Acc_Code,Accommodation,Room_Type,Weekly_Cost
CRC1,Crispin Court,En suite,760
CRC2,Crispin Court,Standard,680.65
CRC3,Crispin Court,Room only,410
MOL1,Molesworth Lodge,En suite,685.5
MOL2,Molesworth Lodge,Standard,600.65
MOL3,Molesworth Lodge,Room only,350.3
PEH1,Pencarrow Halls,En suite,650
PEH2,Pencarrow Halls,Standard,520.25
PEH3,Pencarrow Halls,Room only,330
SAC1,St Aubyn College,En suite,550
SAC2,St Aubyn College,Standard,480.5
SAC3,St Aubyn College,Room only,290
UJA1,University of Jordan,En suite,550
UJA2,University of Jordan,Standard,480.5
UJA3,University of Jordan,Room only,290
