Title,First_Name,Last_Name,Street,City,Country,Email,Telephone,Course_Ref,Course,Start_Date,Field_Trip,Field_Trip_Cost,Trip_Paid,Tutor
Ms,Hui,Shu,12 Jingyuan Street,Beijing,China,hui.s@dodgit.com,079 4688 4990,A1901,Archaeology in Jordan,01 August 2019,Yes,$115.00,No,Ms J Gathard
Mr,Vasos,Rines,30 Konstantinou Karamanli,Kozani,Greece,vrines@mailinator.com,070 5233 5073,A1901,Archaeology in Jordan,01 August 2019,No,$115.00,No,Ms J Gathard
Mr,Waleed,Wasem,221 King Street,Alexandria,Egypt,waleed@mailinator.com,078 5912 2852,A1901,Archaeology in Jordan,01 August 2019,Yes,$115.00,No,Ms J Gathard
Ms,Bethany,Kennedy,59 Warren Street,Plymouth,United Kingdom,bethken@pookmail.com,070 8376 6092,A1901,Archaeology in Jordan,01 August 2019,Yes,$115.00,Yes,Ms J Gathard
Mr,Josh,Dennis,6 Hawkley Drive,Bristol,United Kingdom,josh.d@dodgit.com,078 2210 1945,A1901,Archaeology in Jordan,01 August 2019,No,$115.00,Yes,Ms J Gathard
Ms,Krijna,Ermers,37 Hortonwood,Telford,United Kingdom,ermers.k@mailinator.com,077 0703 2848,A1901,Archaeology in Jordan,01 August 2019,Yes,$115.00,No,Ms J Gathard
Mr,Steffen,Nguyen,Meterbuen 33,Skovlunde,Denmark,nguyen.stef@pookmail.com,077 3022 8765,A1902,Archaeology in Jordan,08 August 2019,Yes,$115.00,Yes,Ms N Spencer
Mrs,Lijuan,Yiu,3 Dai Hei Street,Tai Po,Hong Kong,lijuan.yiu@dodgit.com,077 7261 0703,A1902,Archaeology in Jordan,08 August 2019,Yes,$115.00,Yes,Ms N Spencer
Mr,Enrique,Cobos,Calle San Romualdo 13,Madrid,Spain,cobos.e@pookmail.com,079 8712 3959,A1902,Archaeology in Jordan,08 August 2019,Yes,$115.00,Yes,Ms N Spencer
Mr,Alex,Lord,27 Baldock Street,Coventry,United Kingdom,alex.lord@tgmail.com,078 4980 2276,A1902,Archaeology in Jordan,08 August 2019,Yes,$115.00,Yes,Ms N Spencer
Mr,Harvey,Carr,12 Hareness Road,Aberdeen,Scotland,harvey.carr@pookmail.com,077 4470 3953,A1902,Archaeology in Jordan,08 August 2019,Yes,$115.00,Yes,Ms N Spencer
