Olympic record,,,,,,,,,,,,,,
Javelin,Name,Country,Distance in metres,Year,City,,,,,,,,,
Men,,,,,,,,,,,,,,
Women,,,,,,,,,,,,,,
,,,,,,,,,,,,,,
Country,Athlete,Code,Gender,Throw,Throw,Throw,Throw,Throw,Throw,Best,Total,Number,Average,Record
,,,,1,2,3,4,5,6,throw,thrown,of throws,,breaking
,Nigel George,NZE,Male,85.02,73.29,66.29,84.53,55.77,85.02,,,,,
,Ryon Ramsay,USA,Male,70.67,77.67,74.27,84.19,66.78,80.97,,,,,
,Sparkle Browne,MAL,Female,50.4,51.7,42.69,44.67,37.25,65.68,,,,,
,Karen Roach,NZE,Female,50.28,66.64,70.61,78.54,59.24,72.65,,,,,
,Aiesha Mcmeo,RSA,Female,81.22,68.4,71.18,88.69,64.66,76.47,,,,,
,Tizzy Roach,BRA,Female,58.22,NT,53.41,64.59,62.69,56.13,,,,,
,Anna Lewis,IRE,Female,NT,51.82,NT,57.53,68.85,NT,,,,,
,Wong Yin Ping,HKG,Male,88.3,NT,60.35,53.97,57.57,67.3,,,,,
,Sunil Rampaul,ITA,Male,83.04,90.2,62.62,77.55,64.65,71.01,,,,,
,Camylita Persad,MAL,Female,68.04,63.27,51.59,NT,70.98,48.46,,,,,
,Tee Yeow Wah,CHN,Female,NT,45.98,61.41,53.15,45.48,68.2,,,,,
,Kevin Dunbar,IRE,Male,79.98,NT,90.18,87.45,67.31,53.53,,,,,
,Judy Wong,HKG,Female,70.42,68.78,54.72,54.25,NT,57.06,,,,,
,Brendan Mullins,IRE,Male,NT,49.88,53.66,42.85,57.32,72.87,,,,,
,Trudy Thompson,ENG,Female,49.81,48.17,69.44,63.65,59.79,63.04,,,,,
,Leo Fernandez,MEX,Male,88.85,67.51,47.14,60.35,68.68,60.18,,,,,
,Dianne Baptiste,MAL,Female,93.39,77.46,70.07,NT,90.12,74.37,,,,,
,Alicia Crooks,USA,Female,55.97,63.1,81.17,92.72,90.97,56.82,,,,,
,Kiva Semper,SRI,Female,NT,49.45,61.73,70.05,55.29,43.63,,,,,
,Pham Viet SY,CHN,Male,55.17,40.18,42,65.71,46.66,40.78,,,,,
,Olivia Semper,NZE,Female,89.33,73.88,91.85,NT,78.21,80.85,,,,,
,Kulyse Babwah,EGY,Male,47.03,63.92,45.83,67.74,71.39,54.31,,,,,
,Dong Xu,CHN,Male,NT,77.5,81.96,57.04,NT,76.08,,,,,
,Leong Runwen,THA,Male,70.51,91.18,79.8,72.38,78.64,65.43,,,,,
,Sonya Munro,SRI,Female,61.52,91.53,70.79,73.72,61.11,49.52,,,,,
,Chevonne Bute,FRA,Female,40.94,44.15,NT,65.65,NT,69.54,,,,,
,Gary Clark,AUS,Male,71.18,70.35,85.47,56.49,67.47,88.3,,,,,
,Cheryl Lewis,NZE,Female,NT,49.29,71.18,47.31,61.68,95.07,,,,,
,Juanito Castillo,MEX,Male,62.03,67.67,52.59,60.41,76.31,86.39,,,,,
,Felicia Persad,RSA,Female,57.81,57.89,NT,42.17,65.34,60.82,,,,,
,Anna Popov,RUS,Female,69.33,50.39,53.91,64.64,49.38,67.26,,,,,
,Kelicia Peters,ENG,Female,46.1,47.27,55.21,69.24,52.39,50.53,,,,,
,Rabi Iskandar,TUR,Male,61.17,90.48,70.63,76.23,66.05,70.9,,,,,
,Chin Sayam,CHN,Female,41.04,63.78,71.06,48.67,58.05,46.94,,,,,
,Kevin Roopan,ENG,Male,52.67,70.42,68.11,NT,86.82,75.67,,,,,
,Karen Peters,ENG,Female,76.19,66.05,95.26,72.2,76.03,90.44,,,,,
,Navi Dunbar,BRA,Male,50.12,66.44,58.51,49.83,42.51,41.94,,,,,
,Jamila Daniel,BRA,Female,74.81,55.06,88.53,59.32,93.67,59.28,,,,,
,Bennard Charles,NZE,Male,66.29,NT,52.61,72.15,71.46,87.01,,,,,
,Cindy Manawah,SRI,Female,66.76,38.79,51.65,66.58,46.12,55.57,,,,,
,Gloria Simon,USA,Female,65.48,58.16,53.37,NT,54.91,44,,,,,
,William Baoxian,MEX,Male,NT,62.99,58.84,89.91,51.75,59.91,,,,,
,Kerwin Manawah,ZAM,Male,74.88,78.86,84.12,83.65,77.3,73.46,,,,,
,Mohammad Nazir,TUN,Male,87.66,76.79,84.55,48.64,56.81,70.58,,,,,
,Jeaneele Perkins,AUS,Female,44.18,46.76,69.07,58.62,42.85,61.36,,,,,
,Alaa Osta,EGY,Male,83.67,53.53,72.13,73.12,NT,86.5,,,,,
,Olivia Elie,AST,Female,57.56,NT,65.02,64.77,59.4,46.93,,,,,
,Tan Zhi Hui,HKG,Male,49.67,63.58,62.07,62,66.41,57.95,,,,,
,Daniel Sammy,GDR,Male,63.42,55.8,62.14,70.74,75.54,81.81,,,,,
,Luigi Cataloni,ITA,Male,NT,NT,NT,52.31,NT,68.91,,,,,
,Nkese Antoine,FRA,Male,64.13,65.73,67.75,84.71,83.55,84.71,,,,,
,Odinga Richards,JAM,Female,72.29,77.72,50.9,55.72,92.59,54.51,,,,,
,Pham Van Dung,THA,Male,87.71,NT,NT,89.7,57.33,77.15,,,,,
,Ann Majors,USA,Female,55.38,46.12,56.62,34.61,68.16,49.32,,,,,
,Eden Miller,ENG,Male,43.76,NT,62.27,67.04,62.87,67.02,,,,,
,Suzanne Weiss,GDR,Female,70.63,68.11,64.67,68.92,66.96,49.8,,,,,
,Tasleem Ali,TUN,Male,55.22,59.41,63.12,74.14,86.16,55.87,,,,,
,Tracy Mitchell,ENG,Female,44.93,46.88,48.27,45.23,64.79,51.95,,,,,
,Stephanie Osta,SRI,Female,58.8,68.2,41.73,NT,58.32,NT,,,,,
,Jamie Nightingale,ENG,Male,53.01,74.53,81.14,87.22,77.51,70.32,,,,,
,Benjamin Liew,HKG,Male,81.38,NT,60.96,NT,90.07,59.87,,,,,
,Gloria Chapman,USA,Female,62.48,69.3,48.19,50.58,54.62,51.93,,,,,
,Afiya Lalla,MAL,Female,55.77,49.22,62.63,69.81,NT,45.35,,,,,
,Malcolm Huggins,IRE,Male,57.97,64.88,40.78,66.48,61.67,64.33,,,,,
,Kirk Semper,HOL,Male,63.64,90.56,63.45,66.4,57.49,78.45,,,,,
,Lauralee Mohammed,TUR,Female,62.17,66.2,63.71,69.24,69.62,62.46,,,,,
,Neo Shun Jie,CHN,Male,78.75,92.86,82.51,82.28,NT,46.8,,,,,
,Kevin Castillo,NZE,Male,72.91,65.16,79.05,67.67,88.8,60.96,,,,,
,Ashareen Mohammad,EGY,Male,70.47,40.55,52.91,43.7,41.97,56.27,,,,,
,Bennard Diaz,NZE,Male,63.25,66.18,62.47,59.23,52,NT,,,,,
,Gary Chapman,IRE,Male,76.95,NT,72.21,NT,83.92,81.18,,,,,
,Claire Ramsey,USA,Female,54.18,52.56,44.22,61.11,NT,71.02,,,,,
,Vashti Ramcharan,IND,Female,41.69,48.53,47.39,60.6,55.88,68.7,,,,,
