PH,Species,Weighting,,Psize,Rate,,,
Acid,,,,2,,,,
Alkaline,,,,3,,,,
Neutral,,,,4,,,,

Code,Species,MaxSize,PH,Size,Bare,Pot,Soil,Cost
Al,,2,Alkaline,2,0.73,,,
Al,,2,Alkaline,3,0.95,,,
Al,,2,Alkaline,4,1.09,,,
As,,3,Alkaline,3,0.95,,,
As,,3,Alkaline,4,1.09,,,
Be,,3,Alkaline,2,0.77,,,
Be,,3,Alkaline,3,1.2,,,
Be,,3,Alkaline,4,1.57,,,
SB,,3,Acid,2,0.79,,,
SB,,3,Acid,3,1,,,
SB,,3,Acid,4,1.1
SC,,3,Acid,2,0.8
SC,,3,Acid,3,1
SC,,3,Acid,4,1.45
HC,,3,Alkaline,2,0.78
HC,,3,Alkaline,3,1.08
HC,,3,Alkaline,4,1.21
Li,,3,Alkaline,2,0.87
Li,,3,Alkaline,3,1.08
Li,,3,Alkaline,4,1.44
Wa,,1,Neutral,3,2.53
FM,,2,Alkaline,2,0.75
FM,,2,Alkaline,3,0.95
FM,,2,Alkaline,4,1.1
Oa,,3,Alkaline,2,0.8
Oa,,3,Alkaline,3,1.12
Sy,,2,Neutral,2,0.73
Sy,,2,Neutral,3,0.82
Sy,,2,Neutral,4,0.96
Wi,,2,Neutral,2,0.87
Wi,,2,Neutral,3,0.96
Wi,,2,Neutral,4,1.02
Ye,,2,Alkaline,2,3.85
Ye,,2,Alkaline,3,4.76
Pp,,3,Alkaline,3,1.09
Pp,,3,Alkaline,4,1.25
