Product_Code,Description,Ready,Delivered,Title,First_Name,Surname,Address_1,Town,Post_Code
1001,Large Chair,Yes,Yes,Ms,Katherine,Griffin,96 Scrimshire Lane,Alfreton,NN7 3OO
1002,Child Chair,Yes,Yes,Mr,Peter,Williams,48 Fox Lane,Bradwel,DE62 6KQ
1003,Baby Crib,Yes,Yes,Miss,Scarlett,Hardy,11 Seafield Place,London,N6 6KQ
1001,Large Chair,Yes,No,Mr,Jake,Abbott,39 Vicar Lane,Edingley,NN15 6QL
1004,Stair Treads,Yes,No,Mr,Morgan,John,43 East Street,Epperstone,NN1 1MV
1005,Floor Boards,Yes,Yes,Mr,Morgan,Stevens,41 Park Place,London,N8 4WK
1006,Oak Table,Yes,No,Ms,Isabelle,McLean,22 Whatlington Road,Halam,DE15 4YA
1001,Large Chair,No,No,Mr,Max,Collier,38 Sloe Lane,Hayward Oaks,NN15 4AK
1001,Large Chair,No,No,Mrs,Ella,McKenzie,63 Thames Street,Sutton-0in Asfield,NN7 4TW
1002,Child Chair,No,No,Mrs,Isabella,Gibbs,9 Mar Close,Morton,DE6 8OU
1003,Baby Crib,No,No,Mr,Jack,Whitehouse,98 Great Western Road,Nottingham,NN13 5ZE
1001,Large Chair,No,No,Mr,Ethan,Baxter,43 Chapel Lane,Oxton,NN12 0DA
1004,Stair Treads,No,No,Mr,Charlie,Simmons,59 Warren St,Rufford,NN11 0AU
1005,Floor Boards,No,No,Mr,Harley,Carr,83 Wenlock Terrace,Edwinstowe,NN30 9ZO
1006,Oak Table,No,No,Mr,Brandon,Bevan,66 Stone St,Solihull,WM5 4BJ
1007,Bed Frame,No,No,Ms,Samantha,Jennings,43 Traill Street,Southwell,NN7 8BM
