Make,Model,Features,Connection,Buttons,Programmable,Gaming,Cost_Price,Stock,Min_Stock,Reorder,Notes
Apple,Memory Mouse,,Wired,2,0,0,19.99,20,10,5,
Gold,Brain,,Wired,2,0,0,21.99,10,10,5,
Loder,Aircraft,LED lights,Wired,2,0,0,21.99,12,10,5,
Acer,Camaro Black,,Wireless,2,0,0,23.99,9,10,5,Racing car shaped novelty mouse 
Loder,Torso,,Wired,2,0,0,22.99,13,10,5,
Acer,Ferrari,,Wireless,2,0,0,24.74,9,10,5,A Ferrari in your hand
Loder,,Skype enabled,Wired,2,0,0,12.99,11,10,5,
Loder,Mini trackball,Hand held,Wired,,0,0,30.99,12,10,5,
Hippus,Hand shoe,stress free,Wired,,0,0,25.99,5,10,5,Ergonomic shape and very comfortable to use
Razer,Naga,,Wireless,12,-1,-1,54.99,15,10,5,
Creative,Fatal1ty,,Wired,,-1,-1,23.99,6,10,5,
Razer,Mamba,Ergonomic,Dual,5,-1,-1,33.99,14,10,5,Unrivalled gaming grade wireless technology means the Razer mamba performs as well cordless as it does corded giving you utter freedom of motion whilst you win gloriously in games. 
Razer,Imperator,Ergonomic,Dual,7,-1,-1,54.99,12,10,5,The Imperator is fitted with an ultra -precise 4G Dual Sensor system that makes use of both a laser and an optical sensor to enhance tracking precision.
Razer,Battlefield 3 Imperator,Ergonomic,Wired,7,-1,-1,54.99,20,10,5,Dual sensor system ensures your every move is translated into frags of pinpoint accuracy. A contoured thumbgrip and right-handed design make it the ultimate weapon on the battlefield.
Razer,The Old Republic,Ergonomic,Wireless,17,-1,-1,54.99,20,10,5,The Old Republic Gaming Mouse will execute battle plans faster with 17 buttons at your finger tips.
Razer,Ouroboros,Ambidextrous,Wireless,11,-1,-1,25.99,15,10,5,Interchangeable side panels make this suitable for left or right handed users. Adjustable size to suit different hands make for minimised fatigue and maximised comfort.
Razer,Taipan,Ambidextrous,Wired,9,-1,-1,27.99,7,10,5,For left or right handed gamers giving absolute precision using 8200 dpi dual sensors.
Razer,Naga Epic,Ergonomic,Dual,17,-1,-1,54.99,19,10,5,Features downloadable in-game addons for most MMO games.
Razer,Naga Hex,,Wired,11,-1,-1,54.99,19,10,5,With six large mechanical thumb buttons each pro-gamer can map six favourite spells abilities of items to them.
Razer,Orochi,Mobile,Dual,6,-1,-1,34.99,20,10,5,Bluetooth connectivity to most laptop computers. 
Razer,Deathadder,Ergonomic,Wired,,0,-1,26.99,3,10,5,Precision infrared sensor. Comfortable design for long gaming use.
Logitech,Zone touch T400,One touch,Wireless,1,0,0,39.99,15,10,5,Designed for Windows 8 navigation with one touch horizontal and vertical scrolling.
Logitech,Zone touch T620,One touch,Wireless,,0,0,59.99,12,10,5,Touch all over for intuitive navigation using Windows 8 gestures.
Logitech,M105,,Wired,2,0,0,12.99,2,10,5,
Logitech,G600,,Wired,20,-1,-1,69.99,20,10,5,The most customisable Logitech mouse made to make MMO games really effective.
Logitech,M600,One touch,Wireless,,0,0,69.99,12,10,5,Touch all over for intuitive navigation using Windows 8 gestures.
Logitech,Mini mouse M187,LED lights,Wireless,2,0,0,19.99,14,10,5,A pocket sized mouse to take anywhere.  
Logitech,G300,Ambidextrous,Wired,9,-1,-1,34.99,20,10,5,Sculptured comfortable grip for either hand gives extended gaming endurance.  
Logitech,Performance MX,,Dual,4,0,0,64.99,5,10,5,Tracks on almost any surface including glass. Dark field laser technology and lightning fast scrolling.
Logitech,M525,,Wireless,2,0,0,34.99,23,10,5,
Logitech,M185,,Wireless,2,0,0,12.99,25,10,5,
Logitech,M705,,Wireless,2,0,0,44.99,25,10,5,
Logitech,M510,,Wireless,2,0,0,34.99,25,10,5,
Logitech,M325,,Wireless,2,0,0,29.99,20,10,5,
Logitech,G400,Optical,Wired,4,-1,-1,34.99,15,10,5,
Logitech,G9x laser,Ambidextrous,Wired,6,-1,-1,69.99,12,10,5,
Logitech,G500,,Wired,8,-1,-1,59.99,14,10,5,
Logitech,M555b,Bluetooth,Wireless,2,0,0,44.99,12,10,5,
Logitech,V470 laser,Bluetooth,Wireless,2,0,0,34.99,11,10,5,
Logitech,M500,,Wired,2,0,0,29.99,11,10,5,
Logitech,M125,,Wired,2,0,0,12.99,25,10,5,
Logitech,M115,,Wired,2,0,0,9.99,30,10,5,
Logitech,LS1 laser,,Wired,2,0,0,12.99,25,10,5,
Logitech,M100,Ambidextrous,Wired,2,0,0,9.99,20,10,5,
Logitech,M90,Ambidextrous,Wired,2,0,0,7.99,30,10,5,
Logitech,M235,,Wireless,2,0,0,19.99,12,10,5,
Logitech,MX Anywhere,,Wireless,6,-1,0,49.99,15,10,5,
Logitech,M345,,Wireless,2,0,0,29.99,12,10,5,
Logitech,G700,,Wireless,9,-1,-1,89.99,3,10,5,
Microsoft,Wedge touch,,Wireless,2,0,0,38.8,12,10,5,
Roccat,Kova,,Wired,6,-1,-1,22.19,14,10,5,
HP,LB454AA,Mobile,Wireless,2,0,0,8.72,15,10,5,
Hama,Raptor LM2,,Wired,6,0,-1,11.89,11,10,5,
Microsoft,WMM 6000,Mobile,Wireless,2,0,0,18.78,12,10,5,
Microsoft,WMM 3000,Mobile,Wireless,3,0,0,13.59,15,10,5,
3D Connexion,SpaceNavigator,3D,Wireless,2,0,0,80.85,12,10,5,Easy to navigate in 3D environments. For graphic designers.
3D Connexion,SpaceMouse Pro,3D,Wireless,15,-1,0,200.65,15,10,5,Easy to navigate in 3D environments. For professionals.
Alienware,TactX,,Wired,9,-1,-1,51.39,13,10,5,
Genius,Micro Taveler,Ruby,Wired,2,0,0,5.28,12,10,5,
Genius,Ring Mouse,,Wireless,2,0,0,22.5,11,10,5,
Genius,ScrollToo 200 ,Ambidextrous,Wired,2,0,0,4.76,25,10,5,
Genius,Traveler 6000X,,Wireless,2,0,0,7.06,25,10,5,
Genius,DeathTaker,Laser,Wired,9,-1,-1,27.42,20,10,5,
