Region,BoatModel,Name,Owner
Balearic,Sealine T50,Sea Dancer,Driftgift Leisure
Ionian,Sealine T50,Sea Roamer,Driftgift Leisure
Aegean,Sealine T50,Sea Runner,Driftgift Leisure
Ionian,Sealine S42,Sea Wolf,Driftgift Leisure
Aegean,Sealine S42,Sea Witch,Driftgift Leisure
Ionian,Sealine F42-5,Sea Hawk,Driftgift Leisure
Aegean,Sealine F42-5,Sea eagle,Driftgift Leisure
Balearic,Fairline Squadron 62 ,Fair Winds,Kreusers
Ionian,Fairline Squadron 62 ,Fair Trader,Kreusers
Balearic,Fairline Targa 38,Fair Lady,Kreusers
Ionian,Fairline Targa 38,Fair Dinkum,Kreusers
Aegean,Fairline Targa 38,Fair Play,Kreusers
Balearic,Gwylan,Gillian,Tidewaves
Ionian,Gwylan,Georgina,Tidewaves
Aegean,Gwylan,Geraldine,Tidewaves
Balearic,Fideliter,Lady Fiona,Tidewaves
Ionian,Fideliter,Lady Frederica,Tidewaves
Ionian,Princess V53,Pincess Jade,Tidewaves
Aegean,Princess V53,Princess Jewel,Tidewaves
Balearic,Sunseeker Manhattan 64,Sun Seeker,Waterbournes
Ionian,Sunseeker Manhattan 64,Sun Searcher,Waterbournes
Aegean,Sunseeker Manhattan 64,Sun Bird,Waterbournes
Balearic,Sunseeker Predator 72,Sun Chaser,Waterbournes
Aegean,Sunseeker Predator 72,Sun Dancer,Waterbournes
