PayNumber,Fname,Sname,BranchCode,JobCode
TB0001,Siddharth,Afana,4,54
TB0002,Adheesh,Agrawal,1,50
TB0003,Mohammed,Ahktar,1,51
TB0004,Chantal,Ahmad,1,70
TB0005,Ruksana,Akhtar,1,55
TB0006,Mohammed,Amen,1,58
TB0007,Shruti,Amer,4,7
TB0008,Dhruv,Anand,2,14
TB0009,Vinet,Anand,2,14
TB0010,Shashank,Ashwani,6,58
TB0011,Ritu,Avatar,1,53
TB0012,Akshay,Banjarat,1,53
TB0013,Mohamed,Bansal,2,14
TB0014,Victoria,Bansal,2,14
TB0015,Ranjit,Bedi,3,27
TB0016,Kush,Bedi,1,46
TB0017,Majid,Chauhan,2,58
TB0018,Dhruv,Chitnis,1,46
TB0019,Teng,Dev,14,14
TB0020,Dhruv,Dev,1,32
TB0021,Sagar,Dhiman,7,27
TB0022,Kratika,Dhiman,1,32
TB0023,Shruti,Di Vizio,1,71
TB0024,Siddharth,Gad,5,10
TB0025,Tomas,Ghandi,3,27
TB0026,Uttara,Gharib,14,14
TB0027,Kratika,Gupta,14,97
TB0028,Sagar,Gupta,1,65
TB0029,Dewang,Gupta,1,83
TB0030,Taran,Hafez,2,14
TB0031,Fatima,Hegde,3,27
TB0032,Dhruv,Hirasaka,7,145
TB0033,Aditya,Jain,1,80
TB0034,Mohammed,Jain,14,14
TB0035,Bautista,Kari,3,27
TB0036,Adel,Kari,2,14
TB0037,Jamal,Kari,1,81
TB0038,Gaston,Kashani,3,27
TB0039,Surbhi,Kelotra,1,83
TB0040,Vinet,Kelotra,3,27
TB0041,Michael,Kelotra,2,14
TB0042,Juan,Khan,3,27
TB0043,Siddharth,Khan,1,99
TB0044,Siddharth,Khan,4,79
TB0045,Gourank,Khatod,1,99
TB0046,Yamila,Khatri,3,27
TB0047,Sama,Khuznetsov,2,14
TB0048,Ritu,Liu,7,25
TB0049,Ahmed,Malviya,3,26
TB0050,Majid,Malviya,4,86
TB0051,Mohamed,Marco,2,106
TB0052,Sukan,Menasan,3,145
TB0053,Nripesh,Menon,1,43
TB0054,Diego,Morea,3,32
TB0055,Arjeet,Morzaria,1,18
TB0056,Gourank,Motwani,8,81
TB0057,Ken,Motwani,2,86
TB0058,Nedeem,Nainani,2,12
TB0059,Ankur,Nainani,2,32
TB0060,Marcos,Nainani,3,46
TB0061,Tina,Nankani,2,32
TB0062,Kush,Parille,7,32
TB0063,Mohamed,Pastero,2,4
TB0064,Keshav,Patel,3,43
TB0065,Keshav,Patel,1,85
TB0066,Tanvi,Patel,1,47
TB0067,Shashank,Patel,1,27
TB0068,Nripesh,Patel,7,31
TB0069,Majid,Patidar,3,32
TB0070,Ankur,Pavia,1,55
TB0071,Gourank,Pavia,2,106
TB0072,Yamila,Pokhrel,2,107
TB0073,Sama,Pokhrel,2,108
TB0074,Ritu,Pokhrel,2,108
TB0075,Ahmed,Pokhrel,2,107
TB0076,Majid,Radwan,2,107
TB0077,Mohamed,Ratwani,2,108
TB0078,Sukan,Ratwani,2,99
TB0079,Nripesh,Ratwani,2,109
TB0080,Diego,Ratwani,1,151
TB0081,Arjeet,Ravi,1,5
TB0082,Gourank,Sellan,1,18
TB0083,Ken,Sellan,1,46
TB0084,Nedeem,Seng,1,7
TB0085,Ankur,Shah,1,7
TB0086,Kush,Sharif,1,4
TB0087,Mohamed,Sharma,1,46
TB0088,Keshav,Shoaib,14,130
TB0089,Keshav,Singh,1,81
TB0090,Tanvi,Singh,1,86
TB0091,Shashank,Singh,1,81
TB0092,Vikram,Solanki,1,86
TB0093,Sukrit,Soni,2,46
TB0094,Sukan,Srivatsan,3,31
TB0095,Sachin,Sughandi,3,46
TB0096,Sukrit,Sughandi,2,14
TB0097,Amir,Sultan,2,14
TB0098,Mohamed,Surit,2,11
TB0099,Mohamed,Surit,2,14
TB0100,Shahad,Weiss,2,156
