Job,Description,Rate
2,Security Manager,229600
4,Security ,123000
5,IS Manager,82000
7,IS Technician,90200
10,General Manager,164000
11,Assistant Manager,205000
12,Entertainment Manager,92250
14,Entertainer,45100
18,Managing Director,348500
25,Sales Manager,205000
26,Assistant Sales Manager,114800
27,Sales Assistant,36900
31,Maintenance Supervisor,102500
32,Maintenance,57400
43,Company Secretary,225500
46,Financial Director,266500
47,Accounts Assistant,57400
50,Human Resources Manager,143500
51,Human Resources Department,69700
53,Human Resources Consultant,90200
54,Catering Manager,124000
55,Catering Assistant,32000
58,Chef,106300
65,Assistant Chef,92020
70,Souffle Chef,90200
71,Restaurant Manager,103000
79,Assistant Restaurant Manager,73620
80,Waiter/Waitress,22050
81,Bartender,22100
82,Transport Manager,65260
83,Transport Assistant,32800
85,Personal Assistant,40000
86,Housekeeping,22550
97,Housekeeping Manager,64600
99,Temporary Staff,17220
106,Gardener,20000
107,Lifeguard,52600
108,Retail Salesperson,21500
109,Shop Manager,41500
110,Internet Caf� Supervisor,24000
130,Kids Club Manager,68040
140,Nursery Nurse,30750
141,Kids Club Assistant,25500
145,Receptionist,55760
151,Photographer,20500
156,Porter,22000
