Single,42,,,,,
Double,80,,,,,
Both,41,,,,,
Fridge,3,,,,,
Television,2,,,,,

Room,Code,Guest,Basic,Fridge,Television,Total
101,2DFTNSNA,,,,,
102,2DFTNSNA,,,,,
103,2DFTNSNA,,,,,
104,2DFTNSNA,,,,,
105,2DFTNSNA,,,,,
106,2DFTNSNA,,,,,
107,2DFTNPNA,,,,,
108,2DFTNPNA,,,,,
109,2DNNNPNA,,,,,
110,2DNNNPNA
111,3DFTNPNA
112,3DFTNPNA
113,3DFTNNNA
114,3DNTNNNA
115,3DNTNNNA
116,3DFTNNNA
117,3DFTNNNA
118,3DNTNNNA
201,2DFTNSNA
202,2DFTNSNA
203,2DFTNSNA
204,2DFTNSNA
205,2DFTNSNA
206,2DFTNSNA
207,2DNTNPNA
208,2DFTNPNA
209,2DNNNPNA
210,2DNNNPNA
211,3DFTNPNA
212,3DFTNPNA
213,3DFTNNNA
214,3DFTNNNA
215,3DFTNNNA
216,3DFTNNNA
217,3DFTNNNA
218,3DFTNNNA
301,2DFTNSNA
302,2DFTNSNA
303,2DFTNSNA
304,2DFTNSNA
305,2DNTNSNA
306,2DFTNSNA
307,2DFTNPNA
308,2DFTNPNA
309,2DNNNPNA
310,2DNNNPNA
311,3DFTNPNA
312,3DFTNPNA
313,3DFTNNNA
314,3DFTNNNA
315,3DFTNNNA
316,3DFTNNNA
317,3DNTNNNA
318,3DFTNNNA
401,2DFTNSNA
402,2DFTNSNA
403,2DFTNSNA
404,2DFTNSNA
405,2DFTNSNA
406,2DFTNSNA
407,2DFTNPNA
408,2DFTNPNA
409,2DNNNPNA
410,2DNNNPNA
411,2DFTNSNA
412,2DFTNSNA
413,2DFTNSNA
414,2DFTNSNA
415,2DFTNSNA
416,2DFTNSNA
417,2DFTNPNA
418,2DFTNPNA
501,4BFTBSNA
502,4BFTBSNA
503,4BFTBSNA
504,4BFTBSNA
505,4BFTBPNA
506,4BFTBPNA
507,4BFTBPNA
508,4BFTBPNA
509,4BFTBNNA
510,4BFTBNNA
511,4BFTBNNA
512,4BNTBNNA
513,5BFTNNNA
514,5BFTNSNA
601,2SFTNSPA
602,2SFTNSPA
603,2SFTNSPA
604,2SFTNSPA
