Member id,Gender,GivenName,Surname,StreetAddress,City,PostCode,EmailAddress,TelephoneNumber,Birthday,Status,Contact Method,Pop,Metal,Rock,R&B,Payment Method,Renewal Month
00S001,female,Isabel,Hayward,5 Ilchester Road,MYDDFAI,SA20 0BT,isabelhayward@dodgit.com,077 8565 9921,23/11/1985,Standard,Email,,yes,yes,yes,,
00P002,female,Jade,Webster,30 Broad Street,LOWER FARRINGDON,GU34 7JJ,jadewebster@trashymail.com,070 8437 1491,22/08/1986,Premium,Email,,yes,,,Ccard,Aug
00S003,female,Olivia,Davison,70 Holburn Lane,HEITON,TD5 6GJ,oliviadavison@mailinator.com,070 1263 8707,22/12/1994,Standard,Email,,,,,,
00P004,female,Skye,Burns,19 Asfordby Rd,ALBRIGHTON,WV7 3ND,skyeburns@dodgit.com,079 0972 9508,19/06/1981,Premium,Email,,,yes,yes,CHQ,May
00P005,male,Owen,Walsh,68 Freezeland Lane,COXHOE,DH6 4UL,owenwalsh@trashymail.com,077 6792 4242,28/11/1973,Premium,Post,,,,,DD,Jun
00P006,female,Mollie,Barlow,85 Argyll Road,LLANDEGVETH,NP6 6LA,molliebarlow@mailinator.com,079 1020 4263,18/02/1968,Premium,Email,,yes,,,Ccard,Apr
00S007,female,Cerys,Hopkins,80 Russell Rd,SHIPLEY BRIDGE,RH6 9JP,ceryshopkins@trashymail.com,077 0223 7862,30/08/1967,Standard,Email,,yes,,yes,,
00P008,female,Scarlett,Jennings,79 Petworth Rd,DUNSTON,LN4 2UR,scarlettjennings@pookmail.com,070 2273 0759,04/09/1961,Premium,Email,yes,,,,Ccard,Feb
00S009,female,Gracie,Barlow,48 St Omers Road,HINTON WALDRIST,SN7 4DQ,graciebarlow@pookmail.com,070 0296 7938,31/08/1959,Standard,Post,,,,yes,,
00S0010,male,Jack,Hewitt,41 Lamphey Road,THELWALL,WA4 7WT,jackhewitt@pookmail.com,077 5972 1116,08/10/1958,Standard,Email,yes,,,,,
00P0011,male,Kian,Riley,80 Front St,HERMITAGE,DT2 3WH,kianriley@pookmail.com,077 6577 2542,30/01/1978,Premium,Email,,,,,Ccard,May
00S0012,female,Eloise,Gardiner,25 Scrimshire Lane,ATHERTON,M46 8QS,eloisegardiner@dodgit.com,070 1816 8336,27/01/1994,Standard,Email,,yes,,,,
00P0013,male,Mohammed,Bell,85 Bullwood Rd,ST DAY,TR16 4JA,mohammedbell@pookmail.com,078 3328 6397,08/09/1968,Premium,Post,,yes,,yes,DD,Apr
00S0014,male,Harry,Savage,27 Boroughbridge Road,BIXTER,ZE2 3JE,harrysavage@dodgit.com,078 2702 3043,15/06/1985,Standard,Email,yes,,,yes,,
00S0015,male,Aaron,Allan,80 Ilchester Road,MUIRHEAD,KY15 4QG,aaronallan@spambob.com,077 0097 7013,12/12/1968,Standard,Email,,,,,,
00S0016,male,Joshua,Lucas,28 Well Lane,PARKHILL,DD11 9NW,joshualucas@spambob.com,079 2301 1189,04/11/1974,Standard,Email,yes,,,yes,,
00S0017,male,Logan,Frost,91 Scrimshire Lane,ASTHALL LEIGH,OX8 3DU,loganfrost@mailinator.com,079 6663 6352,29/04/1975,Standard,Email,,,,yes,,
00S0018,female,Chelsea,Faulkner,60 Princes Street,ROCK,PL27 2YL,chelseafaulkner@pookmail.com,077 8468 3743,09/07/1960,Standard,Post,,,,yes,,
00S0019,male,Max,Davis,55 Folkestone Road,WILSTONE,HP23 6DJ,maxdavis@pookmail.com,078 5685 0558,11/07/1984,Standard,Email,,,,yes,,
00P0020,male,Archie,Evans,24 Horsefair Green,ONGAR HILL,PE34 0AR,archieevans@mailinator.com,077 5834 3042,11/05/1968,Premium,Email,,yes,,,Ccard,Mar
00P0021,female,Courtney,Brown,2 St Andrews Lane,DALE PARK,BN18 5PX,courtneybrown@pookmail.com,077 8276 0723,01/03/1968,Premium,Email,,,,,Ccard,Feb
00P0022,female,Rosie,Norman,55 Hounslow Rd,SNAVE,TN29 9QA,rosienorman@dodgit.com,070 2679 3678,04/03/1958,Premium,Email,,,,,DD,Mar
00S0023,female,Zara,Gallagher,22 Hull Road,PALTERTON,S44 4SL,zaragallagher@pookmail.com,078 3905 4037,10/09/1974,Standard,Email,yes,yes,yes,yes,,
00S0024,female,Abigail,Hunter,17 Earls Avenue,WHITECRAIG,EH22 5YL,abigailhunter@dodgit.com,070 6669 8078,05/03/1984,Standard,Post,,,,yes,,
00P0025,female,Isabel,Hussain,75 Horsefair Green,OLDTOWN OF AIGAS,IV4 9ZX,isabelhussain@spambob.com,078 3400 2709,19/10/1959,Premium,Email,,yes,,,Ccard,Oct
00P0026,male,Finley,Newman,16 Ramsgate Rd,WILNECOTE,B77 7XS,finleynewman@dodgit.com,078 3740 8451,01/10/1985,Premium,Email,yes,yes,yes,yes,DD,Jun
00S0027,female,Isabel,Donnelly,34 Wartnaby Road,ADMASTON,WS15 4TF,isabeldonnelly@trashymail.com,078 1333 2204,26/11/1973,Standard,Email,yes,,yes,,,
00P0028,male,Nathan,Holloway,12 Thames Street,BOLAM,DL2 2DT,nathanholloway@pookmail.com,070 4513 3220,24/03/1982,Premium,Email,,,,,CHQ,Nov
00S0029,female,Francesca,Curtis,20 Canterbury Road,VIDLIN,ZE2 1SL,francescacurtis@mailinator.com,079 7107 6418,23/09/1959,Standard,Email,yes,,,yes,,
00P0030,female,Isobel,Page,73 Bouverie Road,WESTON FAVELL,NN3 1ZQ,isobelpage@pookmail.com,078 3195 4921,27/11/1977,Premium,Email,,,,,CHQ,Nov
00S0031,male,Elliot,Wall,46 Hertingfordbury Rd,NEWHAM,NE67 2FA,elliotwall@pookmail.com,077 2133 3251,02/03/1993,Standard,Email,yes,,,,,
00S0032,male,Callum,Dunn,85 Jubilee Drive,CAWKWELL,LN11 9ZU,callumdunn@dodgit.com,078 2126 3400,01/05/1987,Standard,Email,,,yes,,,
00S0033,female,Abbie,Riley,18 Scarcroft Road,PORTH MELLIN,TR12 2TD,abbieriley@mailinator.com,077 8987 1484,17/06/1974,Standard,Post,,,,,,
00S0034,male,Kyle,Summers,81 Dunmow Road,GRIAIS,HS2 2BU,kylesummers@trashymail.com,077 7906 5585,25/10/1976,Standard,Post,,,,,,
00P0035,female,Kayleigh,Gough,6 Hindhead Road,EAKRING,NG22 8HP,kayleighgough@dodgit.com,078 1036 1120,29/07/1986,Premium,Email,,,,yes,Ccard,Mar
00P0036,female,Brooke,Jackson,20 Prospect Hill,DRIMPTON,DT8 6FU,brookejackson@mailinator.com,078 5219 0176,06/09/1959,Premium,Email,yes,,,,CHQ,Jun
00P0037,male,Riley,Ahmed,23 Shannon Way,CHILTON CANTELO,BA22 4EB,rileyahmed@trashymail.com,079 7147 9824,09/05/1986,Premium,Post,yes,,yes,,Ccard,Nov
00S0038,female,Cerys,Hill,35 Park Avenue,LAWERS,PH15 3DF,ceryshill@spambob.com,070 8253 8173,17/03/1966,Standard,Email,,,yes,,,
00S0039,female,Sarah,Stephens,55 Manor Close,DIGGLE,OL3 9SP,sarahstephens@spambob.com,070 0910 2020,27/01/1975,Standard,Email,,,,,,
00S0040,female,Tilly,Richards,60 Shire Oak Road,SCLEDDAU,SA65 5FZ,tillyrichards@pookmail.com,070 2637 0481,03/09/1986,Standard,Post,,,,yes,,
00S0041,male,Ethan,Haynes,67 Felix Lane,SHOSCOMBE,BA2 0JH,ethanhaynes@dodgit.com,077 1316 6267,24/12/1984,Standard,Email,,,,,,
00S0042,male,Kyle,Bevan,73 North Road,NENTHEAD,CA9 8JD,kylebevan@pookmail.com,079 2213 1718,17/06/1977,Standard,Email,,,yes,,,
00S0043,female,Chloe,Brooks,26 Shore Street,STOKE POGES,SL2 5GD,chloebrooks@trashymail.com,077 0739 1441,08/09/1958,Standard,Email,,yes,,,,
00S0044,female,Rebecca,Slater,58 Rhosddu Rd,FERNIE,KY15 4RB,rebeccaslater@dodgit.com,078 4074 4676,08/02/1963,Standard,Email,yes,,,,,
00S0045,male,Jonathan,Brennan,76 Kendell Street,SHEET,GU32 1DR,jonathanbrennan@mailinator.com,070 3231 8892,22/07/1986,Standard,Email,,,yes,,,
00P0046,male,Scott,John,59 Marlborough Crescent,SOUTH NUTFIELD,RH1 1EZ,scottjohn@dodgit.com,077 6293 2953,24/10/1957,Premium,Post,,,yes,yes,DD,Aug
00S0047,female,Eleanor,Gardner,97 Hexham Road,ISLIP,NN14 4AZ,eleanorgardner@dodgit.com,077 3767 0905,18/10/1975,Standard,Email,,,yes,,,
00S0048,male,Luke,Stephens,33 Roman Rd,LECKHAMPSTEAD,MK18 0EZ,lukestephens@pookmail.com,078 6923 8243,12/05/1975,Standard,Post,,,,yes,,
00S0049,female,Aimee,Lloyd,19 Davids Lane,STROUD GREEN,GL10 1GF,aimeelloyd@dodgit.com,078 3528 0108,15/09/1959,Standard,Post,,,,yes,,
00S0050,male,Joe,Parkinson,68 Park Place,CASTLE CAMPS,CB1 5HT,joeparkinson@dodgit.com,077 7082 9945,28/02/1983,Standard,Email,,,,,,
00P0051,male,Zak,Dean,1 Red Lane,EVERTON,SO41 8QS,zakdean@trashymail.com,078 4787 3939,20/08/1983,Premium,Email,yes,,yes,,DD,Oct
00S0052,male,John,Noble,51 Tadcaster Rd,PIDDINGTON,NN7 0DX,johnnoble@dodgit.com,070 2894 5865,26/07/1959,Standard,Email,yes,,,yes,,
00P0053,female,Katie,O'Connor,94 Leicester Road,AXMOUTH,EX12 0RJ,katieoconnor@spambob.com,078 8038 5202,28/05/1989,Premium,Post,,,,yes,Ccard,Sep
00S0054,male,Jamie,Poole,95 Telford Street,BANFF,AB45 8SL,jamiepoole@mailinator.com,078 5148 4431,31/05/1967,Standard,Email,,,,,,
00S0055,female,Shannon,Lucas,23 Glandovey Terrace,TRENEWAN,PL13 7PE,shannonlucas@trashymail.com,078 0456 6481,10/12/1992,Standard,Email,,,,,,
00S0056,female,Danielle,Barlow,70 Wood Lane,BADCALL,IV27 8PX,daniellebarlow@dodgit.com,077 3719 8081,27/04/1959,Standard,Post,,,yes,,,
00P0057,male,Louie,Fox,11 St James Boulevard,HORNINGLOW,DE13 8FS,louiefox@pookmail.com,078 6399 9653,25/07/1976,Premium,Email,,,,yes,Ccard,Dec
00S0058,female,Katherine,Sims,83 Great Western Road,LONGDON,WS15 0EG,katherinesims@dodgit.com,070 3034 5981,25/11/1963,Standard,Email,,,,,,
00S0059,female,Ellie,Akhtar,67 Balsham Road,HARTLEY,CA17 5WA,ellieakhtar@spambob.com,078 2848 2834,24/06/1964,Standard,Post,,,,,,
00S0060,male,Adam,Morton,25 Annfield Rd,BECKINGHAM,DN10 2QN,adammorton@trashymail.com,077 3463 0918,27/08/1958,Standard,Email,yes,,,yes,,
00P0061,female,Charlie,Bolton,21 Southend Avenue,BLACKWELL,CV36 7AJ,charliebolton@pookmail.com,079 8745 7979,05/03/1964,Premium,Email,,,,yes,DD,Dec
00S0062,male,Leon,O'Brien,67 Ramsgate Rd,WILLINGDON,BN20 6YF,leonobrien@spambob.com,079 1969 0136,31/05/1977,Standard,Post,,,yes,yes,,
00P0063,female,Keira,Moran,61 Nottingham Rd,ABERARGIE,PH2 5XF,keiramoran@spambob.com,070 2054 3033,04/07/1991,Premium,Email,yes,,,yes,DD,Feb
00S0064,male,Evan,John,25 Peachfield Road,CHADDESLEY CORBETT,DY10 2JH,evanjohn@spambob.com,077 1139 4631,23/01/1983,Standard,Email,,yes,,,,
00S0065,male,Ellis,Rahman,44 Stone Cellar Road,KINKELL,G65 3AN,ellisrahman@trashymail.com,070 2375 3428,27/04/1979,Standard,Post,,yes,,,,
00S0066,female,Jodie,Riley,52 Wade Lane,SANDFORD,PO38 6ZQ,jodieriley@pookmail.com,079 0428 6868,01/03/1976,Standard,Email,,,,yes,,
00S0067,male,Jay,Morley,44 Baldock Street,NEWTON HARCOURT,LE8 1WB,jaymorley@mailinator.com,077 3148 9729,14/10/1985,Standard,Email,,,,,,
00P0068,female,Maya,Green,42 Wrexham Rd,EXEBRIDGE,TA22 0ZP,mayagreen@spambob.com,070 7196 8363,24/02/1985,Premium,Email,,,,yes,Ccard,May
00P0069,male,Kai,Simpson,52 Terrick Rd,ELLEMFORD,TD11 1NW,kaisimpson@pookmail.com,079 1841 6612,11/06/1968,Premium,Email,,,yes,,Ccard,Apr
00P0070,male,Lewis,Chan,37 Wressle Road,PITSTONE,LU7 3PX,lewischan@spambob.com,079 1071 8207,05/06/1961,Premium,Email,,yes,,yes,Ccard,Jun
00S0071,male,Mohammed,Robertson,51 St Maurices Road,PULFORD,CH4 6BF,mohammedrobertson@trashymail.com,077 3419 5592,01/10/1975,Standard,Email,,,,,,
00S0072,male,Aaron,Watts,82 Quay Street,NANTGAREDIG,SA32 5ZE,aaronwatts@pookmail.com,079 1550 0110,26/05/1972,Standard,Email,,,yes,yes,,
00S0073,female,Eloise,Walker,28 Witney Way,KIRKTOWN OF RAYNE,AB51 1DS,eloisewalker@dodgit.com,079 5318 3263,31/05/1984,Standard,Email,,,,,,
00P0074,female,Harriet,Gregory,25 Fosse Way,ARDESSIE,IV23 2WX,harrietgregory@mailinator.com,070 5920 5242,28/07/1972,Premium,Email,,,yes,,CHQ,Jun
00S0075,male,Joe,Gould,7 Jedburgh Road,LEYLAND,PR5 5XX,joegould@spambob.com,070 1619 3864,08/03/1967,Standard,Email,,,,,,
00S0076,male,Reece,Hicks,85 Ivy Lane,WARCOP,CA16 8GW,reecehicks@spambob.com,077 4383 2068,07/09/1962,Standard,Post,,yes,,,,
00P0077,female,Ava,Parker,1 Scotswood Road,HOPEMAN,IV30 1PN,avaparker@dodgit.com,078 6709 3562,02/08/1991,Premium,Post,,,yes,,DD,Nov
00S0078,male,Ewan,Crawford,95 Freezeland Lane,CRAIGCEFNPARC,SA6 7YF,ewancrawford@mailinator.com,077 5460 5106,18/05/1982,Standard,Email,,,,,,
00P0079,male,Kai,Martin,33 Park Place,CASTLE BANK,ST16 7NL,kaimartin@dodgit.com,079 1610 0854,15/08/1985,Premium,Post,,,,yes,Ccard,Apr
00P0080,male,Jude,Barry,80 Redcliffe Way,WOODSEND,SN8 8YR,judebarry@mailinator.com,079 3507 0712,06/11/1970,Premium,Email,yes,,,,DD,Jun
00S0081,male,Tyler,Preston,36 Worthy Lane,MAULDEN,MK45 8LD,tylerpreston@mailinator.com,079 0763 9791,22/04/1992,Standard,Email,,,,yes,,
00P0082,female,Imogen,Wheeler,17 St Dunstans Street,WASHINGBOROUGH,LN4 2TB,imogenwheeler@mailinator.com,078 8850 3822,05/04/1972,Premium,Email,yes,,,yes,DD,Sep
00P0083,female,Libby,Field,3 George Street,BRUERA,CH3 6SJ,libbyfield@pookmail.com,078 0292 2189,22/07/1958,Premium,Email,,yes,,,Ccard,Mar
00S0084,female,Madeleine,Nicholson,30 Stroude Road,SKELDYKE,PE20 4WZ,madeleinenicholson@mailinator.com,078 0403 6834,22/04/1985,Standard,Post,,,yes,yes,,
00S0085,male,Leon,Metcalfe,5 Ash Lane,YEATON,SY4 6DJ,leonmetcalfe@dodgit.com,077 8308 4818,05/01/1974,Standard,Post,,,,,,
00P0086,male,Sebastian,Bentley,87 Gloddaeth Street,BILSINGTON,TN25 9GD,sebastianbentley@mailinator.com,079 5881 1518,24/11/1960,Premium,Email,yes,,,,DD,Jan
00P0087,male,Dylan,Peters,61 Argyll Road,LLANDRE,SA34 5JF,dylanpeters@pookmail.com,077 1828 0867,15/04/1988,Premium,Post,,,,yes,DD,Jun
00P0088,male,Henry,Burrows,66 Academy Street,BERWICK HILL,NE20 8ET,henryburrows@trashymail.com,077 3013 6764,17/12/1974,Premium,Email,,yes,yes,,Ccard,Feb
00S0089,female,Alisha,Mason,19 Colorado Way,RIBBESFORD,DY12 6ZU,alishamason@mailinator.com,078 4017 9289,11/11/1976,Standard,Post,,,,,,
00S0090,male,Taylor,Hart,13 Asfordby Rd,ALDERFORD,NR9 0HN,taylorhart@trashymail.com,078 2906 5577,09/05/1977,Standard,Email,,,yes,,,
00S0091,male,William,Winter,77 Manor Way,GREAT LIVERMERE,IP31 8JR,williamwinter@pookmail.com,079 7199 7134,16/12/1993,Standard,Email,,,,,,
00P0092,male,Dominic,Bradshaw,88 Marcham Road,BOTTESFORD,NG13 2PG,dominicbradshaw@mailinator.com,077 6251 9739,04/03/1991,Premium,Email,,,yes,,Ccard,Jun
00P0093,female,Madison,Bradshaw,74 Merthyr Road,BURNHAM,SL1 4GE,madisonbradshaw@spambob.com,070 5406 1567,04/09/1990,Premium,Post,,yes,,yes,DD,Oct
00P0094,male,Alexander,Anderson,14 Spilman Street,GORSLEY,GL18 3NP,alexanderanderson@spambob.com,077 5188 2748,08/05/1991,Premium,Email,,yes,yes,,DD,Jun
00P0095,female,Jennifer,Summers,50 Park Place,CARRONSHORE,FK2 3HZ,jennifersummers@mailinator.com,077 1775 2157,10/01/1961,Premium,Email,,yes,,yes,Ccard,Apr
00S0096,female,Jennifer,Duncan,84 St Andrews Lane,DACRE,CA11 5UG,jenniferduncan@dodgit.com,070 2720 0114,30/11/1992,Standard,Email,,,,,,
00S0097,male,Mohammad,Herbert,7 Boat Lane,RHIW,LL53 2BP,mohammadherbert@mailinator.com,077 7920 2314,26/01/1960,Standard,Post,,,,,,
00S0098,female,Jasmine,Stanley,48 Glenurquhart Road,BALLIEMORE,PH16 5SJ,jasminestanley@trashymail.com,070 6687 0663,13/09/1963,Standard,Post,yes,,,,,
00P0099,male,Joshua,Whitehouse,6 Lairg Road,NEW TOWN,GL54 6AD,joshuawhitehouse@spambob.com,078 2092 6932,13/08/1979,Premium,Email,,,yes,,Ccard,Jun
00P00100,female,Kiera,Fry,20 Argyll Road,LLANDRINDOD WELLS,LD1 8FU,kierafry@mailinator.com,078 7085 6703,12/04/1967,Premium,Email,yes,,,,CHQ,Jan
00S00101,female,Sophia,Brennan,43 Roker Terrace,LANGRISH,GU32 3PU,sophiabrennan@trashymail.com,079 4526 4602,12/06/1972,Standard,Email,,,,yes,,
00S00102,female,Maddison,Saunders,46 Terrick Rd,EGLOSKERRY,PL15 9GS,maddisonsaunders@dodgit.com,070 3010 2061,25/05/1976,Standard,Email,,yes,,yes,,
00P00103,female,Rebecca,Wilkinson,56 Caerfai Bay Road,THE BANKING,AB51 9DH,rebeccawilkinson@dodgit.com,079 3872 4071,29/09/1976,Premium,Post,yes,,,yes,Ccard,May
00S00104,female,Kiera,Howarth,72 Guildry Street,GARE HILL,BA11 8RG,kierahowarth@spambob.com,070 4182 8408,19/07/1963,Standard,Email,,,,yes,,
00P00105,male,Finley,Graham,47 Dover Road,WESTERTON,AB31 1WU,finleygraham@mailinator.com,070 7408 5682,30/04/1981,Premium,Post,yes,,,yes,DD,May
00S00106,female,Georgia,Kirby,56 Town Lane,SOUTH BREWHAM,BA10 2DL,georgiakirby@dodgit.com,079 6694 3201,31/03/1983,Standard,Post,,,yes,,,
00S00107,female,Ruby,Kay,98 Jesmond Rd,KILLIECRANKIE,PH16 4NU,rubykay@spambob.com,077 8577 5355,01/10/1972,Standard,Email,,,,,,
00S00108,male,Joshua,Wright,22 Fraserburgh Rd,LINLEY GREEN,WR6 4SG,joshuawright@pookmail.com,070 5243 5336,25/05/1976,Standard,Email,,,yes,yes,,
00S00109,male,Corey,Griffin,52 St Maurices Road,PRESTON,NE30 2TG,coreygriffin@mailinator.com,077 5270 5562,25/03/1991,Standard,Email,yes,,,yes,,
00P00110,male,Muhammad,Kaur,83 Mill Lane,COTE,TA9 5SE,muhammadkaur@pookmail.com,077 5890 7278,05/10/1970,Premium,Email,,yes,,yes,Ccard,Aug
00P00111,male,Logan,Holland,65 Ermin Street,WRIBBENHALL,DY12 0NF,loganholland@spambob.com,077 5716 2956,21/11/1962,Premium,Email,,yes,,,Ccard,Apr
00S00112,female,Chloe,Iqbal,95 Berkeley Rd,STOWE,ST18 4XF,chloeiqbal@mailinator.com,078 6659 4369,23/11/1961,Standard,Email,,,,,,
00S00113,female,Millie,Fitzgerald,80 Holburn Lane,HELPERTHORPE,YO17 3BX,milliefitzgerald@dodgit.com,070 2177 8679,28/12/1960,Standard,Email,,,,,,
00P00114,male,Samuel,Walters,19 Abingdon Road,BRAND GREEN,GL19 8JH,samuelwalters@mailinator.com,079 3044 2444,10/12/1963,Premium,Email,,,,yes,Ccard,Oct
00S00115,female,Laura,Ross,45 Stone Cellar Road,KINGSWOOD,ME17 6GX,lauraross@dodgit.com,077 7960 3913,17/01/1987,Standard,Email,,,yes,yes,,
00P00116,female,Madeleine,Hall,32 Sutton Wick Lane,BRIGHTHAMPTON,OX8 3NJ,madeleinehall@spambob.com,070 4070 1632,18/02/1976,Premium,Email,yes,,,yes,Ccard,Nov
00P00117,female,Amber,Leach,11 Whitchurch Road,ENGLISH BICKNOR,GL16 5UX,amberleach@mailinator.com,070 6234 3282,25/01/1966,Premium,Email,,yes,,,Ccard,Jun
00S00118,female,Lucy,Abbott,45 Boar Lane,SEVERN STOKE,WR8 9GN,lucyabbott@spambob.com,077 1830 5363,30/07/1963,Standard,Email,yes,yes,yes,yes,,
00P00119,male,Michael,Yates,5 Ermin Street,WROTHAM HILL,TN15 7TB,michaelyates@spambob.com,079 7608 7515,28/01/1980,Premium,Email,,,,yes,Ccard,Jul
00S00120,female,Lola,Atkinson,28 London Road,COLTISHALL,NR12 9TZ,lolaatkinson@pookmail.com,070 1703 8664,10/08/1959,Standard,Post,,,,,,
00P00121,male,Samuel,Ross,3 Southend Avenue,BLACKAWTON,TQ9 6RE,samuelross@spambob.com,077 1089 5834,18/09/1985,Premium,Post,,,yes,,DD,Jun
00S00122,male,Tyler,Hicks,86 Hampton Court Rd,SPITTAL,DG8 7AW,tylerhicks@mailinator.com,078 0236 0471,23/02/1969,Standard,Post,,yes,yes,,,
00P00123,male,Owen,Birch,12 South Street,MONKLAND,HR6 3JX,owenbirch@mailinator.com,077 2459 1112,28/05/1957,Premium,Post,yes,,,,Ccard,Jan
00P00124,male,William,Hodgson,44 Walwyn Rd,CHARLESTOWN,DT4 3AF,williamhodgson@trashymail.com,078 4058 8458,28/04/1972,Premium,Email,,,yes,yes,CHQ,Nov
00P00125,male,Sam,Knowles,78 Simone Weil Avenue,WEEDON,HP22 7DT,samknowles@spambob.com,079 2086 8103,24/11/1989,Premium,Email,,yes,yes,,DD,Jun
00P00126,male,Declan,Hill,33 Cefn Road,FASCADALE,PH36 1HX,declanhill@dodgit.com,078 8377 0714,19/01/1957,Premium,Email,yes,,,,CHQ,Aug
00P00127,female,Isabelle,Potter,1 Thornton St,HUNT HOUSE,YO22 8LJ,isabellepotter@pookmail.com,079 5634 5087,13/12/1978,Premium,Email,yes,,,yes,Ccard,Mar
00P00128,male,Mohammed,Fowler,8 Cloch Rd,ST JOHN,PL11 2GJ,mohammedfowler@dodgit.com,077 2424 9119,24/01/1979,Premium,Email,,,,yes,CHQ,Jul
00S00129,male,Sebastian,Turner,51 Park Place,CARRAGRICH,HS3 7FQ,sebastianturner@pookmail.com,078 4897 7252,13/02/1959,Standard,Email,yes,yes,,,,
00S00130,female,Maya,Nelson,86 St Omers Road,HINDLEY,WN2 4AD,mayanelson@pookmail.com,070 3170 5736,06/03/1964,Standard,Email,,,yes,yes,,
00P00131,female,Isabella,Watson,8 Stone Cellar Road,KINGSLAND,LL65 0DU,isabellawatson@dodgit.com,070 2345 1949,07/12/1958,Premium,Email,yes,,,yes,CHQ,Jul
00P00132,male,Riley,Wong,57 Whitby Road,DENTON,IP20 8TE,rileywong@pookmail.com,077 0032 6130,07/06/1972,Premium,Post,,,,yes,Ccard,Jul
00S00133,male,Finlay,Harding,43 Jedburgh Road,LENDRICK,FK17 7SE,finlayharding@trashymail.com,077 8910 3753,28/11/1985,Standard,Email,yes,,,yes,,
00P00134,female,Rachel,Chandler,49 Park Row,EDLINGTON,LN9 1WB,rachelchandler@mailinator.com,077 7190 3319,31/05/1976,Premium,Post,,yes,,,DD,Oct
00S00135,female,Erin,Cox,10 Scrimshire Lane,ASTON,TF9 8SQ,erincox@pookmail.com,078 6306 2045,25/04/1963,Standard,Email,,,,,,
00P00136,female,Katherine,Peters,34 Grenoble Road,BREADSALL,DE7 6TJ,katherinepeters@trashymail.com,079 0338 4228,07/12/1968,Premium,Email,,,yes,,CHQ,Jan
00P00137,male,Freddie,Jones,40 Trehafod Road,BULBY,PE10 0ES,freddiejones@mailinator.com,070 0335 4542,12/02/1965,Premium,Email,yes,yes,,,Ccard,Feb
00P00138,male,Jamie,Noble,48 Academy Street,BENINGTON SEA END,PE22 1EE,jamienoble@spambob.com,078 0935 0768,07/11/1976,Premium,Email,yes,,,yes,Ccard,Mar
00S00139,male,Joe,Kay,6 Red Lane,ERWOOD,LD2 8ES,joekay@mailinator.com,077 7793 5791,07/06/1990,Standard,Email,,yes,yes,yes,,
00S00140,male,John,Ball,10 Annfield Rd,BEDDINGTON CORNER,CR4 5YX,johnball@dodgit.com,070 1299 2537,19/05/1991,Standard,Post,yes,yes,,yes,,
00P00141,female,Holly,Bryan,74 Golden Knowes Road,FREYSTROP CROSS,SA62 5JR,hollybryan@trashymail.com,078 1021 4730,13/05/1958,Premium,Post,yes,,,,CHQ,Aug
00P00142,female,Erin,Gardner,9 Leicester Road,AULTMORE,AB55 7QD,eringardner@mailinator.com,078 8640 1558,25/08/1978,Premium,Email,yes,,yes,,Ccard,May
00S00143,male,Harrison,McLean,78 Park Place,CARSAIG,PA70 3JS,harrisonmclean@pookmail.com,079 8101 4523,07/08/1992,Standard,Post,yes,,,,,
00P00144,female,Aaliyah,Hunt,30 Station Rd,PYRTON,OX9 3RN,aaliyahhunt@mailinator.com,070 3553 4264,10/09/1987,Premium,Email,,,,yes,Ccard,Apr
00S00145,female,Millie,Parkes,76 Great North Road,ALTICRY,DG8 2GD,millieparkes@dodgit.com,070 1601 2117,25/06/1964,Standard,Email,,,,yes,,
00P00146,male,Elliot,Bowen,64 Union Terrace,LOCHSIDE,KW11 9DS,elliotbowen@spambob.com,078 6760 7741,13/05/1987,Premium,Email,,yes,,,Ccard,Jan
00S00147,female,Katherine,O'Sullivan,56 Pendwyallt Road,BURNHOPE,DH7 3PU,katherineosullivan@dodgit.com,070 2024 9289,27/03/1965,Standard,Email,yes,,,,,
00S00148,male,Finley,Page,32 Bishopthorpe Road,PENDLEBURY,M27 0NU,finleypage@mailinator.com,079 2365 3660,30/09/1989,Standard,Email,,,yes,,,
00S00149,female,Chelsea,Lamb,19 Whitchurch Road,ENDMOOR,LA8 9JR,chelsealamb@dodgit.com,078 6252 8501,15/03/1963,Standard,Email,yes,,,yes,,
00S00150,male,Harrison,McKenzie,36 Foregate Street,COATHAM,DL1 5XE,harrisonmckenzie@pookmail.com,077 3478 8399,10/05/1970,Standard,Post,,,,,,
00S00151,male,Louie,Byrne,36 Rhosddu Rd,FILKINS,GL7 6ZT,louiebyrne@dodgit.com,079 7399 0804,05/04/1986,Standard,Email,,,,,,
00S00152,male,Jayden,Savage,56 Freezeland Lane,COXBENCH,DE21 0GQ,jaydensavage@pookmail.com,077 5454 0191,08/05/1978,Standard,Email,,,,,,
00S00153,male,Leon,Hussain,58 Park Row,EDMONDSHAM,BH21 0XH,leonhussain@pookmail.com,077 0319 7685,27/03/1970,Standard,Email,,,yes,,,
00S00154,female,Skye,Parkes,56 Haslemere Road,EASTWOOD,NG16 5GF,skyeparkes@pookmail.com,077 8679 6202,20/04/1970,Standard,Email,yes,,,,,
00S00155,female,Harriet,Ingram,19 Guildford Rd,EAST FORTUNE,EH39 7DU,harrietingram@spambob.com,078 1956 5289,21/01/1969,Standard,Email,,,,,,
00S00156,female,Tegan,Mitchell,47 Seafield Place,FORSIE,KW14 8YF,teganmitchell@spambob.com,070 0609 9857,06/11/1987,Standard,Post,,yes,yes,,,
00S00157,male,Josh,Leach,79 Trehafod Road,BUCHLYVIE,FK8 5LD,joshleach@spambob.com,079 1780 4352,25/03/1966,Standard,Email,yes,yes,,,,
00P00158,male,Mohammad,Davidson,6 Simone Weil Avenue,WEEK,EX18 8SA,mohammaddavidson@pookmail.com,078 5906 7965,13/07/1992,Premium,Email,,,,yes,DD,Mar
00P00159,female,Nicole,Knowles,83 Maidstone Road,WEMBWORTHY,EX18 9QZ,nicoleknowles@mailinator.com,079 6477 4843,31/08/1960,Premium,Email,,,yes,,DD,Dec
00S00160,female,Nicole,Lawrence,84 Shire Oak Road,SCARNING,NR19 4HR,nicolelawrence@trashymail.com,070 1944 3203,30/04/1985,Standard,Post,,,,,,
00S00161,male,David,Davison,29 Hounslow Rd,SNAITH,DN14 2XD,daviddavison@pookmail.com,077 4766 1366,02/10/1968,Standard,Email,,,,yes,,
00S00162,female,Holly,Barton,93 Jedburgh Road,LEORIN,PA42 2WX,hollybarton@spambob.com,079 7022 4402,25/06/1973,Standard,Post,yes,,yes,,,
00S00163,female,Alicia,Savage,96 Argyll Street,ST TWYNNELLS,SA71 9TN,aliciasavage@mailinator.com,070 0499 2144,05/05/1983,Standard,Email,,,,yes,,
00S00164,male,Charlie,Carpenter,19 Copthorne Way,CAMBER,TN31 9QN,charliecarpenter@mailinator.com,077 1591 5487,10/03/1965,Standard,Email,,,yes,,,
00S00165,female,Charlie,Walker,82 North Promenade,DONNINGTON,HR8 4EF,charliewalker@pookmail.com,070 8395 8213,29/06/1980,Standard,Email,,,,,,
00P00166,male,Evan,Howe,14 Sutton Wick Lane,BRIDGEND,AB35 3YY,evanhowe@trashymail.com,078 3471 1219,26/02/1958,Premium,Email,yes,,,,CHQ,May
00P00167,female,Libby,Stone,5 Circle Way,CALDWELL,G78 4JY,libbystone@trashymail.com,070 4635 7648,01/09/1980,Premium,Email,,,yes,,DD,Jul
00S00168,female,Daisy,Howells,3 Iolaire Road,NEW INN,SA39 6WP,daisyhowells@dodgit.com,079 0905 5032,11/06/1960,Standard,Post,,,,,,
00S00169,female,Tilly,Garner,75 Davids Lane,STUDLEY,B80 9DJ,tillygarner@spambob.com,077 1806 9510,14/10/1984,Standard,Email,,,,yes,,
00S00170,male,Brandon,Hobbs,75 Ings Lane,DAUBHILL,BL3 5FB,brandonhobbs@dodgit.com,079 5174 2639,27/12/1960,Standard,Email,,,,,,
00S00171,male,Bailey,West,48 Boar Lane,SHALSTONE,MK18 6FY,baileywest@dodgit.com,077 8294 7596,10/11/1973,Standard,Email,,,,,,
00S00172,male,Aidan,Barnes,91 Sandyhill Rd,FRON,LD1 5NZ,aidanbarnes@pookmail.com,078 2084 6085,02/03/1962,Standard,Post,,yes,yes,yes,,
00S00173,male,Andrew,Allen,42 Nottingham Rd,ABBOTS BROMLEY,WS15 2DE,andrewallen@mailinator.com,079 8893 7243,24/11/1961,Standard,Email,,,yes,,,
00P00174,female,Zara,Howarth,42 Duckpit Lane,UPTON,SP11 1AB,zarahowarth@dodgit.com,077 0557 8256,12/05/1958,Premium,Email,yes,,yes,,CHQ,Dec
00P00175,female,Ellie,Woods,94 Southern Way,NORTH MOLTON,EX36 9ZE,elliewoods@trashymail.com,079 0933 9431,21/04/1958,Premium,Email,,,,yes,CHQ,Jan
00S00176,male,Declan,Sinclair,84 Whitchurch Road,ENTERPEN,TS15 8LF,declansinclair@pookmail.com,078 7987 9046,16/03/1959,Standard,Post,,,,,,
00P00177,female,Georgia,Doyle,60 Marcham Road,BOTALLACK,TR19 6EU,georgiadoyle@spambob.com,077 4189 7532,08/12/1972,Premium,Email,,,yes,,DD,Feb
00P00178,male,John,Wilkinson,10 Haslemere Road,ECCLESMACHAN,EH52 2UZ,johnwilkinson@spambob.com,077 8692 4063,09/11/1960,Premium,Email,,,yes,,Ccard,Dec
00P00179,female,Nicole,Hudson,94 Hexham Road,IVINGHOE,LU7 1QH,nicolehudson@dodgit.com,078 5622 6648,07/08/1986,Premium,Email,,yes,,yes,Ccard,Oct
00P00180,male,Reece,Moore,80 South Western Terrace,MILTON GREEN,CH3 5JZ,reecemoore@mailinator.com,078 4809 3676,08/05/1978,Premium,Email,,,yes,,DD,Aug
00P00181,female,Eva,Ball,74 Lamphey Road,THORMANBY,YO6 9SR,evaball@trashymail.com,070 1337 7177,08/03/1989,Premium,Email,,,yes,,CHQ,Feb
00P00182,male,Robert,Collins,19 Newport Road,CARMEL,SA14 6WJ,robertcollins@mailinator.com,070 3039 4095,27/11/1976,Premium,Post,,yes,,,Ccard,Jan
00P00183,male,Joel,Owens,41 Prestwick Road,INGRAM,NE66 5UT,joelowens@mailinator.com,077 5683 5392,14/03/1964,Premium,Email,,yes,,,DD,Dec
00P00184,male,Jay,Stevenson,67 St Dunstans Street,WARRINGTON,MK46 6ZJ,jaystevenson@pookmail.com,078 5045 2123,13/09/1980,Premium,Email,yes,,,,Ccard,Jul
00P00185,female,Madison,Cunningham,29 Argyll Street,STADHLAIGEARRAIDH,HS8 9RE,madisoncunningham@trashymail.com,078 2294 3401,25/05/1967,Premium,Email,,yes,,yes,CHQ,Feb
00P00186,male,Jamie,Coleman,29 Great Western Road,LONGDOWN,EX6 6UH,jamiecoleman@spambob.com,078 1302 9636,02/07/1969,Premium,Post,yes,yes,,,DD,Mar
00S00187,male,Reece,Franklin,14 Stroud Rd,OGLE,NE20 3PG,reecefranklin@pookmail.com,070 1260 3575,13/12/1966,Standard,Email,,,yes,,,
00S00188,female,Katie,Goddard,99 Crown Street,LONDON,WC1H 0SE,katiegoddard@dodgit.com,078 8841 8387,06/04/1988,Standard,Email,,,,,,
00S00189,female,Charlie,Mason,26 Princes Street,ROCK FERRY,CH42 0UQ,charliemason@spambob.com,079 3956 9207,13/10/1980,Standard,Post,,,,,,
00S00190,female,Libby,Walters,73 St James Boulevard,HORSTED KEYNES,RH17 1LW,libbywalters@dodgit.com,078 0149 3588,27/01/1976,Standard,Post,,,,yes,,
00S00191,female,Amelie,Khan,37 Fulford Road,PENTRE-BWLCH,LL11 2QQ,ameliekhan@dodgit.com,078 6025 8232,04/07/1982,Standard,Email,,,,,,
00S00192,female,Madeleine,Austin,12 Clasper Way,HIGH BARNET,EN5 8DY,madeleineaustin@dodgit.com,077 1655 1715,25/04/1970,Standard,Email,yes,,,,,
00S00193,female,Molly,Chambers,77 Ramsgate Rd,WILLENHALL,CV3 6EL,mollychambers@trashymail.com,070 3252 0499,05/01/1960,Standard,Email,yes,,,,,
00S00194,female,Georgia,Lloyd,21 Overton Circle,LITTLE SNORING,NR21 1NZ,georgialloyd@trashymail.com,078 1247 6547,09/10/1974,Standard,Email,,,,yes,,
00S00195,male,Liam,Miles,93 Ponteland Rd,HUMBY,NG33 2QW,liammiles@trashymail.com,078 3853 0128,21/10/1959,Standard,Email,yes,,,,,
00S00196,male,Kai,Brooks,42 Hendford Hill,MOSTERTON,DT8 8UE,kaibrooks@dodgit.com,078 7584 6529,11/09/1984,Standard,Email,,,,,,
00P00197,male,Harrison,Knowles,49 Ilchester Road,MUNSLOW,SY7 3BE,harrisonknowles@pookmail.com,079 5897 7595,06/04/1994,Premium,Email,,yes,,,Ccard,Sep
00S00198,male,Finley,Owen,82 Marcham Road,BOULDON,SY7 5SP,finleyowen@mailinator.com,078 3095 7855,13/11/1971,Standard,Email,,,,,,
00S00199,male,George,Middleton,71 Hart Road,NORTHMOOR GREEN,TA7 8AY,georgemiddleton@dodgit.com,078 8289 4097,06/07/1979,Standard,Email,,,,,,
00P00200,male,Jamie,Cooke,69 Duckpit Lane,UPPER QUINTON,CV37 7WY,jamiecooke@dodgit.com,079 1474 6417,15/01/1968,Premium,Email,,,yes,yes,Ccard,Mar
00P00201,male,Tom,Porter,75 Fordham Rd,HALNAKER,PO18 0QX,tomporter@pookmail.com,078 8756 6585,21/06/1987,Premium,Email,yes,,,,DD,Aug
00S00202,male,Joe,Norris,88 Coast Rd,KIRKHARLE,NE19 9JZ,joenorris@mailinator.com,070 5099 3967,27/12/1971,Standard,Post,,yes,yes,,,
00P00203,male,David,Barry,48 Trinity Crescent,WHEATACRE,NR34 4XQ,davidbarry@mailinator.com,077 2226 8712,03/06/1962,Premium,Post,,yes,,,Ccard,May
00P00204,male,Callum,Norton,23 Hexham Road,ISOMBRIDGE,TF6 7QP,callumnorton@mailinator.com,078 6314 6265,06/12/1966,Premium,Post,,,yes,,Ccard,Dec
00S00205,male,Anthony,Waters,44 Hudson St,DUNKERTON,BA2 4EH,anthonywaters@dodgit.com,078 3168 2460,06/05/1988,Standard,Post,,,yes,yes,,
00P00206,male,Owen,Thorpe,50 St Maurices Road,PUCKLECHURCH,BS16 2RA,owenthorpe@spambob.com,079 3870 2421,30/06/1994,Premium,Email,,yes,,,CHQ,Feb
00S00207,male,Logan,Leach,40 Ash Lane,YATE,BS37 8BQ,loganleach@trashymail.com,078 5303 8815,10/03/1965,Standard,Post,yes,,,,,
00S00208,male,Louis,Francis,55 Grey Street,KEY'S TOFT,PE24 2WL,louisfrancis@trashymail.com,070 2921 6014,15/02/1967,Standard,Post,,,,,,
00S00209,female,Grace,Gilbert,24 Friar Street,CLAY COMMON,NR34 4PD,gracegilbert@pookmail.com,077 8136 2039,28/04/1962,Standard,Email,,,,,,
00P00210,female,Sarah,North,97 Boroughbridge Road,BISHOP'S SUTTON,SO24 3BF,sarahnorth@dodgit.com,079 5661 3752,01/06/1987,Premium,Email,,yes,,,Ccard,May
00P00211,female,Hollie,May,2 Iolaire Road,NEW HORTON GRANGE,NE13 4PE,holliemay@trashymail.com,077 5891 6378,22/10/1989,Premium,Email,,yes,,yes,Ccard,May
00S00212,male,Aidan,Vincent,18 St James Boulevard,HORNS CROSS,EX39 2LN,aidanvincent@trashymail.com,077 1546 3315,22/05/1964,Standard,Email,yes,,,,,
00P00213,male,Leon,Talbot,42 Wenlock Terrace,PERCETON,KA11 1PW,leontalbot@spambob.com,078 4868 5441,06/11/1985,Premium,Post,,,,yes,DD,Sep
00P00214,male,Freddie,Barton,34 Berkeley Rd,STRATFORD,GL20 5NQ,freddiebarton@spambob.com,078 1285 6923,14/05/1984,Premium,Email,,,,yes,Ccard,Mar
00S00215,male,Sean,Warner,5 Baldock Street,NEWTON LONGVILLE,MK17 1PS,seanwarner@spambob.com,078 3531 4254,04/01/1983,Standard,Email,,,,yes,,
00S00216,male,Daniel,Whitehouse,35 Canterbury Road,UPWOOD,PE17 7GL,danielwhitehouse@dodgit.com,077 3117 2740,28/02/1990,Standard,Email,yes,,yes,,,
00S00217,male,Peter,Norton,78 Boughton Rd,WHITTONSTALL,DH8 2NA,peternorton@dodgit.com,079 1756 9325,19/11/1972,Standard,Post,,,,yes,,
00S00218,male,Jordan,Walton,21 Boroughbridge Road,BIRLING GAP,BN20 6HT,jordanwalton@mailinator.com,079 5613 5535,29/09/1964,Standard,Email,,yes,yes,,,
00S00219,female,Lilly,Fuller,76 Seaford Road,CUMSTOUN,DG6 5RU,lillyfuller@spambob.com,077 0574 7289,15/03/1975,Standard,Email,,,,,,
00S00220,male,Jordan,Mann,3 Hexham Road,IRTHLINGBOROUGH,NN9 8BU,jordanmann@mailinator.com,079 4503 0255,28/10/1977,Standard,Email,,,yes,,,
00S00221,female,Freya,Stevenson,82 Mill Lane,CORNHILL-ON-TWEED,TD12 7NF,freyastevenson@pookmail.com,070 6058 3490,06/06/1977,Standard,Email,,,,,,
00S00222,female,Melissa,Dodd,45 Nottingham Rd,ABBOTS MORTON,WR7 2QX,melissadodd@mailinator.com,070 8832 8493,11/07/1993,Standard,Post,,,,,,
00P00223,male,Edward,Stokes,35 Thornton St,HURST GREEN,RH8 0RW,edwardstokes@trashymail.com,078 1131 4049,01/09/1967,Premium,Email,yes,yes,,,Ccard,May
00S00224,male,Logan,Bishop,3 Princes Street,ROMALDKIRK,DL12 0NG,loganbishop@dodgit.com,077 6239 9449,09/09/1979,Standard,Email,,,,yes,,
00S00225,female,Daisy,Birch,67 Petworth Rd,DUNSYRE,ML11 8UH,daisybirch@dodgit.com,070 8558 9458,26/02/1966,Standard,Email,,,,yes,,
00S00226,female,Gracie,Wallis,63 Roker Terrace,LANGRIGG,CA5 7BN,graciewallis@dodgit.com,077 5512 8555,22/05/1984,Standard,Email,,,,yes,,
00S00227,male,Daniel,Robertson,41 Traill Street,ROSEACRE,PR4 8SQ,danielrobertson@dodgit.com,079 6497 1767,05/12/1987,Standard,Email,yes,,yes,yes,,
00P00228,female,Olivia,Poole,49 Gloucester Road,CLAONAIG,PA29 6BN,oliviapoole@spambob.com,070 4168 0772,15/04/1971,Premium,Email,,,,yes,Ccard,Apr
00S00229,female,Anna,Weston,54 High St,THURLTON,NR14 3AR,annaweston@pookmail.com,070 8144 5548,28/02/1973,Standard,Email,,yes,,yes,,
00S00230,female,Grace,Storey,51 Main Rd,FOLESHILL,CV6 1HE,gracestorey@dodgit.com,077 6319 6027,08/06/1986,Standard,Email,,,yes,yes,,
00S00231,female,Phoebe,Gill,92 Layburn Court,TRE-DDIOG,SA62 6LL,phoebegill@spambob.com,079 5627 4279,16/08/1966,Standard,Email,,yes,yes,yes,,
00S00232,female,Samantha,Reynolds,44 Lamphey Road,THE DICKER,BN27 5GT,samanthareynolds@dodgit.com,078 7018 5114,08/10/1992,Standard,Email,,,yes,,,
00S00233,male,Christopher,Cole,68 Whitchurch Road,ENFIELD,EN1 3TA,christophercole@pookmail.com,077 7790 7254,16/07/1991,Standard,Email,,,,,,
00S00234,male,Harvey,Pugh,43 Folkestone Road,WINTERBOURNE,RG20 3BN,harveypugh@mailinator.com,077 7783 9879,11/07/1994,Standard,Post,yes,,,yes,,
00S00235,male,Riley,Wong,62 Park Terrace,GEORGEHAM,EX33 8UL,rileywong@dodgit.com,077 2713 4403,22/09/1988,Standard,Email,,,,yes,,
00P00236,female,Elizabeth,Pugh,81 Argyll Street,STANGROUND,PE2 9LQ,elizabethpugh@mailinator.com,078 1874 4924,28/10/1976,Premium,Email,yes,,,yes,Ccard,Nov
00S00237,male,Harley,Wilson,25 Wood Lane,BADLEY,IP6 1XF,harleywilson@dodgit.com,079 1153 8168,24/02/1990,Standard,Email,,yes,,yes,,
00S00238,male,Jay,Shepherd,98 Southend Avenue,BLACKWELL,SK17 9ZA,jayshepherd@trashymail.com,070 2624 2253,19/02/1988,Standard,Post,,,,,,
00P00239,female,Leah,Fletcher,81 Ballifeary Road,BALMACNEIL,PH9 6RF,leahfletcher@mailinator.com,079 1445 9319,23/05/1989,Premium,Email,,,yes,,Ccard,Feb
00S00240,male,Tyler,Murray,59 Wenlock Terrace,PHILHAM,EX39 0XE,tylermurray@mailinator.com,077 4527 9289,03/05/1974,Standard,Email,,,,,,
00S00241,male,Finlay,McCarthy,58 Sutton Wick Lane,BRIDGEND,PA31 9AG,finlaymccarthy@dodgit.com,070 8170 8899,16/12/1990,Standard,Email,yes,,yes,,,
00P00242,male,Sam,McKenzie,82 Hertingfordbury Rd,NEWTON,AB54 7YD,sammckenzie@dodgit.com,070 8960 3814,05/11/1971,Premium,Post,yes,yes,,,DD,Jul
00P00243,male,Declan,Mason,14 Rowland Rd,ORWELL,SG8 6FW,declanmason@dodgit.com,078 4728 9876,06/02/1973,Premium,Email,,,yes,,DD,Apr
00P00244,male,Gabriel,Patel,54 Victoria Road,LISVANE,CF4 9ZG,gabrielpatel@dodgit.com,070 1712 2189,14/11/1978,Premium,Email,yes,yes,,,Ccard,Oct
00P00245,female,Kate,Perry,24 Brackley Road,THUXTON,NR9 6QA,kateperry@spambob.com,079 3995 1142,03/01/1979,Premium,Email,yes,yes,,,CHQ,Apr
00S00246,female,Alicia,Craig,26 Thompsons Lane,MEINCIAU,SA17 9RZ,aliciacraig@spambob.com,077 2350 4242,21/12/1968,Standard,Post,yes,,,,,
00P00247,male,Toby,Wilkinson,19 Red Lane,ESKADALE,IV4 2UF,tobywilkinson@dodgit.com,077 5342 2623,23/12/1991,Premium,Email,,,,yes,Ccard,Apr
00S00248,female,Kiera,Anderson,78 Main St,ACHNAGAIRN,IV5 0AJ,kieraanderson@trashymail.com,077 3765 1871,05/10/1972,Standard,Email,,,,,,
00S00249,male,Harvey,Hunt,44 Town Lane,SOUTERGATE,LA17 4QX,harveyhunt@trashymail.com,077 4944 6524,16/03/1973,Standard,Email,yes,,,yes,,
00S00250,male,Isaac,Rose,42 Nenthead Road,HIGH HESKET,CA4 0BQ,isaacrose@dodgit.com,077 6973 9502,19/04/1988,Standard,Email,,,,,,
00S00251,male,Peter,May,39 Withers Close,ALGARKIRK,PE20 0JQ,petermay@pookmail.com,070 3734 7758,11/06/1973,Standard,Email,,,,,,
00S00252,male,Jordan,Bull,94 High Street,ASHLEY,LE16 0ZG,jordanbull@spambob.com,070 2129 8721,07/11/1963,Standard,Post,,yes,,yes,,
00S00253,male,Sean,Gibbs,36 Withers Close,ALEXANDRIA,G83 5YZ,seangibbs@pookmail.com,077 7934 8353,16/01/1973,Standard,Email,,,,,,
00S00254,female,Ellie,Mitchell,90 Southend Avenue,BLADNOCH,DG8 9LT,elliemitchell@pookmail.com,078 7289 9343,20/01/1961,Standard,Email,,yes,,,,
00S00255,male,William,Evans,98 South Western Terrace,MINARD,PA32 3PE,williamevans@dodgit.com,079 4968 6911,02/05/1978,Standard,Email,,,,,,
00P00256,female,Maddison,Howard,58 Temple Way,WITHINGTON GREEN,SK11 6TT,maddisonhoward@spambob.com,077 8630 4792,17/05/1991,Premium,Email,yes,,,yes,Ccard,Jul
00S00257,female,Maddison,Francis,50 Foregate Street,CODDINGTON,CH3 2XZ,maddisonfrancis@trashymail.com,070 8357 1734,22/11/1960,Standard,Post,,,,,,
00P00258,female,Mia,Kirk,5 Manor Close,DILWYN COMMON,HR4 8FL,miakirk@dodgit.com,078 6710 5980,03/10/1961,Premium,Post,yes,yes,,,DD,Mar
00S00259,male,Joseph,Wilkins,92 Park Terrace,GLAN HONDDU,LD3 0ED,josephwilkins@mailinator.com,078 8491 3865,22/07/1993,Standard,Email,,,,,,
00P00260,male,Aaron,Baldwin,90 Henley Road,BOWDEN HILL,SN15 5FE,aaronbaldwin@spambob.com,079 6487 7333,17/02/1984,Premium,Post,,,,yes,Ccard,Oct
00S00261,female,Aimee,Moran,72 Manor Close,DINDER,BA5 9QF,aimeemoran@pookmail.com,078 6398 8737,14/06/1962,Standard,Email,yes,,yes,,,
00P00262,male,Elliot,Riley,41 Boroughbridge Road,BIRMINGHAM,B5 0ZF,elliotriley@trashymail.com,070 1381 8176,29/05/1976,Premium,Email,yes,,,,Ccard,Apr
00P00263,female,Faith,Murphy,8 Warner Close,HATFORD,SN7 7YR,faithmurphy@spambob.com,070 5202 2497,06/08/1994,Premium,Email,,yes,,,DD,Jan
00P00264,female,Lydia,Patel,73 Well Lane,PEACEMARSH,SP8 2LZ,lydiapatel@dodgit.com,078 5871 1472,04/12/1991,Premium,Email,,,,yes,Ccard,Apr
00S00265,male,Joseph,Williams,22 Front Street,LADY HALL,LA18 4AQ,josephwilliams@pookmail.com,077 5786 7094,04/07/1973,Standard,Email,,,,yes,,
00S00266,female,Imogen,Naylor,68 Lincoln Green Lane,CHURCH LANGLEY,CM17 9XW,imogennaylor@pookmail.com,078 6586 7782,19/11/1986,Standard,Email,,,yes,yes,,
00S00267,female,Naomi,Porter,71 Front Street,LACEBY,DN37 7DR,naomiporter@pookmail.com,078 0022 7030,18/11/1965,Standard,Email,,,,yes,,
00S00268,female,Morgan,Owens,14 Newport Road,CARN,PA48 4UJ,morganowens@trashymail.com,077 8919 9022,20/06/1972,Standard,Email,yes,,,yes,,
00S00269,male,Harvey,Bond,52 Hindhead Road,EAST BEDFONT,TW14 7QX,harveybond@dodgit.com,077 3472 8200,03/01/1986,Standard,Email,,,,yes,,
00P00270,male,Sebastian,Potts,29 High St,THUNDRIDGE,SG12 1JW,sebastianpotts@pookmail.com,079 3227 5641,23/11/1993,Premium,Email,,yes,,yes,Ccard,Nov
00S00271,female,Alisha,Barlow,22 High Street,ASHINGTON,NE63 3JY,alishabarlow@dodgit.com,078 7067 7962,04/09/1982,Standard,Post,,,,yes,,
00P00272,female,Laura,Holland,68 Traill Street,ROUGHAM GREEN,IP30 7UP,lauraholland@dodgit.com,078 8383 7078,27/05/1965,Premium,Email,,,yes,yes,Ccard,Jul
00S00273,male,Tom,Bailey,15 Huntly Street,BARSTON,B93 1ET,tombailey@pookmail.com,077 8101 4759,04/11/1971,Standard,Post,,yes,yes,,,
00S00274,male,Archie,Bevan,6 Nottingham Rd,ABERLEMNO,DD8 5FJ,archiebevan@trashymail.com,070 1348 3175,24/06/1975,Standard,Email,,,,,,
00S00275,male,Scott,Palmer,79 St Dunstans Street,WATERSIDE,KA6 8JN,scottpalmer@spambob.com,070 7822 3508,26/03/1985,Standard,Email,,,,yes,,
00P00276,female,Elizabeth,Little,48 Scotsburn Rd,SYDE,GL53 8JN,elizabethlittle@dodgit.com,079 3844 3907,24/04/1982,Premium,Post,,yes,,,DD,Nov
00P00277,male,Luca,Ahmed,63 St Andrews Lane,CWM,NP3 9LL,lucaahmed@dodgit.com,079 7608 7179,20/04/1958,Premium,Email,yes,,yes,,Ccard,Jun
00P00278,female,Lauren,Baxter,68 Clasper Way,HICKLING HEATH,NR12 9PG,laurenbaxter@pookmail.com,079 1278 7038,05/04/1964,Premium,Email,yes,yes,,,DD,Mar
00P00279,male,Alfie,Wyatt,70 Rhosddu Rd,FINNINGHAM,IP14 8EE,alfiewyatt@mailinator.com,070 3910 2038,22/12/1957,Premium,Email,,,,yes,Ccard,Apr
00P00280,female,Hannah,Rose,30 Bury Rd,HALTON,LL14 2SU,hannahrose@pookmail.com,077 2718 6400,30/06/1975,Premium,Email,,yes,,yes,DD,Aug
00S00281,female,Eva,Dawson,27 Dover Road,WEST WINCH,PE33 5ZE,evadawson@mailinator.com,077 8530 6289,14/07/1981,Standard,Email,,yes,,,,
00P00282,female,Rebecca,Bibi,12 Boughton Rd,WHITWAY,RG20 3AZ,rebeccabibi@pookmail.com,070 3626 7260,09/10/1990,Premium,Email,,yes,,,CHQ,May
00S00283,female,Sophie,Wilson,14 Withers Close,ALLNABAD,IV27 0PQ,sophiewilson@mailinator.com,078 5284 7473,19/08/1963,Standard,Email,,,,,,
00P00284,female,Evie,Bray,48 Monks Way,TOPCLIFFE,YO7 4ZU,eviebray@pookmail.com,078 4893 3208,05/10/1977,Premium,Email,,,,yes,CHQ,Jan
00P00285,male,Evan,Austin,91 Davids Lane,STUGGADHOO,IM4 0TD,evanaustin@trashymail.com,079 3978 3367,16/12/1971,Premium,Email,,,yes,,Ccard,Jan
00S00286,male,Toby,Hewitt,80 Middlewich Road,FLEMPTON,IP28 5DG,tobyhewitt@mailinator.com,077 6359 3481,15/03/1964,Standard,Email,,,,,,
00S00287,female,Morgan,Phillips,29 Osborne Road,KING'S WORTHY,SO23 1GB,morganphillips@dodgit.com,077 3303 2137,07/09/1962,Standard,Email,,,,,,
00P00288,female,Chelsea,Hussain,68 Main St,ABERTRIDWR,SY10 3ZZ,chelseahussain@spambob.com,078 2225 7489,12/08/1993,Premium,Email,,yes,,,CHQ,Jun
00P00289,male,Sam,Cartwright,27 Well Lane,PATRICK,IM5 4FN,samcartwright@trashymail.com,070 0602 6692,24/01/1979,Premium,Email,,yes,,,Ccard,Oct
00S00290,female,Jade,Holloway,72 Lairg Road,NEWDIGATE,RH5 4WN,jadeholloway@spambob.com,077 5425 3496,06/03/1992,Standard,Post,,,yes,,,
00S00291,female,Abigail,Jennings,63 Scotswood Road,HOLYTOWN,ML1 4EH,abigailjennings@spambob.com,077 2879 7900,28/11/1972,Standard,Post,,,yes,,,
00P00292,male,Harley,Payne,29 Friar Street,CLAVERDON,CV35 3DL,harleypayne@trashymail.com,078 2559 4492,10/02/1965,Premium,Email,yes,,,yes,Ccard,Oct
00S00293,female,Scarlett,Freeman,84 South Western Terrace,MILTON,KY7 2TY,scarlettfreeman@trashymail.com,078 8048 6634,12/01/1958,Standard,Email,,yes,,yes,,
00S00294,male,Kian,Moss,93 Clasper Way,HESKIN GREEN,PR7 3TU,kianmoss@mailinator.com,077 3528 7810,17/11/1979,Standard,Email,yes,,,yes,,
00P00295,female,Chelsea,Wilkins,41 Stone Cellar Road,KINGSTHORPE,NN2 2RB,chelseawilkins@pookmail.com,079 4153 3515,25/02/1965,Premium,Email,yes,,,,Ccard,Jul
00S00296,female,Amelia,Bartlett,89 St Andrews Lane,CWMANN,SA48 3SW,ameliabartlett@trashymail.com,079 2733 5485,14/01/1963,Standard,Post,yes,,,yes,,
00P00297,male,Toby,Cook,43 Simone Weil Avenue,WEIRBROOK,SY11 6GJ,tobycook@dodgit.com,078 4365 1421,15/06/1991,Premium,Email,,,,yes,Ccard,Apr
00S00298,female,Caitlin,Poole,34 Lincoln Green Lane,CHURCH END,RG27 6TB,caitlinpoole@spambob.com,077 1269 5680,14/10/1972,Standard,Email,,,,,,
00P00299,male,Jayden,Burrows,42 Traill Street,ROSGILL,CA10 1UD,jaydenburrows@trashymail.com,070 2018 9795,30/12/1982,Premium,Post,yes,,,,DD,Sep
00S00300,female,Isabella,Wells,88 Whitby Road,DEWSALL COURT,HR2 1LD,isabellawells@dodgit.com,077 3742 6458,09/01/1982,Standard,Post,,,,yes,,
00S00301,male,Callum,Miah,21 Earls Avenue,WHITERASHES,AB2 9BF,callummiah@spambob.com,070 7010 6364,23/06/1959,Standard,Email,,yes,yes,,,
00P00302,female,Jasmine,Newman,85 Cunnery Rd,MALDON,CM9 1SB,jasminenewman@spambob.com,079 0729 6123,21/06/1975,Premium,Post,,yes,,,Ccard,Apr
00P00303,male,Jay,Hart,5 Helland Bridge,UPAVON,SN9 5GS,jayhart@spambob.com,079 2211 2001,09/03/1976,Premium,Email,,,,yes,Ccard,Nov
00P00304,male,Bradley,Woodward,25 Great North Road,ALVASTON,DE24 1JQ,bradleywoodward@trashymail.com,070 4647 7158,03/10/1957,Premium,Post,,yes,,yes,Ccard,Oct
00P00305,male,Ben,Sullivan,10 Sea Road,LAMELLION,PL14 6TL,bensullivan@trashymail.com,078 2748 8281,19/07/1959,Premium,Email,,,,yes,Ccard,Jan
00S00306,male,Alex,Walsh,11 East Street,MARDEN BEECH,TN12 0UU,alexwalsh@spambob.com,070 4361 8194,22/08/1984,Standard,Email,,yes,,yes,,
00S00307,male,Tom,Bailey,93 Bootham Crescent,RIDGE LANE,CV9 7PL,tombailey@pookmail.com,078 5941 8727,18/09/1975,Standard,Post,yes,,,yes,,
00S00308,female,Gracie,Potts,98 Helland Bridge,UPOTTERY,EX14 3ZQ,graciepotts@mailinator.com,078 3719 1811,26/08/1986,Standard,Email,,,,yes,,
00P00309,female,Katherine,Bentley,89 Walwyn Rd,CHAPELBANK,PH3 7JT,katherinebentley@mailinator.com,070 3012 5570,22/04/1969,Premium,Email,,,yes,yes,DD,Aug
00S00310,male,Jude,Shaw,61 Broomfield Place,STOURTON,CV36 4DU,judeshaw@trashymail.com,077 3816 8021,02/02/1988,Standard,Email,,,,,,
00P00311,male,Louie,Storey,59 Main St,ACHINGILLS,KW12 8TB,louiestorey@pookmail.com,079 0567 9577,20/09/1973,Premium,Post,,,,yes,CHQ,Mar
00S00312,male,Declan,Lucas,21 Rhosddu Rd,FICHLIE,AB33 1QS,declanlucas@spambob.com,079 2360 0166,13/08/1985,Standard,Email,yes,,yes,,,
00S00313,female,Mollie,Schofield,74 Jesmond Rd,KILMUIR,IV18 4ET,mollieschofield@spambob.com,070 5201 4590,10/03/1962,Standard,Email,,,,,,
00P00314,female,Sophie,Nash,81 Main Rd,FOEL,SY21 3WE,sophienash@spambob.com,070 7634 2325,15/12/1961,Premium,Email,yes,,,,Ccard,Jan
00P00315,female,Alisha,Glover,57 Boat Lane,RESIPOLE,PH36 2WX,alishaglover@pookmail.com,070 3701 4249,29/03/1964,Premium,Email,,,,yes,Ccard,Dec
00S00316,male,Sebastian,Stevens,10 Netherpark Crescent,STELLING MINNIS,CT4 8SE,sebastianstevens@spambob.com,079 3761 1515,15/02/1968,Standard,Post,,,,,,
00S00317,male,Jake,Miah,42 Trinity Crescent,WHERSTEAD,IP9 7HW,jakemiah@spambob.com,070 2041 0409,10/01/1963,Standard,Email,,,yes,,,
00P00318,female,Imogen,Marsden,43 Abingdon Road,BRATOFT,PE24 6SS,imogenmarsden@trashymail.com,077 0966 8063,12/09/1986,Premium,Email,,,,yes,DD,Dec
00S00319,male,Freddie,Buckley,72 Harehills Lane,ROYDON HAMLET,CM19 8SR,freddiebuckley@dodgit.com,077 6373 0683,24/11/1979,Standard,Email,,,,,,
00S00320,male,Samuel,Wells,42 Haslemere Road,EASTOKE,PO11 6FF,samuelwells@trashymail.com,078 1049 8310,26/08/1968,Standard,Post,,,,,,
00S00321,male,Peter,Pickering,12 Canterbury Road,VALE,GY3 0EP,peterpickering@pookmail.com,079 0479 8931,13/03/1984,Standard,Email,yes,,,yes,,
00S00322,male,Morgan,Davey,95 Exning Road,HARDINGHAM,NR9 9SU,morgandavey@pookmail.com,070 6629 4631,07/02/1957,Standard,Post,,yes,,yes,,
00S00323,male,Liam,Welch,98 Witney Way,KIVETON PARK,S31 8AU,liamwelch@trashymail.com,077 4780 9011,23/08/1969,Standard,Post,,,,yes,,
00P00324,female,Harriet,Moss,93 London Road,COMBPYNE,EX13 6ES,harrietmoss@spambob.com,079 0824 7030,26/05/1992,Premium,Post,yes,,yes,,Ccard,Jul
00P00325,female,Maya,Holloway,10 Jubilee Drive,CAWSTON,NR10 8AX,mayaholloway@pookmail.com,078 0640 6357,08/11/1969,Premium,Email,yes,,yes,,DD,May
00S00326,female,Bethany,Harvey,64 Bishopgate Street,SEDLESCOMBE,TN33 4UD,bethanyharvey@trashymail.com,070 4178 9739,27/09/1962,Standard,Post,,,,yes,,
00S00327,male,Brandon,Lewis,27 Old Chapel Road,GEDNEY,PE12 0YS,brandonlewis@pookmail.com,077 3243 5345,01/09/1980,Standard,Post,,,yes,,,
00S00328,female,Aimee,Shaw,6 Lamphey Road,THOLOMAS DROVE,PE13 5TA,aimeeshaw@mailinator.com,077 7512 2168,20/11/1972,Standard,Post,,,,,,
00S00329,female,Aimee,Power,7 Gloucester Road,CIRENCESTER,GL7 0FR,aimeepower@pookmail.com,078 8921 1883,02/05/1971,Standard,Email,,,,yes,,
00S00330,female,Erin,Slater,91 Walwyn Rd,CHATCULL,ST21 1HY,erinslater@spambob.com,079 0818 1638,19/10/1981,Standard,Email,yes,,,,,
00S00331,male,Thomas,Scott,42 Caxton Place,BUTTERMERE,CA13 6AU,thomasscott@pookmail.com,078 6448 3512,10/08/1971,Standard,Post,,,,,,
00S00332,male,Leon,Miah,20 Vicar Lane,SANDPLACE,PL13 7QQ,leonmiah@spambob.com,077 3066 0730,07/06/1966,Standard,Email,,,,,,
00S00333,male,Mohammed,Fleming,11 Southend Avenue,BLACKTOFT,DN14 0GJ,mohammedfleming@mailinator.com,070 6593 5011,20/01/1978,Standard,Post,,,,,,
00S00334,male,Matthew,Williamson,77 Ilchester Road,MULBARTON,NR14 7XU,matthewwilliamson@dodgit.com,070 6280 3010,15/03/1959,Standard,Email,yes,,,yes,,
00P00335,female,Summer,Bell,6 Worthy Lane,MATTERSEY,DN10 7ZE,summerbell@spambob.com,078 1963 5210,14/08/1988,Premium,Email,,,yes,,Ccard,Oct
00S00336,male,Kyle,Coles,47 South Crescent,LYNE,KT16 7RN,kylecoles@trashymail.com,077 5030 1332,12/10/1961,Standard,Email,,,,,,
00P00337,male,Oliver,Holland,1 Buckingham Rd,THORNTON-LE-MOOR,DL7 7DD,oliverholland@spambob.com,070 5157 3205,20/03/1982,Premium,Email,,yes,,yes,CHQ,Sep
00S00338,female,Hannah,Sullivan,94 Witney Way,KITTISFORD,TA21 3DE,hannahsullivan@trashymail.com,078 8215 3988,11/07/1958,Standard,Email,,,,,,
00S00339,male,Jayden,Clayton,46 Warren St,WEST CHEVINGTON,NE61 5PQ,jaydenclayton@trashymail.com,078 3654 5515,19/11/1972,Standard,Email,,,,,,
00P00340,female,Louise,Bruce,22 Terrick Rd,ELDERSLIE,PA5 7DD,louisebruce@mailinator.com,078 0452 1506,30/01/1959,Premium,Email,,,yes,yes,Ccard,Feb
00S00341,female,Courtney,Ahmed,27 Fox Lane,BODFFORDD,LL77 2PT,courtneyahmed@mailinator.com,070 8915 3289,03/02/1980,Standard,Email,,,yes,,,
00P00342,female,Keira,Sheppard,18 Boar Lane,SEISDON,WV5 9GN,keirasheppard@trashymail.com,070 2061 3963,26/12/1993,Premium,Email,yes,yes,,yes,DD,Jul
00P00343,male,Muhammad,Waters,62 Foregate Street,COATHAM,DL1 2EU,muhammadwaters@mailinator.com,079 4942 9485,17/12/1976,Premium,Email,,yes,,,DD,Mar
00P00344,female,Faith,Rose,39 Seafield Place,FOXFIELD,LA20 3BD,faithrose@spambob.com,078 2030 2945,15/10/1993,Premium,Post,,,,yes,Ccard,Dec
00P00345,male,Robert,Buckley,43 Long Street,MILLTOWN,AB33 5FY,robertbuckley@dodgit.com,079 6500 5647,07/12/1982,Premium,Email,yes,,,,Ccard,Jul
00P00346,male,Dominic,Nixon,56 Stone Cellar Road,KINGSTON DEVERILL,BA12 4QE,dominicnixon@trashymail.com,077 2086 4627,15/08/1962,Premium,Email,yes,,,,DD,Jan
00S00347,female,Yasmin,Newton,12 Russell Rd,SHEVINGTON,WN6 8ZJ,yasminnewton@pookmail.com,078 3380 8045,12/07/1961,Standard,Email,,,,,,
00S00348,male,Henry,Green,44 Iffley Road,BROADLEY,AB56 1EF,henrygreen@pookmail.com,070 8612 4851,07/04/1984,Standard,Email,,,,yes,,
00S00349,female,Sienna,Wong,92 Hudson St,DUNFORD BRIDGE,S30 1NR,siennawong@spambob.com,079 0398 4287,21/08/1978,Standard,Email,yes,,,,,
00S00350,female,Francesca,Giles,80 Main Rd,FORD,BN18 2NY,francescagiles@dodgit.com,070 0166 3167,07/04/1959,Standard,Post,yes,yes,,yes,,
00S00351,female,Eleanor,Reeves,24 Park Avenue,LAWHITTON,PL15 6YS,eleanorreeves@spambob.com,078 5678 2103,25/06/1969,Standard,Email,,yes,,,,
00S00352,male,Nathan,Fuller,38 Princes Street,ROCKHAMPTON,GL13 6TR,nathanfuller@mailinator.com,070 1247 3440,11/06/1963,Standard,Email,yes,yes,,,,
00P00353,male,Brandon,Allan,55 Osborne Road,KILORAN,PA61 1JQ,brandonallan@dodgit.com,078 7292 1142,24/12/1994,Premium,Email,,yes,,yes,Ccard,Jun
00S00354,male,Peter,Kirk,70 Cheriton Rd,WEST PORLOCK,TA24 1GY,peterkirk@mailinator.com,070 1049 3706,26/12/1975,Standard,Email,,,,yes,,
00S00355,female,Chloe,Saunders,81 Hart Road,NORTHDYKE,KW16 2RL,chloesaunders@dodgit.com,070 7744 3781,04/06/1958,Standard,Post,,,,,,
00S00356,male,Hayden,Skinner,54 Earls Avenue,WHITEFIELD,AB51 0WL,haydenskinner@spambob.com,070 4191 5680,02/05/1961,Standard,Post,,,,yes,,
00S00357,female,Zara,Daniels,83 Southern Way,NORTH ERRADALE,IV21 5BU,zaradaniels@pookmail.com,078 5510 5462,19/01/1967,Standard,Email,,,yes,,,
00S00358,male,Aaron,Humphreys,90 Stroud Rd,OLDBRIDGE,DG7 4TX,aaronhumphreys@trashymail.com,077 7718 1823,17/11/1991,Standard,Post,,,,yes,,
00P00359,male,Jay,Jackson,48 Duckpit Lane,UPPER MITTON,DY13 7AG,jayjackson@pookmail.com,078 2916 1469,20/01/1987,Premium,Post,,,yes,yes,CHQ,Mar
00S00360,female,Freya,Nash,22 Ilchester Road,MUNDESLEY,NR11 0TU,freyanash@pookmail.com,070 5533 9608,12/01/1958,Standard,Post,,,yes,,,
00S00361,female,Alisha,Parker,17 Station Rd,QUEEN'S HEAD,SY11 4UX,alishaparker@trashymail.com,078 1573 1208,02/01/1960,Standard,Email,yes,,,yes,,
00S00362,male,Jayden,Wright,12 Boat Lane,RENTON,G82 7JZ,jaydenwright@dodgit.com,078 0157 6117,04/05/1992,Standard,Email,,,,,,
00S00363,female,Madeleine,Hussain,41 Bury Rd,HAMMERWOOD,RH19 8QE,madeleinehussain@trashymail.com,077 6849 3518,10/02/1986,Standard,Post,,,,,,
00S00364,male,Oscar,Giles,86 Graham Road,CHELTENHAM,GL50 8XD,oscargiles@mailinator.com,070 3607 2885,16/05/1992,Standard,Email,,,yes,yes,,
00P00365,male,Zachary,Carey,24 Academy Street,BERRY POMEROY,TQ9 6NR,zacharycarey@pookmail.com,079 3673 2125,21/12/1960,Premium,Email,,,yes,,DD,Nov
00P00366,male,Taylor,Leonard,18 North Promenade,DONISTHORPE,DE12 6FX,taylorleonard@trashymail.com,079 8591 0457,15/08/1971,Premium,Email,,yes,,yes,DD,Oct
00S00367,female,Anna,Wallis,31 Walwyn Rd,CHARNDON,OX6 2XP,annawallis@mailinator.com,077 5432 1771,05/04/1984,Standard,Email,,,,yes,,
00S00368,female,Hannah,Holland,67 Eastbourne Rd,COLDEAST,TQ12 5LS,hannahholland@mailinator.com,078 1810 6948,04/04/1974,Standard,Email,,,,,,
00S00369,male,Anthony,Gill,47 Wenlock Terrace,PERSHORE,WR10 3TQ,anthonygill@pookmail.com,070 3320 4211,02/06/1968,Standard,Email,,,,,,
00S00370,female,Maisie,Walters,8 Carriers Road,CROFTON,SN8 4XQ,maisiewalters@pookmail.com,079 5485 3647,22/08/1985,Standard,Email,,,,yes,,
00P00371,female,Shannon,Bibi,79 St Andrews Lane,CWRT,SY20 6PJ,shannonbibi@dodgit.com,079 2654 2798,11/09/1994,Premium,Post,yes,,,,DD,Dec
00P00372,female,Louise,Brookes,68 Great North Road,ALVASTON,DE24 0SA,louisebrookes@pookmail.com,077 4111 7666,12/04/1977,Premium,Email,,yes,,yes,CHQ,Apr
00S00373,female,Louise,Pollard,21 Sloe Lane,CROSTHWAITE,LA8 5LX,louisepollard@pookmail.com,077 5903 7889,30/10/1972,Standard,Email,,,,,,
00P00374,female,Millie,Todd,57 St Dunstans Street,WASKERLEY,DH8 9LD,millietodd@pookmail.com,078 8622 6292,15/01/1972,Premium,Post,yes,yes,,,DD,Nov
00S00375,female,Freya,Barton,60 York Road,OWSLEBURY,SO21 2QE,freyabarton@dodgit.com,077 8001 0705,02/10/1987,Standard,Email,,,,yes,,
00S00376,male,John,Heath,21 Helland Bridge,UPPER BODDINGTON,NN11 4JS,johnheath@mailinator.com,079 8303 5615,01/08/1972,Standard,Email,,,yes,,,
00P00377,female,Harriet,Dickinson,69 Roman Rd,LEMINGTON,NE15 1JJ,harrietdickinson@spambob.com,078 2978 5989,22/04/1960,Premium,Email,yes,,yes,,Ccard,Aug
00P00378,male,John,Naylor,86 Thompsons Lane,MEERBROOK,ST13 8PP,johnnaylor@pookmail.com,077 2024 1427,07/07/1974,Premium,Post,,yes,,yes,CHQ,Dec
00S00379,male,Isaac,White,70 Felix Lane,SIABOST,HS2 6PG,isaacwhite@dodgit.com,079 8033 6230,11/10/1992,Standard,Email,,,yes,yes,,
00S00380,female,Rachel,Martin,56 Guild Street,LONDON,EC1R 0RR,rachelmartin@spambob.com,077 1352 7150,04/10/1959,Standard,Email,,,,,,
00P00381,female,Bethany,Wells,49 Tonbridge Rd,CORALHILL,AB43 2XZ,bethanywells@mailinator.com,077 4314 5075,19/07/1983,Premium,Post,,,,yes,DD,Jul
00S00382,female,Jasmine,Lawrence,12 Wressle Road,PLOCKTON,IV52 3GR,jasminelawrence@trashymail.com,078 0382 5564,18/10/1986,Standard,Email,,,yes,,,
00P00383,male,Charles,Scott,64 Castledore Road,TWECHAR,G65 7XH,charlesscott@mailinator.com,078 3578 7986,13/06/1974,Premium,Email,yes,,,,Ccard,Oct
00S00384,male,Joshua,Osborne,73 Fulford Road,PENTREFELIN,SA48 9NQ,joshuaosborne@spambob.com,078 7345 2827,13/01/1974,Standard,Email,,,,,,
00P00385,female,Megan,Gibbons,42 Wade Lane,SALFORD PRIORS,WR11 0UJ,megangibbons@spambob.com,077 7530 0341,23/03/1991,Premium,Email,yes,,yes,yes,Ccard,Aug
00P00386,female,Matilda,Hanson,97 Hexham Road,INVERKEITHNY,AB54 8NP,matildahanson@trashymail.com,070 5109 0410,01/11/1964,Premium,Email,,yes,yes,,DD,Sep
00S00387,male,Logan,Peacock,2 Nenthead Road,HIGH STREET GREEN,IP14 6PA,loganpeacock@dodgit.com,070 0980 2481,31/10/1979,Standard,Email,,,,,,
00S00388,female,Imogen,Sykes,8 Wressle Road,PODE HOLE,PE11 9DU,imogensykes@spambob.com,079 4022 9989,30/01/1989,Standard,Post,,,yes,,,
00P00389,male,Dylan,Morgan,66 Marlborough Crescent,SOUTH REDBRIGGS,AB53 7RE,dylanmorgan@mailinator.com,070 7346 1808,27/02/1978,Premium,Email,,,yes,yes,Ccard,Feb
00P00390,female,Caitlin,Day,51 Scotsburn Rd,TAL-Y-CAE,LL57 6TN,caitlinday@mailinator.com,070 7326 7762,28/03/1958,Premium,Email,yes,,,yes,DD,Jul
00S00391,female,Katie,McLean,98 Worthy Lane,MEADOWTOWN,SY5 1PU,katiemclean@pookmail.com,077 6617 2538,18/03/1983,Standard,Email,,,,,,
00S00392,male,Hayden,Hayward,40 Huntly Street,BARNSTON,CH61 8WE,haydenhayward@mailinator.com,070 7383 2515,09/12/1981,Standard,Post,,,,,,
00P00393,male,Harrison,Bartlett,63 Netherpark Crescent,STAUNTON,LE65 0SB,harrisonbartlett@trashymail.com,079 4981 3272,01/03/1975,Premium,Post,,,yes,,CHQ,Dec
00P00394,male,Jack,Arnold,48 Hexham Road,ITTON,EX20 6LG,jackarnold@trashymail.com,070 1767 9192,03/04/1961,Premium,Post,,yes,,,Ccard,Jul
00S00395,male,Joseph,Hall,12 Moulton Road,GUSSAGE,BH21 0XN,josephhall@dodgit.com,078 2002 5011,30/08/1965,Standard,Email,,,,yes,,
00S00396,female,Molly,Norris,65 Haslemere Road,EASTHAM,L62 8FG,mollynorris@spambob.com,078 0926 2682,01/12/1973,Standard,Email,,,,yes,,
00S00397,female,Sienna,Kirk,21 St Andrews Lane,DALCROSS,IV1 3TY,siennakirk@spambob.com,079 2903 5853,22/12/1985,Standard,Email,,,,yes,,
00S00398,female,Lola,Watkins,98 St Andrews Lane,CWM-PARC,CF42 2UG,lolawatkins@pookmail.com,078 6371 0576,26/08/1963,Standard,Email,,,,,,
00S00399,female,Olivia,Whitehouse,40 Bury Rd,HALSTEAD,CO9 5XR,oliviawhitehouse@spambob.com,077 6828 7998,27/11/1960,Standard,Post,,,yes,yes,,
00S00400,female,Gracie,Francis,25 Broad Street,LOWER LEMINGTON,GL56 9TD,graciefrancis@mailinator.com,070 3746 7275,18/10/1958,Standard,Email,,,,,,
