Band Name,Agent Title,Agent Forename,Agent Surname,Agency Name,Street Address,Town/City,Post Code,Agency Phone Number
Scruffy Erchin,Ms,Ellie,Bauer,V'Ents Agency,35 Wade Lane,LONDON,ST18 1GD,(020)7946123
Deffo Boys,Mr,Malcolm,Trenton,MT Stage Inc,7 Marcham Road,BOTLEY,LN11 4FW,(012)1491426
Sagacity,Mr,Reza,Haider,4 Fun Co.,80 Boroughbridge Road,BITTERNE,SO18 2YX,(029)2018553
Alloid Reels,Ms,Ivanna,Grigorevna,V'Ents Agency,35 Wade Lane,LONDON,ST18 1GD,(020)7946123
Truth,Mr,Lou,Brand,Slick Bookings,42 Ilchester Road,MUCKTON,XX2 7GZ,(012)0360000
