Vcode,Region
LIAC,Midlands
LOAP,London
BIAT,Midlands
BAAN,South
HAAP,London
MAAP,Midlands
HUAR,Midlands
WAAC,South
DEAR,Midlands
LOAS,London
GRAU,Midlands
YOBC,Midlands
GLBA,Scotland
MABH,Midlands
BRBC,South
LOBA,London
DUCH,Scotland
LICA,Midlands
LICC,Midlands
MACE,Midlands
NECE,West
HUCH,Midlands
NECH,North
SACH,South
SHCH,Midlands
WOCH,Midlands
SOCP,South
GLAU,Scotland
BRCH,West
PECH,Scotland
IPCE,South
CAEX,South
EDCE,Scotland
LEDM,Midlands
BRDO,South
DEDP,Midlands
LOEC,London
LOEC,London
LOES,London
SBET,London
SUEM,North
LIET,Midlands
LOEX,London
ABEC,Scotland
CRFH,London
YOGO,Midlands
POGU,South
PRGU,North
SOGU,South
SHHA,Midlands
LOHA,London
REHT,London
BRHC,South
HOHC,South
LOHP,London
LOI2,London
BRIA,South
CAIA,West
BOIC,South
HAIC,Midlands
LOJC,London
BLKG,North
MALC,Midlands
FOLC,South
BRLC,London
BINE,Midlands
POLA,South
POLC,South
MAMA,Midlands
NEMR,North
LISM,Midlands
ABMH,Scotland
MKNB,South
OXNT,South
BINI,Midlands
LOO2,London
BIO2,Midlands
NEOA,North
BRO2,West
GLOA,Scotland
SWOL,South
BEOD,Ireland
MAOT,Midlands
BLOH,North
HAPA,London
LOPA,London
BOPA,South
PLPA,West
LIPH,Midlands
EDPL,Scotland
TOPT,West
IPRE,South
CORA,Midlands
RERM,South
NORC,Midlands
LORO,London
LOAH,London
NORC,Midlands
GLRC,Scotland
CART,Ireland
CASC,North
GLSA,Scotland
LOSB,London
SWSP,West
BOSH,South
FESP,South
CASD,West
BISH,Midlands
DOTD,Midlands
SALO,Midlands
GATS,North
SOTH,Midlands
CHTH,South
NOTA,Midlands
EDUH,Scotland
LLVC,West
STVH,Midlands
HAVT,Midlands
LOWA,London
LOWS,London
HAWR,South
BRZU,South
