Vcode,Name,Location,Capacity
ABEC,Exhibition Centre,Aberdeen,2500
ABMH,Music Hall,Aberdeen,1453
BAAN,Anvil,Basingstoke,1400
BEOD,Odessey Arena,Belfast,7100
BIAT,Alhambra Theatre,Birmingham,1347
BINE,LG Arena NEC,Birmingham,13000
BINI,NIA,Birmingham,12700
BIO2,O2 Academy,Birmingham,700
BISH,Symphony Hall,Birmingham,2262
BLKG,King George's Hall,Blackburn,2000
BLOH,Opera House,Blackpool,3000
BOIC,International Centre,Bournemouth,6500
BOPA,Pavilion,Bournemouth,1072
BOSH,Solent Hall,Bournemouth,6500
BRBC,Brighton Centre,Brighton,1800
BRCH,Colston Hall,Bristol,2075
BRDO,Dome Theatre,Brighton,1800
BRHC,Hove Centre,Brighton,870
BRIA,International Arena,Brighton,11000
BRLC,Leisure Centre,Brentwood,1906
BRO2,O2 Academy,Bristol,1600
BRZU,Zuu Bar,Bradford-upon-Avon,850
CAEX,Corn Exchange,Cambridge,1800
CAIA,International Arena,Cardiff,7500
CART,Royal Theatre,Castlebar,2043
CASC,Sands Centre,Carlisle,1750
CASD,St Davids Hall,Cardiff,2000
CHTH,Town Hall,Cheltenham,1000
CORA,Ricoh Arena,Coventry,45000
CRFH,Fairfield Hall,Croydon,1200
DEAR,Assembly Rooms,Derby,2000
DEDP,Donnington Park,Derby,100000
DOTD,The Dome,Doncaster,2100
DUCH,Caird Hall,Dundee,2300
EDCE,Corn Exchange,Edinburgh,1500
EDPL,Playhouse,Edinburgh,3056
EDUH,Usher Hall,Edinburgh,3000
FESP,Spa Pavilion,Felixstowe,904
FOLC,Leas Cliff Hall,Folkestone,1500
GATS,The Sage,Gateshead,1600
GLAU,Clyde Auditorium,Glasgow,3000
GLBA,Braehead Arena,Glasgow,5200
GLOA,O2 Academy,Glasgow,2500
GLRC,Royal Concert Hall,Glasgow,2500
GLSA,SECC Arena,Glasgow,15000
GRAU,Auditorium,Grimsby,1200
HAAP,Apollo,Hammersmith,5039
HAIC,International Centre,Harrogate,2000
HAPA,Palais,Hammersmith,1500
HAVT,Victoria Theatre,Halifax,1860
HAWR,White Rock Theatre,Hastings,1066
HOHC,Hove Centre,Hove,5500
HUAR,Arena,Hull,2000
HUCH,City Hall,Hull,1684
IPCE,Corn Exchange,Ipswich,1535
IPRE,Regent,Ipswich,1500
LEDM,De Montfort Hall,Leicester,2000
LIAC,Academy,Liverpool,500
LICA,Carling Academy,Liverpool,1200
LICC,Cavern Club,Liverpool,190
LIET,Empire Theatre,Liverpool,2348
LIPH,Philharmonic Hall,Liverpool,1700
LISM,Mountfield Hall,Liverpool,2900
LLVC,Venue Cymru,Llandudno,160
LOAH,Royal Albert Hall,London,7000
LOAP,Alexandra Palace,London,3000
LOAS,Astoria,London,2000
LOBA,Brixton O2 Academy,London,4921
LOEC,Earls Court (Centre),London,15000
LOEC,Earls Court (Arena),London,19000
LOES,Emirates Stadium,London,60355
LOEX,ExCeL,London,20000
LOHA,Hammersmith Apollo,London,5039
LOHP,Hyde Park,London,50000
LOI2,Indigo2,London,2410
LOJC,Jazz Cafe,London,350
LOO2,O2,London,14500
LOPA,Palladium,London,2286
LORO,Roundhouse,London,3300
LOSB,Shepherds Bush Empire,London,2000
LOWA,Wembley Arena,London,12750
LOWS,Wembley Stadium,London,90000
MAAP,Apollo,Manchester,3500
MABH,Bridgewater Hall,Manchester,2341
MACE,Central,Manchester,9500
MALC,Lancashire County Cricket Club,Manchester,50000
MAMA,MEN Arena,Manchester,19000
MAOT,Old Trafford Stadium,Manchester,76000
MKNB,National Bowl,Milton Keynes,75000
NECE,Centre,Newport,2000
NECH,City Hall,Newcastle,2000
NEMR,Metro Radio Arena,Newcastle,11400
NEOA,O2 Academy,Newcastle,400
NORC,Rock City,Nottingham,2451
NORC,Royal Arena,Nottingham,2500
NOTA,Trent FM Arena,Nottingham,10000
OXNT,New Theatre,Oxford,1800
PECH,Concert Hall,Perth,1600
PLPA,Pavilions,Plymouth,4000
POGU,Guildhall,Portsmouth,2228
POLA,Lighthouse Arts Centre,Poole,4000
POLC,Lighthouse Arts Centre,Poole,4000
PRGU,Guildhall,Preston,780
REHT,Hexagon Theatre,Reading,1686
RERM,Rivermead,Reading,3000
SACH,City Hall,Salisbury,900
SALO,The Lowry,Salford,1730
SBET,Empire,Shepherds Bush,2000
SHCH,City Hall,Sheffield,2271
SHHA,Hallam FM Arena,Sheffield,13500
SOCP,Cliffs Pavilion,Southend-on-Sea,1630
SOGU,Guildhall,Southampton,1749
SOTH,Theatre,Southport,1631
STVH,Victoria Hall,Stoke-on-Trent,1614
SUEM,Empire,Sunderland,2000
SWOL,Oasis Leisure Centre,Swindon,3000
SWSP,Singleton Park,Swansea,20000
TOPT,Princes Theatre,Torquay,1491
WAAC,Arts Centre,Warwick,2092
WOCH,Civic Hall,Wolverhampton,3000
YOBC,Barbican Centre,York,1949
YOGO,Grand Opera House,York,1000
