Ready,Delivered,Title,First_Name,Last_Name,Address_1,Town,Post_Code,Drive_Code,Model_Code,Model,Make,Suitability,Connection,Form_Factor,Format,Capacity,Price
Yes,No,Ms,Katherine,Griffin,96 Scrimshire Lane,Alfreton,NN7 3OO,DD11,XS320ME70004,Nitra 3731,Seemore,Gaming,SAS 12Gb/s,2.5 inch,SSD,3.2,1993.55
Yes,Yes,Mr,Peter,Williams,48 Fox Lane,Bradwel,DE62 6KQ,DD50,ZP1000GM31011,Firacude 510,Seemore,Gaming,PCIe gen3 NVMe,M.2,SSD,1,166.44
Yes,Yes,Miss,Scarlett,Hardy,11 Seafield Place,London,N6 6KQ,DD55,LRD10Z002TG8,Excel Plus,Kyoto,Gaming,PCIe gen3 NVMe,M.2,SSD,2,400.49
Yes,No,Mr,Jake,Abbott,39 Vicar Lane,Edingley,NN15 6QL,DD59,ZP2000GM31011,Firacude 510,Seemore,Gaming,PCIe gen3 NVMe,M.2,SSD,2,322.99
Yes,Yes,Mr,Morgan,John,43 East Street,Epperstone,NN1 1MV,DD64,PEKKW256G8XT,760p series,Ibstock,Gaming,PCIe gen3 NVMe,M.2,SSD,0.256,63.98
No,No,Mr,Morgan,Stevens,41 Park Place,London,N8 4WK,DD65,PEKKW512G801,760p series,Ibstock,Gaming,PCIe gen3 NVMe,M.2,SSD,0.512,113.62
Yes,Yes,Ms,Isabelle,McLean,22 Whatlington Road,Halam,DE15 4YA,DD66,M280C3030-500,XLR8 CS3030,Pliny,Gaming,PCIe gen3 NVMe,M.2,SSD,0.5,76.99
No,No,Mr,Max,Collier,38 Sloe Lane,Hayward Oaks,NN15 4AK,DD13,XS384SE70004,Nitra 3331,Seemore,Creative Professional,SAS 12Gb/s,2.5 inch,SSD,3.84,972.67
Yes,No,Mrs,Ella,McKenzie,63 Thames Street,Sutton-in-Asfield,NN7 4TW,DD14,XS192SE70004,Nitra 3331,Seemore,Creative Professional,SAS 12Gb/s,2.5 inch,SSD,1.92,494.75
Yes,Yes,Mrs,Isabella,Gibbs,9 Mar Close,Morton,DE6 8OU,DD46,ZP1000GM31002,Firacude 520,Seemore,Creative Professional,PCIe gen4 NVMe,M.2,SSD,1,206.77
No,No,Mr,Jack,Whitehouse,98 Great Western Road,Nottingham,NN13 5ZE,DD48,ZP500GM31002,Firacude 520,Seemore,Creative Professional,PCIe gen4 NVMe,M.2,SSD,0.5,113.06
No,No,Mr,Ethan,Baxter,43 Chapel Lane,Oxton,NN12 0DA,DD49,ZP2000GM31002,Firacude 520,Seemore,Creative Professional,PCIe gen4 NVMe,M.2,SSD,2,357.28
Yes,No,Mr,Charlie,Simmons,59 Warren St,Rufford,NN11 0AU,DD51,CSSD-F2000MP600,Forza MP600,Corsir,Creative Professional,PCIe gen4 NVMe,M.2,SSD,2,389.99
No,No,Mr,Harley,Carr,83 Wenlock Terrace,Edwinstowe,NN30 9ZO,DD60,CSSD-F1000MP600,Forza MP600,Corsir,Creative Professional,PCIe gen3 NVMe,M.2,SSD,1,202.99
No,No,Mr,Brandon,Bevan,66 Stone St,Solihull,WM5 4BJ,DD66,M280C3030-500,XLR8 CS3030,Pliny,Gaming,PCIe gen3 NVMe,M.2,SSD,0.5,76.99
No,No,Ms,Samantha,Jennings,43 Traill Street,Southwell,NN7 8BM,DD46,ZP1000GM31002,Firacude 520,Seemore,Creative Professional,PCIe gen4 NVMe,M.2,SSD,1,206.77
