First_Name,Last_Name,Job_Title,Department,Start_Date,Line_Manager,Course,Course_Date,Location
Daniel,Littlewood,Fitness Instructor,Sports,01/02/2016,Samuel Coles,Induction,08/07/2016,"Head Office, Cambridge"
Chloe,Spry,Receptionist,Administration,10/03/2016,Ming Chen,First Aid,17/06/2016,Lewis College Cambridge
Barry,Marcus,Chef,Catering,25/01/2016,Zachary King,Food Hygiene,20/07/2016,"Friar College, Reading"
Alice,Dalton,Fitness Instructor,Sports,16/02/2016,Samuel Coles,Health and Safety,28/06/2016,"Tawara Centre, London"
Pablo,Garcia,Tennis Instructor,Sports,18/01/2016,Zoe Kiesler,Induction,08/07/2016,"Head Office, Cambridge"
Dylan,Brown,Cleaner,Maintenance,14/02/2016,Christopher Kai,Health and Safety,28/06/2016,"Tawara Centre, London"
Abdul,Saeed,Sales Representative,Sales,01/02/2016,Graham Russo,Induction,08/07/2016,"Head Office, Cambridge"
