Member_No,Title,First_Name,Last_Name,Add_1,Post_Code,Gender,Date_Joined,Type,Fees_Due,Pay_Method
TE001,Mr,Mohammad,Armstrong,59 Main Road,KT14 6MS,Male,24/02/2016,TE,-1,Credit Card
TE002,Ms,Emma,Mellor,24 Boat Lane,L62 4DJ,Female,19/02/2016,TE,-1,Debit Card
GY001,Mrs,Natasha,Greenwood,53 Pier Road,GU4 7UJ,Female,18/02/2016,GY,0,Cash
TE003,Ms,Yasmin,Green,84 Abbey Row,ST14 8NP,Female,17/02/2016,TE,-1,Cheque
TE004,Mrs,Abbie,Howe,92 Ballifeary Road,DG14 2MG,Female,16/02/2016,TE,-1,Credit Card
AD001,Mr,Sebastian,Power,4 Rowland Rd,ST4 3LQ,Male,09/11/2010,AD,0,Credit Card
AD002,Mr,Reece,Waters,60 Holburn Lane,PA33 2DI,Male,12/11/2010,AD,-1,Debit Card
AD003,Mrs,Alisha,Rhodes,43 Freezeland Lane,HR2 0UF,Female,16/12/2010,AD,-1,Cash
AD004,Mr,Lucas,Martin,71 Gloddaeth Street,SA11 6NU,Male,24/12/2010,AD,-1,Cheque
AD005,Mrs,Olivia,Stevens,64 St Omers Road,CV37 0WB,Female,13/03/2011,AD,0,Credit Card
JN001,Mr,Corey,Sims,46 Iolaire Road,PA47 3TC,Male,31/12/2015,JN,-1,Credit Card
SR001,Mr,Ellis,Bruce,45 Carriers Road,OX18 4QM,Male,27/12/2015,SR,0,Debit Card
AD006,Mr,Archie,Douglas,85 Nenthead Road,SO24 8FK,Male,07/09/2015,AD,-1,Cash
AD007,Ms,Victoria,Mann,6 Withers Close,BA22 0HL,Female,28/05/2012,AD,0,Cheque
JN002,Miss,Paige,Sanderson,38 Spilman Street,SP5 8FG,Female,19/11/2015,JN,-1,Credit Card
AD008,Mr,Harvey,Potts,78 Overton Circle,CH1 6ZY,Male,27/06/2012,AD,0,Credit Card
JN003,Ms,Sarah,Cameron,27 Malcolm Rd,BN27 7PO,Female,31/10/2015,JN,-1,Debit Card
TE005,Ms,Abbie,Sharpe,93 Seaford Road,CR0 5MF,Female,24/10/2015,TE,0,Cash
TE006,Ms,Elizabeth,Browne,33 East Street,SP6 3XY,Female,18/10/2015,TE,0,Cheque
GY002,Ms,Jade,Walters,64 Colorado Way,KW17 0MU,Female,05/10/2015,GY,0,Credit Card
AD009,Ms,Lily,Moore,75 Hampton Court Rd,DL7 4BT,Female,08/08/2012,AD,-1,Credit Card
JN004,Mr,Mohammed,Clarke,70 Worthy Lane,PA29 6PX,Male,23/09/2015,JN,-1,Debit Card
AD010,Ms,Maisie,Walton,33 Rowland Rd,TD9 1WN,Female,16/08/2012,AD,0,Cash
GY003,Ms,Brooke,Dobson,90 Balsham Road,IV3 1EL,Female,10/09/2015,GY,0,Cheque
JN005,Mr,Harry,Robson,71 Stroude Road,CB4 6UZ,Male,30/07/2015,JN,-1,Credit Card
AD011,Mr,Lewis,Walker,84 Roman Rd,PH33 1ML,Male,23/01/2013,AD,0,Credit Card
AD012,Ms,Hollie,Stephenson,55 Grenoble Road,NR14 8QF,Female,25/03/2013,AD,0,Debit Card
YA001,Mr,Finlay,Byrne,84 Souterhead Road,S31 7CG,Male,15/07/2015,YA,-1,Cash
SW001,Mr,Fred,James,51 Netherloin Lane,NN7 8BM,Male,13/07/2015,SW,-1,Cheque
GY004,Ms,Francesca,Warren,69 Carriers Road,IV14 8RR,Female,06/07/2015,GY,0,Credit Card
AD013,Mr,Jake,Lucas,52 Nith Street,ST7 7YD,Male,26/03/2013,AD,0,Credit Card
AD014,Mr,Evan,Carroll,46 Southend Avenue,NE19 5FB,Male,05/08/2013,AD,0,Debit Card
JN006,Miss,Melissa,Hyde,44 St Denys Road,CF83 2QI,Female,04/06/2015,JN,-1,Cash
SR002,Mr,Hayden,Hobbs,8 Walden Road,SO24 1MK,Male,11/05/2015,SR,0,Cheque
GY005,Mr,Jacob,Lane,12 Prestwick Road,PE22 5AI,Male,05/05/2015,GY,0,Credit Card
JN007,Ms,Kiera,Chamberlain,18 Marcham Road,ML7 4KG,Female,29/04/2015,JN,-1,Credit Card
JN008,Mr,Morgan,Conway,95 Park Row,TR3 3LG,Male,05/04/2015,JN,-1,Debit Card
JN009,Miss,Rachel,Brooks,17 Holgate Rd,SA3 7AM,Female,30/03/2015,JN,-1,Cash
JN010,Miss,Cerys,Evans,88 Harehills Lane,DH7 5UU,Female,16/03/2015,JN,-1,Cheque
JN011,Ms,Poppy,Hargreaves,47 Wood Lane,KA19 8MT,Female,23/02/2015,JN,-1,Credit Card
GY006,Mrs,Lydia,Parry,15 Argyll Road,TR20 8WT,Female,18/02/2015,GY,0,Credit Card
JN012,Ms,Abbie,Stephenson,79 Exning Road,CF45 7ZI,Female,05/02/2015,JN,-1,Debit Card
AD015,Mr,Logan,Wells,76 Ash Lane,PH10 0YG,Male,07/11/2013,AD,-1,Cash
GY007,Ms,Brooke,Leonard,15 Southlands Road,PA22 3XG,Female,28/01/2015,GY,0,Cheque
AD016,Mr,Morgan,Nixon,50 Haslemere Road,DL13 0CN,Male,21/06/2014,AD,0,Credit Card
SR003,Ms,Freya,Parkes,10 East Street,LA2 1NG,Female,01/01/2015,SR,-1,Credit Card
TE007,Ms,Zara,Kerr,42 Stamford Road,SA14 7AC,Female,01/01/2015,TE,-1,Debit Card
GY008,Mr,Peter,Quinn,39 Old Chapel Road,CV35 8BF,Male,12/12/2014,GY,-1,Cash
JN013,Mr,Lucas,Green,40 Nottingham Rd,EX23 7MO,Male,04/12/2014,JN,0,Cheque
AD017,Mr,Jordan,Herbert,26 Park Row,FK7 9AD,Male,21/07/2014,AD,0,Credit Card
JN014,Mr,Charles,Gordon,52 New Dover Rd,PA37 4OE,Male,18/11/2014,JN,0,Credit Card
GY009,Mr,Jayden,Sims,11 Gloucester Road,WV10 9WQ,Male,15/11/2014,GY,-1,Debit Card
YA002,Mr,Dylan,Thomson,2 Bullwood Rd,LL45 8DO,Male,15/11/2014,YA,0,Cash
SW002,Mr,Dennis,Carter,12 Jasmine Way,HR5 9YN,Male,12/11/2014,SW,0,Cheque
JN015,Mr,Freddie,Warren,85 Crown Street,PE18 4OJ,Male,10/11/2014,JN,-1,Credit Card
GY010,Mr,Finley,Carey,5 Circle Way,IV3 5YO,Male,09/11/2014,GY,-1,Credit Card
AD018,Ms,Millie,Davidson,50 Oxford Rd,PE31 2CL,Female,06/02/2016,AD,-1,Debit Card
JN016,Ms,Georgia,Martin,76 Telford Street,YO6 3YP,Female,13/10/2014,JN,0,Cash
TE008,Mrs,Laura,Manning,24 Balsham Road,PE23 7KE,Female,10/10/2014,TE,-1,Cheque
GY011,Mr,Hayden,Graham,56 Cambridge Road,LS16 2FL,Male,25/09/2014,GY,0,Credit Card
AD019,Ms,Eva,Wells,45 Spilman Street,SO21 9PD,Female,31/01/2016,AD,0,Credit Card
GY012,Mr,Logan,Wilkinson,5 Boat Lane,EX9 7UX,Male,13/09/2014,GY,-1,Debit Card
AD020,Mr,Harvey,Summers,40 Kendell Street,LL21 7TT,Male,30/01/2016,AD,-1,Cash
SW003,Mr,Ricardo,Greene,11 Folker Mews,CF3 0RC,Male,05/09/2014,SW,-1,Cheque
JN017,Mr,Scott,Carr,79 Ramsgate Rd,ML11 0JR,Male,21/08/2014,JN,0,Credit Card
SR004,Mr,Connor,Coates,25 Iffley Road,KT8 4OG,Male,12/08/2014,SR,-1,Credit Card
AD021,Mr,Harry,Houghton,32 Ash Lane,WN8 9PI,Male,08/01/2016,AD,-1,Debit Card
GY013,Mr,Jayden,Murphy,96 Prince Consort Road,PR2 1VQ,Male,22/07/2014,GY,-1,Cash
AD022,Mrs,Mollie,Singh,59 Abingdon Road,KW13 9TL,Female,08/01/2016,AD,0,Cheque
SR005,Mr,Alexander,Burns,33 Neville Street,AB53 2IT,Male,29/06/2014,SR,-1,Credit Card
AD023,Ms,Abby,Hall,54 Prestwick Road,PA31 7GS,Female,25/12/2015,AD,0,Credit Card
YA003,Mr,Tom,Gallagher,72 Freezeland Lane,BB8 8VW,Male,24/06/2014,YA,0,Debit Card
AD024,Mr,Sebastian,Gibbs,32 High St,HR6 3LD,Male,25/11/2015,AD,0,Cash
GY014,Ms,Yasmin,Roberts,9 Bootham Crescent,IP8 1QM,Female,17/06/2014,GY,-1,Cheque
AD025,Mr,Louis,Woods,21 Constitution St,SA41 6GO,Male,06/11/2015,AD,0,Credit Card
AD026,Mr,Matthew,Kay,60 Fore St,SA66 0QG,Male,28/09/2015,AD,0,Credit Card
SR006,Mrs,Isobel,Bibi,66 Merthyr Road,PE22 6XC,Female,11/05/2014,SR,-1,Debit Card
SR007,Mr,Louis,Howarth,8 Guildford Rd,BB10 5ZS,Male,02/05/2014,SR,-1,Cash
SR008,Mr,James,Fox,71 Bootham Terrace,PH20 8HN,Male,11/04/2014,SR,0,Cheque
JN018,Ms,Molly,Howell,52 Sandyhill Rd,IP30 7NE,Female,04/04/2014,JN,0,Credit Card
AD027,Mrs,Katie,O'Connor,87 Foregate Street,HS7 6VL,Female,21/09/2015,AD,0,Credit Card
JN019,Mr,Louis,Storey,69 Witney Way,PL32 1TA,Male,01/04/2014,JN,0,Debit Card
SR009,Mr,Jacob,Quinn,73 St Dunstans Street,GU1 0UO,Male,13/03/2014,SR,0,Cash
AD028,Dr,Ellis,Perkins,76 Foregate Street,SN14 3HO,Male,25/07/2015,AD,0,Cheque
SR010,Mr,Jacob,John,5 Horsefair Green,ML12 2CQ,Male,07/03/2014,SR,-1,Credit Card
GY015,Mr,Cameron,Butler,47 Guildford Rd,CM9 6TA,Male,07/03/2014,GY,-1,Credit Card
AD029,Mrs,Demi,Connolly,35 Bath Rd,AB51 3AS,Female,18/07/2015,AD,-1,Debit Card
GY016,Mr,Alfie,Leach,65 Merthyr Road,TA10 9HU,Male,19/02/2014,GY,0,Cash
JN020,Mr,Dylan,Baldwin,69 Ramsgate Rd,WR6 8FW,Male,17/02/2014,JN,-1,Cheque
SR011,Mr,John,Hamilton,34 Consett Rd,NE66 6HY,Male,02/02/2014,SR,-1,Credit Card
AD030,Ms,Niamh,Barker,94 Botley Road,LL23 2SV,Female,25/06/2015,AD,-1,Credit Card
SR012,Mrs,Alisha,Potts,37 Grey Street,LE14 6UQ,Female,23/01/2014,SR,-1,Debit Card
GY017,Mrs,Yasmin,Gardiner,70 Berkeley Rd,DH8 2KA,Female,06/01/2014,GY,0,Cash
GY018,Mr,Peter,Hyde,89 Colorado Way,SA44 6UO,Male,29/12/2013,GY,0,Cheque
JN021,Mr,Kieran,McLean,91 Stroude Road,IV18 6AR,Male,19/12/2013,JN,0,Credit Card
AD031,Ms,Lilly,Brady,34 Ermin Street,CV23 3AW,Female,14/06/2015,AD,-1,Credit Card
SR013,Ms,Emily,Nash,53 Maidstone Road,DY9 7ZM,Female,18/12/2013,SR,-1,Debit Card
SR014,Mr,Kieran,Bevan,81 Grey Street,GL54 0BO,Male,16/12/2013,SR,-1,Cash
SR015,Mrs,Scarlett,Willis,91 Carriers Road,RG7 8KQ,Female,14/12/2013,SR,-1,Cheque
AD032,Mr,Rhys,Rees,57 Ballifeary Road,IV51 5KW,Male,30/01/2015,AD,0,Credit Card
AD033,Mr,Evan,Lucas,88 Golf Road,CO6 9JD,Male,10/01/2015,AD,0,Credit Card
SW004,Mrs,Brooke,Leach,84 St Andrews Lane,DD8 7RB,Female,05/11/2013,SW,0,Debit Card
SR016,Mr,Toby,Butcher,74 Gloucester Road,ML11 1NI,Male,01/11/2013,SR,0,Cash
YA004,Mr,Robert,Newman,11 Cunnery Rd,NG16 6WW,Male,26/10/2013,YA,0,Cheque
GY019,Mr,Charles,Myers,23 Ermin Street,PA77 8CE,Male,04/10/2013,GY,0,Credit Card
SR017,Ms,Rachel,Bibi,79 Manor Way,AB34 9DD,Female,30/09/2013,SR,0,Credit Card
YA005,Mr,Edward,Metcalfe,92 Park End St,IV28 1GD,Male,27/09/2013,YA,-1,Debit Card
GY020,Mrs,Keira,Williams,81 Sutton Wick Lane,G71 8XB,Female,20/09/2013,GY,-1,Cash
AD034,Mrs,Ellie,Middleton,82 Seaford Road,CA2 6ZM,Female,20/11/2014,AD,-1,Cheque
YA006,Ms,Elizabeth,Todd,96 Whitchurch Road,BA7 5HC,Female,15/09/2013,YA,0,Credit Card
SR018,Mr,Joshua,Chapman,5 Thompsons Lane,LL36 4UR,Male,20/08/2013,SR,-1,Credit Card
AD035,Mr,Thomas,Mellor,46 Duckpit Lane,CF83 4FX,Male,22/10/2014,AD,-1,Debit Card
JN022,Mr,Bailey,Humphries,15 Overton Circle,M1 7NI,Male,06/08/2013,JN,0,Cash
SR019,Mr,Lucas,Baxter,19 Brackley Road,SY17 2YE,Male,06/08/2013,SR,0,Cheque
SR020,Mr,Christopher,Savage,75 Prince Consort Road,SG8 3JM,Male,05/08/2013,SR,0,Credit Card
AD036,Mr,Archie,Evans,22 Nottingham Rd,CV33 4FN,Male,15/09/2014,AD,0,Credit Card
SR021,Mr,Jordan,Thomas,97 Grenoble Road,OL15 1LT,Male,18/07/2013,SR,0,Debit Card
AD037,Mr,Joseph,Craig,28 Fox Lane,SY8 9GY,Male,07/09/2014,AD,-1,Cash
SW005,Mrs,Courtney,Lawrence,14 Prince Consort Road,GL54 8OV,Female,14/05/2013,SW,-1,Cheque
GY021,Ms,Jennifer,Nicholls,33 Monks Way,DE6 9KP,Female,10/05/2013,GY,-1,Credit Card
SW006,Mr,Chester,Williamson,31 Diplock Avenue,NE16 5KS,Male,27/04/2013,SW,0,Credit Card
YA007,Ms,Imogen,Carroll,86 Mounthoolie Lane,SY9 8NF,Female,27/04/2013,YA,0,Debit Card
GY022,Mr,Ethan,Fletcher,55 St Maurices Road,RH5 7GJ,Male,26/04/2013,GY,0,Cash
GY023,Mr,Noah,Bell,17 Park Row,NN14 3RX,Male,25/04/2013,GY,-1,Cheque
SR022,Mr,Tom,Collier,25 South Western Terrace,PE24 8QM,Male,25/04/2013,SR,0,Credit Card
YA008,Mrs,Megan,Howarth,84 Crown Street,PE13 4AN,Female,16/04/2013,YA,-1,Credit Card
SW007,Mrs,Megan,Nicholson,14 London Road,IP27 4JJ,Female,01/01/2015,SW,-1,Debit Card
AD038,Ms,Megan,O'Neill,98 Carriers Road,HR6 9TI,Female,09/08/2014,AD,-1,Cash
SR023,Mrs,Katherine,Allen,7 Boar Lane,TR12 8UR,Female,25/03/2013,SR,0,Cheque
AD039,Mr,Jay,Davidson,4 Stone St,TF9 7QB,Male,26/06/2014,AD,-1,Credit Card
SR024,Ms,Daisy,Rhodes,99 Broad Street,KW14 0SL,Female,17/03/2013,SR,-1,Credit Card
AD040,Mrs,Keira,Pickering,32 Shore Street,PA61 7NS,Female,07/06/2014,AD,-1,Debit Card
GY024,Mr,Joshua,Turner,60 Bootham Crescent,NN3 9BC,Male,12/03/2013,GY,-1,Cash
SR025,Mr,Jack,Wilkins,26 Broomfield Place,WF10 1PB,Male,12/03/2013,SR,0,Cheque
YA009,Ms,Madeleine,Chapman,28 Wressle Road,YO42 5CY,Female,12/03/2013,YA,0,Credit Card
SR026,Ms,Charlie,Farmer,67 Old Edinburgh Road,PH2 5AV,Female,27/02/2013,SR,-1,Credit Card
AD041,Mr,John,Watts,98 Balsham Road,AB30 2RB,Male,04/06/2014,AD,0,Debit Card
SR027,Ms,Georgia,Lees,17 Hindhead Road,CT21 3LS,Female,10/01/2013,SR,0,Cash
AD042,Mrs,Ella,Riley,93 Church Way,PA34 6CW,Female,03/04/2014,AD,0,Cheque
TE009,Dr,Peter,Hicks,95 Wood Lane,NR2 8MH,Male,17/12/2012,TE,0,Credit Card
SR028,Mr,Liam,Ryan,20 Ballifeary Road,TN25 7QS,Male,13/12/2012,SR,0,Credit Card
SR029,Mrs,Elizabeth,Gallagher,24 Church Way,DD9 3JW,Female,01/12/2012,SR,-1,Debit Card
SR030,Ms,Evie,Hudson,42 Colorado Way,SS5 3OB,Female,28/11/2012,SR,-1,Cash
JN023,Ms,Kate,Phillips,4 Thames Street,PL32 9XJ,Female,23/11/2012,JN,-1,Cheque
AD043,Mrs,Harriet,McLean,14 Gloddaeth Street,TD15 7KR,Female,09/03/2014,AD,-1,Credit Card
SW008,Mr,Peter,Parkinson,68 Kingsway North,CW7 5ZM,Male,22/11/2012,SW,0,Credit Card
SW009,Mr,Benjamin,Anderson,49 Jubilee Drive,LN8 2JH,Male,18/11/2012,SW,-1,Debit Card
SW010,Ms,Emily,Higgins,72 Dover Road,KA1 1XD,Female,17/11/2012,SW,-1,Cash
SR031,Ms,Aimee,Nixon,26 Bootham Crescent,LN8 6ZY,Female,08/11/2012,SR,-1,Cheque
GY025,Ms,Ella,Black,30 Simone Weil Avenue,PE22 8DZ,Female,31/12/2014,GY,-1,Credit Card
JN024,Miss,Poppy,Humphries,41 Abbey Row,DY8 6IE,Female,28/10/2012,JN,0,Credit Card
GY026,Mr,Max,Williams,47 Walden Road,IV23 5BP,Male,24/10/2012,GY,-1,Debit Card
TE010,Ms,Lara,Little,3 Mill Lane,GL8 5RH,Female,24/10/2012,TE,0,Cash
JN025,Ms,Alexandra,Mitchell,75 Shire Oak Road,SY5 4ML,Female,10/10/2012,JN,0,Cheque
SR032,Mr,Nathan,Dunn,81 Terrick Rd,NE61 2YZ,Male,10/10/2012,SR,-1,Credit Card
SR033,Mr,Benjamin,Stokes,76 Bridge Street,PH33 6AS,Male,28/09/2012,SR,0,Paym
TE011,Mr,Charles,Peacock,97 Nenthead Road,KY11 4FP,Male,16/09/2012,TE,-1,Debit Card
SR034,Mrs,Tegan,Cook,51 Walden Road,KY10 7KA,Female,17/08/2012,SR,0,Cash
SR035,Mr,Reece,Bennett,10 Witney Way,AB41 0ZD,Male,17/08/2012,SR,0,Cheque
AD044,Mrs,Tegan,Chapman,87 Wressle Road,SY8 3OU,Female,28/02/2014,AD,-1,Credit Card
AD045,Dr,Emma,Dennis,66 Farburn Terrace,DD8 2NR,Female,27/01/2014,AD,-1,Credit Card
AD046,Mr,Dominic,Osborne,62 Balsham Road,HR6 3EK,Male,19/12/2013,AD,0,Debit Card
SW011,Mr,Bradley,Mason,82 Traill Street,IM4 0IO,Male,03/08/2012,SW,-1,Cash
SR036,Mrs,Maya,Hewitt,26 Stamford Road,CH2 6XO,Female,30/07/2012,SR,-1,Cheque
SR037,Ms,Morgan,Whitehead,11 Telford Street,KW17 6KZ,Female,19/07/2012,SR,-1,Credit Card
JN026,Ms,Tia,Mills,28 Scrimshire Lane,CR3 4BY,Female,15/07/2012,JN,0,Credit Card
SR038,Mr,Reece,Glover,38 Scrimshire Lane,PE12 5IV,Male,12/07/2012,SR,0,Debit Card
SW012,Mr,Jacob,Murray,43 Beerson Avenue,CW1 2ZN,Male,05/07/2012,SW,0,Cash
AD047,Mrs,Zoe,Marsh,62 Red Lane,DY10 1TE,Female,09/12/2013,AD,0,Cheque
YA010,Mr,Josh,Chadwick,12 Great Western Road,LL54 4ZM,Male,12/06/2012,YA,-1,Credit Card
JN027,Mr,Alexander,Lawrence,99 St Andrews Lane,NE69 8FV,Male,01/06/2012,JN,0,Credit Card
GY027,Ms,Isobel,Wright,93 Berkeley Rd,GL2 5SZ,Female,29/05/2012,GY,-1,Debit Card
AD048,Mr,Louis,Heath,80 Lammas Street,SA68 9BR,Male,20/09/2013,AD,0,Cash
JN028,Miss,Niamh,Murray,61 Southend Avenue,DD8 7HU,Female,17/05/2012,JN,0,Cheque
AD049,Ms,Jessica,Cameron,40 Roman Rd,LL29 2SR,Female,17/08/2013,AD,-1,Credit Card
TE012,Ms,Demi,Potter,66 Hexham Road,NP6 8HW,Female,26/03/2012,TE,0,Credit Card
YA011,Mr,Corey,Murray,41 Scotsburn Rd,CO5 6RR,Male,26/03/2012,YA,0,Debit Card
SR039,Mr,Sam,Humphries,55 Essex Rd,ZE2 7CI,Male,15/03/2012,SR,-1,Cash
SR040,Ms,Ruby,Hammond,61 Stone St,TF8 1AR,Female,16/02/2012,SR,-1,Cheque
SR041,Mrs,Francesca,Moore,53 Marcham Road,TS13 2PC,Female,14/02/2012,SR,-1,Credit Card
YA012,Ms,Tegan,Howell,35 Harehills Lane,CO16 0IL,Female,06/02/2012,YA,0,Credit Card
SR042,Mr,Christopher,Murray,76 Colorado Way,IV16 3FJ,Male,31/01/2012,SR,0,Debit Card
SR043,Mrs,Lucy,Sutton,10 Merthyr Road,CR4 2FU,Female,24/01/2012,SR,-1,Cash
JN029,Miss,Sophie,Hyde,57 Dunmow Road,DT9 7GF,Female,14/01/2012,JN,-1,Cheque
JN030,Mr,Finley,Dale,33 Brackley Road,TS21 4EQ,Male,16/12/2015,JN,-1,Credit Card
SR044,Mr,Oliver,Wells,66 Kingsway North,IP6 7NG,Male,09/11/2011,SR,-1,Credit Card
SR045,Mr,Reece,White,64 Wood Lane,DN21 2OJ,Male,02/11/2015,SR,-1,Debit Card
SW013,Mr,Lee,Freeman,19 Hissom Mead,TW5 4BJ,Male,29/10/2011,SW,0,Cash
AD050,Mr,Nicholas,Goddard,80 Witney Way,MK43 2AB,Male,18/06/2013,AD,-1,Cheque
JN031,Ms,Eva,Mahmood,67 Hounslow Rd,SO51 7TX,Female,18/06/2015,JN,-1,Credit Card
GY028,Ms,Eloise,Ali,38 Scotsburn Rd,NR12 6IZ,Female,26/09/2011,GY,0,Credit Card
SR046,Ms,Bethany,Morrison,80 Grenoble Road,IP21 9FA,Female,13/07/2011,SR,0,Debit Card
JN032,Mr,Luke,Nelson,76 Scotswood Road,DL8 3PP,Male,12/07/2011,JN,0,Cash
JN033,Ms,Kiera,Iqbal,66 Sandyhill Rd,LA6 2UR,Female,11/07/2011,JN,0,Cheque
YA013,Mr,Louie,Green,4 Ross Road,CM3 9IR,Male,11/07/2011,YA,0,Credit Card
SR047,Mr,Peter,Read,22 Wenlock Terrace,TA3 0CN,Male,26/03/2015,SR,-1,Credit Card
TE013,Ms,Lilly,Smart,39 Thirsk Road,BD23 8LZ,Female,27/06/2011,TE,-1,Debit Card
SR048,Ms,Abigail,Powell,3 Iffley Road,KA6 2GF,Female,17/06/2011,SR,0,Cash
SR049,Mrs,Lydia,Owen,48 Traill Street,NG17 7ZC,Female,03/02/2016,SR,-1,Cheque
AD051,Mrs,Danielle,Hudson,85 Southern Way,G76 8PO,Female,16/03/2013,AD,0,Credit Card
SR050,Mr,Joel,Chambers,63 Witney Way,SA32 4ZW,Male,17/05/2011,SR,-1,Credit Card
YA014,Ms,Lara,Barrett,89 Asfordby Rd,TS9 2TS,Female,28/04/2011,YA,0,Debit Card
JN034,Miss,Megan,Long,79 Asfordby Rd,PE31 8MJ,Female,13/04/2011,JN,0,Cash
SR051,Mr,Archie,Rhodes,62 Wressle Road,PH6 3EP,Male,13/03/2011,SR,-1,Cheque
AD052,Mr,Luca,Wells,63 Gloucester Road,ST11 2RA,Male,21/12/2012,AD,0,Credit Card
SR052,Mr,Jordan,French,26 Duckpit Lane,ST10 2KL,Male,11/03/2011,SR,0,Credit Card
SR053,Mrs,Chelsea,Hardy,52 Park Avenue,HG1 7ZK,Female,17/02/2011,SR,0,Debit Card
YA015,Mrs,Chelsea,Clayton,39 Eastbourne Rd,SO20 8SB,Female,14/02/2011,YA,0,Cash
SR054,Mrs,Summer,Hale,79 Dunmow Road,PO18 0BQ,Female,13/02/2011,SR,0,Paym
SR055,Mr,Patrick,Newman,74 Coast Rd,BS6 7CE,Male,10/02/2011,SR,0,Credit Card
YA016,Mr,Hayden,Wallis,57 Prospect Hill,SN14 5QD,Male,05/08/2015,YA,-1,Credit Card
JN035,Mr,Archie,Holland,56 Roker Terrace,LL68 7WC,Male,03/02/2016,JN,-1,Debit Card
SW014,Mr,Timothy,Allen,51 Sprout Street,OX13 5ZE,Male,05/02/2015,SW,-1,Cash
SR056,Mr,Harley,Hurst,34 Merthyr Road,PL17 1JE,Male,03/02/2011,SR,0,Cheque
SW015,Mr,Rick,Elliott,43 Dewdrop Place,TA7 3OO,Male,10/01/2016,SW,-1,Credit Card
GY029,Mr,Samuel,Hunt,51 Guild Street,BB7 4EX,Male,03/01/2011,GY,0,Credit Card
AD053,Ms,Lilly,Webster,24 High St,AB31 6RH,Female,23/11/2012,AD,0,Debit Card
AD054,Mr,Lucas,Roberts,78 London Road,DL14 7OI,Male,06/08/2012,AD,0,Cash
SW016,Mr,Max,Kirk,50 Merthyr Road,LN13 3ET,Male,07/12/2010,SW,-1,Cheque
GY030,Ms,Brooke,Bond,77 Bury Rd,LA19 4VM,Female,05/12/2010,GY,0,Credit Card
GY031,Mr,Jacob,Wallis,50 Whitby Road,IP25 5HK,Male,04/12/2010,GY,0,Credit Card
JN036,Mr,Toby,Hammond,21 Gloucester Road,CF72 2OC,Male,03/12/2010,JN,0,Debit Card
SR057,Mrs,Amber,Myers,21 Withers Close,DY13 6NN,Female,24/11/2010,SR,0,Cash
AD055,Mrs,Harriet,Pritchard,48 Felix Lane,EH38 0ZV,Female,01/04/2012,AD,-1,Cheque
AD056,Ms,Olivia,Walker,81 Foregate Street,TR20 4OG,Female,26/05/2011,AD,0,Credit Card
AD057,Ms,Lara,Sims,46 Malcolm Rd,UB5 6DB,Female,04/11/2010,AD,0,Credit Card
TE014,Mr,Joel,Francis,15 Whatlington Road,NG13 7ZG,Male,28/10/2010,TE,0,Debit Card
SW017,Mr,Zachary,Bradley,14 Gravid Drive,EX6 8OU,Male,27/10/2010,SW,-1,Cash
JN037,Mr,Reece,Chadwick,34 Mill Lane,SO20 3WW,Male,10/10/2010,JN,0,Cheque
SR058,Mrs,Daisy,Connolly,61 North Road,HG4 8AM,Female,07/10/2010,SR,0,Credit Card
SR059,Mr,Henry,Watson,71 Henley Road,BN18 9GG,Male,30/09/2010,SR,0,Credit Card
GY032,Mr,Connor,Davies,46 Merthyr Road,LL28 0NG,Male,23/09/2010,GY,0,Debit Card
JN038,Miss,Eve,Giles,87 South Western Terrace,YO4 6ZA,Female,20/09/2010,JN,-1,Cash
SR060,Mr,Sean,Hamilton,34 Consett Rd,IV51 4XN,Male,14/09/2010,SR,0,Cheque
SR061,Mr,Rhys,Palmer,73 Grey Street,HU20 2UI,Male,12/09/2010,SR,0,Credit Card
AD058,Dr,Lilly,Brookes,28 Vicar Lane,SA19 9KP,Female,08/09/2010,AD,0,Credit Card
GY033,Mr,Lucas,Woods,80 Hertingfordbury Rd,TR12 4HT,Male,31/08/2010,GY,0,Debit Card
AD059,Mrs,Bethany,Henry,61 Friar Street,KA26 7PW,Female,25/08/2010,AD,-1,Cash
GY034,Mr,Bradley,Bishop,14 Lamphey Road,BB7 3AG,Male,24/08/2010,GY,-1,Cheque
YA017,Mrs,Demi,Peacock,86 Tadcaster Rd,BN17 1KL,Female,08/08/2010,YA,0,Credit Card
AD060,Mrs,Madison,Baker,3 Great Western Road,ST10 7CZ,Female,16/07/2015,AD,-1,Credit Card
AD061,Mr,Owen,Ahmed,60 Guildry Street,LL13 0FW,Male,15/07/2010,AD,0,Debit Card
SR062,Mr,Joe,James,59 Traill Street,DG1 2UI,Male,07/07/2010,SR,-1,Cash
SR063,Mr,Edward,Jenkins,1 Boughton Rd,TR19 6AL,Male,04/07/2010,SR,0,Cheque
SR064,Ms,Caitlin,Stevens,42 Annfield Rd,SN7 0CN,Female,26/06/2010,SR,0,Credit Card
SR065,Dr,Ben,Sullivan,66 Park End St,AB51 7ZU,Male,23/06/2010,SR,0,Credit Card
SR066,Ms,Matilda,Adams,56 Cheriton Rd,SA20 9RZ,Female,15/06/2010,SR,0,Debit Card
AD062,Mr,Ewan,Lynch,78 Sloe Lane,CB10 6AF,Male,27/05/2010,AD,0,Cash
SR067,Mrs,Danielle,Barnes,75 Winchester Rd,YO6 8EL,Female,26/05/2010,SR,0,Cheque
SR068,Mr,Aaron,Henry,77 Southern Way,TW10 7SR,Male,26/05/2010,SR,-1,Credit Card
SR069,Mr,Adam,Peacock,97 Abbey Row,BS12 9CE,Male,15/05/2010,SR,-1,Credit Card
YA018,Ms,Nicole,Lowe,37 Botley Road,PL26 8DG,Female,15/05/2010,YA,0,Debit Card
SW018,Ms,Kristin,Sparks,9 The Sopric Way,HR1 1MV,Female,27/04/2015,SW,-1,Cash
SR070,Ms,Phoebe,Holt,36 Park Place,PA38 4OU,Female,24/04/2010,SR,0,Cheque
SR071,Mr,Muhammad,Bond,6 St Denys Road,DA12 8XK,Male,22/03/2010,SR,0,Credit Card
SR072,Mr,Lewis,Black,53 Sea Road,PO9 2NK,Male,11/03/2010,SR,-1,Credit Card
GY035,Mr,Rhys,Thomson,16 Leicester Road,KW14 2QW,Male,09/03/2010,GY,-1,Debit Card
JN039,Mr,Tyler,Sims,46 Nenthead Road,TA20 3LG,Male,22/02/2010,JN,-1,Cash
JN040,Ms,Zara,Nixon,41 Southend Avenue,PA61 9II,Female,18/02/2010,JN,-1,Cheque
YA019,Ms,Sienna,Owens,36 Stone Cellar Road,ST18 0LW,Female,14/02/2010,YA,0,Credit Card
JN041,Mr,Dominic,Woods,56 Park Place,NR29 4RA,Male,12/02/2010,JN,-1,Credit Card
GY036,Mr,Jay,Rahman,54 Park End St,SA40 0CM,Male,25/01/2015,GY,-1,Paym
JN042,Miss,Libby,Burns,84 Wenlock Terrace,BL7 9VS,Female,28/12/2009,JN,-1,Cheque
SW019,Miss,Betty,May,21 Juniper Street,DL11 6FZ,Female,24/12/2009,SW,0,Credit Card
GY037,Mr,Josh,Wheeler,23 Russell Rd,EH15 0DJ,Male,14/12/2009,GY,0,Credit Card
JN043,Mr,Finlay,Steele,3 Mill Lane,PE10 9TQ,Male,05/12/2009,JN,-1,Debit Card
JN044,Ms,Lilly,Arnold,44 Guildford Rd,NP4 3QY,Female,21/11/2009,JN,-1,Cash
YA020,Mr,Harley,Hart,98 Sandyhill Rd,EX6 7GL,Male,20/11/2009,YA,0,Cheque
JN045,Mr,Finley,John,87 Stone St,PA31 8JL,Male,08/11/2009,JN,-1,Credit Card
YA021,Mrs,Isabella,Poole,39 Rowland Rd,CV36 3OL,Female,01/11/2009,YA,-1,Credit Card
AD063,Mr,Leon,Dawson,61 George Street,JE1 8RK,Male,31/10/2009,AD,0,Debit Card
YA022,Mr,Declan,Murray,35 South Street,B2 4YZ,Male,24/10/2009,YA,-1,Cash
JN046,Mr,Owen,Taylor,62 Walden Road,LL36 1LW,Male,15/10/2009,JN,-1,Cheque
JN047,Ms,Amelie,Watts,74 Bullwood Rd,SA17 7TB,Female,04/10/2009,JN,0,Credit Card
AD064,Dr,George,Lucas,65 Southern Way,SN11 6EP,Male,04/10/2009,AD,-1,Credit Card
YA023,Ms,Phoebe,Jarvis,21 Duckpit Lane,DD10 6FS,Female,23/09/2009,YA,0,Debit Card
JN048,Miss,Yasmin,Vincent,96 North Promenade,TR26 9OP,Female,14/09/2009,JN,0,Cash
JN049,Mr,Max,Allan,79 Baldock Street,PE9 1QH,Male,05/09/2009,JN,-1,Cheque
GY038,Mr,Luke,Howard,7 Souterhead Road,EN4 1WA,Male,30/08/2009,GY,-1,Credit Card
JN050,Mr,Max,Bird,27 Foregate Street,DE4 2IU,Male,23/07/2009,JN,-1,Credit Card
TE015,Mr,Samuel,Atkins,32 Hampton Court Rd,NE70 1WT,Male,26/06/2009,TE,0,Debit Card
JN051,Miss,Tia,Henry,39 Greyfriars Road,IV7 3AL,Female,24/05/2009,JN,0,Cash
YA024,Mrs,Ruby,Carpenter,95 Warner Close,WA6 6OD,Female,20/05/2009,YA,0,Cheque
JN052,Miss,Harriet,Weston,42 South Street,PL22 6HN,Female,16/05/2009,JN,-1,Credit Card
SW020,Miss,Gina,Abbott,13 The Crescent,DA3 9KE,Female,13/05/2009,SW,-1,Credit Card
YA025,Mrs,Kate,Andrews,49 Seaford Road,DD8 8CJ,Female,05/05/2009,YA,0,Debit Card
AD065,Ms,Danielle,Quinn,85 South Street,KW14 7YQ,Female,24/04/2009,AD,-1,Cash
JN053,Mr,Sean,James,22 Horsefair Green,IV12 4HS,Male,14/04/2009,JN,-1,Cheque
YA026,Mrs,Niamh,Bray,60 Seafield Street,CW9 4SX,Female,03/04/2009,YA,0,Credit Card
AD066,Mrs,Eva,Allen,69 Brynglas Road,DN21 3TY,Female,16/03/2009,AD,0,Paym
AD067,Mrs,Katherine,Sims,97 Manor Way,BD20 6EV,Female,12/03/2009,AD,0,Debit Card
SW021,Ms,Geraldine,Lindsey,18 St Annes Folly,NN14 5UC,Female,07/03/2009,SW,0,Cash
JN054,Mr,Brandon,Bibi,75 Stamford Road,BB5 5EW,Male,06/03/2009,JN,0,Cheque
GY039,Ms,Samantha,Nixon,82 Tonbridge Rd,AB55 1IZ,Female,05/03/2009,GY,0,Credit Card
YA027,Mrs,Alice,Rowley,83 Boughton Rd,NP4 5UY,Female,04/03/2009,YA,0,Credit Card
JN055,Ms,Summer,Ahmed,77 Glenurquhart Road,PO30 1PX,Female,26/02/2009,JN,-1,Debit Card
GY040,Mr,Samuel,Middleton,95 Stroud Rd,PH23 9FU,Male,06/02/2009,GY,0,Cash
GY041,Ms,Anna,Scott,26 Hertingfordbury Rd,KA7 9BF,Female,13/01/2009,GY,-1,Cheque
GY042,Mr,Jamie,Brady,45 Castledore Road,TA5 0RQ,Male,08/12/2008,GY,-1,Credit Card
SW022,Ms,Jeanette,Zimmerman,19 Aspen Lane,TQ12 7UM,Female,08/11/2008,SW,0,Credit Card
GY043,Mr,Benjamin,White,14 St Maurices Road,DG7 4AI,Male,04/11/2008,GY,-1,Debit Card
YA028,Mrs,Tegan,Gibson,38 Southern Way,NR17 3XF,Female,01/11/2008,YA,0,Cash
AD068,Dr,John,Whitehead,99 Main St,AB1 1MN,Male,27/10/2008,AD,0,Cheque
AD069,Mr,Ellis,Haynes,65 Earls Avenue,TD1 6JE,Male,20/10/2008,AD,0,Credit Card
YA029,Mr,Aidan,Simpson,9 Graham Road,EX34 4GP,Male,12/10/2015,YA,-1,Credit Card
YA030,Mr,Louie,McCarthy,32 Gloddaeth Street,IP12 7VY,Male,10/10/2015,YA,-1,Debit Card
AD070,Mr,Nathan,Watkins,1 Canterbury Road,SL8 4PZ,Male,04/10/2008,AD,0,Cash
AD071,Ms,Tia,Cameron,79 Maidstone Road,SP11 0ST,Female,21/09/2008,AD,-1,Cheque
AD072,Mr,James,Holden,20 Traill Street,GL3 3TZ,Male,18/09/2008,AD,0,Credit Card
SR074,Mr,Ryan,Haynes,70 Ploughley Rd,ML11 8ZK,Male,09/09/2008,SR,0,Credit Card
SW023,Mr,Larry,Hernandez,19 Hourney Road,LA12 0DA,Male,26/08/2008,SW,-1,Debit Card
GY044,Mr,Jayden,Brooks,17 Nenthead Road,YO25 4XU,Male,17/08/2008,GY,0,Cash
JN056,Mr,Oscar,Peters,56 Peachfield Road,TS9 9IM,Male,14/08/2008,JN,0,Cheque
AD073,Mr,Louie,Joyce,68 Eastbourne Rd,CB9 0UF,Male,04/08/2015,AD,-1,Credit Card
YA031,Mr,Charlie,Clarke,41 Wern Ddu Lane,TS29 9WW,Male,03/08/2008,YA,0,Credit Card
GY045,Ms,Georgia,Howarth,46 St James Boulevard,SY5 4LW,Female,19/07/2008,GY,0,Debit Card
GY046,Ms,Naomi,Howard,64 Newport Road,PE37 7OH,Female,01/07/2008,GY,-1,Cash
SW024,Mrs,Mollie,Wade,53 Seafield Street,BA3 9SP,Female,29/06/2008,SW,0,Cheque
YA032,Mr,Lewis,Savage,8 Grenoble Road,SO24 7JD,Male,24/06/2008,YA,-1,Credit Card
AD074,Mrs,Kayleigh,Cunningham,27 Academy Street,RH11 8BA,Female,21/06/2008,AD,-1,Credit Card
GY047,Ms,Elise,Dyer,25 Guildry Street,AB32 3VR,Female,17/06/2008,GY,0,Debit Card
TE016,Mr,Andrew,Rowley,71 Bouverie Road,YO61 6AW,Male,12/06/2008,TE,-1,Paym
YA033,Mrs,Emma,Clarke,45 Clasper Way,CA13 5NS,Female,05/06/2008,YA,-1,Cheque
SW025,Mr,Mason,Blackburn,87 Argyll Street,DD3 7VZ,Male,02/06/2008,SW,-1,Credit Card
YA034,Mrs,Samantha,Wood,57 St James Boulevard,IP22 9FX,Female,07/05/2008,YA,0,Credit Card
YA035,Ms,Amelie,Payne,63 Shire Oak Road,LL36 3CO,Female,11/04/2008,YA,0,Debit Card
YA036,Ms,Paige,Freeman,88 Ponteland Rd,PE22 5VW,Female,02/04/2008,YA,0,Cash
TE017,Mr,Isaac,Moran,95 Asfordby Rd,ST5 2KB,Male,28/03/2008,TE,0,Cheque
JN057,Mr,Adam,White,34 Petworth Rd,BS37 2DP,Male,22/03/2008,JN,-1,Credit Card
JN058,Mr,Hayden,Steele,11 South Crescent,TA4 8UW,Male,14/03/2015,JN,-1,Credit Card
GY048,Mrs,Melissa,Garner,12 Southern Way,ZE2 1PF,Female,03/03/2008,GY,0,Debit Card
JN059,Mr,Archie,Gardner,98 West Lane,ME12 6VW,Male,27/02/2016,JN,-1,Cash
AD075,Mr,Alfie,Iqbal,91 St Maurices Road,BB2 4QW,Male,23/02/2008,AD,-1,Cheque
JN060,Miss,Tia,Mellor,13 Earls Avenue,ML12 7CY,Female,19/02/2016,JN,-1,Credit Card
AD076,Mrs,Holly,Horton,36 Long Street,SA38 1YW,Female,19/02/2008,AD,-1,Credit Card
AD077,Mr,Liam,Bird,82 Lammas Street,PL12 8NN,Male,07/02/2008,AD,0,Debit Card
TE018,Mrs,Jean,Santiago,18 Verdan Road,LL62 6KQ,Female,16/04/2007,TE,0,Cash
JN061,Mr,Peter,Ryan,33 Wood Lane,LN1 7MF,Male,05/03/2007,JN,0,Cheque
TE019,Ms,Phyllis,Reeves,22 Corndolly Street,NR16 6KQ,Female,01/03/2007,TE,-1,Credit Card
TE020,Mr,Daniel,Thomas,32 The Clodagh,OX8 4WK,Male,22/02/2007,TE,0,Credit Card
JN062,Mr,Louie,Doherty,42 Foregate Street,KA27 3UI,Male,06/01/2007,JN,0,Debit Card
JN063,Mr,Ryan,Watts,69 Great Western Road,WF5 8UM,Male,29/10/2006,JN,0,Cash
JN064,Mr,Robert,Cunningham,86 Crescent Avenue,TD12 7XN,Male,17/10/2006,JN,0,Cheque
TE021,Mrs,Helen,Terry,3 Gorgon Street,CA7 4TW,Female,06/10/2006,TE,-1,Credit Card
TE022,Mr,Phillip,Patterson,12 Hupstuper Close,NN11 0AU,Male,16/09/2006,TE,0,Credit Card
TE023,Mr,James,Smith,44 Cipridoda Drive,AB30 9ZO,Male,03/09/2006,TE,0,Debit Card
TE024,Miss,Deborah,Barnett,21 Newbald Close,TN15 4AK,Female,29/06/2006,TE,0,Cash
TE025,Mr,Daniel ,Washington,16 Wearby Close,BD15 6QL,Male,06/06/2006,TE,-1,Cheque
JN065,Ms,Harriet,Brooks,36 Scarcroft Road,PR5 0TU,Female,16/12/2005,JN,0,Credit Card
JN066,Mr,Scott,Glover,90 Cloch Rd,BB5 1MX,Male,07/11/2005,JN,0,Credit Card
JN067,Mr,Hayden,Miah,83 Horsefair Green,LE7 6JI,Male,09/09/2005,JN,0,Debit Card
TE026,Mrs,Craig,Martha,101 Parsnip Avenue,KY15 4YA,Male,31/08/2005,TE,-1,Cash
JN068,Miss,Abbie,Haynes,36 Boughton Rd,DE13 8RN,Female,27/04/2005,JN,0,Cheque
TE027,Mr,Watkins,Greg,17 Ficus Mews,PL21 7XC,Male,18/02/2005,TE,0,Credit Card
