Tawara Web - weekly pay calculation - week 16,,,,,,
,,,,,,
Job codes,,,Pay rates,,,
Job code,Job description,,Pay code,Pay rate,,
J,Javascript programmer,,A,15,,
V,Web developer,,B,16,,
W,Web designer,,C,18.4,,
S,SQL programmer,,D,21.5,,
G,Graphic designer,,,,,
P,PHP programmer,,,,,
M,Magento developer,,,,,
F,Front End developer CSS/HTML,,,,,
X,Junior Web developer,,,,,
Y,Junior Front End developer,,,,,
,,,,,,
Employees,,,,,,
Job code,Name,Pay code,Job description,Contract hours,Hours worked,Pay
X,Henry Gale,A,,10,10,
X,Kurtis Brown,A,,25,25,
P,Clemantine Leadbetter,C,,25,25,
G,Christine Hull,B,,25,15,
Y,Karla Greenhalgh,A,,12,12,
W,Fred Pooley,B,,25,25,
V,Ben Chalmers,B,,12,12,
V,Christopher Lewis,B,,25,25,
W,Rio Patel,B,,12,12,
M,Ruksana Gopaul,D,,40,40,
X,Angela Akula,A,,38,38,
P,Udoka Onyancha,C,,30,35,
Y,Billy Green,A,,20,20,
V,Wesley Smith,B,,25,25,
V,Wally Weston,B,,25,28,
V,Trevor Jones,B,,25,25,
S,Jasmine Gunn,C,,30,30,
Y,Brian Wells,A,,25,25,
V,Ieuan Williams,B,,25,10,
V,John Vercoe,B,,25,25,
W,Lauren Hall,B,,25,35,
J,Chloe Rhodes,C,,30,30,
Y,Owen Williams,A,,25,25,
X,Lotte Charles,A,,12,12,
V,Jeannie Burke,B,,25,25,
W,Jimmy Lee,B,,12,0,
V,Dawid Jones,B,,25,30,
V,Li Sun Wu,B,,12,12,
V,Charlotte Watson,B,,25,25,
V,Joe Norfolk,B,,25,25,
V,Joanne Floyd,B,,25,30,
V,Anthony Campbell,B,,25,0,
V,Linda Stuart,B,,25,25,
V,Kate Smith,B,,25,5,
V,Sam Smith,B,,20,20,
V,Duncan Rydell,B,,25,30,
V,Tony Thomson,B,,12,12,
X,Dougie Ryder,A,,25,25,
Y,David Reid,A,,25,35,
J,Laura Macdonald,C,,30,30,
J,Jenna Hoy,C,,25,25,
,,,,,,
,,,,Average hours:,,
,,,,Weekly total:,,
