Code,Client,Location,Country,Process,Capacity,Cost,Year,Completed
SKA001,BEB,,Germany,MVC,2400,3120000,1990,-1
SKA002,RO,,Belguim,MVC,120,156000,1991,-1
SKA003,LC ,,Germany,MVC,3,3900,1991,-1
SKA004,LC,,Germany,MVC,3,3900,1991,-1
SKA005,RDK,,Germany,RO,350,455000,1991,-1
SKA006,EC,,Germany,WTP,350,455000,1991,-1
SKA007,HCP,Acapulco,Mexico,RO,800,1040000,1992,-1
SKA008,HPG,Cabo San Lucas,Mexico,RO,400,520000,1992,-1
SKA009,HCM,Acapulco,Mexico,RO,900,1170000,1992,-1
SKA010,HLG,Puerto Vallarta,Mexico,RO,500,650000,1992,-1
SKA011,HPG,Cozumel,Mexico,RO,300,390000,1992,-1
SKA012,HLP,Puerto Vallarta,Mexico,RO,300,390000,1992,-1
SKA013,HVP,Cancun,Mexico,RO,500,650000,1992,-1
SKA014,HVP,Cancun,Mexico,RO,300,390000,1992,-1
SKA015,HVP,Puerto Vallarta,Mexico,RO,500,650000,1992,-1
SKA016,Community,,Germany,MVC,30,39000,1992,-1
SKA017,Community,,Germany,MVC,90,117000,1992,-1
SKA018,NCDP,Hurghada,Egypt,MVC,500,650000,1993,-1
SKA019,DJM,Cartagena,Spain,RO,5,6500,1993,-1
SKA020,DAB,Elche,Spain,RO,30,39000,1993,-1
SKA021,DJJM,Almeria,Spain,RO,25,32500,1993,-1
SKA022,Cubiglas,Spain,Spain,RO,5,6500,1993,-1
SKA023,DAB,Elche,Spain,RO,10,13000,1994,-1
SKA024,JHD,Elche,Spain,RO,60,78000,1994,-1
SKA025,AED,Mazarron,Spain,RO,2,2600,1994,-1
SKA026,SWF,Akkar,Lebanon,WTP,150,195000,1995,-1
SKA027,HF,Tripoli,Lebanon,WTP,90,117000,1995,-1
SKA028,XLR,Beirut,Lebanon,Softener,25,32500,1995,-1
SKA029,CL,Beirut,Lebanon,Softener,15,19500,1995,-1
SKA030,TOC,Beirut,Lebanon,WTP,60,78000,1996,-1
SKA031,SBG / PCA,Rafha,Lebanon,WTP,120,156000,1996,-1
SKA032,ABP,Akar,Lebanon,WTP,500,650000,1996,-1
SKA033,NMW,Beirut,Lebanon,WTP,50,65000,1996,-1
SKA034,PH,Tripoli,Lebanon,Softeners,150,195000,1996,-1
SKA035,AT,Beirut,Lebanon,Softener,30,39000,1996,-1
SKA036,SARCO / CDR,Beirut,Lebanon,R.O. & Softeners,500,650000,1996,-1
SKA037,BGUH,Beirut,Lebanon,Softener WTP,2560,3328000,1996,-1
SKA038,BGUH,Beirut,Lebanon,R.O & WTP,500,650000,1997,-1
SKA039,QH,Beirut,Lebanon,R.O. & Filters,500,650000,1997,-1
SKA040,RH,Harriri,Lebanon,Filters & Softeners,75,97500,1997,-1
SKA041,TOC,Beirut,Lebanon,R.O.,30,39000,1997,-1
SKA042,STAR Co.,Beirut,Lebanon,R.O.,150,195000,1997,-1
SKA043,ZU,Beirut,Lebanon,Cooling Towers + WTP,1000,1300000,1997,-1
SKA044,SBG  ,Riyadh,KSA,WTP,200,260000,1997,-1
SKA045,AHH,Tripoli,Lebanon,Softening Plant,95,123500,1997,-1
SKA046,SAMA,Jeddah,KSA,SWRO,500,650000,1998,-1
SKA047,Kludi,Beirut,Lebanon,WTP,200,260000,1998,-1
SKA048,AB ,Beirut,Lebanon,R.O,75,97500,1998,-1
SKA049,TR,,Ethiopia,Bottling Plant,150,195000,1998,-1
SKA050,MAA,Jeddah,KSA,SWRO Plant,20000,26000000,1998,-1
SKA051,AGC,Jeddah,KSA,Chlorination System,30000,39000000,1999,-1
SKA052,LA,Beirut,Lebanon,R.O,30,39000,1999,-1
SKA053,SBG,Yanbu,KSA,SWRO Plant,50000,65000000,1999,-1
SKA054,Nitco,Jeddah,KSA,SWRO,2000,2600000,2000,-1
SKA055,Nitco,Jizan,KSA,SWRO,2500,3250000,2000,-1
SKA056,HC,Tripoli,Lebanon,WTP,90,117000,2000,-1
SKA057,LCC,Beirut,Lebanon,WTP,54,70200,2001,-1
SKA058,KAAV,Beirut,Lebanon,Softening Plant,65,84500,2001,-1
SKA059,MWE,Al Muzneb,KSA,BRO Plant,12000,15600000,2001,-1
SKA060,SAR ,Tayba,Lebanon,WTP,27500,35750000,2001,-1
SKA061,SEG,Beirut,Lebanon,Reverse Osmosis Plant,24,31200,2002,-1
SKA062,BEC,Beirut,Lebanon,WTP,60,78000,2002,-1
SKA063,SBG ,Hail,KSA,BRO Plant,300,390000,2002,-1
SKA064,AQO,Doha,Qatar,MED,200,260000,2002,-1
SKA065,TN,Um Al Quwaim,Qatar,Filtration,10000,13000000,2002,-1
SKA066,MWE,Ramah,KSA,BRO Plant,2400,3120000,2002,-1
SKA067,DO,Melbourne,Australia,SWRO Plant,5000,6500000,2003,-1
SKA068,FEWA,Ghalilah,UAE,SWRO Plant,13650,17745000,2003,-1
SKA069,SETE,Rabigh,KSA,Reminorilization,6000,7800000,2003,-1
SKA070,FEWA,Rabigh,KSA,SWRO Plant,13650,17745000,2004,-1
SKA071,FEWA,Qidfa,UAE,SWRO Plant,13650,17745000,2004,-1
SKA072,SETE,,Algeria,SWRO Plant,10000,13000000,2004,-1
SKA073,LU,Beirut,Lebanon,Softening Plant,20,26000,2003,-1
SKA074,FPH,Beirut,Lebanon,Reverse Osmosis plant,135,175500,2004,-1
SKA075,BEM,Damascus,Syria,Reverse Osmosis Plant Swimming pool,350,455000,2004,-1
SKA076,RDK,Al Khobar,KSA,WTP / RO,2000,2600000,2004,-1
SKA077,Sicep,North Buraidah,KSA,WTP / RO,50000,65000000,2004,-1
SKA078,Sicep,Liala Al Aflaj,KSA,WTP / RO,25000,32500000,2005,-1
SKA079,AO,Al Nabhania,KSA,WTP / RO,40000,52000000,2005,-1
SKA080,AO,Al Shamasia,KSA,WTP / RO,15000,19500000,2005,-1
SKA081,AO,Oyoun Al Jawa,KSA,WTP,25000,32500000,2005,-1
SKA082,RAS,Dawadmi,KSA,WTP,40000,52000000,2005,-1
SKA083,HH,Jeddah,KSA,RO Plant,85000,110500000,2005,-1
SKA084,CHm,Morron,Spain,BRO/GAC,2880,3744000,2006,-1
SKA085,HM,Jeddah,KSA,SWRO,20000,26000000,2006,-1
SKA086,ARAM,KAUST,KSA,SWRO,40000,52000000,2007,-1
SKA087,SWCC,Doha,Qatar,Flue Gas De-Sulpherization,,0,2007,-1
SKA088,MC,Yanbu,KSA,Desalination Plant,75000,97500000,2008,-1
SKA089,HM,Jeddah ,KSA,SWRO,20000,26000000,2008,-1
SKA090,BEB,,Germany,MVC,500,650000,2009,-1
SKA091,RO,,Belguim,MVC,2400,3120000,2009,-1
SKA092,LC ,,Germany,MVC,120,156000,2009,-1
SKA093,LC,,Germany,MVC,4,5200,2009,-1
SKA094,RDK,,Germany,RO,4,5200,2009,-1
SKA095,EC,,Germany,WTP,350,455000,2010,-1
SKA096,HCP,Acapulco,Mexico,RO,350,455000,2010,-1
SKA097,HPG,Cabo San Lucas,Mexico,RO,800,1040000,2010,-1
SKA098,HCM,Acapulco,Mexico,RO,400,520000,2010,-1
SKA099,HLG,Puerto Vallarta,Mexico,RO,900,1170000,2010,-1
SKA100,HPG,Cozumel,Mexico,RO,500,650000,2010,-1
SKA101,HLP,Puerto Vallarta,Mexico,RO,300,390000,2011,-1
SKA102,HVP,Cancun,Mexico,RO,300,390000,2011,-1
SKA103,HVP,Cancun,Mexico,RO,500,650000,2011,-1
SKA104,HVP,Puerto Vallarta,Mexico,RO,300,390000,2011,-1
SKA105,MC,Yanbu,KSA,Desalination Plant,75000,97500000,2010,0
SKA106,HM,Jeddah ,KSA,SWRO,20000,26000000,2011,0
SKA107,Community,,Germany,MVC,500,650000,2011,-1
SKA108,Community,,Germany,MVC,30,39000,2012,-1
SKA109,NCDP,Hurghada,Egypt,MVC,90,117000,2012,-1
SKA110,DJM,Cartagena,Spain,RO,500,650000,2012,0
SKA111,DAB,Elche,Spain,RO,5,6500,2012,-1
SKA112,DJJM,Almeria,Spain,WTP,350,455000,2012,0
SKA113,Cubiglas,Spain,Spain,RO,25,32500,2013,-1
SKA114,DAB,Elche,Spain,RO,5,6500,2013,-1
SKA115,JHD,Elche,Spain,WTP,350,455000,2013,0
SKA116,AED,Mazarron,Spain,RO,60,78000,2013,-1
SKA117,Meyer Shipyard,Radiance of the Seas,Germany,MED Steam,2 unit each 460m3/day,80000,2011,-1
SKA118,Saint Nazaire Shipyard,Queen Mary II,France,MED Steam,3 unit each 650m3/day,120000,2014,0
SKA119,Meyer Shipyard,Brilliance of the Seas,Germany,MED Steam,2 unit each 700m3/day,95000,2012,-1
SKA120,Meyer Shipyard,Norwegian Star,Germany,MED Steam ,3 unit each 750m3/day,135000,2013,-1
SKA121,Meyer Shipyard,Norwegian Dawn,Germany,MED Steam,3 unit each 750m3/day,135000,2014,0
