Venue_Name,Location,Telephone,Best_Fish,Day_Permit,Season_Permit,Acres,Depth,Date_Opened,Night_Fishing
GREAT OUSE,BEDS,0234 267145,BREAM,5,47,4,9,06/02/1997,-1
DINTON PASTURES COUNTRY PARK,BERKS,018 9342016,PIKE,6,51,24,4,03/03/1996,0
WYLIE'S LAKE,BERKS,018 9417368,PERCH,5,55,9,18,03/05/1997,0
KENNET AND AVON CANAL,BERKS,0737 643821,BREAM,6,57,1,7,22/02/1999,-1
TAME VALLEY CANAL,BIRMINGHAM,021 6811276,ROACH,3,45,2,4,15/06/1995,-1
GREAT OUSE,BUCKS,0327 351156,BREAM,6,48,5,2,17/02/1997,-1
MISBORNE,BUCKS,0582 28114,ROACH,5,43,6,4,24/12/1996,-1
FARLOWS COMPLEX,BUCKS,0895 444707,CARP,8,100,27,8,17/07/1996,-1
GRAND UNION CANAL,BUCKS,0908 319249,ROACH,4.5,29,3,5,28/12/1996,-1
GREAT OUSE,CAMBRIDGESHIRE,0353 860787,PIKE,4,35,7,14,03/03/1997,0
TWENTY FOOT DRAIN,CAMBRIDGESHIRE,0733 205775,CARP,5,35,1,8,09/06/2000,0
VIRGINIA LAKE,CAMBRIDGESHIRE,0945 430332,ROACH,9,150,2,14,18/06/2000,-1
RIVER DANE,CHESHIRE,0606 832287,PIKE,5,50,1,3,12/05/2000,0
GRIMSDITCH MILL POOL,CHESHIRE,0925 411774,ROACH,5,56,1,4,23/03/1997,-1
NORTH SHAKERLEY MERE,CHESHIRE,0925 411774,TENCH,4.5,64,17,4,12/09/1999,-1
OLD QUAY CANAL,CHESHIRE,0925 411774,TENCH,4.5,64,5,4,29/09/1999,0
SANKEY ST. HELENS CANAL,CHESHIRE,0925 411774,CARP,4.5,64,3,4,03/01/1997,0
ISLAND WATERS,CLEVELAND,0642 589092,CARP,7,30,0,1,30/01/1999,0
CHARLTON'S PONDS,CLEVELAND,0642 863598,BREAM,3.5,41,1,4,16/10/1995,-1
BOLINGEY LAKES,CORNWALL,0872 573247,CARP,7,85,4,8,04/07/1995,-1
GOONHAVEN LAKE,CORNWALL,0872 540590,CARP,5,55,2,8,30/10/1996,-1
BILL'S POOL,CORNWALL,0736 365638,TENCH,6,60,2,6,17/06/1995,-1
WHEAL GREY,CORNWALL,0736 365638,CARP,6,45,0,15,10/03/1997,-1
RIVER CAMEL,CORNWALL,0268 345621,CARP,5.5,42.5,5,3,10/12/1998,-1
CARLETON HILL,CUMBRIA,0228 560793,TENCH,7,85,2,2,23/09/1995,-1
BARN LAKE,CUMBRIA,0228 791108,CARP,10.8,105,10,14,22/05/1995,0
ULVERSTON CANAL,CUMBRIA,0229 580261,CARP,5.5,50,1,6,14/06/2000,0
HOLEHIRD TARN,CUMBRIA,05394 450083,PERCH,5,55,3,7,02/01/1999,-1
RATHERHEATH TARN,CUMBRIA,05394 45083,PIKE,5,55,5,4,13/01/2000,-1
PEBLEY RESERVOIR,DERBY,0134 2474378,PERCH,4.5,65,26,15,12/11/1999,0
KJS FISHERY,DERBY,014 2470876,ROACH,6.5,80,1,2,05/03/1999,-1
HARLESTHORPE DAM,DERBY,0246 810231,CARP,9,125,2,6,03/05/1997,-1
PRESS MANOR,DERBY,0629 760996,CARP,6,70,3,13,16/12/1999,0
HIGHAM FARM,DERBY,0773 602741,PERCH,7,40,7,34,30/09/1997,0
CODNOR PARK RESERVOIR,DERBY,0773 604584,BREAM,4.5,50,25,4,15/11/1995,0
BUTTERLEY RESERVOIR,DERBY,0773 749545,BREAM,4.5,50,75,17,16/09/1995,0
ABBROOK POND,DEVON,0392 256770,CARP,5,45,4,12,08/05/1995,-1
EDDISON POND,DEVON,0626 364173,CARP,6,50,1,12,10/05/1996,-1
PICFRESH,DEVON,0392 875587,PERCH,4.5,75,2,16,26/11/1999,0
LUCCOMBE PONDS,DEVON,0647 61088,CARP,6,100,5,4,23/06/1999,-1
RACKERHAYES,DEVON,0626 364173,CARP,6,55,4,18,04/01/2000,-1
RIVER EXE AND RIVER CREEDY,DEVON,064 7245,PERCH,5,45,2,8,31/05/2000,-1
EXETER CANAL,DEVON,0647 24566,PERCH,5,45,1,12,01/07/1996,-1
ROCOMBE PONDS,DEVON,0803 328652,CARP,6,60,2,7,02/12/1996,-1
SPRINGS PONDS,DEVON,0803 328652,CARP,5,45,1,6,25/08/2000,-1
SQUABMOOR RESERVOIR,DEVON,0837 871565,CARP,5.5,90,4,20,01/09/2000,-1
SAWMILLS LAKE,DEVON,0803 328652,ROACH,6,60,3,16,02/07/2000,-1
TIVERTON CANAL,DEVON,0884 242275,PIKE,5,39,4,16,28/06/1995,-1
WAPPERWELL POND,DEVON,0803 328652,ROACH,6,60,1,2,10/07/2000,0
TIVERTON PASS,DEVON,0884 256721,CARP,5,28,4,3,17/06/1995,-1
UPHAM FARM,DEVON,0395 232247,CARP,6,65,0,10,15/06/2000,-1
GRAND WESTERN CANAL,DEVON,0884 242275,ROACH,6,43,3,6,30/01/1997,-1
LAKESIDE,DEVON,0884 242275,ROACH,7,43,1,23,17/03/1999,-1
CRANBORNE FRUIT FARM,DORSET,0425 614582,PIKE,8,65,6,4,22/12/1995,-1
DORSET STOUR,DORSET,0202 485169,CARP,7,120,2,6,28/03/1996,-1
MUDEFORD WOOD LAKE,DORSET,0202 485169,CARP,7,47,4,3,02/08/1999,-1
RADIPOLE LAKE,DORSET,0305 782624,CARP,5.5,49.8,20,6,06/01/2000,-1
TODBER MANOR,DORSET,0258 820384,PIKE,5,75,5,3,02/07/1995,-1
WOOD FARM CARAVAN PARK,DORSET,0297 560697,PIKE,5.3,54,3,35,12/04/1997,0
RIVER FROME,DORSET,0929 550540,PERCH,7,57,6,5,01/06/2000,-1
KNAPP HILL FARM LAKES,DORSET,0963 363688,ROACH,5,43,1,4,16/03/1999,0
TORWOOD HOUSE HOTEL LAKES,DUMFRIES,0581 300469,PIKE,5.5,55,5,10,04/07/1995,-1
CRAIGHLAW LOCH,DUMFRIES,0671 402323,PERCH,6,80,3,7,15/12/1995,0
GLENDARROCH LOCH,DUMFRIES,0671 402323,PIKE,6,80,2,6,27/09/1996,0
LOCH KENNY,DURHAM,0429 274844,BREAM,17,47,2,3,19/06/1999,-1
NORTH FIELDSON POND,DURHAM,091 38835577,TENCH,5,50,2,4,03/09/1999,0
RIVER WEAR,DURHAM,091 5840977,PERCH,7,37,1,6,21/10/2000,-1
ORNAMENTAL POND,EAST LONDON,0208 5012256,PIKE,4.2,55,6,5.5,17/10/1999,-1
MAYESBROOK PARK LAKES,EAST LONDON,0208 9241498,PIKE,6,49,4,9,20/07/1999,0
PERCH POND,EAST LONDON,028 5012256,PIKE,4.3,55,7,5,24/11/1999,0
BEDFORDS PARK LAKE,EAST LONDON,0708 723246,PERCH,6,45,2,12,04/04/2000,0
RIVER LEA,EAST LONDON,081 5240869,PERCH,4.5,45,4,6,06/06/2000,0
HARWOOD HALL,EAST LONDON,081 5957579,ROACH,5.5,70,3,5,08/05/1997,-1
RODING VALLEY LAKE,ESSEX,008 5044848,BREAM,5,45,7,8,10/12/1996,-1
HOCKLEY FISHERY,ESSEX,0268 781556,PERCH,7.85,70,1,6,01/01/1999,-1
HOOK'S MARSH,ESSEX,0276 453000,CARP,5,47,40,1,08/01/1999,-1
CHURCH LAKE,ESSEX,0708 451176,PERCH,7,105,4,15,23/10/1995,0
RANGE WATER,ESSEX,0708 451176,CARP,12,125,2,3,08/01/2000,0
HARROW LODGE LAKE,ESSEX,0708 521721,CARP,6,50,7,5,08/05/1997,-1
RIVER WEY,ESSEX,0737 643821,PERCH,6,57,1,5,04/12/2000,-1
BRISTOL AVON,GLOS,0225 863184,BREAM,5,45,5,8,26/07/1995,0
HAM POOL,GLOS,0285 6522272,ROACH,12,55,11,14,03/04/1997,0
WICK WATER,GLOS,0285 6522272,PIKE,6,55,3,12,03/04/1997,-1
BRADLEY'S PIT,GLOS,0285 861878,PIKE,12,50,82,11,07/07/1995,-1
GLOUCESTER AND SHARPNESSS CANAL,GLOS,0452 5268504,CARP,4.5,39,4,15,15/10/1996,-1
GLOUCESTER CANAL,GLOS,0452 5268504,BREAM,4.5,40,4,15,16/10/1996,-1
RIVER SEVERN,GLOS,0452 721735,CARP,5,37.5,6,3,10/07/2000,-1
LIGHTMOOR POOL,GLOS,0594 8244135,ROACH,5,41,1,5,11/04/1999,-1
PLUMP HILL POND,GLOS,0594 8244135,PERCH,5,41,7,24,26/11/1999,0
PLUMP HILL POOL,GLOS,0594 8244135,CARP,5,40,4,6,01/12/1999,-1
STEAM MILLS LAKE,GLOS,0594 8244135,PERCH,5.5,41,5,5,22/05/1995,0
CANNOP PONDS,GLOS,0594 824771,CARP,5.75,40,4,25,19/09/1995,-1
BRADSHAW HALL,GREATER MANCHESTER,0204 307197,BREAM,6,105,1,8,09/07/1995,0
FAN LODGES,GREATER MANCHESTER,0257 265905,CARP,3.5,39.75,2,8,11/07/1996,-1
WORTHINGTON LAKES,GREATER MANCHESTER,0257 265905,PIKE,4,41,15,20,28/04/1997,0
STARMOUNT LODGES,GREATER MANCHESTER,061 7246981,PERCH,4,48,3,4,12/05/1995,0
BOGGART HOLE CLOUGH,GREATER MANCHESTER,061 7407985,BREAM,4,46.5,2,4,02/07/1995,-1
CLIFTON MARINA,GREATER MANCHESTER,061 7922684,TENCH,4.3,45,16,8,31/10/1995,-1
HEATON PARK,GREATER MANCHESTER,061 7952087,PERCH,4.25,40,5,4,09/08/1997,0
BLACKLEACH RESERVOIR,GREATER MANCHESTER,061 7994242,TENCH,4,35,2,7,28/06/1995,-1
DIXON GREEN RESERVOIR,GREATER MANCHESTER,061 7994242,PIKE,4,35,3,6,18/03/1996,0
GORSE PIT,GREATER MANCHESTER,061 7994242,CARP,4,37,5,3,02/12/1996,0
CHORLTON WATER PARK,GREATER MANCHESTER,061 8815639,PERCH,4.3,42,17,9,23/10/1995,0
KING GEORGE V POOL,GREATER MANCHESTER,061 9122976,CARP,4.5,75,2,4,27/02/1999,0
SALE WATER PARK,GREATER MANCHESTER,061 9123410,BREAM,5.7,45.45,45,8,28/12/1996,-1
BRIDGEWATER CANAL,GREATER MANCHESTER,070 652433,CARP,4,45,5,5,18/07/1995,-1
BICKERSHAW WATERS,GREATER MANCHESTER,0942 670890,TENCH,4.5,34,2,3,17/06/1995,-1
FIRS PARK LAKE,GREATER MANCHESTER,0942 670890,PIKE,5.5,34,2,4,25/07/1996,0
LEEDS-LIVERPOOL CANAL,GREATER MANCHESTER,0942 670890,ROACH,3.5,34,3,4,29/03/1999,0
POLLY'S FLASH,GREATER MANCHESTER,0942 742603,CARP,3.5,33,4,4,04/12/1999,-1
HATCHET POND,HAMPSHIRE,0202 485169,PIKE,7,85,11,4,04/06/1997,0
HAMPSHIRE AVON,HAMPSHIRE,0202 7331101,ROACH,8,110,2,6,12/04/1997,0
CADMAN'S POOL,HAMPSHIRE,0425 4751553,CARP,7.25,85,2,4,18/09/1995,0
HEATH LAKE,HAMPSHIRE,0428 6077684,PERCH,7,69,22,4,22/07/1997,0
DARK LANE PONDS,HAMPSHIRE,0703 8916167,BREAM,6.5,80,5,6,20/01/1996,0
MOPLEY FARM,HAMPSHIRE,0703 8916167,PIKE,7.5,100,3,12,11/08/1999,0
RIVER SEVERN,HEREFORD,021 45491111,BREAM,5.75,45,5,6,27/01/2000,0
UCKINGHALL POOL,HEREFORD,021 45491111,CARP,5,45,4,32,09/06/2000,0
RIVER WYE,HEREFORD,0432 274152,ROACH,5.5,62,2,4,15/10/1996,-1
RIVER LUGG,HEREFORD,0568 6115933,PERCH,5,43,1,4,14/06/2000,0
RIVER LEA,HEREFORD,0992 468394,PERCH,9,65,3,4,08/06/2000,-1
CARTHAGENA FISHERY,HERTS,0992 463656,BREAM,4.5,75,2,3,27/09/1995,-1
OLD RIVER ANCHOLME,HUMBERSIDE,01652 655849,TENCH,4,35,5,6,11/10/1999,0
OAKLAND WATERS,HUMBERSIDE,0405 860756,TENCH,5,300,4,6,14/09/1999,-1
HOLMSTEAD PARK,HUMBERSIDE,0469 574606,CARP,5.15,67,5,6,03/01/1999,0
RUSH LYVARS LAKE,HUMBERSIDE,0482 898970,CARP,5,70,12,25,14/12/1996,0
CHILHAM MATCH LAKE,KENT,0227 730668,CARP,7,115,1,6,19/10/1995,0
DARENTH LAKES,KENT,0322 290150,CARP,12,350,7,5,24/12/1995,0
HAWKHURST FISH FARM,KENT,0580 753813,PIKE,17,65,4,45,29/06/1997,-1
ELECTRICITY POOL,KENT,0726 851559,CARP,4.5,90,1,6,11/06/2000,-1
BARDEN LAKE,KENT,0732 832352,PIKE,5,55,22,5,18/05/1995,-1
HAYSDEN LAKE,KENT,0732 832352,PIKE,3.8,60,25,4,09/07/1997,-1
RIVERS MEADWAY BUELT AND TEISE,KENT,0737 643821,CARP,6,45,2,2,30/10/1996,0
STANLEY PARK LAKE,LANCASHIRE,0253 860616,PERCH,6,35,22,4,11/05/1995,0
ABBEY LAKE,LANCASHIRE,0925 264893,BREAM,4.5,49,3,2,03/05/1995,0
LANCASTER CANAL,LANCASTER,0524 383145,ROACH,4,40,1,5,23/03/1999,-1
RIVER SOAR,LEICS,016 2764680,TENCH,4,37,5,7,10/09/2000,-1
GRAND UNION CANAL,LEICS,0858 433067,ROACH,4,37,1,4,03/01/1997,0
WOODLAND WATERS,LINCOLN,0400 230888,PIKE,10,100,72,5,19/04/1997,0
OHAM LAKES,LINCOLN,0507 450623,TENCH,7,85,4,10,26/09/1999,-1
GRANGE FARM LEISURE,LINCOLN,0507 472814,CARP,5,90,4,13,31/01/1997,0
ASHBY LAKES,LINCOLN,0507 527966,ROACH,6,115,0,10,12/05/1995,0
WHISBY GARDEN CENTRE,LINCOLN,0522 682208,CARP,5,70,5,6,28/03/1997,0
MORETON MERE,MERSEYSIDE,051 6457211,PIKE,4.5,40,2,10,11/08/1999,-1
BEDFONT LAKE,MIDDLESEX,0753 630302,PIKE,10,65,2,12,09/06/1995,-1
LITTLE BRITAIN LAKE,MIDDLESEX,081 5733196,CARP,5,65,9,6,26/05/1999,-1
PONTSTICILL RESERVOIR,MID-GLAMORGAN,0685 379809,CARP,4.5,50,300,6,08/12/1999,-1
TEARDROP LAKES,MILTON KEYNES,0908 660579,PIKE,6,48,2,5,16/06/1995,-1
FRITTON LAKE,NORFOLK,0493 488288,PIKE,7,100,175,5,22/08/1996,-1
MARTHAM PITS,NORFOLK,0493 748358,PERCH,5,55,5,4,18/07/1999,0
ENGINE DRAIN,NORFOLK,0553 671545,PERCH,5.5,45,1,3,16/06/1996,-1
GREAT OUSE,NORFOLK,0553 671545,PIKE,5,45,1,14,03/03/1997,0
GREAT OUSE RELIEF CHANNEL,NORFOLK,0553 671545,ROACH,5.5,45,2,13,10/03/1997,-1
BAWBURGH LAKES,NORFOLK,0603 630187,PIKE,7,115,2,4,31/05/1995,-1
HAVERINGLAND LAKE,NORFOLK,0603 871302,PIKE,7,65,14,3,17/06/1997,0
CATCH 22,NORFOLK,0603 872948,PIKE,17,325,24,4,27/09/1995,0
LITTLE DUNHAM CARP LAKES,NORFOLK,0760 725286,BREAM,7.99,75,6,6,07/06/1999,-1
BROOME PITS,NORFOLK,0986 892982,BREAM,4.5,49,3,4,09/09/1995,-1
COPPERMILL STREAM,NORTH EAST LONDON,081 8081527,PIKE,8,115,5,4,24/11/1995,0
JUNIOR POOL,NORTH EAST LONDON,081 8081527,CARP,8,115,8,1,20/02/1999,-1
LEA NAVIGATION,NORTH LONDON,0279 654434,ROACH,4.5,50,2,3,29/03/1999,0
RIVER LEA NAVIGATION,NORTH LONDON,0279 654434,PERCH,4.5,50,2,7,09/06/2000,0
JACK'S LAKE,NORTH LONDON,081 3648009,CARP,6,60,4,4,02/02/1999,-1
REGENT'S CANAL,NORTH LONDON,081 7433381,PIKE,4.5,40,3,3,31/01/2000,0
CATTERICK LAKES,NORTH YORKSHIRE,0132 482373,PERCH,5,57,1,50,03/10/1995,0
YORKSHIRE OUSE,NORTH YORKSHIRE,0347 848392,PERCH,4.5,37,4,7,08/05/1997,-1
RIVER NIDD,NORTH YORKSHIRE,0423 865169,CARP,7,75,5,20,02/07/2000,0
RIVER AIRE,NORTH YORKSHIRE,0535 646025,PIKE,4,45,7,8,11/03/2000,-1
CLEABARROW TARN,NORTH YORKSHIRE,05394 45083,BREAM,5.25,55,1,5,30/10/1995,-1
SCARBOROUGH MERE,NORTH YORKSHIRE,0723 353913,ROACH,4,43,18,4,04/07/2000,0
LANGTON PONDS,NORTH YORKSHIRE,0748 824894,ROACH,7,50,2,3,24/03/1999,-1
WHINNYGILL RESERVOIR,NORTH YORKSHIRE,0756 795222,BREAM,7,73,7,22,23/03/1997,0
COD BECK,NORTH YORKSHIRE,0845 524633,PIKE,6,50,4,2,10/11/1995,0
RIVER SWALE,NORTH YORKSHIRE,0845 524633,BREAM,5,50,6,4,14/09/2000,0
RIVER DERWENT,NORTH YORKSHIRE,0904 783178,PIKE,5,50,1,8,26/05/2000,-1
RIVER WHARFE,NORTH YORKSHIRE,0937 833843,PERCH,4,45,6,7,25/07/1996,0
SELBY CANAL,NORTH YORKSHIRE,0977 684772,ROACH,4.5,38.5,6,6,23/07/2000,0
RIVER NENE,NORTHAMPTON,016 2666911,CARP,4,37,4,7,18/06/2000,0
MISBORNE,NORTHAMPTON,0604 415180,ROACH,5,51,2,4,16/01/1997,-1
RANSOME ROAD PIT,NORTHAMPTON,0604 415180,PIKE,5.5,50,8,13,09/01/2000,-1
MISBORNE,NORTHAMPTON,0604 705032,ROACH,5,50,2,9,06/01/1997,0
MISBORNE,NORTHAMPTON,0788 822624,ROACH,5,36,2,5,26/01/1997,-1
SHALLOWBROOK LAKES,NORWICH,0603 747667,ROACH,7,105,2,25,27/01/2000,0
L-LAKE RAINWORTH,NOTTINGHAM,0623 796536,BREAM,7,85,4,9,12/06/1999,-1
SHERWOOD FOREST FARM,NOTTINGHAM,0623 842617,CARP,8,105,6,3,12/08/2000,-1
SAPPHIRE LAKES,NOTTINGHAM,0636 821131,ROACH,8,100,4,12,06/01/1997,0
SHIREOAKS PARK LAKE,NOTTINGHAM,0909 500979,CARP,7,145,2,7,17/08/2000,-1
RIVER CHERWELL,OXON,0295 254730,ROACH,4,41,2,11,18/04/2000,-1
CLATTERCOTE RESERVOIR,OXON,0295 268047,PIKE,7,45,7,7,27/10/1995,0
MILTON POOLS,OXON,0844 278150,PIKE,8.25,150,7,5,06/08/1999,-1
MANOR LAKE,OXON,0865 372066,PERCH,7,75,9,3,11/07/1999,-1
DORCHESTER LAKE,OXON,0865 391809,PERCH,5,47,18,5,26/03/1996,-1
LINCH HILL,OXON,0865 882215,CARP,13,90,8,13,25/04/1999,0
HEYFORD LAKES,OXON,0993 702587,PERCH,4.35,60,4,4,11/08/1997,-1
STATE'S LAGOON,OXON,0993 702587,PERCH,7,60,12,12,13/05/1995,0
RIVER WINDRUSH,OXON,0993 822136,ROACH,7,47,4,4,27/09/1996,0
WALCOT WEST LAKE,SHROPSHIRE,0584 873577,ROACH,7,50,17,3,02/07/2000,-1
RIVER SEVERN,SHROPSHIRE,0952 244272,TENCH,5,55,1,10,01/09/2000,0
LITTLE DAWLEY POOLS,SHROPSHIRE,0952 590605,CARP,5.8,40,7,5,01/06/1999,-1
TRENCH POOL,SHROPSHIRE,0952 590605,PIKE,5,40,5,8,04/07/1995,-1
PAWLETT PONDS,SOMERSET,017 9672977,PERCH,5,50,3,6,08/11/1999,-1
AVALON FISHERIES,SOMERSET,0278 456429,CARP,6,85,2,6,13/05/1995,-1
MARSTON LAKE,SOMERSET,0373 461433,PERCH,4,35,25,5,13/07/1999,0
COOMBE LAKE,SOMERSET,0458 253665,CARP,5,36,4,6,19/11/1995,-1
VIADUCT FISHERIES,SOMERSET,0458 274022,BREAM,8.6,105,1,5,15/06/2000,-1
GODNEY MOOR PONDS,SOMERSET,0458 447830,CARP,6,60,4,8,19/10/1996,-1
CHARD RESERVOIR,SOMERSET,0460 63771,TENCH,7,37,49,30,16/10/1995,0
HOWLEY POOL,SOMERSET,0460 63771,CARP,5.5,37,1,6,19/01/1999,0
RIVER TONE,SOMERSET,0823 271194,PERCH,6,43,1,4,27/09/2000,-1
LINDHOLME LAKES,SOUTH HUMBERSIDE,0427 870015,BREAM,6,80,16,16,19/05/1999,-1
BURGESS PARK,SOUTH LONDON,0958 287265,CARP,4,55,4,14,11/09/1995,0
STAINFORTH AND KEADBY CANAL,SOUTH YORKSHIRE,0302 842156,PERCH,4,31,4,8,08/05/1995,-1
RIVER DON,SOUTH YORKSHIRE,0302 865482,PIKE,4,36,1,10,30/05/2000,-1
BULL HOLE,SOUTH YORKSHIRE,0302 883674,PIKE,3.5,30,2,3,10/09/1995,-1
DELVE'S LAKES,SOUTH YORKSHIRE,0405 814417,CARP,5.5,33,3,4,02/03/1996,-1
SHEFFIELD CANAL,SOUTH YORKSHIRE,0709 324672,ROACH,3.5,40,6,8,06/08/2000,0
ULLEY RESERVOIR,SOUTH YORKSHIRE,0709 365332,CARP,5,67,30,13,14/06/2000,0
DRAYTON BRIDGE,STAFFORDSHIRE,021 4549111,TENCH,5,43,1,3,04/05/1996,-1
SHROPSHIRE UNION CANAL,STAFFORDSHIRE,0785 245173,CARP,4.5,40,7,4,19/08/2000,0
TRENT AND MERSEY CANAL,STAFFORDSHIRE,0827 53787,CARP,3.5,41,1,4,08/06/2000,0
MIDDLE PIT,SUFFOLK,0379 853571,PIKE,5.5,59,36,4,30/07/1999,0
FLOOD PARK,SUFFOLK,0440 762010,PIKE,12,45,2,7,26/07/1996,0
HOLTON PIT,SUFFOLK,0473 271769,CARP,7,50,5,23,06/01/1999,0
BRIDGE FARM RESERVOIRS,SUFFOLK,0473 623228,TENCH,5,50,6,7,17/07/1995,-1
SUFFOLK STOUR,SUFFOLK,0787 227703,ROACH,5,60,2,7,09/06/1995,-1
SUFFOLK STOUR,SUFFOLK,0787 227703,ROACH,5,60,2,14,10/06/1995,0
BOLDERMERE,SURREY,0483 5758015,CARP,6,55,4,2,04/07/1995,0
BRITTEN'S POND,SURREY,0483 5758015,PERCH,6,55,3,5,20/08/1995,-1
RIVER MOLE,SURREY,0737 6438216,PERCH,6.8,55,2,7,15/06/2000,0
STEW POND,SURREY,0737 6438216,ROACH,6,57,1,23,31/05/1995,-1
RIVER WEY NAVIGATION,SURREY,0932 3482688,PERCH,4.5,45,4,6,25/07/1996,-1
MOUNT PLEASANT LAKE,TYNE AND WEAR,091 3857488,PIKE,4,35,2,8,02/09/1999,-1
RIVER WEAR,TYNE AND WEAR,091 3857488,PERCH,4,35,1,15,09/11/2000,-1
WESTON LAWNS,WARWICK,0203 643595,ROACH,7,125,2,7,12/08/2000,-1
WARWICKSHIRE AVON,WARWICK,021 4549111,ROACH,5,45,2,7,23/07/2000,-1
PRESTON INNOVATIONS MAKIN PHASE ONE,WARWICK,0455 220502,CARP,7,165,2,12,16/12/1999,-1
OXFORD CANAL,WARWICK,0788 331535,TENCH,4,50,6,4,29/10/1999,0
NORTH OXFORD CANAL,WARWICK,0788 577329,TENCH,4,50,3,4,11/09/1999,-1
PARK FARM,WARWICK,0789 720603,TENCH,6,45,20,2,04/11/1999,0
GRAND UNION CANAL,WARWICK,0926 334185,ROACH,4.5,44,3,6,29/01/1997,-1
BEDFONT LAKE,WEST LONDON,0895 444707,BREAM,5.5,65,4,8,04/01/2000,-1
COWLEY LAKE,WEST LONDON,0895 847889,PERCH,8,70,6,14,12/03/2000,0
THE CUTTING,WEST LONDON,0895 847889,PIKE,5,70,3,3,17/06/1995,-1
STAFFS-WORCESTER CANAL,WEST MIDLANDS,0384 379433,PERCH,3,70,5,4,03/05/1995,0
SCARLETT'S LAKE,WEST SUSSEX,0342 850414,ROACH,12,90,3,23,10/07/2000,0
RIVER ADUR,WEST SUSSEX,0737 643821,PIKE,6,57,7,4,28/02/2000,0
RIVER ARUN,WEST SUSSEX,0737 643821,PIKE,6,57,8,12,24/03/2000,-1
RIVER ARUN,WEST SUSSEX,0737 643821,PIKE,7,57,8,12,25/03/2000,-1
YEADON TARN,WEST YORKSHIRE,0132 296930,PERCH,5.25,38,30,54,08/05/1997,-1
FLANSHAW DAM,WEST YORKSHIRE,0924 211290,PIKE,3,39,3,5,25/07/1996,0
RIVER WHARFE,WEST YORKSHIRE,0937 585764,ROACH,4,50,5,34,26/07/1996,-1
BRISTOL AVON,WILTSHIRE,017 9672977,PERCH,6,52,4,4,06/08/1995,-1
BRISTOL AVON,WILTSHIRE,0179 672977,TENCH,6,52,3,5,13/08/1995,0
BRISTOL AVON,WILTSHIRE,0225 708814,PIKE,4,37,5,4,29/07/1995,0
BRISTOL AVON,WILTSHIRE,0249 659210,PERCH,4,35,3,4,09/08/1995,0
SABRE AND SWORD LAKES,WILTSHIRE,0249 812003,CARP,6.5,52,3,8,24/12/1996,0
WALDEN'S FARM,WILTSHIRE,0722 710480,ROACH,8,95,2,8,04/07/2000,-1
HAMPSHIRE AVON,WILTSHIRE,0722 743192,ROACH,6,88,2,3,19/04/1997,0
HIGH PENN,WILTSHIRE,0793 851178,PERCH,5,40,2,6,29/09/1997,0
RIVER SEVERN,WORCESTERSHIRE,021 4549111,TENCH,5,45,4,11,09/09/2000,0
RIVER TEME,WORCESTERSHIRE,021 4549111,CARP,5,45,2,4,24/09/2000,0
ARROW VALLEY LAKE,WORCESTERSHIRE,0527 68337,BREAM,6.5,75,30,6,11/05/1995,0
EVESBATCH FISHERY,WORCESTERSHIRE,0905 422107,PERCH,5.5,85,1,7,25/06/1996,0
