Forename,Surname,Programming,Computer Systems,Information Systems,Data Modelling,Web Technologies,,
Livia,Barese,95,38,41,89,90,,
Curzio,Baresi,45,87,72,39,36,,
Lorna,Calabrese,42,38,67,37,91,,
Rosina,Cattaneo,98,96,41,37,99,,
Nino,De Luca,15,97,35,54,36,,
Immacolata,Endrizzi,28,38,23,54,55,,
Tranquillo,Ferri,57,64,16,89,52,,
Natascia,Folliero,96,59,69,82,75,,
Wanda ,Greece,67,51,45,59,46,,
Gualtiero,Lombardo,77,65,22,14,22,,
Corrado,Lori,88,37,72,10,15,,
Speranza,Nucci,21,78,46,29,33,,
Cinzia,Padovesi,47,37,28,73,55,,
Natalino,Pagnotto,35,37,30,93,96,,
Assunta,Toscani,56,94,72,77,40,,
Daisy,Carr,33,22,68,67,79,,
Abigail,Coles,17,75,86,68,95,,
Sienna,Collins,37,38,97,22,89,,
Mohammad,Fleming,88,67,31,28,81,,
Lydia,Humphreys,76,97,53,82,80,,
Ryan,Khan,71,21,78,36,10,,
Hannah,Matthews,67,67,28,72,52,,
Sophie,Smart,34,57,97,34,67,,
Juco,Duri,20,97,52,63,23,,
Emal,Florenczi,38,38,28,42,42,,
Ramona,Hoska,66,64,33,26,21,,
Hatas,Imre,56,60,45,90,44,,
Broska,Kozma,37,10,38,36,14,,
Endre,Mekek,77,16,95,25,32,,
Karola,Mezey,24,35,30,74,52,,
Erik,Sizer,20,40,37,99,87,,
Joza,Stimon,28,72,94,23,64,,
Csilla,Tanor,79,60,98,26,92,,
Peter,Vadasz,87,100,73,74,73,,
