Failing to follow or complete the entire course,,,X
"Abusive language, violent behaviour or dangerous conduct",,,X
Outside assistance from non-race officials ,X,,X
Not wearing or altering the race numbers provided,X,X,
Discarding equipment/littering,X,,X
"Competing with a bare torso, nudity or indecent exposure",X,,X
"Use of banned equipment eg mobile phone, MP3 player, personal video recording devices",X,,X
Not wearing a cycle helmet during the bike segment,,,X
Cycle helmet not securely fastened,X,X,
Drafting or blocking the progress of other competitors,,X,X
Illegal bike pass,,X,
Cycling in the transition area,,X,
Tampering with the equipment of others,,,X
