Code,Brick name,Thickness,Length,Pack,Cost
C,Chiltern,0.065,0.215,390,420
H,Honey Buff,0.065,0.215,390,426
L,Longville,0.065,0.215,390,432
S,Sunset,0.065,0.215,390,448.8
W,Windsor,0.065,0.215,390,458.4
G,Saxon Gold,0.065,0.215,390,540
F,Sandfaced,0.065,0.215,390,406.8
R,Regency,0.065,0.215,390,414
V,Valley Stone,0.065,0.215,390,432
M,Milton Buff,0.065,0.215,390,420
X,Commons,0.065,0.215,390,354
G,Georgian,0.065,0.215,390,400.8
B,Brindle,0.065,0.215,390,495.6
E,Engineering B,0.073,0.215,390,542.2
Z,Engineering C,0.073,0.215,390,532.2
M,Multi facing,0.065,0.215,390,340
T,Tudor,0.065,0.215,390,358.8
D,Dapple,0.065,0.215,390,393.9
Y,Harrow,0.065,0.215,390,362
