Student Id,GivenName,FamilyName,Intake,Class,Group,Score,Result
S14-1937,Finlay,White,2014,Feu1c,CS1-3,,
S14-3338,Noah,Pope,2014,Feu1c,CS1-3,,
S14-0939,Ewan,Mason,2014,Feu1c,CS1-3,,
S13-1940,Jay,Francis,2013,Feu1c,CS1-3,,
S14-1811,Erin,Taylor,2014,Feu1c,CS1-3,,
S14-2242,Amber,Ford,2014,Feu1c,CS1-3,,
S14-1933,Anthony,Wyatt,2014,Fas1c,CS1-3,,
S14-2244,Jack,Naylor,2014,Fas1c,CS1-3,,
S14-1865,Lewis,Lord,2014,Fas1c,CS1-3,,
S14-0946,Connor,Chamberlain,2014,Fas1c,CS1-3,,
S14-1947,Owen,Wright,2014,Fas1c,CS1-3,,
S14-0544,Katherine,Griffin,2014,Fas1c,CS1-3,,
S13-1979,Peter,Williams,2013,Fas1c,CS1-3,,
S14-0450,Scarlett,Hardy,2014,Fas1c,CS1-3,,
S14-1142,Jake,Abbott,2014,Fea1c,CS1-3,,
S14-1952,Morgan,John,2014,Fea1c,CS1-3
S12-1459,Morgan,Stevens,2012,Fea1c,CS1-3


,Result,�Score,,,
,Distinction,>=40,,,
,Credit,33-39,,,
,Pass,21-32,,,
,Resit,15-20,,,
,Repeat,0-14,,,
