VB1,Student Codes,,,,,,,,,,,,,,,,
Question,S14-1937,S14-3338,S14-0939,S13-1940,S14-1811,S14-2242,S14-1933,S14-2244,S14-1865,S14-0946,S14-1947,S14-0544,S13-1979,S14-0450,S14-1142,S14-1952,S12-1459
Q1,a,b,b,e,a,b,a,a,b,b,a,b,e,b,a,b,b
Q2,a,a,a,e,a,a,a,a,a,a,a,a,a,a,a,a,a
Q3,a,a,a,a,e,a,a,b,a,a,a,a,e,a,e,d,a
Q4,b,a,d,e,a,a,a,e,a,b,a,a,e,a,a,a,a
Q5,d,b,c,e,e,e,b,e,d,d,b,b,a,a,e,d,a
Q6,c,c,,b,b,b,c,e,c,b,c,c,,b,e,e,c
Q7,a,c,c,e,e,c,d,e,c,e,c,a,e,c,,e,c
Q8,b,e,c,e,e,e,e,d,e,b,e,a,e,e,d,b,e
Q9,c,d,b,d,d,d,a,e,d,e,b,d,b,e,d,b,d
Q10,d,a,b,a,a,a,d,b,d,d,a,a,e,e,e,e,a
Q11,a,e,a,d,d,e,d,e,e,a,e,e,a,e,d,e,a
Q12,,e,b,e,d,e,,a,e,e,e,e,e,e,d,e,e
Q13,b,c,b,c,a,b,e,e,c,c,c,c,,b,b,d,a
Q14,a,d,d,d,d,,e,b,a,d,b,d,b,d,e,b,a
Q15,b,c,d,c,d,,b,b,d,c,c,c,d,b,a,d,c
Q16,b,c,c,c,e,a,e,a,c,c,e,a,a,c,d,b,c
Q17,d,e,a,e,b,b,e,e,d,e,e,e,d,e,e,e,e
Q18,c,e,b,d,a,d,e,e,d,a,a,a,e,e,e,e,e
Q19,d,b,b,a,d,e,e,e,b,e,a,b,e,d,e,d,b
Q20,b,e,b,e,e,d,e,e,e,d,a,e,a,e,a,a,e
