Liner_Code,Vessel_Name,Sail_Date,Embark,Destination,Duration,Daily_Cost,Vessel_Capacity,Adult_Only
CL16,Adventure Of The Seas,04/12/2017,San Juan,Southern Caribbean,7,101.4,3114,0
CL16,Adventure Of The Seas,11/12/2017,San Juan,Southern Caribbean,7,100.3,3114,0
CL16,Adventure Of The Seas,18/12/2017,San Juan,Southern Caribbean,7,80.6,3114,0
CL16,Adventure Of The Seas,26/12/2017,San Juan,Southern Caribbean,7,82.3,3114,0
CL01,Aidaaura,13/12/2017,Miami,Western Caribbean,14,106.2,1266,0
CL01,Aidaaura,27/12/2017,Miami,Western Caribbean,7,111.6,1266,0
CL16,Allure Of The Seas,04/12/2017,Fort Lauderdale,Western Caribbean,7,109.8,5400,0
CL16,Allure Of The Seas,11/12/2017,Fort Lauderdale,Eastern Caribbean,7,81.4,5400,0
CL16,Allure Of The Seas,18/12/2017,Fort Lauderdale,Western Caribbean,7,89.2,5400,0
CL16,Allure Of The Seas,25/12/2017,Fort Lauderdale,Eastern Caribbean,7,105.9,5400,0
CL10,Amsterdam,05/12/2017,Long Beach,Trans-Panama Canal,15,86.6,1380,0
CL10,Amsterdam,20/12/2017,Fort Lauderdale,Eastern Caribbean,7,103,1380,0
CL10,Amsterdam,27/12/2017,Fort Lauderdale,Eastern Caribbean,7,84.8,1380,0
CL19,Atlantic Princess,04/12/2017,Southampton,Caribbean Transatlantic,36,120,3500,0
CL02,Azamara Journey,12/12/2017,San Diego,Trans-Panama Canal,16,101.2,694,0
CL02,Azamara Journey,01/12/2017,San Diego,Mexico (Pacific),11,103,694,0
CL02,Azamara Journey,28/12/2017,Miami,Southern Caribbean,12,95.3,694,-1
CL09,Balmoral,05/12/2017,New Orleans,Trans-Panama Canal,27,120,1350,0
CL09,Braemar,02/12/2017,Miami,Western Caribbean,7,110,927,0
CL09,Braemar,14/12/2017,Miami,Western Caribbean,7,95,927,0
CL19,Caribbean Lady,10/12/2017,Los Angeles,Trans-Panama Canal,21,110,3100,0
CL14,Caribbean Princess,04/12/2017,San Juan,Southern Caribbean,7,96.2,3100,0
CL14,Caribbean Princess,11/12/2017,San Juan,Southern Caribbean,7,82.3,3100,0
CL14,Caribbean Princess,18/12/2017,San Juan,Southern Caribbean,8,87.6,3100,0
CL14,Caribbean Princess,26/12/2017,San Juan,Southern Caribbean,7,113.3,3100,0
CL03,Carnival Conquest,04/12/2017,New Orleans,Western Caribbean,7,106.4,2974,0
CL03,Carnival Conquest,11/12/2017,New Orleans,Western Caribbean,7,85.2,2974,0
CL03,Carnival Conquest,18/12/2017,New Orleans,Western Caribbean,6,99.3,2974,0
CL03,Carnival Conquest,24/12/2017,New Orleans,Western Caribbean,8,104.2,2974,-1
CL03,Carnival Destiny,03/12/2017,Miami,Western Caribbean,5,103.8,2642,0
CL03,Carnival Destiny,08/12/2017,Miami,Western Caribbean,4,115.8,2642,0
CL03,Carnival Destiny,12/12/2017,Miami,Western Caribbean,5,103.8,2642,0
CL03,Carnival Destiny,17/12/2017,Miami,Western Caribbean,5,94.1,2642,0
CL03,Carnival Destiny,22/12/2017,Miami,Western Caribbean,4,114.2,2642,0
CL03,Carnival Destiny,26/12/2017,Miami,Western Caribbean,5,95.4,2642,0
CL03,Carnival Destiny,31/12/2017,Miami,Western Caribbean,5,91.5,2642,0
CL03,Carnival Dream,03/12/2017,Port Canaveral,Eastern Caribbean,7,111.7,3646,0
CL03,Carnival Dream,10/12/2017,Port Canaveral,Western Caribbean,7,104.7,3646,0
CL03,Carnival Dream,17/12/2017,Port Canaveral,Eastern Caribbean,7,116.1,3646,0
CL03,Carnival Dream,24/12/2017,Port Canaveral,Western Caribbean,7,118.5,3646,0
CL03,Carnival Dream,31/12/2017,Port Canaveral,Eastern Caribbean,7,85.5,3646,0
CL03,Carnival Ecstasy,01/12/2017,Port Canaveral,Bahamas,4,109.9,2052,0
CL03,Carnival Ecstasy,05/12/2017,Port Canaveral,Bahamas,5,116.4,2052,0
CL03,Carnival Ecstasy,10/12/2017,Port Canaveral,Bahamas,5,82,2052,0
CL03,Carnival Ecstasy,15/12/2017,Port Canaveral,Bahamas,4,109.4,2052,0
CL03,Carnival Ecstasy,19/12/2017,Port Canaveral,Bahamas,5,81.8,2052,0
CL03,Carnival Ecstasy,24/12/2017,Port Canaveral,Bahamas,5,82.2,2052,0
CL03,Carnival Elation,03/12/2017,New Orleans,Western Caribbean,5,107,2052,0
CL03,Carnival Elation,08/12/2017,New Orleans,Western Caribbean,4,102.8,2052,0
CL03,Carnival Elation,12/12/2017,New Orleans,Western Caribbean,5,111.5,2052,0
CL03,Carnival Elation,17/12/2017,New Orleans,Western Caribbean,5,90.2,2052,0
CL03,Carnival Elation,22/12/2017,New Orleans,Western Caribbean,4,110.2,2052,0
CL03,Carnival Elation,26/12/2017,New Orleans,Western Caribbean,5,103.8,2052,0
CL03,Carnival Elation,31/12/2017,New Orleans,Western Caribbean,5,105.6,2052,0
CL03,Carnival Fantasy,03/12/2017,Charleston,Bahamas,6,85.3,2052,0
CL03,Carnival Fantasy,09/12/2017,Charleston,Bahamas,5,86.8,2052,0
CL03,Carnival Fantasy,14/12/2017,Charleston,Bahamas,5,80.9,2052,0
CL03,Carnival Fantasy,19/12/2017,Charleston,Bahamas,5,97.3,2052,0
CL03,Carnival Fantasy,24/12/2017,Charleston,Bahamas,6,87.9,2052,0
CL03,Carnival Fantasy,30/12/2017,Charleston,Bahamas,5,84.4,2052,0
CL03,Carnival Fantasy,14/12/2017,Charleston,Bermuda,6,88.3,2052,0
CL03,Carnival Fantasy,10/12/2017,Charleston,Bermuda,6,103.2,2052,0
CL03,Carnival Fascination,01/12/2017,Jacksonville,Bahamas,4,89.2,2052,0
CL03,Carnival Fascination,05/12/2017,Jacksonville,Bahamas,5,97.8,2052,0
CL03,Carnival Fascination,10/12/2017,Jacksonville,Bahamas,5,96.7,2052,0
CL03,Carnival Fascination,15/12/2017,Jacksonville,Bahamas,4,104.2,2052,0
CL03,Carnival Fascination,19/12/2017,Jacksonville,Bahamas,5,99.9,2052,0
CL03,Carnival Fascination,24/12/2017,Jacksonville,Bahamas,5,100.1,2052,0
CL03,Carnival Fascination,29/12/2017,Jacksonville,Bahamas,4,83.6,2052,0
CL03,Carnival Freedom,03/12/2017,Fort Lauderdale,Eastern Caribbean,8,100.6,2974,0
CL03,Carnival Freedom,11/12/2017,Fort Lauderdale,Western Caribbean,6,105.6,2974,0
CL03,Carnival Freedom,17/12/2017,Fort Lauderdale,Eastern Caribbean,7,82.8,2974,0
CL03,Carnival Freedom,24/12/2017,Fort Lauderdale,Eastern Caribbean,8,82.1,2974,0
CL03,Carnival Glory,04/12/2017,Miami,Eastern Caribbean,7,90.3,2974,0
CL03,Carnival Glory,11/12/2017,Miami,Western Caribbean,7,107.9,2974,0
CL03,Carnival Glory,26/12/2017,Miami,Western Caribbean,6,117,2974,0
CL03,Carnival Glory,12/12/2017,Norfolk,Bermuda,6,108.9,2974,0
CL03,Carnival Glory,20/12/2017,Norfolk,Bermuda,8,110,2974,0
CL03,Carnival Imagination,02/12/2017,Miami,Bahamas,3,113.1,2052,0
CL03,Carnival Imagination,05/12/2017,Miami,Western Caribbean,4,91.3,2052,0
CL03,Carnival Imagination,09/12/2017,Miami,Bahamas,3,89,2052,0
CL03,Carnival Imagination,12/12/2017,Miami,Western Caribbean,4,92.2,2052,0
CL03,Carnival Imagination,16/12/2017,Miami,Bahamas,3,110.7,2052,0
CL03,Carnival Imagination,19/12/2017,Miami,Western Caribbean,4,114.3,2052,0
CL03,Carnival Imagination,23/12/2017,Miami,Bahamas,3,96.1,2052,0
CL03,Carnival Imagination,26/12/2017,Miami,Western Caribbean,4,95.5,2052,0
CL03,Carnival Imagination,30/12/2017,Miami,Bahamas,3,117.6,2052,0
CL03,Carnival Inspiration,24/12/2017,Tampa,Trans-Panama Canal,14,103.5,2052,0
CL03,Carnival Inspiration,17/12/2017,Long Beach,Mexico (Pacific),2,110.4,2052,0
CL03,Carnival Inspiration,19/12/2017,Long Beach,Mexico (Pacific),4,80.3,2052,0
CL03,Carnival Inspiration,23/12/2017,Long Beach,Mexico (Pacific),3,104.9,2052,0
CL03,Carnival Inspiration,26/12/2017,Long Beach,Mexico (Pacific),4,87.4,2052,0
CL03,Carnival Inspiration,30/12/2017,Long Beach,Mexico (Pacific),3,104.5,2052,0
CL03,Carnival Legend,04/12/2017,Tampa,Western Caribbean,7,86.1,2124,0
CL03,Carnival Legend,11/12/2017,Tampa,Western Caribbean,7,92.2,2124,0
CL03,Carnival Legend,18/12/2017,Tampa,Western Caribbean,8,119.3,2124,0
CL03,Carnival Legend,26/12/2017,Tampa,Western Caribbean,6,90.1,2124,0
CL03,Carnival Liberty,03/12/2017,Miami,Western Caribbean,7,101.5,2974,0
CL03,Carnival Liberty,10/12/2017,Miami,Eastern Caribbean,7,90.2,2974,0
CL03,Carnival Liberty,17/12/2017,Miami,Western Caribbean,7,96.2,2974,0
CL03,Carnival Liberty,24/12/2017,Miami,Eastern Caribbean,7,94.4,2974,0
CL03,Carnival Liberty,31/12/2017,Miami,Western Caribbean,7,92.7,2974,0
CL03,Carnival Magic,04/12/2017,Galveston,Western Caribbean,7,118.4,3690,0
CL03,Carnival Magic,11/12/2017,Galveston,Bahamas,7,86.4,3690,0
CL03,Carnival Magic,18/12/2017,Galveston,Western Caribbean,8,97.9,3690,-1
CL03,Carnival Magic,26/12/2017,Galveston,Western Caribbean,6,106.4,3690,0
CL03,Carnival Miracle,04/12/2017,Fort Lauderdale,Southern Caribbean,8,101.1,2124,0
CL03,Carnival Miracle,12/12/2017,Fort Lauderdale,Southern Caribbean,8,96.5,2124,-1
CL03,Carnival Miracle,20/12/2017,Fort Lauderdale,Southern Caribbean,8,94.8,2124,0
CL03,Carnival Miracle,28/12/2017,Fort Lauderdale,Southern Caribbean,8,119.6,2124,0
CL03,Carnival Miracle,10/12/2017,New York,Bermuda,8,116.6,2124,0
CL03,Carnival Miracle,26/12/2017,New York,Bermuda,8,101.2,2124,0
CL03,Carnival Miracle,01/12/2017,New York,Bermuda,9,95,2124,0
CL03,Carnival Paradise,12/12/2017,Tampa,Western Caribbean,5,93.6,2052,0
CL03,Carnival Paradise,17/12/2017,Tampa,Western Caribbean,5,91.9,2052,0
CL03,Carnival Paradise,22/12/2017,Tampa,Western Caribbean,4,102.8,2052,0
CL03,Carnival Paradise,26/12/2017,Tampa,Western Caribbean,5,84.5,2052,0
CL03,Carnival Paradise,31/12/2017,Tampa,Western Caribbean,5,93.8,2052,0
CL03,Carnival Pride,04/12/2017,Baltimore,Bahamas,7,116.8,2124,0
CL03,Carnival Pride,11/12/2017,Baltimore,Bahamas,7,105.1,2124,0
CL03,Carnival Pride,18/12/2017,Baltimore,Bahamas,7,102.9,2124,0
CL03,Carnival Pride,25/12/2017,Baltimore,Bahamas,7,119.2,2124,0
CL03,Carnival Pride,31/12/2017,Baltimore,Bermuda,7,98.5,2124,0
CL03,Carnival Pride,01/12/2017,Baltimore,Bermuda,7,99.8,2124,0
CL03,Carnival Pride,08/12/2017,Baltimore,Bermuda,10,100,2124,0
CL03,Carnival Pride,18/12/2017,Baltimore,Bermuda,10,120,2124,0
CL03,Carnival Sensation,01/12/2017,Port Canaveral,Bahamas,3,119.6,2052,0
CL03,Carnival Sensation,04/12/2017,Port Canaveral,Bahamas,4,95.3,2052,0
CL03,Carnival Sensation,08/12/2017,Port Canaveral,Bahamas,3,111.2,2052,0
CL03,Carnival Sensation,11/12/2017,Port Canaveral,Bahamas,4,96.6,2052,0
CL03,Carnival Sensation,15/12/2017,Port Canaveral,Bahamas,3,110.2,2052,0
CL03,Carnival Sensation,18/12/2017,Port Canaveral,Bahamas,4,113,2052,0
CL03,Carnival Sensation,22/12/2017,Port Canaveral,Bahamas,3,82.8,2052,0
CL03,Carnival Sensation,25/12/2017,Port Canaveral,Bahamas,4,91,2052,0
CL03,Carnival Sensation,29/12/2017,Port Canaveral,Bahamas,3,86.7,2052,0
CL03,Carnival Spirit,02/12/2017,Los Angeles,Hawaii,15,101.8,2124,0
CL03,Carnival Spirit,17/12/2017,Los Angeles,Mexico (Pacific),5,91.5,2124,0
CL03,Carnival Spirit,23/12/2017,Los Angeles,Mexico (Pacific),9,119.2,2124,0
CL03,Carnival Splendor,04/12/2017,Long Beach,Mexico (Pacific),7,114.3,3006,0
CL03,Carnival Splendor,11/12/2017,Long Beach,Mexico (Pacific),7,95.6,3006,0
CL03,Carnival Splendor,18/12/2017,Long Beach,Mexico (Pacific),6,110.2,3006,0
CL03,Carnival Splendor,24/12/2017,Long Beach,Mexico (Pacific),8,113.5,3006,0
CL03,Carnival Triumph,01/12/2017,Galveston,Western Caribbean,4,116.9,2758,0
CL03,Carnival Triumph,05/12/2017,Galveston,Western Caribbean,5,99,2758,0
CL03,Carnival Triumph,10/12/2017,Galveston,Western Caribbean,5,102.5,2758,0
CL03,Carnival Triumph,15/12/2017,Galveston,Western Caribbean,4,84.2,2758,0
CL03,Carnival Triumph,19/12/2017,Galveston,Western Caribbean,5,109.1,2758,0
CL03,Carnival Triumph,24/12/2017,Galveston,Western Caribbean,5,105.7,2758,0
CL03,Carnival Triumph,29/12/2017,Galveston,Western Caribbean,4,112.6,2758,0
CL03,Carnival Valor,04/12/2017,Miami,Western Caribbean,7,110.1,2974,0
CL03,Carnival Valor,11/12/2017,Miami,Western Caribbean,7,86.1,2974,0
CL03,Carnival Valor,18/12/2017,Miami,Western Caribbean,6,93.2,2974,0
CL03,Carnival Valor,24/12/2017,Miami,Southern Caribbean,8,103.6,2974,0
CL03,Carnival Victory,04/12/2017,San Juan,Southern Caribbean,7,84.4,2758,0
CL03,Carnival Victory,11/12/2017,San Juan,Southern Caribbean,7,88,2758,0
CL03,Carnival Victory,18/12/2017,San Juan,Southern Caribbean,8,96.7,2758,0
CL03,Carnival Victory,26/12/2017,San Juan,Southern Caribbean,6,87.5,2758,0
CL04,Celebrity Constellation,03/12/2017,Fort Lauderdale,Southern Caribbean,14,108.5,1950,0
CL04,Celebrity Constellation,17/12/2017,Fort Lauderdale,Southern Caribbean,14,89.8,1950,0
CL04,Celebrity Constellation,31/12/2017,Fort Lauderdale,Southern Caribbean,14,115.3,1950,0
CL04,Celebrity Eclipse,03/12/2017,Miami,Eastern Caribbean,7,116,2850,0
CL04,Celebrity Eclipse,10/12/2017,Miami,Eastern Caribbean,7,92.1,2850,0
CL04,Celebrity Eclipse,17/12/2017,Miami,Eastern Caribbean,7,85.8,2850,0
CL04,Celebrity Eclipse,24/12/2017,Miami,Eastern Caribbean,7,90.4,2850,0
CL04,Celebrity Eclipse,31/12/2017,Miami,Eastern Caribbean,7,93.7,2850,0
CL04,Celebrity Equinox,12/12/2017,Fort Lauderdale,Western Caribbean,11,103.1,2850,0
CL04,Celebrity Equinox,23/12/2017,Fort Lauderdale,Southern Caribbean,10,110.6,2850,-1
CL04,Celebrity Infinity,03/12/2017,Fort Lauderdale,Trans-Panama Canal,15,87.4,2046,0
CL04,Celebrity Millennium,03/12/2017,Miami,Western Caribbean,5,93.4,1950,0
CL04,Celebrity Millennium,08/12/2017,Miami,Western Caribbean,4,102.8,1950,0
CL04,Celebrity Millennium,12/12/2017,Miami,Western Caribbean,5,114,1950,0
CL04,Celebrity Millennium,17/12/2017,Miami,Western Caribbean,5,105.4,1950,0
CL04,Celebrity Millennium,22/12/2017,Miami,Western Caribbean,4,95.8,1950,0
CL04,Celebrity Millennium,26/12/2017,Miami,Western Caribbean,5,116.3,1950,0
CL04,Celebrity Millennium,31/12/2017,Miami,Western Caribbean,5,95,1950,0
CL04,Celebrity Silhouette,12/12/2017,Cape Liberty,Southern Caribbean,12,105.7,2850,-1
CL04,Celebrity Silhouette,24/12/2017,Cape Liberty,Southern Caribbean,12,116.2,2850,0
CL04,Celebrity Solstice,11/12/2017,Fort Lauderdale,Western Caribbean,7,106.3,2850,0
CL04,Celebrity Solstice,18/12/2017,Fort Lauderdale,Eastern Caribbean,4,104.8,2850,0
CL04,Celebrity Solstice,26/12/2017,Fort Lauderdale,Eastern Caribbean,7,116.3,2850,0
CL04,Celebrity Summit,03/12/2017,San Juan,Southern Caribbean,7,112.5,1950,0
CL04,Celebrity Summit,10/12/2017,San Juan,Southern Caribbean,7,87.2,1950,0
CL04,Celebrity Summit,17/12/2017,San Juan,Southern Caribbean,7,110.9,1950,0
CL04,Celebrity Summit,24/12/2017,San Juan,Southern Caribbean,7,85.1,1950,0
CL04,Celebrity Summit,31/12/2017,San Juan,Southern Caribbean,7,114.3,1950,0
CL04,Celebrity Summit,03/12/2017,Cape Liberty,Bermuda,7,107.7,1950,0
CL04,Celebrity Summit,11/12/2017,Cape Liberty,Bermuda,7,107.7,1950,0
CL04,Celebrity Summit,19/12/2017,Cape Liberty,Bermuda,7,120,1950,0
CL04,Celebrity Summit,27/12/2017,Cape Liberty,Bermuda,7,130,1950,0
CL14,Coral Princess,25/12/2017,Fort Lauderdale,Trans-Panama Canal,14,80.7,1974,0
CL14,Coral Princess,20/12/2017,Los Angeles,Trans-Panama Canal,14,119,1974,0
CL05,Costa Atlantica,01/12/2017,Savona,Transatlantic,18,97.8,2114,0
CL05,Costa Atlantica,19/12/2017,Miami,Western Caribbean,6,114.5,2114,0
CL05,Costa Atlantica,29/12/2017,Miami,Western Caribbean,10,113.2,2114,0
CL14,Crown Princess,03/12/2017,Fort Lauderdale,Southern Caribbean,7,118.9,3080,0
CL14,Crown Princess,10/12/2017,Fort Lauderdale,Western Caribbean,7,86.3,3080,0
CL14,Crown Princess,17/12/2017,Fort Lauderdale,Southern Caribbean,7,116.9,3080,0
CL14,Crown Princess,24/12/2017,Fort Lauderdale,Western Caribbean,7,110.1,3080,0
CL14,Crown Princess,31/12/2017,Fort Lauderdale,Southern Caribbean,7,83.8,3080,0
CL06,Crystal Serenity,08/12/2017,Lisbon,Transatlantic,13,92.2,1080,0
CL06,Crystal Serenity,21/12/2017,Miami,Southern Caribbean,14,97.7,1080,0
CL06,Crystal Symphony,04/12/2017,Los Angeles,Pacific Coast,7,118.2,940,0
CL06,Crystal Symphony,11/12/2017,Los Angeles,Mexico (Pacific),10,92.4,940,0
CL06,Crystal Symphony,21/12/2017,Los Angeles,Hawaii,14,114.7,940,0
CL08,Disney Dream,01/12/2017,Port Canaveral,Bahamas,3,101.7,2500,0
CL08,Disney Dream,04/12/2017,Port Canaveral,Bahamas,4,106.9,2500,0
CL08,Disney Dream,08/12/2017,Port Canaveral,Bahamas,3,102.6,2500,0
CL08,Disney Dream,11/12/2017,Port Canaveral,Bahamas,4,88.8,2500,0
CL08,Disney Dream,15/12/2017,Port Canaveral,Bahamas,3,117.1,2500,0
CL08,Disney Dream,18/12/2017,Port Canaveral,Bahamas,4,110.7,2500,0
CL08,Disney Dream,22/12/2017,Port Canaveral,Bahamas,4,88.1,2500,0
CL08,Disney Dream,26/12/2017,Port Canaveral,Bahamas,3,109.3,2500,0
CL08,Disney Dream,29/12/2017,Port Canaveral,Bahamas,4,95.9,2500,0
CL08,Disney Magic,03/12/2017,Port Canaveral,Eastern Caribbean,7,112.2,1754,0
CL08,Disney Magic,10/12/2017,Port Canaveral,Western Caribbean,7,92.6,1754,0
CL08,Disney Magic,17/12/2017,Port Canaveral,Eastern Caribbean,7,117.2,1754,0
CL08,Disney Magic,24/12/2017,Port Canaveral,Western Caribbean,7,114,1754,0
CL08,Disney Magic,30/12/2017,Port Canaveral,Eastern Caribbean,7,89,1754,0
CL08,Disney Wonder,04/12/2017,Los Angeles,Mexico (Pacific),7,98.3,1754,0
CL08,Disney Wonder,11/12/2017,Los Angeles,Mexico (Pacific),7,93.1,1754,0
CL08,Disney Wonder,18/12/2017,Los Angeles,Mexico (Pacific),7,110,1754,0
CL08,Disney Wonder,26/12/2017,Los Angeles,Mexico (Pacific),7,96,1754,0
CL14,Emerald Princess,08/12/2017,Fort Lauderdale,Southern Caribbean,10,88.4,3070,0
CL14,Emerald Princess,18/12/2017,Fort Lauderdale,Southern Caribbean,10,115,3070,0
CL14,Emerald Princess,28/12/2017,Fort Lauderdale,Southern Caribbean,10,99,3070,0
CL16,Enchantment Of The Seas,05/12/2017,Baltimore,Southern Caribbean,12,117.6,2250,0
CL16,Enchantment Of The Seas,17/12/2017,Baltimore,Bahamas,7,87.2,2250,0
CL16,Enchantment Of The Seas,24/12/2017,Baltimore,Bahamas,7,85.1,2250,0
CL16,Enchantment Of The Seas,31/12/2017,Baltimore,Bahamas,7,117.7,2250,0
CL17,Enchantment Of The Seas,02/12/2017,Baltimore,Bermuda,5,100.2,2250,0
CL16,Enchantment Of The Seas,08/12/2017,Baltimore,Bermuda,5,109.9,2250,0
CL16,Enchantment Of The Seas,16/12/2017,Baltimore,Bermuda,5,82.6,2250,0
CL16,Enchantment Of The Seas,30/12/2017,Baltimore,Bermuda,5,84.3,2250,0
CL16,Enchantment Of The Seas,21/12/2017,Baltimore,Bermuda,5,84.3,2250,0
CL10,Eurodam,03/12/2017,Fort Lauderdale,Eastern Caribbean,7,110,2104,0
CL10,Eurodam,10/12/2017,Fort Lauderdale,Eastern Caribbean,7,118.8,2104,0
CL10,Eurodam,17/12/2017,Fort Lauderdale,Eastern Caribbean,7,119.2,2104,0
CL10,Eurodam,24/12/2017,Fort Lauderdale,Eastern Caribbean,7,115,2104,0
CL10,Eurodam,31/12/2017,Fort Lauderdale,Eastern Caribbean,7,93,2104,0
CL16,Explorer Of The Seas,01/12/2017,Cape Liberty,Eastern Caribbean,10,80.9,3114,0
CL16,Explorer Of The Seas,11/12/2017,Cape Liberty,Southern Caribbean,12,104.1,3114,0
CL16,Explorer Of The Seas,23/12/2017,Cape Liberty,Bahamas,7,109.2,3114,0
CL16,Explorer Of The Seas,30/12/2017,Cape Liberty,Bahamas,7,114.1,3114,0
CL16,Explorer Of The Seas,09/12/2017,Cape Liberty,Bermuda,5,116.7,3114,0
CL16,Explorer Of The Seas,20/12/2017,Cape Liberty,Bermuda,5,118.1,3114,0
CL16,Explorer Of The Seas,12/12/2017,Cape Liberty,Bermuda,5,83.9,3114,0
CL16,Explorer Of The Seas,26/12/2017,Cape Liberty,Bermuda,5,96.9,3114,0
CL16,Freedom Of The Seas,04/12/2017,Port Canaveral,Eastern Caribbean,7,114.5,3634,0
CL16,Freedom Of The Seas,11/12/2017,Port Canaveral,Western Caribbean,7,95.1,3634,0
CL16,Freedom Of The Seas,18/12/2017,Port Canaveral,Western Caribbean,7,98.9,3634,0
CL16,Freedom Of The Seas,23/12/2017,Port Canaveral,Western Caribbean,7,98.5,3634,0
CL16,Freedom Of The Seas,30/12/2017,Port Canaveral,Eastern Caribbean,7,85.3,3634,0
CL14,Golden Princess,07/12/2017,Los Angeles,Hawaii,14,114.7,2600,0
CL14,Golden Princess,21/12/2017,Los Angeles,Hawaii,14,110.3,2600,0
CL14,Grand Princess,03/12/2017,Fort Lauderdale,Eastern Caribbean,7,97.7,2600,0
CL14,Grand Princess,10/12/2017,Fort Lauderdale,Southern Caribbean,7,105.4,2600,0
CL14,Grand Princess,17/12/2017,Fort Lauderdale,Southern Caribbean,7,106.7,2600,0
CL14,Grand Princess,24/12/2017,Fort Lauderdale,Southern Caribbean,7,95.5,2600,0
CL14,Grand Princess,31/12/2017,Fort Lauderdale,Eastern Caribbean,7,84.9,2600,0
CL14,Island Princess,09/12/2017,Fort Lauderdale,Western Caribbean,10,99.9,1950,0
CL14,Island Princess,19/12/2017,Fort Lauderdale,Western Caribbean,7,100.1,1950,0
CL14,Island Princess,29/12/2017,Fort Lauderdale,Western Caribbean,10,106.4,1950,0
CL19,Island Queen,21/12/2017,Los Angeles,Caribbean and South America,8,92,3240,0
CL16,Jewel Of The Seas,01/12/2017,Tampa,Western Caribbean,4,99.7,2110,0
CL16,Jewel Of The Seas,05/12/2017,Tampa,Western Caribbean,5,119.8,2110,0
CL16,Jewel Of The Seas,10/12/2017,Tampa,Western Caribbean,5,80.7,2110,0
CL16,Jewel Of The Seas,15/12/2017,Tampa,Western Caribbean,4,109,2110,0
CL16,Jewel Of The Seas,19/12/2017,Tampa,Western Caribbean,5,111.7,2110,0
CL16,Jewel Of The Seas,24/12/2017,Tampa,Western Caribbean,5,101.2,2110,0
CL16,Jewel Of The Seas,29/12/2017,Tampa,Western Caribbean,4,84.4,2110,0
CL19,Jubilee Queen,06/12/2017,Los Angeles,Caribbean and Amazon,8,120,3160,0
CL19,Jubilee Queen,23/12/2017,Fort Lauderdale,Eastern Caribbean,10,112.75,3160,0
CL16,Liberty Of The Seas,01/12/2017,Fort Lauderdale,Western Caribbean,4,85.8,3630,0
CL16,Liberty Of The Seas,05/12/2017,Fort Lauderdale,Western Caribbean,5,107.9,3630,0
CL16,Liberty Of The Seas,10/12/2017,Fort Lauderdale,Western Caribbean,5,87.1,3630,0
CL16,Liberty Of The Seas,15/12/2017,Fort Lauderdale,Western Caribbean,4,90.9,3630,0
CL16,Liberty Of The Seas,19/12/2017,Fort Lauderdale,Western Caribbean,5,114.6,3630,0
CL16,Liberty Of The Seas,24/12/2017,Fort Lauderdale,Western Caribbean,5,80.7,3630,0
CL16,Liberty Of The Seas,29/12/2017,Fort Lauderdale,Western Caribbean,4,86.4,3630,0
CL19,Lord of the Seas,09/12/2017,New York,Caribbean and Mexico,23,110,3100,0
CL10,Maasdam,12/12/2017,Fort Lauderdale,Southern Caribbean,6,108.5,1266,0
CL10,Maasdam,23/12/2017,Fort Lauderdale,Southern Caribbean,10,88.6,1266,-1
CL16,Majesty Of The Seas,02/12/2017,Miami,Bahamas,3,104.9,2354,0
CL16,Majesty Of The Seas,05/12/2017,Miami,Bahamas,4,85.5,2354,0
CL16,Majesty Of The Seas,09/12/2017,Miami,Bahamas,3,117.9,2354,0
CL16,Majesty Of The Seas,12/12/2017,Miami,Bahamas,4,83.7,2354,0
CL16,Majesty Of The Seas,16/12/2017,Miami,Bahamas,3,94,2354,0
CL16,Majesty Of The Seas,19/12/2017,Miami,Bahamas,4,88.2,2354,0
CL16,Majesty Of The Seas,23/12/2017,Miami,Bahamas,3,108.4,2354,0
CL16,Majesty Of The Seas,26/12/2017,Miami,Bahamas,4,115.4,2354,0
CL16,Majesty Of The Seas,30/12/2017,Miami,Bahamas,3,88.2,2354,0
CL13,Marina,10/12/2017,Miami,Western Caribbean,12,81.2,1258,0
CL13,Marina,22/12/2017,Miami,Southern Caribbean,12,118.6,1258,0
CL16,Mariner Of The Seas,04/12/2017,Galveston,Western Caribbean,7,84.9,3114,0
CL16,Mariner Of The Seas,11/12/2017,Galveston,Western Caribbean,7,83.5,3114,0
CL16,Mariner Of The Seas,18/12/2017,Galveston,Western Caribbean,8,97.7,3114,0
CL16,Mariner Of The Seas,26/12/2017,Galveston,Western Caribbean,7,106.1,3114,0
CL16,Monarch Of The Seas,02/12/2017,Port Canaveral,Bahamas,3,119.9,2354,0
CL16,Monarch Of The Seas,05/12/2017,Port Canaveral,Bahamas,4,111.2,2354,0
CL16,Monarch Of The Seas,09/12/2017,Port Canaveral,Bahamas,3,92.6,2354,0
CL16,Monarch Of The Seas,12/12/2017,Port Canaveral,Bahamas,4,87.8,2354,0
CL16,Monarch Of The Seas,16/12/2017,Port Canaveral,Bahamas,3,92.1,2354,0
CL16,Monarch Of The Seas,19/12/2017,Port Canaveral,Bahamas,4,81.2,2354,0
CL16,Monarch Of The Seas,23/12/2017,Port Canaveral,Bahamas,3,96.9,2354,0
CL16,Monarch Of The Seas,26/12/2017,Port Canaveral,Bahamas,4,90.1,2354,0
CL16,Monarch Of The Seas,30/12/2017,Port Canaveral,Bahamas,3,108,2354,0
CL11,Msc Poesia,06/12/2017,Fort Lauderdale,Southern Caribbean,7,82.1,2550,0
CL11,Msc Poesia,16/12/2017,Fort Lauderdale,Western Caribbean,7,94.5,2550,0
CL11,Msc Poesia,23/12/2017,Fort Lauderdale,Eastern Caribbean,7,118.1,2550,0
CL11,Msc Poesia,30/12/2017,Fort Lauderdale,Western Caribbean,7,88.5,2550,0
CL16,Navigator Of The Seas,04/12/2017,Fort Lauderdale,Western Caribbean,6,102.7,3114,0
CL16,Navigator Of The Seas,10/12/2017,Fort Lauderdale,Southern Caribbean,8,92.2,3114,0
CL16,Navigator Of The Seas,18/12/2017,Fort Lauderdale,Western Caribbean,6,115.2,3114,0
CL16,Navigator Of The Seas,24/12/2017,Fort Lauderdale,Western Caribbean,6,91.8,3114,0
CL16,Navigator Of The Seas,30/12/2017,Fort Lauderdale,Southern Caribbean,9,118.6,3114,0
CL10,Nieuw Amsterdam,04/12/2017,Fort Lauderdale,Western Caribbean,7,109.9,2044,0
CL10,Nieuw Amsterdam,11/12/2017,Fort Lauderdale,Eastern Caribbean,7,119.7,2044,0
CL10,Nieuw Amsterdam,18/12/2017,Fort Lauderdale,Eastern Caribbean,5,83,2044,0
CL10,Nieuw Amsterdam,26/12/2017,Fort Lauderdale,Western Caribbean,7,106.7,2044,0
CL10,Noordam,02/12/2017,Fort Lauderdale,Southern Caribbean,7,100.9,1848,0
CL10,Noordam,12/12/2017,Fort Lauderdale,Southern Caribbean,11,95,1848,0
CL10,Noordam,23/12/2017,Fort Lauderdale,Southern Caribbean,10,82.3,1848,-1
CL12,Norwegian Dawn,04/12/2017,Miami,Southern Caribbean,10,113.1,2240,-1
CL12,Norwegian Dawn,14/12/2017,Miami,Southern Caribbean,11,82.9,2240,0
CL12,Norwegian Dawn,25/12/2017,Miami,Southern Caribbean,10,95.5,2240,0
CL12,Norwegian Dawn,01/12/2017,Boston,Bermuda,7,118.3,2240,0
CL12,Norwegian Dawn,08/12/2017,Boston,Bermuda,7,81.9,2240,0
CL12,Norwegian Dawn,16/12/2017,Boston,Bermuda,7,104.5,2240,0
CL12,Norwegian Dawn,24/12/2017,Boston,Bermuda,7,97.2,2240,0
CL12,Norwegian Dawn,31/12/2017,Boston,Bermuda,7,105.6,2240,0
CL12,Norwegian Epic,03/12/2017,Miami,Eastern Caribbean,7,92.1,4200,0
CL12,Norwegian Epic,10/12/2017,Miami,Eastern Caribbean,7,93.7,4200,0
CL12,Norwegian Epic,17/12/2017,Miami,Eastern Caribbean,7,105.1,4200,0
CL12,Norwegian Epic,24/12/2017,Miami,Eastern Caribbean,7,87.9,4200,0
CL12,Norwegian Epic,31/12/2017,Miami,Eastern Caribbean,7,86.1,4200,0
CL12,Norwegian Gem,04/12/2017,New York,Bahamas,7,83.2,2394,0
CL12,Norwegian Gem,11/12/2017,New York,Bahamas,7,102.6,2394,0
CL12,Norwegian Gem,18/12/2017,New York,Bahamas,7,99.1,2394,0
CL12,Norwegian Gem,25/12/2017,New York,Bahamas,7,119.8,2394,0
CL12,Norwegian Gem,03/12/2017,New York,Bermuda,7,84.6,2394,0
CL12,Norwegian Gem,10/12/2017,Port Canaveral,Bermuda,7,101.5,2394,0
CL12,Norwegian Gem,18/12/2017,New York,Bermuda,7,91.1,2394,0
CL12,Norwegian Gem,26/12/2017,Port Canaveral,Bermuda,7,104.6,2394,0
CL12,Norwegian Jewel,03/12/2017,New York,Bahamas,7,110.6,2376,0
CL12,Norwegian Jewel,10/12/2017,New York,Bahamas,7,93.5,2376,0
CL12,Norwegian Jewel,17/12/2017,New York,Bahamas,7,112.1,2376,0
CL12,Norwegian Jewel,24/12/2017,New York,Bahamas,7,89.4,2376,0
CL12,Norwegian Jewel,31/12/2017,New York,Bahamas,7,84.4,2376,0
CL12,Norwegian Pearl,04/12/2017,Miami,Western Caribbean,7,118.6,2394,0
CL12,Norwegian Pearl,11/12/2017,Miami,Western Caribbean,7,102.9,2394,0
CL12,Norwegian Pearl,18/12/2017,Miami,Western Caribbean,7,91.4,2394,0
CL12,Norwegian Pearl,25/12/2017,Miami,Western Caribbean,7,87.4,2394,0
CL12,Norwegian Sky,02/12/2017,Miami,Bahamas,3,108.9,2002,0
CL12,Norwegian Sky,05/12/2017,Miami,Bahamas,4,118.1,2002,0
CL12,Norwegian Sky,09/12/2017,Miami,Bahamas,3,98.1,2002,0
CL12,Norwegian Sky,12/12/2017,Miami,Bahamas,4,89.3,2002,0
CL12,Norwegian Sky,16/12/2017,Miami,Bahamas,3,112.5,2002,0
CL12,Norwegian Sky,19/12/2017,Miami,Bahamas,4,85.9,2002,0
CL12,Norwegian Sky,23/12/2017,Miami,Bahamas,3,112.3,2002,0
CL12,Norwegian Sky,26/12/2017,Miami,Bahamas,4,108.3,2002,0
CL12,Norwegian Sky,30/12/2017,Miami,Bahamas,3,81.9,2002,0
CL12,Norwegian Spirit,04/12/2017,New Orleans,Western Caribbean,7,106,1966,0
CL12,Norwegian Spirit,11/12/2017,New Orleans,Western Caribbean,7,103.7,1966,0
CL12,Norwegian Spirit,18/12/2017,New Orleans,Western Caribbean,7,89.8,1966,0
CL12,Norwegian Spirit,25/12/2017,New Orleans,Western Caribbean,7,101.5,1966,0
CL12,Norwegian Star,04/12/2017,Tampa,Western Caribbean,7,89,2240,0
CL12,Norwegian Star,11/12/2017,Tampa,Western Caribbean,7,87.4,2240,0
CL12,Norwegian Star,18/12/2017,Tampa,Western Caribbean,7,82.8,2240,0
CL12,Norwegian Star,25/12/2017,Tampa,Western Caribbean,7,104.6,2240,0
CL12,Norwegian Sun,03/12/2017,Port Canaveral,Eastern Caribbean,7,95.9,2000,0
CL12,Norwegian Sun,10/12/2017,Port Canaveral,Western Caribbean,7,94.3,2000,0
CL12,Norwegian Sun,17/12/2017,Port Canaveral,Eastern Caribbean,7,111,2000,0
CL12,Norwegian Sun,24/12/2017,Port Canaveral,Western Caribbean,7,116.2,2000,0
CL12,Norwegian Sun,31/12/2017,Port Canaveral,Eastern Caribbean,7,113.1,2000,0
CL16,Oasis Of The Seas,03/12/2017,Fort Lauderdale,Eastern Caribbean,7,106.3,5400,0
CL16,Oasis Of The Seas,10/12/2017,Fort Lauderdale,Western Caribbean,7,112.4,5400,0
CL16,Oasis Of The Seas,17/12/2017,Fort Lauderdale,Eastern Caribbean,7,113.5,5400,0
CL16,Oasis Of The Seas,24/12/2017,Fort Lauderdale,Western Caribbean,7,105.5,5400,0
CL16,Oasis Of The Seas,31/12/2017,Fort Lauderdale,Eastern Caribbean,7,90.9,5400,0
CL10,Oosterdam,03/12/2017,San Diego,Mexico (Pacific),7,98.9,1848,0
CL10,Oosterdam,10/12/2017,San Diego,Hawaii,14,97.5,1848,0
CL10,Oosterdam,24/12/2017,San Diego,Mexico (Pacific),7,108.9,1848,0
CL10,Oosterdam,31/12/2017,San Diego,Mexico (Pacific),7,85,1848,0
CL14,Pacific Princess,16/12/2017,Fort Lauderdale,South America,14,99.7,688,0
CL12,Pride Of America,03/12/2017,Honolulu,Hawaii,7,102,2062,0
CL12,Pride Of America,10/12/2017,Honolulu,Hawaii,7,86.9,2062,0
CL12,Pride Of America,17/12/2017,Honolulu,Hawaii,7,114.2,2062,0
CL12,Pride Of America,24/12/2017,Honolulu,Hawaii,7,104.3,2062,0
CL12,Pride Of America,31/12/2017,Honolulu,Hawaii,7,96,2062,0
CL10,Prinsendam,21/12/2017,Fort Lauderdale,Southern Caribbean,14,95.6,786,-1
CL07,Queen Mary 2,12/12/2017,Southampton,Transatlantic,7,96,2620,0
CL07,Queen Mary 2,19/12/2017,New York,Southern Caribbean,15,105.3,2620,0
CL07,Queen Victoria,06/12/2017,Fort Lauderdale,Trans-Panama Canal,15,105.2,2014,0
CL07,Queen Victoria,21/12/2017,Los Angeles,Hawaii,14,87.3,2014,0
CL13,Regatta,16/12/2017,Los Angeles,South Pacific/Far East,21,111.6,684,0
CL10,Rotterdam,04/12/2017,Callao,Mexico (Pacific),17,92.7,1316,0
CL10,Rotterdam,21/12/2017,San Diego,Hawaii,14,80.9,1316,0
CL14,Ruby Princess,04/12/2017,Fort Lauderdale,Eastern Caribbean,7,89.2,3070,0
CL14,Ruby Princess,23/12/2017,Fort Lauderdale,Eastern Caribbean,7,82.6,3070,0
CL14,Ruby Princess,30/12/2017,Fort Lauderdale,Eastern Caribbean,7,115.7,3070,0
CL10,Ryndam,04/12/2017,Tampa,Western Caribbean,7,99.4,1266,0
CL10,Ryndam,11/12/2017,Tampa,Western Caribbean,7,109.9,1266,0
CL10,Ryndam,18/12/2017,Tampa,Western Caribbean,8,94.2,1266,-1
CL10,Ryndam,26/12/2017,Tampa,Western Caribbean,7,84,1266,0
CL14,Sapphire Princess,10/12/2017,Los Angeles,Mexico (Pacific),7,99.2,2670,0
CL14,Sapphire Princess,17/12/2017,Los Angeles,Hawaii,14,104.1,2670,0
CL14,Sapphire Princess,31/12/2017,Los Angeles,Mexico (Pacific),7,104.2,2670,0
CL17,Seabourn Spirit,26/12/2017,Fort Lauderdale,Trans-Panama Canal,14,114,208,0
CL17,Seabourn Spirit,21/12/2017,Fort Lauderdale,Trans-Panama Canal,14,125,208,0
CL18,Seadream I,11/12/2017,St. John's (AB),Southern Caribbean,6,111.5,110,0
CL18,Seadream I,17/12/2017,San Juan,Southern Caribbean,6,82.1,110,0
CL18,Seadream I,23/12/2017,San Juan,Southern Caribbean,7,94.4,110,0
CL18,Seadream I,30/12/2017,San Juan,Southern Caribbean,7,99.5,110,0
CL18,Seadream II,03/12/2017,Charlotte Amalie,Southern Caribbean,7,92.3,110,0
CL18,Seadream II,10/12/2017,Charlotte Amalie,Southern Caribbean,6,82.5,110,0
CL18,Seadream II,16/12/2017,San Juan,Eastern Caribbean,7,94.1,110,0
CL18,Seadream II,23/12/2017,Charlotte Amalie,Eastern Caribbean,7,80.1,110,0
CL18,Seadream II,30/12/2017,Charlotte Amalie,Eastern Caribbean,7,103.5,110,0
CL19,Seascape Explorer,28/12/2017,Galveston,Caribbean and South America,9,111,2750,0
CL19,Seaways Princess,01/12/2017,Miami,Caribbean and South America,18,95,2500,0
CL19,Seaways Princess,20/12/2017,San Diego,Caribbean and Amazon,16,105,2500,0
CL19,Seaways Princess,07/12/2017,Miami,Caribbean and Mexico,7,85,2500,0
CL16,Serenade Of The Seas,03/12/2017,San Juan,Southern Caribbean,7,105.9,2100,0
CL16,Serenade Of The Seas,10/12/2017,San Juan,Southern Caribbean,7,89.8,2100,0
CL16,Serenade Of The Seas,17/12/2017,San Juan,Southern Caribbean,7,119.5,2100,0
CL16,Serenade Of The Seas,24/12/2017,San Juan,Southern Caribbean,7,99.8,2100,0
CL16,Serenade Of The Seas,31/12/2017,San Juan,Southern Caribbean,7,111.5,2100,0
CL15,Seven Seas Mariner,04/12/2017,Fort Lauderdale,Southern Caribbean,12,91.2,700,0
CL15,Seven Seas Mariner,16/12/2017,Fort Lauderdale,Southern Caribbean,11,115.4,700,-1
CL15,Seven Seas Mariner,27/12/2017,Fort Lauderdale,Western Caribbean,7,111.5,700,0
CL15,Seven Seas Navigator,22/12/2017,Fort Lauderdale,Southern Caribbean,15,85.8,490,0
CL20,Silver Cloud,06/12/2017,Bridgetown,Trans-Panama Canal,16,100.5,296,0
CL20,Silver Cloud,22/12/2017,San Diego,Trans-Panama Canal,16,90,296,0
CL10,Statendam,09/12/2017,Fort Lauderdale,Trans-Panama Canal,14,97.5,1266,0
CL10,Statendam,23/12/2017,San Diego,Trans-Panama Canal,14,105.5,1266,0
CL10,Veendam,03/12/2017,New York,Bermuda,7,84.3,1266,0
CL10,Veendam,10/12/2017,New York,Bermuda,7,95.4,1266,0
CL10,Veendam,17/12/2017,New York,Bermuda,7,97.2,1266,0
CL10,Veendam,24/12/2017,New York,Bermuda,7,107.7,1266,0
CL10,Veendam,31/12/2017,New York,Bermuda,7,104.6,1266,0
CL16,Voyager Of The Seas,03/12/2017,New Orleans,Western Caribbean,7,84.1,3114,0
CL16,Voyager Of The Seas,10/12/2017,New Orleans,Western Caribbean,7,81.5,3114,0
CL16,Voyager Of The Seas,17/12/2017,New Orleans,Western Caribbean,7,112.8,3114,0
CL16,Voyager Of The Seas,24/12/2017,New Orleans,Western Caribbean,7,81.2,3114,0
CL16,Voyager Of The Seas,31/12/2017,New Orleans,Western Caribbean,7,95.5,3114,0
CL10,Westerdam,04/12/2017,Fort Lauderdale,Eastern Caribbean,7,92.2,1848,0
CL10,Westerdam,11/12/2017,Fort Lauderdale,Eastern Caribbean,7,91.8,1848,0
CL10,Westerdam,18/12/2017,Fort Lauderdale,Southern Caribbean,7,90.3,1848,0
CL10,Westerdam,26/12/2017,Fort Lauderdale,Eastern Caribbean,7,81.1,1848,0
CL21,Wind Spirit,01/12/2017,Charlotte Amalie,Southern Caribbean,7,100,148,0
CL21,Wind Spirit,09/12/2017,Charlotte Amalie,Southern Caribbean,7,90,148,0
CL21,Wind Spirit,17/12/2017,Charlotte Amalie,Southern Caribbean,7,125,148,0
CL21,Wind Spirit,25/12/2017,Charlotte Amalie,Southern Caribbean,7,95,148,0
CL21,Wind Surf,01/12/2017,Charlotte Amalie,Eastern Caribbean,7,110,308,0
CL21,Wind Surf,09/12/2017,Charlotte Amalie,Eastern Caribbean,7,120,308,0
CL21,Wind Surf,20/12/2017,Charlotte Amalie,Eastern Caribbean,7,95,308,0
CL21,Wind Surf,28/12/2017,Charlotte Amalie,Eastern Caribbean,7,85,308,0
CL10,Zuiderdam,05/12/2017,Fort Lauderdale,Southern Caribbean,11,119.2,1848,-1
CL10,Zuiderdam,16/12/2017,Fort Lauderdale,Southern Caribbean,6,86.7,1848,0
CL10,Zuiderdam,27/12/2017,Fort Lauderdale,Southern Caribbean,10,103.8,1848,-1
