Title,Last_Name,First_Name,Street,Area,Post_Code,Book_Ref,Passengers,Cruise_Type,Duration,Departure_Date,Embark,Ship
Mr,Bradshaw,Harvey,17 Sefton Gate,BURY,BL9 2PF,ECJQ0043,5,Caribbean,7,12/10/2017,Fort Lauderdale,Jubilee Queen
Mr,Carr,Isaac,18 Rushcroft Terrace,LEIGH,WN7 5KN,MEIQ1020,2,Mediterranean,7,30/08/2017,Barcelona,Island Queen
Mr,Feki,Malak,45 Mill Drive East,ROTHERHAM,S60 2XP,NFAP0340,3,Norweigian Fjords,8,21/05/2018,Southampton,Atlantic Princess
Mrs,Gathard,Sophie,23 Moorland Crescent,BLACKBURN,BB2 4DK,WCSP1024,2,Caribbean,5,12/02/2018,Galveston,Seaways Princess
Mr,Howarth,Stuart,81 Cross Lane,CHORLEY,PR7 2BS,ECJQ0044,4,Baltic,14,20/12/2017,Tampa,Jubilee Queen
Mrs,Naylor,Erin,5 Haythorn Road,BOLTON,BL1 8GH,WCSP1023,4,Caribbean,9,30/08/2017,Port Canaveral,Seaways Princess
Mr,Spiros,Vasos,2 Chapel Hill,WIGAN,WN6 2AL,ICAP0162,4,Iceland,5,19/06/2018,Newcastle,Atlantic Princess
Mr,Steffen,Jason,5 Swallow Lane,NEWPORT,NP19 1WW,ECTP1009,2,Caribbean,14,10/02/2018,Baltimore,Tawara Princess
Ms,Thompson,Yvonne,40 Reevy Road,WARRINGTON,WA3 6NC,ECTP1001,6,Caribbean,6,15/11/2017,Baltimore,Tawara Princess
Mr,Yasser,Waleed,129 Gain Lane,SALFORD,M7 3XL,BAIQ0074,2,Caribbean,10,06/12/2017,Southampton,Island Queen
