Venues,,,,,
,,,,,
,,,,,
Code,VCode,Name,Location,Capacity,Crew
ECAB2500X,,Exhibition Centre,Aberdeen,,
MHAB1453,,Music Hall,Aberdeen,,
ANBA1400,,Anvil,Basingstoke,,
ODBE7100,,Odessey Arena,Belfast,,
ATBI1347,,Alexandra Theatre,Birmingham,,
NEBI13000,,LG Arena NEC,Birmingham,,
NIBI12700,,NIA,Birmingham,,
OTBI700,,O2 Academy,Birmingham,,
SHBI2262,,Symphony Hall,Birmingham,,
KGBL2000,,King George's Hall,Blackburn,,
OHBL3000,,Opera House ,Blackpool,,
ICBO6500X,,International Centre ,Bournemouth,,
PABO1072,,Pavilion  ,Bournemouth,,
SHBO6500,,Solent Hall ,Bournemouth,,
BCBR1800,,Brighton Centre   ,Brighton,,
CHBR2075,,Colston Hall  ,Bristol,,
DOBR1800,,Dome Theatre  ,Brighton,,
HCBR870,,Hove Centre  ,Brighton,,
IABR11000,,International Arena  ,Brighton,,
LCBR1906,,Leisure Centre ,Brentwood,,
OTBR1600,,O2 Academy  ,Bristol,,
ZUBR850X,,Zuu Bar,Bradford-upon-Avon,,
EXCA1800,,Corn Exchange  ,Cambridge,,
IACA7500,,International Arena  ,Cardiff,,
RTCA2043,,Royal Theatre ,Castlebar,,
SCCA1750X,,Sands Centre  ,Carlisle,,
SDCA2000,,St Davids Hall ,Cardiff,,
THCH1000,,Town Hall  ,Cheltenham,,
RACO45000,,Ricoh Arena  ,Coventry,,
FHCR1200,,Fairfield Hall  ,Croydon,,
ARDE2000,,Assembly Rooms  ,Derby,,
DPDE100000,,Donnington Park  ,Derby,,
TDDO2100,,The Dome  ,Doncaster,,
CHDU2300,,Caird Hall  ,Dundee,,
CEED1500,,Corn Exchange  ,Edinburgh,,
PLED3056,,Playhouse   ,Edinburgh,,
UHED3000,,Usher Hall  ,Edinburgh,,
SPFE904,,Spa Pavilion  ,Felixstowe,,
LCFO1500X,,Leas Cliff Hall ,Folkestone,,
TSGA1600,,The Sage  ,Gateshead,,
AUGL3000,,Clyde Auditorium  ,Glasgow,,
BAGL5200,,Braehead Arena  ,Glasgow,,
OAGL2500,,O2 Academy  ,Glasgow,,
RCGL2500X,,Royal Concert Hall ,Glasgow,,
SAGL15000X,,SECC Arena  ,Glasgow,,
AUGR1200,,Auditorium   ,Grimsby,,
APHA5039,,Apollo   ,Hammersmith,,
ICHA2000,,International Centre  ,Harrogate,,
PAHA1500,,Palais   ,Hammersmith,,
VTHA1860,,Victoria Theatre  ,Halifax,,
WRHA1066,,White Rock Theatre ,Hastings,,
HCHO5500,,Hove Centre   ,Hove,,
ARHU2000,,Arena   ,Hull,,
CHHU1684,,City Hall  ,Hull,,
CEIP1535X,,Corn Exchange,Ipswich,,
REIP1500,,Regent,Ipswich,,
DMLE2000,,De Montfort Hall ,Leicester,,
ACLI500,,Academy   ,Liverpool,,
CALI1200,,Carling Academy  ,Liverpool,,
CCLI190,,Cavern Club  ,Liverpool,,
ETLI2348,,Empire Theatre  ,Liverpool,,
PHLI1700,,Philharmonic Hall  ,Liverpool,,
SMLI2900,,Mountfield Hall ,Liverpool,,
VCLL160,,Venue Cymru  ,Llandudno,,
AHLO7000,,Royal Albert Hall ,London,,
APLO3000,,Alexandra Palace  ,London,,
ASLO2000,,Astoria   ,London,,
BALO4921X,,Brixton O2 Academy,London,,
ECLO15000,,Earls Court,London,,
ECLO19000,,Earls Court  ,London,,
ESLO60355,,Emirates Stadium  ,London,,
EXLO20000,,ExCeL   ,London,,
HALO5039,,Hammersmith Apollo  ,London,,
HPLO50000,,Hyde Park  ,London,,
I2LO2410,,Indigo2,London,,
JCLO350,,Jazz Cafe  ,London,,
OTLO14500,,O2,London,,
PALO2286,,Palladium   ,London,,
ROLO3300,,Roundhouse   ,London,,
SBLO2000,,Shepherds Bush Empire ,London,,
WALO12750,,Wembley Arena  ,London,,
WSLO90000,,Wembley Stadium  ,London,,
APMA3500,,Apollo   ,Manchester,,
BHMA2341,,Bridgewater Hall  ,Manchester,,
CEMA9500,,Central   ,Manchester,,
LCMA50000,,Lancashire County Cricket Club,Manchester,,
MAMA19000,,MEN Arena  ,Manchester,,
OTMA76000,,Old Trafford Stadium ,Manchester,,
NBMK75000X,,National Bowl ,Milton Keynes,,
CENE2000,,Centre   ,Newport,,
CHNE2000,,City Hall  ,Newcastle,,
MRNE11400,,Metro Radio Arena ,Newcastle,,
OANE400,,O2 Academy,Newcastle,,
RCNO2451,,Rock City  ,Nottingham,,
RCNO2500,,Royal Centre  ,Nottingham,,
TANO10000,,Trent FM Arena ,Nottingham,,
NTOX1800,,New Theatre  ,Oxford,,
CHPE1600,,Concert Hall  ,Perth,,
PAPL4000,,Pavilions   ,Plymouth,,
GUPO2228,,Guildhall   ,Portsmouth,,
LAPO4000,,Lighthouse Arts Centre ,Poole,,
LCPO4000,,Lighthouse Arts Centre ,Poole,,
GUPR780,,Guildhall   ,Preston,,
HTRE1686,,Hexagon Theatre  ,Reading,,
RMRE3000,,Rivermead   ,Reading,,
CHSA900,,City Hall  ,Salisbury,,
LOSA1730,,The Lowry  ,Salford,,
ETSB2000,,Empire  ,Shepherds Bush,,
CHSH2271,,City Hall  ,Sheffield,,
HASH13500,,Hallam FM Arena ,Sheffield,,
CPSO1630,,Cliffs Pavilion  ,Southend-on-Sea,,
GUSO1749,,Guildhall   ,Southampton,,
THSO1631,,Theatre   ,Southport,,
VHST1614,,Victoria Hall  ,Stoke-on-Trent,,
EMSU2000,,Empire   ,Sunderland,,
OLSW3000,,Oasis Leisure Centre ,Swindon,,
SPSW20000X,,Singleton Park  ,Swansea,,
PTTO1491,,Princes Theatre  ,Torquay,,
ACWA2092,,Arts Centre  ,Warwick,,
CHWO3000,,Civic Hall  ,Wolverhampton,,
BCYO1949X,,Barbican Centre  ,York,,
GOYO1000,,Grand Opera House ,York,,
ZZZZ0,,Storage,London,,
