Course_Code,Activity,Type,Level,Location,Residential,Daily_Cost,Duration,Insurance
BR002,Ballooning,Air,Moderate,Bristol,No,94,10,10
BR003,Biplane Flight,Air,Moderate,Bristol,No,83,12,10
BR007,Flying Lesson,Air,Moderate,Bristol,No,66.25,8,10
BR012,Parachuting,Air,Advanced,Bristol,Yes,74,10,15
BR019,Wing Walking,Air,Extreme,Bristol,Yes,92.5,5,20
CR005,Hang Gliding,Air,Extreme,Cornwall,Yes,51.5,4,20
CR011,Motor Hang Gliding,Air,Extreme,Cornwall,Yes,57,9,20
CR012,Paragliding,Air,Advanced,Cornwall,Yes,78,7,15
CR014,Power Kiting,Air,Extreme,Cornwall,Yes,52,4,20
IR004,Helicopter Flight,Air,Moderate,Ireland,No,59,13,20
SC009,Gliding,Air,Advanced,Scotland,No,45,8,15
SC011,Gyroplane Flight,Air,Moderate,Scotland,No,94,4,10
SC015,Microlighting,Air,Moderate,Scotland,No,60,14,10
SC016,Model Flying,Air,Sedate,Scotland,Yes,52,4,0
SC025,Skydiving,Air,Extreme,Scotland,Yes,86.6,3,20
WA014,Paramotoring,Air,Advanced,Wales,Yes,80,1,15
BR006,Falconry,Animal,Sedate,Bristol,Yes,56,9,0
BR015,Sheepdog Handling,Animal,Moderate,Bristol,Yes,44,11,5
CR002,Camel Trekking,Animal,Sedate,Cornwall,No,44,2,5
CR006,Horse Riding,Animal,Moderate,Cornwall,No,88,4,10
SC006,Dog Snow Sledding,Animal,Advanced,Scotland,Yes,76,8,15
SC020,Polo,Animal,Moderate,Scotland,No,90,13,10
SC029,Wildlife Cruise,Animal,Sedate,Scotland,Yes,56,13,0
WA004,Carriage Driving,Animal,Moderate,Wales,Yes,58,3,10
WA010,Llama Trekking,Animal,Sedate,Wales,No,49,5,0
BR001,Air Rifle,Foot,Moderate,Bristol,Yes,43,2,7
BR005,Crossbow,Foot,Moderate,Bristol,Yes,98,3,7
BR009,Laser Clay,Foot,Moderate,Bristol,No,63,1,7
BR020,Ice Skating,Foot,Moderate,Bristol,Yes,69,6,7
IR009,Mountaineering,Foot,Advanced,Ireland,No,90,13,7
IR010,Obstacle Course,Foot,Moderate,Ireland,Yes,98,8,7
JR002,Archery,Foot,Moderate,Jersey,Yes,99,13,7
JR004,Clay Pigeon Shooting,Foot,Moderate,Jersey,Yes,71,2,7
JR006,Coastal Walking,Foot,Sedate,Jersey,Yes,46,4,7
JR008,Fishing,Foot,Sedate,Jersey,Yes,67,8,7
JR011,Hill Walking,Foot,Moderate,Jersey,No,76,13,20
JR014,Military Training,Foot,Advanced,Jersey,No,99,2,7
JR017,Orienteering,Foot,Moderate,Jersey,Yes,99,8,7
JR026,Treasure Hunt,Foot,Sedate,Jersey,No,60,2,7
JR027,Walking,Foot,Sedate,Jersey,Yes,72,12,7
SC010,Golf,Foot,Moderate,Scotland,Yes,83,10,7
SC014,Laser Combat,Foot,Advanced,Scotland,No,40,10,7
SC019,Nordic Walking,Foot,Moderate,Scotland,Yes,56,12,7
SC027,Survival Training,Foot,Moderate,Scotland,No,64,7,7
SC032,Snow Shoeing,Foot,Moderate,Scotland,Yes,41.2,6,7
WA006,Escape and Evasion,Foot,Extreme,Wales,Yes,48,8,7
WA013,Paintballing,Foot,Moderate,Wales,Yes,65,12,7
WA018,Shooting,Foot,Sedate,Wales,Yes,49,13,7
WA022,Ice Hockey,Foot,Moderate,Wales,No,88,1,7
CR013,Potholing,Other,Moderate,Cornwall,Yes,93,14,10
IR007,Land Navigation,Other,Sedate,Ireland,Yes,89,6,0
JR009,Group Leader Skills,Other,Advanced,Jersey,No,79,9,10
JR010,Guided Tour,Other,Sedate,Jersey,No,74,14,0
JR016,Multi Activity,Other,Advanced,Jersey,Yes,61,1,10
JR025,Team Building,Other,Moderate,Jersey,Yes,93,3,5
SC008,First Aid,Other,Sedate,Scotland,No,80,4,0
SC030,Winter Skills,Other,Moderate,Scotland,Yes,85,14,10
WA005,Caving,Other,Moderate,Wales,Yes,89,3,10
WA009,Indigenous Dwellings,Other,Sedate,Wales,Yes,81,2,5
WA011,Mine Exploration,Other,Moderate,Wales,Yes,81,2,8
BR008,Hovercraft,Thrill,Advanced,Bristol,No,63,6,15
CR003,Coasteering,Thrill,Advanced,Cornwall,Yes,49,9,15
CR004,Gorge Walking,Thrill,Advanced,Cornwall,Yes,70,12,15
IR013,Ice Diving,Thrill,Advanced,Ireland,Yes,40,14,15
IR014,Ice Surfing,Thrill,Extreme,Ireland,Yes,65,5,20
JR001,Abseiling,Thrill,Extreme,Jersey,Yes,75,12,20
JR005,Cliff Jumping,Thrill,Extreme,Jersey,No,60,13,20
JR020,Rock Climbing,Thrill,Advanced,Jersey,No,68,14,15
JR021,Scrambling,Thrill,Extreme,Jersey,No,64,11,20
JR028,Zorbing,Thrill,Extreme,Jersey,No,99,11,20
LD001,Scad Driving,Thrill,Extreme,Leeds,Yes,72,3,20
SC002,Canyoning,Thrill,Extreme,Scotland,No,80,1,20
SC003,Climbing Wall,Thrill,Advanced,Scotland,No,98,11,15
SC004,Nordic Snow Skiing,Thrill,Advanced,Scotland,Yes,97,14,15
SC012,High Ropes Course,Thrill,Extreme,Scotland,No,62,13,20
SC013,Ice Climbing,Thrill,Extreme,Scotland,Yes,95.99,5,20
SC024,Alpine Snow Skiing,Thrill,Extreme,Scotland,Yes,91.45,9,15
SC026,Snowboarding,Thrill,Advanced,Scotland,Yes,96,9,15
SC028,Snow Tobogganing,Thrill,Extreme,Scotland,Yes,52,7,20
SC031,Zip Lining,Thrill,Extreme,Scotland,Yes,49.75,4,20
SC033,Snowmobiling,Thrill,Advanced,Scotland,No,78,12,15
WA002,Bridge Swinging,Thrill,Extreme,Wales,No,80,4,20
WA003,Bungee Jumping,Thrill,Extreme,Wales,Yes,52.75,2,20
CR015,Sailing Club,Water,Moderate,Cornwall,No,59.5,3,10
CR016,Stand Up Paddle Surfing,Water,Moderate,Cornwall,No,63,2,5
CR017,Surfing,Water,Moderate,Cornwall,No,58,14,5
CR019,Water Skiing,Water,Extreme,Cornwall,Yes,83,14,20
CR020,White Water Rafting,Water,Extreme,Cornwall,Yes,88.3,8,20
CR021,Windsurfing,Water,Extreme,Cornwall,Yes,92,10,15
CR022,Zap Cat,Water,Extreme,Cornwall,Yes,78.5,6,20
IR001,Banana Rides,Water,Advanced,Ireland,No,54.2,4,10
IR002,Canoeing,Water,Moderate,Ireland,No,45,5,10
IR003,Dragonboat Racing,Water,Extreme,Ireland,Yes,50,7,20
IR006,Jet Skiing,Water,Extreme,Ireland,No,96.2,13,20
IR011,Powerboating,Water,Extreme,Ireland,No,42,2,20
IR012,Yachting,Water,Moderate,Ireland,Yes,84,12,5
JR003,Bodyboarding,Water,Moderate,Jersey,Yes,95,7,10
JR012,Kayaking,Water,Extreme,Jersey,Yes,90.5,8,15
JR018,Raft Building,Water,Moderate,Jersey,No,73,12,10
JR022,Sea Fishing,Water,Moderate,Jersey,No,57,3,5
JR023,Sea Kayaking,Water,Moderate,Jersey,Yes,61,10,5
JR024,Snorkelling,Water,Moderate,Jersey,No,53,5,5
SC001,Canal Boating,Water,Sedate,Scotland,No,63,2,10
SC005,Dinghy Sailing,Water,Moderate,Scotland,Yes,87,5,10
WA001,Boat Trip,Water,Sedate,Wales,No,94,14,0
WA016,Rowing,Water,Moderate,Wales,No,46,6,5
WA017,Scuba Diving,Water,Moderate,Wales,No,69,8,10
WA019,Swimming,Water,Moderate,Wales,No,63,14,5
WA021,Wakeboarding,Water,Moderate,Wales,Yes,59.99,2,5
BR004,Blind Driving,Wheels,Moderate,Bristol,Yes,88,2,10
BR010,Minimoto Racing,Wheels,Extreme,Bristol,Yes,90.5,4,20
BR011,Off Road Karting,Wheels,Extreme,Bristol,Yes,87.75,5,20
BR013,Reverse Steer,Wheels,Moderate,Bristol,No,95,12,5
BR014,Segway Tours,Wheels,Moderate,Bristol,Yes,43,10,5
BR016,Skid Control,Wheels,Moderate,Bristol,No,87,13,10
BR018,Track Day,Wheels,Moderate,Bristol,Yes,100,7,5
CR001,4X4 Driving,Wheels,Advanced,Cornwall,Yes,47.5,3,15
CR007,Karting,Wheels,Advanced,Cornwall,Yes,47,12,15
CR008,Kite Buggying,Wheels,Extreme,Cornwall,Yes,86.25,10,20
CR010,Monster Trucking,Wheels,Advanced,Cornwall,No,96,14,15
CR018,Tandem Biking,Wheels,Moderate,Cornwall,No,92,1,5
IR005,JCB Operation,Wheels,Moderate,Ireland,Yes,41,4,10
IR008,Military Vehicle,Wheels,Moderate,Ireland,No,58,13,10
JR007,Cycling,Wheels,Moderate,Jersey,Yes,53,10,8
JR013,Land Yachting,Wheels,Advanced,Jersey,No,56,13,15
JR015,Mountain Biking,Wheels,Advanced,Jersey,No,83,1,15
SC007,Early Drive,Wheels,Sedate,Scotland,Yes,82.5,2,10
SC017,Motor Racing,Wheels,Extreme,Scotland,Yes,69,12,20
SC018,Mountainboarding,Wheels,Advanced,Scotland,No,72.5,7,15
SC021,Quad Biking,Wheels,Extreme,Scotland,No,46,14,20
SC022,Rally Driving,Wheels,Advanced,Scotland,Yes,92,14,15
SC023,Single Seater,Wheels,Moderate,Scotland,No,62,3,10
WA007,Formula One,Wheels,Extreme,Wales,Yes,79.25,4,20
WA008,HGV Driving,Wheels,Moderate,Wales,No,75.5,4,10
WA012,Off Road Riding,Wheels,Extreme,Wales,Yes,90.5,5,15
WA015,Passenger Ride,Wheels,Moderate,Wales,Yes,82,3,10
WA020,Train Driving,Wheels,Sedate,Wales,No,84,8,5
