Last_Name,First_Name,Degree,Faculty,Start_Date,Tutor,Session_1,Session_2,Session_3,Session_4,Session_5,Site
Arnold,Sophie,Accountancy,Business School,12/09/2017,Mr H Hoggins,Academic Welcome meeting,Registration,Academic Fair,Building tour,Buffet with Alumni,Balmoral Centre
Bansal,Mohamed,History of Art,College of Fine and Applied Arts,11/09/2017,Mr S Ibbotson,Building tour,Academic Fair,Academic Welcome meeting,Buffet with Alumni,Registration,Sanford Hall
Cobos,Monim,Civil Engineering,School of Engineering,07/09/2017,Ms N Spencer,Registration,Academic Welcome meeting,Building tour,Buffet with Alumni,Academic Fair,Tobin Hall
Bazzi,Malak,Supply Chain Management,Business School,05/09/2017,Dr G Agnew,Academic Welcome meeting,Registration,Academic Fair,Building tour,Buffet with Alumni,Balmoral Centre
Bradshaw,Isaac,Farm Management,Agriculture and Environmental Sciences,04/09/2017,Mr J Fuller,Academic Fair,Building tour,Buffet with Alumni,Registration,Academic Welcome meeting,Bidgood Hall
Contreras,Ishmael,Civil Engineering,School of Engineering,13/09/2017,Mrs K Bennett,Registration,Academic Welcome meeting,Building tour,Buffet with Alumni,Academic Fair,Tobin Hall
Cunningham,Sophia,Business Administration,Business School,11/09/2017,Dr G Agnew,Academic Welcome meeting,Registration,Academic Fair,Building tour,Buffet with Alumni,Balmoral Centre
Kennedy,Bethany,Financial Planning in Agriculture,Agriculture and Environmental Sciences,05/09/2017,Ms J Gathard,Academic Fair,Building tour,Buffet with Alumni,Registration,Academic Welcome meeting,Bidgood Hall
Naser,Adel,Computer Science,School of Engineering,05/09/2017,Mr P Chapman,Registration,Academic Welcome meeting,Building tour,Buffet with Alumni,Academic Fair,Tobin Hall
Nicholson,Harriet,Finance,Business School,06/09/2017,Dr G Agnew,Academic Welcome meeting,Registration,Academic Fair,Building tour,Buffet with Alumni,Balmoral Centre
Reid,Max,Animal Sciences,Agriculture and Environmental Sciences,07/09/2017,Ms R Haynes,Academic Fair,Building tour,Buffet with Alumni,Registration,Academic Welcome meeting,Bidgood Hall
