 ,,,,,,,,,,,,
,,,,,,,,,,Date for calculation,,
,,,,,,,,,,,,
Code,First name,Second Name,Room,Email,Salary,Contract,Start day,Start Month,Start Year,Date,Days employed,Years employed
AMA,Abdulmalik,Atta,84,Abdulmalik.Atta@tawara.ac,34400,1,31,5,2006,,,
AVI,Andreea,Virna,23,Andreea.Virna@tawara.ac,27200,0.4,1,9,1998,,,
ATS,Andrianna,Tsogka,36,Andrianna.Tsogka@tawara.ac,29100,0.6,1,9,2006,,,
BMO,Bianca,Moir,45,Bianca.Moir@tawara.ac,40600,0.8,1,9,1992,,,
CTY,Carole,Tynedale,13,Carole.Tynedale@tawara.ac,37500,1,1,9,2006,,,
CNO,Charlotte,Norfolk,4,Charlotte.Nolfolk@tawara.ac,33200,1,1,9,1994,,,
CCI,Christopher,Cipkin,98,Christopher.Cipkin@tawara.ac,28500,0.4,1,9,2002,,,
CMO,Christopher,Moon,A56,Christopher.Moon@tawara.ac,35800,0.5,25,5,1995,,,
FJO,Felicia,de Jong,94,Felicia.de Jong@tawara.ac,40300,0.4,1,9,2005,,,
HSC,Holly,Scully,37,Holly.Scully@tawara.ac,37900,0.6,1,9,2010,,,
LBR,Laura,Brown,2,Laura.Brown@tawara.ac,39000,0.8,1,4,2004,,,
LAL,Laura,Allen,16,Laura.Allen@tawara.ac,31500,1,1,9,2002,,,
MOL,Muyunda,Oldham,18,Muyunda.Oldham@tawara.ac,31700,0.4,1,9,2001,,,
PHO,Pui Man,Ho,66,Pui.Ho@tawara.ac,38400,0.6,2,6,2002,,,
SCO,Sarah-Jane,Cox,47,Sarah-Jane.Cox@tawara.ac,33400,0.8,1,9,2000,,,
SKA,Siegfrid,Karg,56,Siegfrid.Karg@tawara.ac,34000,1,1,9,1984,,,
TMI,Timothy,Mitchell,A18,Timothy.Mitchell@tawara.ac,29300,1,8,9,1992,,,
VPA,Vivek,Parekh,22,Vivek.Parekh@tawara.ac,31800,1,1,9,2011,,,
XYU,Xiaodong,Yu,10,Xiaodong.Yu@tawara.ac,37000,1,1,9,2010,,,
YLO,Yu Kiu,Lo,19,Yu.Lo@tawara.ac,36200,1,1,9,2004,,,
JNZ,Jide,Nzogbia,24,J.Nzogbia@tawara.ac,37000,0.6,1,9,1999,,,
SWA,Slick,Walton,C23,Slick.Walton@tawara.ac,38400,0.6,1,9,1986,,,
LMK,Liam,McKenna,26,Liam.McKenna@tawara.ac,31500,0.2,1,9,2006,,,
KOD,Kolewole,Oduekun,29,Kolewole.Oduekun@tawara.ac,37000,1,1,9,1986,,,
HSE,Harleen,Sethi,31,Harleen.Sethi@tawara.ac,37500,1,1,1,1988,,,
LFA,Lisa,Farrugia,34,Lisa.Farrugia@tawara.ac,31800,0.4,1,9,2003,,,
MAF,Maria,Aftab,38,Maria.Aftab@tawara.ac,34000,0.5,1,9,1983,,,
HMA,Hina,Malik,43,Hina.Malik@tawara.ac,37900,0.4,3,4,2009,,,
JBA,Jade,Batten,54,Jade.Batten@tawara.ac,35800,0.6,1,9,1995,,,
ZBA,Zakir,Bashir,55,Zakir.Bashir@tawara.ac,34000,0.8,1,9,2006,,,
IHO,Isabelle,Houareau,59,Isabelle.Houareau@tawara.ac,33400,1,1,9,1999,,,
MIS,Marina,Isa,68,Marina.Isa@tawara.ac,37900,0.4,1,9,1986,,,
SEL,Siegfrid,Elert,70,Siegfrid.Elert@tawara.ac,28500,0.6,1,1,2003,,,
PHU,Padraic,Hussey,71,Padraic.Hussey@tawara.ac,27200,0.8,1,9,2012,,,
SKE,Sotiris,Keleris,B72,Sotiris.Keleris@tawara.ac,27200,1,1,9,1992,,,
SAL,Sukran,Alp,73,Sukran.Alp@tawara.ac,28500,1,1,9,2003,,,
FBL,Frederik,Bloggs,74,Frederik.Bloggs@tawara.ac,31500,1,1,9,1998,,,
PTY,Paul,Tyrell,2,Paul.Tyrell@tawara.ac,38400,0.4,16,9,1996,,,
DGE,David,Gerard,4,David.Gerard@tawara.ac,35800,0.6,1,9,2011,,,
MRA,Mahesh,Ramdeo,84,Mahesh.Ramdeo@tawara.ac,33400,0.8,1,1,2000,,,
SDV,Sarah,Del Vechio,96,Sarah.Del.Vechio@tawara.ac,31800,1,1,9,1990,,,
DLU,Diping,Lu,97,Diping.Lu@tawara.ac,37500,1,21,10,1998,,,
