Dive number,Day,Month,Year,Date,Site_ID,Boat,Lead diver,No of customers
TDS17001,2,1,2017,,CW1,Triton I,TDS0003,10
TDS17002,2,1,2017,,CP,Triton I,TDS0003,12
TDS17003,2,1,2017,,CW1,Triton I,TDS0004,7
TDS17004,2,1,2017,,CW2,Triton I,TDS0004,6
TDS17005,2,1,2017,,QU,Oystier,TDS0004,9
TDS17006,2,1,2017,,BS,Oystier,TDS0004,9
TDS17007,3,1,2017,,PG,Triton I,TDS0003,5
TDS17008,3,1,2017,,SG,Triton I,TDS0003,5
TDS17009,3,1,2017,,PC,Triton I,TDS0004,6
TDS17010,3,1,2017,,LF,Triton I,TDS0004,6
TDS17011,4,1,2017,,DT,Dive Express,TDS0018,6
TDS17012,4,1,2017,,CS,Dive Express,TDS0018,6
TDS17013,4,1,2017,,PB,Triton I,TDS0004,12
TDS17014,4,1,2017,,LF,Triton I,TDS0004,12
TDS17015,4,1,2017,,PB,Triton I,TDS0004,12
TDS17016,5,1,2017,,BS,Triton I,TDS0003,11
TDS17017,5,1,2017,,QU,Triton I,TDS0003,11
TDS17018,5,1,2017,,DE,Triton I,TDS0004,11
TDS17019,5,1,2017,,WH,Triton I,TDS0004,12
TDS17020,6,1,2017,,PG,Oystier,TDS0015,8
TDS17021,6,1,2017,,SG,Oystier,TDS0015,10
TDS17022,6,1,2017,,SD,Oystier,TDS0005,8
TDS17023,6,1,2017,,WH,Oystier,TDS0005,8
TDS17024,7,1,2017,,QU,Triton I,TDS0004,7
TDS17025,7,1,2017,,BS,Triton I,TDS0007,7
TDS17026,8,1,2017,,PG,Triton I,TDS0015,8
TDS17027,8,1,2017,,SG,Triton I,TDS0015,8
TDS17028,8,1,2017,,PC,Triton I,TDS0004,5
TDS17029,8,1,2017,,LF,Triton I,TDS0004,6
TDS17030,8,1,2017,,PB,Triton I,TDS0004,7
TDS17031,9,1,2017,,BS,Triton I,TDS0015,5
TDS17032,9,1,2017,,DE,Triton I,TDS0015,8
TDS17033,9,1,2017,,PC,Triton I,TDS0015,6
TDS17034,9,1,2017,,LF,Triton I,TDS0015,10
TDS17035,9,1,2017,,TO,Triton I,TDS0015,12
TDS17036,10,1,2017,,QU,Oystier,TDS0003,5
TDS17037,10,1,2017,,BS,Oystier,TDS0003,8
TDS17038,10,1,2017,,PC,Triton I,TDS0014,10
TDS17039,10,1,2017,,LF,Triton I,TDS0014,10
TDS17040,11,1,2017,,PG,Oystier,TDS0010,6
TDS17041,11,1,2017,,SG,Oystier,TDS0010,8
TDS17042,11,1,2017,,PB,Triton I,TDS0004,9
TDS17043,11,1,2017,,BS,Triton I,TDS0004,10
TDS17044,11,1,2017,,CA,Oystier,TDS0006,9
TDS17045,12,1,2017,,CN,Dive Express,TDS0011,6
TDS17046,12,1,2017,,CS,Dive Express,TDS0012,6
TDS17047,13,1,2017,,MA,Triton I,TDS0013,9
TDS17048,13,1,2017,,CS,Triton I,TDS0004,7
TDS17049,13,1,2017,,PG,Triton I,TDS0003,12
TDS17050,13,1,2017,,SG,Triton I,TDS0003,12
TDS17051,13,1,2017,,DE,Triton I,TDS0003,5
TDS17052,14,1,2017,,QU,Triton I,TDS0004,6
TDS17053,14,1,2017,,DE,Triton I,TDS0004,6
TDS17054,14,1,2017,,PC,Triton I,TDS0004,6
TDS17055,14,1,2017,,LF,Oystier,TDS0015,8
TDS17056,14,1,2017,,YU,Oystier,TDS0015,8
TDS17057,15,1,2017,,PB,Triton I,TDS0004,9
TDS17058,15,1,2017,,BS,Triton I,TDS0004,10
TDS17059,15,1,2017,,CP,Triton I,TDS0004,6
TDS17060,15,1,2017,,DE,Triton I,TDS0004,9
TDS17061,15,1,2017,,SD,Oystier,TDS0010,10
TDS17062,15,1,2017,,SR,Oystier,TDS0010,8
TDS17063,15,1,2017,,DT,Dive Express,TDS0018,6
TDS17064,16,1,2017,,QU,Oystier,TDS0003,5
TDS17065,16,1,2017,,BS,Oystier,TDS0003,3
TDS17066,16,1,2017,,PG,Triton I,TDS0015,10
TDS17067,16,1,2017,,SG,Triton I,TDS0015,12
TDS17068,17,1,2017,,PC,Oystier,TDS0010,5
TDS17069,17,1,2017,,LF,Oystier,TDS0010,6
TDS17070,17,1,2017,,PC,Triton I,TDS0004,12
TDS17071,17,1,2017,,DE,Triton I,TDS0004,12
TDS17072,17,1,2017,,CA,Oystier,TDS0010,2
TDS17073,18,1,2017,,DT,Dive Express,TDS0017,6
TDS17074,18,1,2017,,CS,Dive Express,TDS0017,6
TDS17075,19,1,2017,,QU,Triton I,TDS0015,7
TDS17076,19,1,2017,,BS,Triton I,TDS0015,7
TDS17077,19,1,2017,,SD,Triton I,TDS0015,7
TDS17078,19,1,2017,,CA,Triton I,TDS0015,7
TDS17079,19,1,2017,,DE,Triton I,TDS0015,7
TDS17080,20,1,2017,,PG,Triton I,TDS0004,12
TDS17081,20,1,2017,,SG,Triton I,TDS0004,12
TDS17082,20,1,2017,,DE,Triton I,TDS0004,7
TDS17083,20,1,2017,,PC,Oystier,TDS0010,11
TDS17084,20,1,2017,,LF,Oystier,TDS0010,9
TDS17085,21,1,2017,,PB,Triton I,TDS0015,6
TDS17086,21,1,2017,,BS,Triton I,TDS0015,8
TDS17087,21,1,2017,,PC,Triton I,TDS0015,9
TDS17088,21,1,2017,,LF,Triton I,TDS0015,9
TDS17089,21,1,2017,,PC,Oystier,TDS0016,5
TDS17090,21,1,2017,,LF,Oystier,TDS0016,5
TDS17091,21,1,2017,,MA,Dive Express,TDS0006,8
TDS17092,22,1,2017,,PB,Triton I,TDS0006,12
TDS17093,22,1,2017,,BS,Triton I,TDS0006,12
TDS17094,22,1,2017,,SD,Triton I,TDS0006,12
TDS17095,22,1,2017,,CA,Triton I,TDS0006,12
TDS17096,23,1,2017,,PG,Triton I,TDS0004,10
TDS17097,23,1,2017,,CS,Triton I,TDS0004,8
TDS17098,23,1,2017,,SD,Triton I,TDS0008,6
TDS17099,23,1,2017,,DE,Triton I,TDS0008,6
TDS17100,23,1,2017,,PG,Oystier,TDS0003,4
TDS17101,23,1,2017,,SG,Oystier,TDS0003,4
TDS17102,23,1,2017,,CN,Dive Express,TDS0008,6
TDS17103,23,1,2017,,CS,Dive Express,TDS0008,6
TDS17104,24,1,2017,,SF,Triton I,TDS0015,12
TDS17105,24,1,2017,,DE,Triton I,TDS0015,10
TDS17106,24,1,2017,,SD,Triton I,TDS0014,8
TDS17107,24,1,2017,,DE,Triton I,TDS0014,8
TDS17108,25,1,2017,,SF,Triton I,TDS0004,8
TDS17109,25,1,2017,,CA,Triton I,TDS0004,8
TDS17110,25,1,2017,,LF,Triton I,TDS0004,6
TDS17111,25,1,2017,,QU,Oystier,TDS0010,11
TDS17112,25,1,2017,,DE,Oystier,TDS0010,9
TDS17113,26,1,2017,,PB,Oystier,TDS0010,5
TDS17114,26,1,2017,,BS,Oystier,TDS0010,5
