Site identification,Name of the dive site,Depth,Time from jetty to dive site,Dive time
CP,Cedral Pass,S,00:06:00,00:50:00
CW1,Cedral Wall,D,00:07:00,00:45:00
CW2,Cedral Wall,S,00:07:00,00:50:00
DT,Devils Throat,D,00:34:00,00:30:00
PS,Punta Sur,D,00:35:00,00:40:00
QU,Quervonnes,D,00:21:00,00:40:00
PG,Palancar Gardens,D,00:18:00,00:40:00
SG,Palancar Gardens,S,00:18:00,00:50:00
PB,Palancar Bricks,D,00:19:00,00:40:00
BS,Palancar Bricks,S,00:19:00,00:50:00
JR,Jorges Reef,D,00:21:00,00:45:00
CD,Columbia Deep,D,00:36:00,00:40:00
CS,Columbia Shallows,S,00:34:00,01:00:00
WH,Whitehouse,S,00:05:00,00:45:00
DE,Delilah,S,00:05:00,00:45:00
LF,La Francesca,S,00:06:00,00:50:00
CA,Cassablanca,S,00:07:00,00:45:00
TO,Tormentos,S,00:12:00,00:45:00
PC,Palancar Caves,D,00:22:00,00:40:00
SC,Palancar Caves,S,00:22:00,00:50:00
SR,Santa Rosa Wall,S,00:03:00,00:45:00
SD,Santa Rosa Wall,D,00:03:00,00:40:00
SS,Santa Rosa Shallows,S,00:02:00,00:50:00
CN,Columbia Pinnacles,D,00:35:00,00:40:00
YU,Yucab,S,00:20:00,00:40:00
SF,San Fransisco Wall,D,00:10:00,00:40:00
MA,Maracaibo,D,00:40:00,00:35:00
