StaffId,GivenName,Surname,Department,Job title
LON31JHu,Jessica,Hughes,Reception,Receptionist
LON32MCo,Mollie,Cooke,Events,Travel Co-ordinator
LON33DAk,Dylan,Akhtar,Human Resources,Legal Secretary
LON34ECh,Ellis,Charlton,Executive,CEO
LON35TCo,Tom,Cooper,Events,Catering Co-ordinator
LON36LCo,Louise,Conway,Human Resources,Personel Manager
LON37ATu,Amber,Turner,Reception,Receptionist
LON38TPa,Tilly,Parkinson,Events,Venue Co-ordinator
LON39KJe,Kieran,Jennings,Executive,Director of Sales & Marketing
LON40MPe,Matilda,Peters,Studio,Audio Technician
LON41LHa,Lydia,Hamilton,Human Resources,Internal Secretary
LON42ARi,Alexandra,Richards,Studio,Audio Technician
LON43GWa,Grace,Watts,Events,Kit Manager
LON44ERo,Ethan,Rose,Studio,Video Technician
LON45ESt,Eleanor,Stone,Studio,Media Co-ordinator
LON46SHo,Sofia,Holden,Human Resources,External Secretary
LON47EWa,Elise,Walters,Sales,Research Manager
LON48LHa,Leo,Harris,Reception,Receptionist
LON49GNo,Gabriel,Noble,Human Resources,Admin Clerk
LON50SCh,Samantha,Chapman,Executive,Director of Human Resources
LON51JOc,Jordan,O'Connor,Events,Kit Staff
LON52JHo,Jack,Howells,Sales,Research Secretary
LON53LWh,Louie,Whitehead,Studio,Head of Studio
LON54MGl,Millie,Glover,Marketing,Media Secretary
LON55OCo,Olivia,Coleman,Marketing,Media Liasion
LON56LBa,Lydia,Bartlett,Reception,Head of Reception
LON57ABe,Abbie,Bennett,Sales,Promotions
LON58GOw,Georgina,Owen,Events,Electrical Operative
LON59BHu,Bethany,Hutchinson,Office,Secretary
LON60NCh,Noah,Chambers,Executive,Director of Finance
LON61MOs,Maddison,O'Sullivan,Office,Head of Office
LON62KAl,Kai,Alexander,Sales,Promotions
LON63MSt,Max,Stokes,Marketing,Secretary
LON64LLe,Luca,Lee,Office,Secretary
LON65ETh,Evie,Thornton,Events,Head of Events
LON66IGo,Isabel,Gough,Marketing,Media Manager
LON67MMy,Mia,Myers,Executive,Director of Administration
