Wages,,,,,,,,,,
,,,,,,,,,,
,,,,,,,,,,
,,,,,,,,,,
,,,,,,,,,,
,2019,Week number,8,Date,Enter date here,,,,,
,,,,,,,,,,
Office,,,Job,,,,,,,
Office code,Office name,,Job code,Job description,Rate of pay,,,,,
A,Amsterdam,,S1,Office Sales,10,,,,,
B,Brussels,,SA,Sales Assistant,8,,,,,
C,Cologne,,S2,Sales Accounts,11.9,,,,,
D,Dresden,,M2,Manufacturing,10.2,,,,,
E,Edinburgh,,D,Distribution,8,,,,,
F,Ankara,,A,Administration/Office,8,,,,,
L,London,,M1,Manufacturing,12.5,,,,,
T,Turin,,SM,Sales Manager,12.25,,,,,
Z,Zagreb,,DM,Distribution Manager,12.25,,,,,
,,,,,,,,,,
Employees,,,,,,,,,,
Payroll number,First name,Last name,Office code,Job code,Office name,Job description,Contract hours,Hours worked,Rate,Pay
SDS0001,Matthias,O'Neil,F,M1,,,25,,,
SDS0002,Alfonso,Irizarry,F,S1,,,25,,,
SDS0003,Tracy,Smith,F,M1,,,12,,,
SDS0007,Oliver,Maurer,F,S1,,,25,,,
SDS0008,Soren,Nadel,D,S1,,,25,,,
SDS0009,Lola,Oldham,D,S2,,,20,,,
SDS0010,Lu,Wang,F,S1,,,25,,,
SDS0012,Sergie,Anaya,F,S1,,,25,,,
SDS0013,Holly,White,F,M1,,,25,,,
SDS0014,Michael,Dribble,L,S1,,,25,,,
SDS0015,Pablo,Ramirez,F,M1,,,25,,,
SDS0016,Heine,Weissmuller,L,A,,,12,,,
SDS0017,Gertrude,Fischer,E,A,,,38,,,
SDS0018,Tracy,Royle,F,M1,,,30,,,
SDS0021,Summer,Kacaratchi,F,M1,,,25,,,
SDS0022,Karoline,Strauss,F,A,,,12,,,
SDS0025,Sandra,Cooper,E,S1,,,30,,,
SDS0026,Stuart,Davies,C,S1,,,25,,,
SDS0027,Jens,Maloi,L,SM,,,40,,,
SDS0028,Claire,Turner,B,S1,,,25,,,
SDS0029,Karla,Maier,F,SA,,,25,,,
SDS0033,Amy,Nichols,A,S1,,,25,,,
SDS0034,Antonio,Rangel,F,M1,,,25,,,
SDS0035,Dietmar,Strauss,Z,S1,,,25,,,
SDS0036,Graham,White,F,M2,,,25,,,
SDS0037,Pablo,Bravo,E,A,,,20,,,
SDS0038,Felix,Sankt,L,SA,,,25,,,
SDS0039,Juana,Rangel,F,M1,,,12,,,
SDS0040,Juan Carlos,Vega,F,A,,,25,,,
SDS0041,Josef,Ritter,F,M1,,,20,,,
SDS0042,Agathe,Thalberg,F,M1,,,25,,,
SDS0043,Karthilene,Platt,F,D,,,10,,,
SDS0045,Peggy,Hedges,Z,S1,,,30,,,
SDS0048,Nadine,Ross,L,D,,,12,,,
SDS0049,Peter,Damji,F,M1,,,20,,,
SDS0051,Angelina,Reliant,F,DM,,,25,,,
SDS0052,Tracy,Cushing,T,S1,,,25,,,
SDS0053,Liontin,Arrowsmith,E,D,,,12,,,
SDS0054,Taran,Hafez,F,M1,,,12,,,
SDS0055,Friederike,Trommler,Z,S1,,,25,,,
SDS0056,Kratika,Gupta,A,D,,,30,,,
SDS0057,Des,Coupland,B,D,,,30,,,
SDS0058,David,Irizarry,C,D,,,30,,,
SDS0059,Paul,Clarke,D,D,,,30,,,
SDS0060,Otmar,Weber,E,D,,,30,,,
SDS0062,Angie,White,F,D,,,25,,,
SDS0063,Adelina,Sanger,L,D,,,30,,,
SDS0064,Karl,Seiler,T,D,,,30,,,
SDS0065,Dietmar,Pabst,Z,D,,,30,,,
,,,,,,,,,,
,,,,,,,Count:,,Total:,
