Family_Name,First_Name,Course,Faculty,Course_Tutor,Int_Day,Int_Date,Int_Time,Interviewer,Site
Warner,Patrick,Accountancy,Accounting and Finance,Timothy Mitchell,Friday,28/09/2018,10:00 hours,Lewis Bates,Room T6A
Ena,Dina,Poitics and Internation Relations,History and politics,Zakir Bashir,Monday,17/09/2018,15:00 hours,Josh Williams,Careers Zone
Gupta,Luigi,Civil Engineering,Science and Engineering,Liam McKenna,Wednesday,19/09/2018,09:30 hours,Ruby Gathard,Library
Sinclair,Faith,Hospitality and Events Management,Management and Marketing,George Oldham,Thursday,20/09/2018,10:30 hours,Patrick Woodward,Study Centre
Johnson,Willow,Applied Social Studies,Education and Social Sciences,James Nelson,Monday,17/09/2018,10:00 hours,Ruby Gathard,Careers Zone
Fisher,Orla,Business Administration,Business Administration,Graham Agnew,Thursday,20/09/2018,09:30 hours,Patrick Woodward,Study Centre
Collins,Morgan,Software Engineering,Computer Science and Software Engineering,Charlotte Norfolk,Monday,17/09/2018,16:00 hours,Josh Williams,Library
Vrijdag,Hendrik,Mechanical Engineering,Science and Engineering,Christpher Gathard,Monday,24/09/2018,13:30 hours,Ruby Gathard,Room T2A
Haik,Menna,International Business Management,Management and Marketing,George Oldham,Tuesday,18/09/2018,14:30 hours,Josh Williams,Library
Valles,Miguel,Business and Tourism,Business Administration,Peter Ryder,Wednesday,19/09/2018,11:30 hours,Ruby Gathard,Careers Zone
Littlewood,Henry,Software Development for Business,Computer Science and Software Engineering,Penny Smith,Friday,21/09/2018,10:00 hours,Lewis Bates,Room T6A
,,,,,,,,,
,,,,,,,,,
,,,,,,,,,
,,,,,,,,,
,,,,,,,,,
