First_Name,Family_Name,Student_ID,Birth_Date,Faculty,Telephone,Full_Time
Janis,Martin,CIE1300520,25/10/1957,Health and Medical Sciences,5656101,-1
Pamela,Harkness,CIE2076897,20/08/1966,Media and Communication,5655601,-1
Wai Wai Hnin,Su,CIE2078019,26/08/1960,Education and Social Sciences,5656305,-1
Christine,Bell,CIE2160886,25/06/1965,Management and Marketing,5656514,-1
Muriel,Bain,CIE2741247,14/08/1956,Nursing and Midwifery,5656110,0
Craig,Brydson,CIE2910334,26/08/1969,Science and Engineering,5655507,-1
Catherine,Bell,CIE3434518,28/02/1955,Computer Science and Software Engineering,5656306,-1
Kerry,Inglis,CIE3660549,23/08/1990,Accounting and Finance,5656111,-1
Albert,Campbell,CIE4026697,27/08/1953,Business Administration,5656515,-1
Tracey,Summers,CIE4026708,28/09/1965,History and politics,5656516,0
Gail,McLaughlin,CIE4142310,27/06/1975,Economics,5656013,-1
Rebecca,Henderson,CIE4711288,27/07/1991,Health and Medical Sciences,5656307,-1
Alison,Grant,CIE5042487,06/08/1971,Media and Communication,5655501,-1
Kieran,Walker,CIE5228246,29/09/1995,Education and Social Sciences,5655713,-1
Maria,Wood,CIE5362003,10/07/1958,Management and Marketing,5656308,-1
Michael,Cohen,CIE5437801,13/05/1986,Nursing and Midwifery,5655714,-1
Marjorie,Crooks,CIE5444557,13/10/1958,Science and Engineering,5656411,-1
Peter,Guttermann,CIE5444571,07/02/1996,Computer Science and Software Engineering,5656112,-1
Irene,Dunbar,CIE5695495,03/02/1963,Accounting and Finance,5656113,0
William,Hannah,CIE5844843,06/07/1986,Business Administration,5655609,-1
Diane,Smith,CIE5905876,01/09/1963,History and politics,5655610,-1
Joanna,O'Byrne,CIE6075038,18/05/1967,Economics,5655910,-1
Sharon,Lynch,CIE6115835,07/06/1959,Health and Medical Sciences,5656014,-1
Sarah,Conway,CIE6476935,10/12/1982,Media and Communication,5656401,-1
Fiona,Thomson,CIE6482596,26/06/1982,Education and Social Sciences,5655808,0
Karen,Glendinning,CIE6482607,18/08/1965,Management and Marketing,5655611,-1
Susan,Morrison,CIE6482614,18/05/1961,Nursing and Midwifery,5655612,-1
Diane,Duff,CIE6482621,12/07/1958,Science and Engineering,5655911,0
Simon,Atkins,CIE6482639,19/07/1987,Health and Medical Sciences,5655508,-1
Richard,Parrish,CIE6482646,12/02/1953,Media and Communication,5656309,-1
Andrew,Simister,CIE6602483,23/11/1968,Education and Social Sciences,5656412,-1
Juliana,Baptista,CIE6704680,28/09/1983,Management and Marketing,5656310,-1
Lauren,Marshall,CIE6730732,08/10/1991,Nursing and Midwifery,5656015,-1
Jordan,McDowall,CIE6730757,12/02/1996,Science and Engineering,5656413,0
Shannon,McKeith,CIE6730764,30/05/1995,Computer Science and Software Engineering,5656502,0
Rachel,Oliver,CIE6730771,17/07/1988,Accounting and Finance,5656114,-1
Callum,Spencer,CIE6730789,13/02/1996,Business Administration,5655509,-1
Kerrie,Flannighan,CIE6731389,18/01/1990,History and politics,5656311,0
Sean,Wilson,CIE6731414,22/02/1997,Economics,5656414,0
Noelle,McClure,CIE6737591,25/12/1970,Health and Medical Sciences,5656517,-1
Chloe,McConnachie,CIE6738106,17/04/1997,Media and Communication,5655510,-1
Kenneth,Cook,CIE6809845,08/04/1988,Education and Social Sciences,5655613,-1
Nathan,Davidson,CIE6825600,18/01/1994,Management and Marketing,5656115,0
Emily,Robert-Sinclair,CIE6825618,26/08/1998,Nursing and Midwifery,5655912,-1
Sally,Thomson,CIE6825625,19/09/1997,Science and Engineering,5656518,-1
Hayleigh,Watson,CIE6825632,09/08/1996,Computer Science and Software Engineering,5656402,-1
Kirsty,McCabe,CIE6825657,08/12/1984,Accounting and Finance,5656519,-1
Scott,Toal,CIE6854819,28/05/1981,Business Administration,5655913,-1
Megan,Laverie,CIE6865324,09/02/1995,History and politics,5656520,-1
Ryan,Stewart,CIE6891447,02/08/1994,Economics,5656312,-1
Lynsey,Adamson,CIE6892264,17/11/1992,Health and Medical Sciences,5656210,-1
Michelle,Donnelly,CIE6892271,03/06/1982,Media and Communication,5655914,-1
Robert,Field,CIE6892289,30/03/1990,Education and Social Sciences,5655614,-1
Anna,Grace,CIE6892296,16/09/1968,Management and Marketing,5655915,-1
Christopher,Hubbard,CIE6892307,28/05/1984,Nursing and Midwifery,5656116,0
Tiree,Johnstone,CIE6892314,17/09/1997,Science and Engineering,5656211,0
Ellis,McLachlan,CIE6892321,15/09/1997,Health and Medical Sciences,5655502,-1
Callum,Morrison,CIE6892339,30/06/1997,Media and Communication,5656212,-1
Sidra,Waheed,CIE6892346,10/04/1994,Education and Social Sciences,5655615,-1
Jayne,Weir,CIE6892353,01/06/1989,Management and Marketing,5656213,0
Naomi,Whyte,CIE6892360,29/04/1993,Nursing and Midwifery,5656521,-1
Bridget,Gibson,CIE7017162,21/11/1965,Science and Engineering,5656313,-1
Jamie,Goulbourne,CIE7073759,19/04/1997,Computer Science and Software Engineering,5656016,-1
Oakley,Goulbourne,CIE7073766,19/04/1997,Accounting and Finance,5656117,-1
Jean,Bell,CIE7361811,09/09/1956,Business Administration,5656017,-1
David,Ewart,CIE7500360,17/02/1980,History and politics,5656214,-1
Margaret,Lock,CIE7642655,23/08/1963,Economics,5656415,-1
Fiona,Herron,CIE7642662,13/09/1967,Health and Medical Sciences,5656403,-1
Donald,Ritchie,CIE7766119,09/01/1957,Media and Communication,5656018,-1
Tracy,McKay,CIE7875848,26/10/1970,Education and Social Sciences,5656118,-1
Saima,Ahmad,CIE7982031,21/11/1998,Health and Medical Sciences,5656302,-1
Shiraz,Ahmed,CIE7982049,28/04/1999,Economics,5656532,-1
Abdullah,Akhtar,CIE7982056,13/07/1999,Accounting and Finance,5655718,-1
Wajiha,Shah Zahara,CIE7982063,11/01/1999,Management and Marketing,5656023,-1
Ruhena,Begum,CIE7982070,27/06/1999,Economics,5656422,-1
Tahmeema,Begum,CIE7982088,29/01/1999,Computer Science and Software Engineering,5656421,-1
Zenib,Bibi,CIE7982095,09/09/1998,Education and Social Sciences,5655719,-1
Kezia,Brown,CIE7982106,17/09/1998,Science and Engineering,5655801,-1
Fahima,Bushra,CIE7982120,22/07/1999,Business Administration,5655720,-1
Katie,Daniels,CIE7982145,30/09/1998,Management and Marketing,5656005,-1
Ayman,Dilshad,CIE7982152,23/10/1998,Health and Medical Sciences,5655503,-1
Janeth,Farooq,CIE7982177,28/05/1999,Media and Communication,5656529,-1
Mohammed,Gohar,CIE7982191,14/09/1998,Computer Science and Software Engineering,5655918,-1
Tara,Hussain,CIE7982202,24/01/1999,Science and Engineering,5656025,-1
Luis,Hernandez,CIE7982227,26/01/1999,Nursing and Midwifery,5655917,-1
Kiran,Kabir,CIE7982241,16/10/1998,Management and Marketing,5656530,-1
Muhammed,Khan,CIE7982266,12/12/1998,History and politics,5656531,-1
Jabbed,Meraj,CIE7982273,08/08/1999,History and politics,5655813,-1
Amir,Miah,CIE7982280,12/08/1999,Education and Social Sciences,5656024,-1
Samuel,Phillips,CIE7982298,18/02/1999,Science and Engineering,5656533,-1
Abdur,Rahman,CIE7982309,24/03/1999,Media and Communication,5656320,-1
Areej,Rehman,CIE7982316,09/02/1999,Education and Social Sciences,5655717,-1
Haider,Saleem,CIE7982323,08/10/1998,Health and Medical Sciences,5655902,-1
Ayesha,Sultana,CIE7982330,11/08/1999,Media and Communication,5656121,-1
Jamie,Taylor,CIE7982355,07/05/1999,Business Administration,5655919,-1
Alisha,Yasin,CIE7982362,22/08/1999,Nursing and Midwifery,5655617,-1
Nidah,Zahra,CIE7982387,08/05/1999,Media and Communication,5656022,-1
Humayra,Zaman,CIE7982394,09/12/1998,Nursing and Midwifery,5656420,0
Jake,Dawson,CIE8137104,26/03/1999,Management and Marketing,5655809,-1
Alicia,Burgess,CIE8152088,25/07/1999,Nursing and Midwifery,5656522,-1
Danny,Clayton,CIE8152095,17/01/1999,Science and Engineering,5656215,-1
Christina,Munro,CIE8152106,10/06/1999,Computer Science and Software Engineering,5655810,-1
Josh,O'Shea,CIE8152120,30/06/1999,Accounting and Finance,5656523,-1
Thora,Weissmuller,CIE8152138,29/08/1999,Business Administration,5656416,0
Nathan,Wilson,CIE8152152,01/04/1999,History and politics,5656417,-1
Corey,Devine,CIE8190167,06/10/1998,Economics,5655511,-1
Luke,Postlethwaite,CIE8202025,25/09/1998,Health and Medical Sciences,5656002,-1
Nazmin,Aktar,CIE8202452,01/02/1999,Management and Marketing,5656321,-1
Wajeekha,Ali,CIE8202477,08/02/1999,Education and Social Sciences,5656004,-1
Tahmina,Aliya,CIE8210449,20/08/1999,Accounting and Finance,5656026,-1
Olivia,Merrifield,CIE8256101,15/07/1999,Media and Communication,5655715,0
Stephen,Clarke,CIE8266355,21/10/1998,Education and Social Sciences,5655811,-1
Alejandro,Gunawardena,CIE8266362,07/06/1999,Management and Marketing,5656524,-1
Morgan,Prout,CIE8280853,06/05/1999,Nursing and Midwifery,5656314,-1
Callum,Hazzard,CIE8298965,09/01/1999,Science and Engineering,5656315,-1
Julie,Waterhouse,CIE8537963,18/02/1999,Nursing and Midwifery,5656202,-1
Muqdhas,Ahmed,CIE9121409,06/12/2000,Science and Engineering,5655903,-1
Zohaib,Ahmed,CIE9121416,02/11/2000,Health and Medical Sciences,5656405,-1
Rashad,Ali,CIE9121423,08/04/2001,Science and Engineering,5656007,-1
Sikander,Ali,CIE9121430,12/04/2001,Health and Medical Sciences,5656204,-1
Mian,Ashram,CIE9121448,09/12/2000,Science and Engineering,5656103,-1
Mobashar,Hussain,CIE9121455,20/11/2000,Computer Science and Software Engineering,5655602,-1
Malik Usama,Khan Parveen,CIE9121462,23/10/2000,Education and Social Sciences,5655701,-1
Basil,Khan,CIE9121494,04/03/2001,Media and Communication,5655702,-1
Muhammed,Khan,CIE9121505,03/03/2001,Management and Marketing,5655901,-1
Hanzala,Mehmood,CIE9121537,24/04/2001,Nursing and Midwifery,5655905,-1
Mohammed,Rahman,CIE9121544,27/12/2000,Economics,5656303,-1
Hammad,Rahman,CIE9121551,02/02/2001,Management and Marketing,5656201,-1
Muthiur,Rahman,CIE9121569,10/05/2001,History and politics,5656006,-1
Sehrish,Razzaq,CIE9121576,01/05/2000,Nursing and Midwifery,5656503,-1
Khaleel,Rehman,CIE9121583,07/12/2000,Accounting and Finance,5656504,0
Zach,Worrall,CIE9121590,14/02/2001,Media and Communication,5655904,-1
Mohammad,Yousaf,CIE9121601,21/06/2001,Education and Social Sciences,5655803,0
Sufyaan,Zaman,CIE9121619,16/08/2001,Business Administration,5656203,-1
Ian,Bridge,CIE9359271,23/08/2000,Health and Medical Sciences,5656418,-1
Michael,Donoghue,CIE9359289,11/10/1999,Media and Communication,5656019,-1
Ryan,Doyle,CIE9359296,16/11/1999,Education and Social Sciences,5656119,-1
Charlie,Featherstone,CIE9359307,28/10/1999,Management and Marketing,5656316,-1
Luke,Hayes,CIE9359314,14/02/2000,Nursing and Midwifery,5656317,-1
Drew,Johnson,CIE9359321,29/11/1999,Science and Engineering,5656404,-1
Owen,Kenealy,CIE9359339,11/04/2000,Computer Science and Software Engineering,5656216,-1
Jessica,Mark,CIE9359346,23/01/2000,Accounting and Finance,5655812,-1
Megan,Mather,CIE9359353,07/05/2000,Business Administration,5656120,-1
Alisha,McLaughlan,CIE9359360,22/10/1999,History and politics,5656525,-1
Alex,Munro,CIE9359378,05/08/2000,Economics,5656318,-1
Megan,Noonan,CIE9359385,26/11/1999,Health and Medical Sciences,5655716,0
Kyle,O'Boyle,CIE9359392,14/01/2000,Media and Communication,5655916,-1
Megan,Owen,CIE9359403,20/09/1999,Education and Social Sciences,5656526,-1
Carl,Power,CIE9359410,04/10/1999,Management and Marketing,5656527,-1
Kelly,Rowlands,CIE9359428,09/12/1999,Nursing and Midwifery,5656020,-1
Tasha,Smith,CIE9359435,25/03/2000,Science and Engineering,5656003,-1
Jamie,Thompson,CIE9359442,31/08/2000,Computer Science and Software Engineering,5656217,-1
Kyle,Tonge,CIE9359467,15/08/2000,Accounting and Finance,5655616,-1
Callum,Whitfield,CIE9359481,20/01/2000,Business Administration,5656021,0
Jordan,Williams,CIE9359499,31/08/2000,History and politics,5656319,-1
Nathan,Wood,CIE9359517,10/01/2000,Economics,5656419,-1
Ryan,Worrall,CIE9359524,21/10/1999,Health and Medical Sciences,5656528,0
Ruby,Hollingsworth,CIE8509750,04/12/1962,Education and Social Sciences,5643215,-1
