Podcast planning grid,,,,,,,
For the band Lyryx,,,,,,,
,,,,Start time,,Duration,
Sequence,Track Code,Album,Track,Minutes,Seconds,Minutes,Seconds
1,,,Intro,0,0,0,25
10,,,Interview,,,1,12
16,,,Plenary,,,0,42
7,,,Soundbyte,,,0,20
4,,,History,,,0,37
13,,,Plans,,,0,30
9,Lyr0305BR,,,,,3,10
2,Lyr0306BR,,,,,3,2
3,Lyr0105RR,,,,,2,41
6,Lyr0210MR,,,,,2,25
5,Lyr0715BC,,,,,3,0
14,Lyr0803RC,,,,,3,12
15,Lyr0403ID,,,,,1,15
8,Lyr0408MR,,,,,3,20
12,Lyr0705BC,,,,,2,40
11,Lyr0716RC,,,,,2,52


Type of music,Rating,,,,,,
