Album,Number,1,2,3,4,5,6,7,8
,Name,Lyryx,Seconds out,Lyryx III,Four down,Rockin' L,Six and out,Seventh Livin',Octoryx
Track,1,Marmalade,Bonanza,Lyrycal blues,Symphonia part 1,To L and back,Hit back,Scratch the outside,Late for bed
,2,Wax Lyryxal,Haley's Comet,X marks the spot,Drum or no...,Alphabetic frenetic,Thrills and spills,LAN or WAN,Naughty daughter
,3,Dove,Falling star,Devon nights,Bass desire,Dizzy heights,Happy nation,Digital divide,Karlamonster
,4,Clownin' around,Bound,Awash,Follow my lead,Jamie's gone,Tango forever,The technician,Low cloud
,5,Silhouette,34,Crimean sun,Symphonia part 2,Crucible,Work with me,Energy field,Banal bay
,6,Stairway to my office,Cover me with rose petals,Long hop,Jam,Minotaurs part 1,Seriously,Olive Oil,Snow filled heart
,7,Plectrums fire,Torid night,Gaellic lust,Symphonia part 3,Butterfies and Minotaurs,Driving classic,Network my heaven,Ice n'spice
,8,Basillica,Crown of thorns,Fair sunset,Symphonia part 4,Israel the cat,Cool babe,Too young,Its all over
,9,,Tornado,A long farewell,Symphonia part 5,Two button suit,Rainbow warrior,Magic Gel,
,10,,Opus 45,Too late,,Red Abyss,Madela's party,Double No,
,11,,Nirvana,Adieu,,Golden moon,,Sciatic pulsing,
,12,,Rock it my way,,,Live forever,,Wave or pulse,
,13,,Ensemble,,,Sundown,,Hybrid,
,14,,Bonanza,,,,,Cynical road,
,15,,,,,,,Prelude to love,
,16,,,,,,,Deep down,
