Vessel_Name,Port_ID,Admin_Port,Home_Port,Length,Tonnage,Hull,Build_Country,Shellfish,Scallop
AALSKERE,K373,KIRKWALL,KIRKWALL,33.89,532,STEEL,POL,N,N
AALTJE ADRIAANTJE,PZ198,NEWLYN,NEWLYN,28.6,125,STEEL,NLD,N,Y
ABBIE JAYNE,LN454,LOWESTOFT,LEIGH-ON-SEA,13.94,20.65,STEEL,GBR,N,Y
ABBIE LEE,WY211,SCARBOROUGH,WHITBY,18.25,80,STEEL,UNK,N,N
ABILITY,N294,BELFAST,KILKEEL,23.06,111,STEEL,GBR,N,N
ABOUT TIME,PE8,MILFORD HAVEN,HOLYHEAD,11.9,16.24,WOOD,GBR,N,Y
ACADEMUS,BA817,AYR,KIRKCUDBRIGHT,16.11,66,STEEL,GBR,N,Y
ACCORD,BCK262,BUCKIE,BUCKIE,21.03,126,UNKNOWN,UNK,N,N
ACCORD III,CN67,PORTREE,KYLE,12.15,23.07,WOOD,GBR,N,N
ACHIEVABLE,YH15,LOWESTOFT,GREAT YARMOUTH,10.82,4.27,WOOD,GBR,N,N
ACHIEVE,FR100,FRASERBURGH,FRASERBURGH,19.36,129,WOOD,GBR,N,N
ACHIEVE,BF223,FRASERBURGH,MACDUFF,24.8,309,STEEL,GBR,N,N
ACHIEVE,SY75,STORNOWAY,GRIMSAY,10.24,12.33,WOOD,GBR,Y,N
ACORN,INS237,PETERHEAD,PETERHEAD,25.94,177,STEEL,DNK,N,N
ADAPTABLE,HL41,NORTH SHIELDS,NORTH SHIELDS,14.04,17.09,WOOD,GBR,N,N
ADENIA,LK193,LERWICK,WHALSAY AND SKERRIES,61.9,1776,STEEL,NOR,N,N
ADMIRAL BLAKE,PH440,PLYMOUTH,PLYMOUTH,22.2,136,STEEL,NLD,N,N
ADMIRAL GORDON,PH330,PLYMOUTH,PLYMOUTH,22.21,137,STEEL,NLD,N,N
ADMIRAL GRENVILLE,PH550,PLYMOUTH,PLYMOUTH,23.97,152,STEEL,NLD,N,N
ADORATION II,CN78,CAMPBELTOWN,CAMPBELTOWN,12.24,19.74,WOOD,GBR,N, 
ADORNE II,FR220,PETERHEAD,PETERHEAD,27,269,STEEL,GBR,N,N
ADVANCE,WY77,NORTH SHIELDS,NORTH SHIELDS,26.54,251,STEEL,GBR,N,N
ADVENTURER II,INS8,LOCHINVER,LOCHINVER,23.95,337,STEEL,ESP,N,N
AEOLUS,BA808,AYR,TROON,13.67,34.27,STEEL,GBR,N,Y
AJAX,TO32,NEWLYN,NEWLYN,16.98,74,WOOD,GBR,Y,N
AKELA,RX30,HASTINGS,RYE,12.19,22.93,WOOD,GBR,N,Y
ALASKA,LK707,LERWICK,LERWICK,11.99,24.63,STEEL,GBR,Y,Y
ALBION,DS10,AYR,BALLANTRAE,34.9,375,STEEL,BEL,N,Y
ALBION,FD170,FLEETWOOD,FLEETWOOD,12.17,19.9,WOOD,GBR,N,N
ALEX C,BRD18,PORTREE,PORTREE,11.8,22.11,WOOD,GBR,N,N
ALGRIE,PZ199,NEWLYN,NEWLYN,26.2,121,STEEL,NLD,N,Y
ALISA,OB26,BELFAST,ARDGLASS,16.61,41,WOOD,GBR,N,N
ALISON KAY,LK57,LERWICK,LERWICK,23.95,246,STEEL,DNK,N,N
ALISON MARIE,K420,KIRKWALL,TINGWALL,11.14,11.17,FIBRE GLASS,GBR,Y,Y
ALISON MARY,N308,BELFAST,ARDGLASS,12.19,25.7,FIBRE GLASS,GBR,N,N
ALLEGIANCE,SH90,SCARBOROUGH,SCARBOROUGH,25.89,206,STEEL,GBR,N,N
ALLIANCE,CN207,CAMPBELTOWN,CAMPBELTOWN,16.76,51,WOOD,GBR,N,N
ALPHA,SY409,BELFAST,PORTAVOGIE,16.52,41,WOOD,UNK,N,N
ALTAIRE,LK429,LERWICK,NORTHMAVINE,76.43,2809,STEEL,NOR,N,N
AMADEUS,TH7,BRIXHAM,BRIXHAM,24.5,258,STEEL,GBS,Y,N
AMANDA,RO23,PLYMOUTH,PLYMOUTH,11.52,26.47,STEEL,GBR,N,N
AMANDA JANE,TH420,POOLE,WEYMOUTH,11.2,19.24,FIBRE GLASS,GBR,Y,N
AMBER J,BM224,BRIXHAM,BRIXHAM,23.98,89,STEEL,NLD,N,Y
AMBITIOUS,B420,BELFAST,PORTAVOGIE,21,68,WOOD,GBR,N,N
AMETHYST,BF19,FRASERBURGH,FRASERBURGH,19.05,167,STEEL,GBS,N,N
AMETHYST,SY305,KIRKWALL,TINGWALL,10.97,12.08,FIBRE GLASS,GBR,Y,N
AMETHYST,BA123,MALLAIG,BANGOR (CO. DOWN),14.76,31.01,WOOD,GBS,N,Y
AMITY,N444,BELFAST,KILKEEL,10.57,13.02,WOOD,UNK,Y,Y
AMITY II,PD177,PETERHEAD,PETERHEAD,21.23,132,STEEL,OTH,N,N
AMY BLUE,GU116,PLYMOUTH,GUERNSEY,14.33,32.13,UNKNOWN,IRL,N,N
AMY HARRIS III,CN35,CAMPBELTOWN,CARRADALE,19.92,75,WOOD,GBR,N,N
AMY R,E495,BRIXHAM,EXMOUTH,14.97,39.02,STEEL,GBR,N,Y
ANA MARIA,LN478,GRIMSBY,GRIMSBY,13.28,27.3,STEEL,GBR,Y,Y
ANDREA,PD126,SCARBOROUGH,SCARBOROUGH,39.94,387,STEEL,NLD,N,N
ANDRIAS,N470,BELFAST,KILKEEL,18.3,66,WOOD,GBR,N,Y
ANGEL EMIEL,BM55,BRIXHAM,BRIXHAM,23.99,159,STEEL,NLD,N,Y
ANGELENA,SM271,BRIXHAM,BRIXHAM,13.99,29.61,WOOD,UNK,N,Y
ANGELLE MARIE,SU233,POOLE,PORTSMOUTH,10.42,6.2,FIBRE GLASS,GBS,Y,N
ANGUS ROSE III,ME19,CAMPBELTOWN,CARRADALE,15.18,36,WOOD,GBR,N,Y
ANITRA,WK50,SCRABSTER,SCRABSTER,11.29,12.95,FIBRE GLASS,GBR,Y,N
ANN MARIE II,CY20,STORNOWAY,SOUTH UIST & ERISKAY,10.26,14.56,FIBRE GLASS,UNK,N,N
ANN VIRGINIA,J204,PLYMOUTH,JERSEY,10.73,16.07,UNKNOWN,UNK,Y,N
ANNE SCOTT,GY150,NORTH SHIELDS,HARTLEPOOL,18.03,71,UNKNOWN,DNK,N,N
ANNE THIERRY,M199,MILFORD HAVEN,MILFORD HAVEN,17.07,46,WOOD,UNK,Y,N
ANNEGINA,PD43,PETERHEAD,PETERHEAD,42,477,STEEL,NLD,N,N
ANNIE,B988,BELFAST,RED BAY,14.84,57.48,STEEL,GBR,Y,N
ANSGAR,E104,NORTH SHIELDS,NORTH SHIELDS,36.6,435,STEEL,ESP,N,N
ANTARCTIC II,LK145,LERWICK,WHALSAY AND SKERRIES,61.9,1771,STEEL,NOR,N,N
ANTARES,B407,BELFAST,KILKEEL,22.8,151,WOOD,GBR,N,N
ANTARES,K268,KIRKWALL,KIRKWALL,12.77,28.25,STEEL,GBR,N,Y
ANTARES,LK419,LERWICK,WHALSAY AND SKERRIES,72.8,2060,STEEL,NOR,N,N
ANTARES,KY23,PITTENWEEM,ANSTRUTHER,10.05,5.54,WOOD,GBR,N,N
ANTARES II,LN57,GRIMSBY,KINGS LYNN,17.86,44,WOOD,UNK,N,Y
ANTARIES,BF27,FRASERBURGH,FRASERBURGH,16.7,106,STEEL,RUS,N,N
APOLLO,INS179,KINLOCHBERVIE,KINLOCHBERVIE,23.95,246,STEEL,DNK,N,N
AQUARIA,K232,STORNOWAY,GRIMSAY,15.52,42,STEEL,GBR,Y,Y
AQUARIUS,BF89,FRASERBURGH,MACDUFF,20.8,189,STEEL,GBR,N,N
AQUARIUS,BH456,NORTH SHIELDS,AMBLE,13.71,33.14,STEEL,NOR,N,Y
AQUARIUS,CY34,STORNOWAY,STORNOWAY,19.84,92,WOOD,GBR,N,N
AQUILA,DH10,BRIXHAM,BRIXHAM,14.95,59.29,STEEL,GBR,Y,Y
AQUINIS,BA500,AYR,KIRKCUDBRIGHT,18.27,96,STEEL,GBR,N,Y
ARCANE,N907,BELFAST,KILKEEL,24.45,158,STEEL,GBR,N,N
ARCTIC MOON,BA847,AYR,AYR,12.41,18.59,WOOD,UNK,N,Y
ARCTIC WARRIOR,H176,GRIMSBY,HULL,55.5,1621,STEEL,NOR,N,N
ARCTURUS,INS167,BUCKIE,HOPEMAN,24.56,192,STEEL,GBS,N,N
ARCTURUS,UL300,EYEMOUTH,EYEMOUTH,13.1,26.5,WOOD,GBR,Y,N
ARCTURUS,LK59,LERWICK,WHALSAY AND SKERRIES,26,302,STEEL,GBR,N,N
ARDENT,LK472,LERWICK,LERWICK,22.8,136,STEEL,SWE,N,N
ARDENT II,INS127,BUCKIE,HOPEMAN,26.7,251,STEEL,GBR,N,N
ARGENT,B900,BELFAST,PORTAVOGIE,20.73,96,WOOD,GBR,N,N
ARGO,BA809,AYR,KIRKCUDBRIGHT,13,21.69,STEEL,GBR,N,Y
ARGOSY,BA804,AYR,KIRKCUDBRIGHT,18.25,96,STEEL,GBR,N,Y
ARLANDA,N306,BELFAST,KILKEEL,18.43,68,WOOD,DNK,N,N
ARMAVEN UNO,M1170,MILFORD HAVEN,VIGO,31.65,268,STEEL,ESP,N,N
ARNBORG,LK172,ULLAPOOL,ULLAPOOL,16.2,46,WOOD,GBS,N,Y
ARTEMIS,WY809,NORTH SHIELDS,NORTH SHIELDS,23.13,131,STEEL,GBR,N,N
ARTEMIS,INS564,PETERHEAD,PETERHEAD,27.69,399,STEEL,GBR,N,N
ASKARI,BA17,AYR,KIRKCUDBRIGHT,13.27,21.81,STEEL,GBR,N,Y
ASPIRE,B903,BELFAST,PORTAVOGIE,22.66,138,WOOD,GBR,N,Y
ASPIRE II,CE1,BELFAST,PORTAVOGIE,12.18,24.13,WOOD,GBR,N,N
ASTERIA,BRD250,PORTREE,PORTREE,16.04,108,WOOD,GBR,N,N
ASTHORE,PZ182,NEWLYN,NEWLYN,13.92,31.95,UNKNOWN,UNK,N,N
ASTRA III,SY153,STORNOWAY,STORNOWAY,22.44,134.94,WOOD,GBS,N,N
ATHENA M,SY201,STORNOWAY,MILFORD HAVEN,14.1,42.63,WOOD,GBR,Y,N
ATLANTA II,PW82,SCARBOROUGH,SCARBOROUGH,11.75,23.34,WOOD,GBR,Y,N
ATLANTIA II,LK502,LERWICK,SNIZORT,12.19,20.55,WOOD,GBR,N,N
ATLANTIC,N258,BELFAST,KILKEEL,20.4,112,STEEL,FRA,N,N
ATLANTIC CHALLENGE,PD197,PETERHEAD,PETERHEAD,40,611,STEEL,GBR,N,N
ATLANTIC PRINCESS,H90,GRIMSBY,UNSPECIFIED DUTCH PORT,97.75,3229,STEEL,NLD,N,N
ATLANTIS BELLE,N80,AYR,KIRKCUDBRIGHT,18.27,72,STEEL,GBR,N,Y
ATLAS,CN258,CAMPBELTOWN,CAMPBELTOWN,16.79,66,WOOD,GBR,N,Y
ATLAS,FR101,FRASERBURGH,FRASERBURGH,20.8,173,WOOD,GBR,N,N
ATTAIN II,PD332,PETERHEAD,PETERHEAD,26,172,UNKNOWN,GBR,N,N
AUBRETIA,BCK32,CAMPBELTOWN,CAMPBELTOWN,18.23,116,WOOD,GBR,N,N
AUBRIETIA,B58,BELFAST,PORTAVOGIE,21.33,126,WOOD,GBR,N,N
AUDACIOUS,BF83,FRASERBURGH,MACDUFF,27.6,437,STEEL,ESP,N,N
AUDREY PATRICIA,LN89,GRIMSBY,KINGS LYNN,13.55,27.73,STEEL,NLD,Y,N
AUDRINA,LN483,GRIMSBY,GRIMSBY,13.65,29.95,STEEL,GBR,N,Y
AUK,UL554,ULLAPOOL,ULLAPOOL,11.02,8.03,FIBRE GLASS,GBR,N,N
AURELIA,BF15,PETERHEAD,PETERHEAD,19,179,STEEL,GBR,N,N
AVALON,CN375,AYR,MILFORD HAVEN,14.63,47.11,STEEL,GBR,N,Y
AVALON II,CN690,CAMPBELTOWN,CARRADALE,13.77,25.36,STEEL,GBR,N,Y
AVOCET,FR162,FRASERBURGH,FRASERBURGH,17.31,100,WOOD,GBR,N,N
AYR DAWN,FD522,AYR,TROON,31.26,226,STEEL,GBR,Y,N
AYR QUEEN,AR94,AYR,CORUNNA,32.31,290,STEEL,GBR,N,N
AZALEA,LH37,ULLAPOOL,ULLAPOOL,11.49,15.06,WOOD,GBR,N,N
AZTEC,BA224,AYR,KIRKCUDBRIGHT,16.15,59,STEEL,GBR,N,Y
AZULA,BA70,AYR,KIRKCUDBRIGHT,17.13,66,STEEL,UNK,N,Y
AZURE,WK668,SCRABSTER,JOHN O GROATS,10.55,8.09,FIBRE GLASS,GBR,Y,N
BAFFIN BAY,M1033,MILFORD HAVEN,VIGO,60.82,1871,STEEL,ESP,N,N
BALCARY,MT120,NORTH SHIELDS,NORTH SHIELDS,13.95,26.91,WOOD,FRA,N,Y
BARBARA ANNE,LH38,NORTH SHIELDS,WHITEHAVEN,11.92,30.75,STEEL,GBR,N,N
BARENTSZEE,BM361,BRIXHAM,BRIXHAM,30.55,249,STEEL,BEL,N,Y
BARNACLE III,CY97,ULLAPOOL,ULLAPOOL,11.35,12.69,FIBRE GLASS,GBR,N,N
BEACHY HEAD,NN748,HASTINGS,EASTBOURNE,11.83,16.29,FIBRE GLASS,GBR,Y,N
BECKY LOU,BM112,BRIXHAM,BRIXHAM,23.98,119.62,STEEL,NLD,N,Y
BELINDA II,K7,ULLAPOOL,ULLAPOOL,11.6,13.92,FIBRE GLASS,GBR,N,Y
BEL-STERK,LN95,GRIMSBY,KINGS LYNN,15.63,29,WOOD,NLD,N,N
BEN LOYAL,WK3,NEWLYN,NEWLYN,21.22,66,WOOD,UNK,N,N
BENAIAH IV,B350,BELFAST,KILKEEL,20.34,104,STEEL,FRA,N,N
BENARKLE,PD400,PETERHEAD,PETERHEAD,17.99,171,STEEL,GBR,N,Y
BERLEWEN,PW1,NEWLYN,PADSTOW,14.97,45.73,UNKNOWN,GBR,Y,Y
BETTY G II,E316,BRIXHAM,EXMOUTH,11.95,28.7,STEEL,GBR,N,Y
BILLY ROWNEY,PZ532,NEWLYN,NEWLYN,31.86,187,STEEL,NLD,N,Y
BLACK JACK,GY1463,GRIMSBY,GRIMSBY,13.2,18.29,STEEL,BEL,N,N
BLAIDD,M5,MILFORD HAVEN,NEYLAND,12.1,12.71,STEEL,GBR,Y,Y
BLUE GATE,BM254,AYR,UNSPECIFIED SPANISH PORT,38.59,324,STEEL,ESP,N,N
BLUE SKY,BCK215,BUCKIE,BUCKIE,13.4,27.66,STEEL,GBR,N,N
BOBBIE DEE II,FH322,NEWLYN,RIVER FAL-FALMOUTH,10.82,11.94,FIBRE GLASS,GBR,N,Y
BOLT HEAD QUEEN,SE27,POOLE,SELSEY,11.71,9.9,WOOD,GBR,Y,N
BOLTBY,M1036,MILFORD HAVEN,CORUNNA,37.93,325,STEEL,GBR,N,N
BON ACCORD,BM367,PLYMOUTH,PLYMOUTH,14.93,29.41,STEEL,GBR,N,Y
BONA FIDE,N189,BELFAST,KILKEEL,25.41,155,STEEL,NLD,N,N
BONAVENTURE,INS325,BELFAST,ARDGLASS,19.88,62,WOOD,GBR,N,N
BONAVENTURE,LH111,EYEMOUTH,EYEMOUTH,21.78,154,WOOD,GBR,Y,N
BONNIE LASS,B984,BELFAST,PORTAVOGIE,14.63,27.07,WOOD,DNK,N,Y
BONNIE LASS III,MT126,NORTH SHIELDS,WHITEHAVEN,16.45,37,WOOD,GBR,N,Y
BORDER LASSIE,BH44,NORTH SHIELDS,MARYPORT,13.41,25.85,WOOD,GBR,N,Y
BORDER QUEEN,BH155,NORTH SHIELDS,BLYTH,11.03,6.91,WOOD,GBR,Y,N
BOSCASTLE PEGANINA,PW289,NEWLYN,NEWQUAY,10.05,12.07,FIBRE GLASS,GBR,Y,N
BOSLOE,PH122,PLYMOUTH,PLYMOUTH,14.39,23.59,WOOD,GBR,Y,N
BOUNTEOUS,N942,BELFAST,ARDGLASS,19.79,88,WOOD,GBR,N,N
BOUNTIFUL,B37,BELFAST,ARDGLASS,18.5,93,WOOD,GBR,N,N
BOUNTIFUL,BF79,FRASERBURGH,FRASERBURGH,21.1,112,WOOD,GBR,N,N
BOY ANDREW,N179,BELFAST,ARDGLASS,16.27,63,WOOD,GBR,N,N
BOY ANDREW,LH316,EYEMOUTH,ST ABBS,12.17,19.63,WOOD,GBR,N,N
BOY ANDREW,WK170,SCRABSTER,WICK,26.61,235,STEEL,GBR,N,N
BOY BRYAN,B756,BUCKIE,LOSSIEMOUTH,11.35,6.12,STEEL,GBR,N,N
BOY DARREN,CY190,STORNOWAY,STORNOWAY,17.02,54,WOOD,GBR,N,N
BOY DAVID,INS64,ULLAPOOL,ULLAPOOL,10.7,6.87,FIBRE GLASS,GBR,Y,N
BOY ETHAN,B215,PLYMOUTH,PLYMOUTH,14.45,37.16,STEEL,FRA,N,Y
BOY GORDON V,A441,ABERDEEN,ABERDEEN,11.28,28.06,FIBRE GLASS,GBR,Y,N
BOY JOHN,INS110,FRASERBURGH,FRASERBURGH,20.84,174,STEEL,GBR,N,N
BOY LUKIE,LO89,LOWESTOFT,LEIGH-ON-SEA,13.97,22.52,STEEL,GBR,N,N
BOY NEIL,LN126,GRIMSBY,KINGS LYNN,11.92,20.59,STEEL,GBR,N,N
BOY PAUL,CE12,BELFAST,RED BAY,11.9,25.3,FIBRE GLASS,GBR,N,Y
BOY RICHIE II,WK810,SCRABSTER,WICK,13,19.21,STEEL,GBR,Y,N
BOY SHANE,WK673,SCRABSTER,SCRABSTER,18.2,150,STEEL,GBR,Y,N
BOY STEVEN,LN129,GRIMSBY,KINGS LYNN,11.83,16.19,STEEL,GBR,N,N
BOY STUART,B920,BELFAST,PORTAVOGIE,19.11,101,WOOD,GBR,N,N
BOYS OWN,SD36,NORTH SHIELDS,SEAHAM,11.25,6.91,WOOD,GBR,Y,N
BRACODEN,BF37,FRASERBURGH,FRASERBURGH,20.75,171,STEEL,GBR,N,N
BRIGHT HORIZON,BA850,AYR,AYR,12.14,13.99,FIBRE GLASS,GBR,Y,N
BRIGHT RAY,LH163,KIRKWALL,HOLY ISLAND,16.61,52,WOOD,GBR,N,N
BRIGHTER MORN,N396,BELFAST,KILKEEL,25.15,152,STEEL,GBR,N,N
BRIGHTER MORN,CY77,STORNOWAY,STORNOWAY,17.07,52,WOOD,GBR,N,N
BRILLIANT,LK1,LERWICK,CENTRAL MAINLAND (SHETLAND),11,30.86,FIBRE GLASS,GBR,Y,Y
BRISAN,WK915,AYR,AYR,35.7,286,STEEL,GBR,N,N
BRISCA,UL37,AYR,AYR,26.75,302,STEEL,GBS,N,N
BRITANNIA V,FH121,NEWLYN,NEWLYN,15.15,66,WOOD,GBS,Y,N
BROSME,UL576,AYR,AYR,37.66,299.23,STEEL,ESP,N,N
BUDDING ROSE,PD418,PETERHEAD,PETERHEAD,24.54,192,STEEL,GBR,N,N
BUDDING ROSE,SH156,SCARBOROUGH,SCARBOROUGH,16.76,42,WOOD,GBR,Y,N
CAAREEN,N964,BELFAST,KILKEEL,18.41,94,WOOD,EIR,N,N
CABO ORTEGAL,AR865,AYR,TROON,28.13,203,STEEL,ESP,N,N
CALEDONIA,TT34,CAMPBELTOWN,CARRADALE,16.04,62.2,WOOD,GBR,N,Y
CALEDONIA II,BCK35,BUCKIE,BUCKIE,16.7,106,STEEL,GBR,N,N
CALISHA,PD235,BUCKIE,BUCKIE,26.24,121,STEEL,NLD,N,Y
CALON MOR,PE91,KIRKWALL,KIRKWALL,11.8,11.64,WOOD,GBR,Y,N
CAPRIOLE,PZ15,NEWLYN,NEWLYN,10.35,3.94,FIBRE GLASS,UNK,N,N
CARALISA,OB956,MALLAIG,MALLAIG,17.6,70,WOOD,GBR,N,Y
CARDIUM II,F165,HASTINGS,WHITSTABLE,13.95,23.28,STEEL,GBR,N,Y
CARHELMAR,BM23,BRIXHAM,BRIXHAM,23.8,128,STEEL,NLD,N,N
CARINA,BF803,FRASERBURGH,MACDUFF,25.93,335,STEEL,GBR,N,N
CAROL ANN,B758,BELFAST,KILKEEL,10.97,12.51,FIBRE GLASS,GBR,N,N
CAROLE ANNE,LN88,HASTINGS,QUEENBOROUGH,13.91,26.02,STEEL,GBR,Y,Y
CAROUSEL,SH298,SCARBOROUGH,SCARBOROUGH,14.52,41.67,STEEL,GBR,N,Y
CASPIAN,BF38,KIRKWALL,KIRKWALL,27.41,354,STEEL,GBR,N,N
CASTLEWOOD,FR216,PETERHEAD,PETERHEAD,25.91,195,STEEL,GBR,N,N
CATHARINA,BM111,BRIXHAM,BRIXHAM,23.97,160,STEEL,NLD,N,Y
CATHERINE ANNE,LN476,LOWESTOFT,BRANCASTER STAITHE,12,15.95,STEEL,GBR,N,N
CATHERINE ANNIE,LT45,LOWESTOFT,LOWESTOFT,14.7,33.24,WOOD,FRA,N,N
CATHRYN,PZ32,NEWLYN,NEWLYN,12.16,16.25,WOOD,GBR,N,N
CATRIONA,BRD180,PORTREE,PETERHEAD,11.61,21.29,WOOD,GBR,N,Y
CAZADORA,FY614,PLYMOUTH,POLPERRO,10.77,12.89,WOOD,UNK,N,N
CEANOTHUS,UL72,CAMPBELTOWN,JURA,11,15.47,WOOD,GBR,N,Y
CELESTIAL DAWN,BF109,FRASERBURGH,GARDENSTOWN,19.9,195,STEEL,GBR,N,N
CELESTIAL DAWN,FH6,NEWLYN,ST MAWES,11.39,11.35,FIBRE GLASS,GBR,Y,Y
CELTIC,FD509,MILFORD HAVEN,MILFORD HAVEN,11.44,27.3,ALUMINIUM,GBR,Y,N
CELTIC DAWN,FY10,NEWLYN,MEVAGISSEY,13.45,27.84,FIBRE GLASS,GBR,Y,N
CELTIC DAWN II,K76,KIRKWALL,STROMNESS,16.95,105,STEEL,GBR,Y,N
CELTIC MOR OF NEWQUAY,PW31,BRIXHAM,BRIXHAM,10.67,13.92,FIBRE GLASS,GBR,Y,N
CELTIC STAR,CO365,POOLE,PORTSMOUTH,11.95,23.41,STEEL,GBR,N,Y
CEOL NA MARA B,K1126,PLYMOUTH,APPLEDORE,11,14.75,FIBRE GLASS,UNK,Y,N
CERULEAN,NN722,PLYMOUTH,BIDEFORD,13.43,28.35,STEEL,GBR,N,Y
CESCA,SY4,MALLAIG,MALLAIG,14.99,36.16,WOOD,GBR,Y,N
CHALE BAY,BD87,POOLE,LYMINGTON,11.98,19.83,WOOD,UNK,Y,N
CHALLENGE,FR226,FRASERBURGH,FRASERBURGH,65,1676,STEEL,ESP,N,N
CHALLENGE A,WY133,GRIMSBY,BOSTON,10.67,10.53,WOOD,GBR,N,N
CHALLENGER,FR90,FRASERBURGH,FRASERBURGH,19.07,166,STEEL,GBR,N,N
CHALLENGER,UL27,ULLAPOOL,ULLAPOOL,12.5,18.25,CONCRETE,GBR,Y,N
CHANNEL SURVEYOR II,SA67,MILFORD HAVEN,SWANSEA,11.55,9.78,FIBRE GLASS,GBR,Y,N
CHANNEL VENTURE II,OB277,NORTH SHIELDS,NORTH SHIELDS,13.44,28.81,FIBRE GLASS,GBR,N,N
CHANTELLE,LK50,NEWLYN,NEWLYN,10.6,15.33,FIBRE GLASS,GBR,Y,Y
CHARELLA OF SHOREHAM,SM799,PLYMOUTH,LOOE,11.86,21.42,STEEL,GBR,N,Y
CHARISMA,BF296,FRASERBURGH,MACDUFF,14.11,32.25,WOOD,GBR,N,Y
CHARISMA,LK362,LERWICK,WHALSAY AND SKERRIES,70.7,2424,STEEL,NOR,N,N
CHARISMA,PW45,NEWLYN,PADSTOW,16.6,159,WOOD,GBR,Y,N
CHARITY & LIBERTY,SU515,POOLE,SOUTHAMPTON,14.95,40.1,STEEL,GBR,N,Y
CHARLOTTE,LN466,GRIMSBY,KINGS LYNN,13.6,28.29,STEEL,GBR,Y,Y
CHARLOTTE JOAN,LO1,LOWESTOFT,LEIGH-ON-SEA,13.95,24.11,STEEL,GBR,N,N
CHARMEL,OB22,OBAN,OBAN,17.07,88,WOOD,GBR,N,N
CHELARIS,MT23,NORTH SHIELDS,MARYPORT,14.98,32.89,STEEL,GBR,N,Y
CHIEFTAIN,SY861,PORTREE,PORTREE,10.6,6.92,FIBRE GLASS,UNK,Y,N
CHILDRENS FRIEND,LH177,NORTH SHIELDS,HARTLEPOOL,14.64,49.3,WOOD,GBR,Y,N
CHLOE T,PZ1186,NEWLYN,NEWLYN,26.24,136,STEEL,NLD,N,N
CHRIS ANDRA,FR228,FRASERBURGH,FRASERBURGH,71.2,2247,STEEL,NOR,N,Y
CHRISTEL STAR,H56,SCARBOROUGH,BRIDLINGTON,13.07,30.26,STEEL,GBR,Y,N
CHRISTIAN M,UL578,AYR,AYR,35.4,322,STEEL,FRA,N,N
CHRISTINA,FD100,BRIXHAM,BRIXHAM,28,188,STEEL,NLD,N,Y
CHRISTINA S,FR224,FRASERBURGH,FRASERBURGH,71.96,2411,STEEL,NOR,N,N
CHRISTINE,PW2,PORTREE,TORRIDON,10.6,8.23,FIBRE GLASS,GBR,Y,N
CKS,PZ425,PLYMOUTH,PLYMOUTH,16.73,58,WOOD,GBR,Y,N
CLANSMAN,LH74,AYR,AYR,12.47,21.03,WOOD,GBR,N,N
CLANSMAN,CN96,CAMPBELTOWN,ISLAY,11.5,12.37,FIBRE GLASS,GBR,N,Y
CLASINA,DS15,AYR,AYR,28.04,165,STEEL,NLD,N,Y
CODONGER TOO,FE21,SCARBOROUGH,WHITBY,10.68,12.08,FIBRE GLASS,GBR,Y,N
COELLEIRA,OB93,AYR,AYR,30,210,STEEL,NLD,N,N
COLINNE,UL160,FLEETWOOD,FLEETWOOD,21.21,81,WOOD,GBS,N,N
COMPASS ROSE II,BD78,PLYMOUTH,ILFRACOMBE,10.98,11.34,FIBRE GLASS,GBR,Y,N
COMRADE,SY337,STORNOWAY,STORNOWAY,16.65,64,WOOD,GBR,N,Y
COMRADES,LK325,LERWICK,SCALLOWAY AND ISLES,16.3,41,WOOD,GBR,N,N
CONCORDE,N268,BELFAST,PORTAVOGIE,16.52,47,WOOD,GBR,N,N
CONQUEST,BCK265,BUCKIE,BUCKIE,22.86,167,WOOD,GBR,N,N
CONSTANT FRIEND,BM484,BRIXHAM,BRIXHAM,14.99,40.75,STEEL,GBR,N,Y
CONSTANT FRIEND,BH212,NORTH SHIELDS,HARTLEPOOL,11.29,8.21,WOOD,GBR,N,N
CONSTANT FRIEND,PD83,PETERHEAD,PETERHEAD,18.54,152,STEEL,GBR,N,N
CONTENT,WY797,SCARBOROUGH,WHITBY,18.27,133,STEEL,GBR,N,N
CONTEST,LK70,MALLAIG,MALLAIG,18.4,127,WOOD,GBR,N,N
COPIOUS,LK985,LERWICK,LERWICK,18.98,145,STEEL,GBR,N,N
COPIOUS,WY170,SCARBOROUGH,WHITBY,18.25,106,STEEL,GBR,N,N
COPIOUS,CY342,STORNOWAY,STORNOWAY,13.99,28.89,STEEL,GBR,N,Y
COQUET LIGHT II,BH446,AYR,AYR,11.58,8.66,STEEL,GBR,N,N
CORENTINE,J154,PLYMOUTH,JERSEY,19.12,78.35,UNKNOWN,FRA,Y,N
CORINA II,NN57,FLEETWOOD,LIVERPOOL,13.94,40.24,STEEL,GBR,N,N
CORNELIS GERT JAN,GY89,AYR,AYR,35.77,328,STEEL,BEL,Y,Y
CORNELIS VROLIJK FZN,H171,GRIMSBY,IJMUIDEN,113.97,5579,STEEL,NLD,N,N
CORNISHMAN,PZ512,NEWLYN,NEWLYN,32.82,208.2,STEEL,NLD,N,Y
CORONATA III,BF356,FRASERBURGH,FRASERBURGH,16.46,88,WOOD,UNK,N,N
COURAGE,BF790,FRASERBURGH,FRASERBURGH,18.25,130.42,STEEL,GBR,N,N
COURAGEOUS III,INS292,BUCKIE,LOSSIEMOUTH,25.94,177,STEEL,DNK,N,N
COWRIE BAY,N911,BELFAST,KILKEEL,15.71,48,STEEL,GBR,Y,Y
CREST,OB187,KINLOCHBERVIE,KINLOCHBERVIE,11.03,11.54,FIBRE GLASS,GBR,Y,Y
CRIMSON ARROW,CN43,AYR,AYR,13.47,25.69,STEEL,GBR,N,N
CRIMSON ARROW IV,N128,OBAN,OBAN,16.69,40,WOOD,GBR,N,Y
CRISALVA UNO,FD532,MILFORD HAVEN,VIGO,40.75,381,STEEL,UNK,N,N
CRUSADER,FD71,FLEETWOOD,FLEETWOOD,17.29,43,WOOD,GBR,Y,N
CRYSTAL DAWN,CN20,CAMPBELTOWN,CAMPBELTOWN,14.95,60.28,STEEL,GBR,N,Y
CRYSTAL RIVER,FR178,FRASERBURGH,FRASERBURGH,25.91,208,STEEL,NLD,N,N
CRYSTAL SEA,SS118,NEWLYN,NEWLYN,20.94,158,WOOD,GBR,N,N
CRYSTAL STREAM,LH147,EYEMOUTH,PORT SETON,17.78,112.34,WOOD,GBR,N,N
CRYSTAL TIDE,AH135,ABERDEEN,ARBROATH,18.47,74.56,WOOD,GBR,N,Y
CYNTHIA MARY,J38,PLYMOUTH,JERSEY,10.2,10.54,UNKNOWN,GBJ,Y,N
D.J.P.,CA9,MILFORD HAVEN,CARDIGAN,10.67,12.48,FIBRE GLASS,GBR,Y,N
DAISY II,PD245,PETERHEAD,PETERHEAD,21.2,95,STEEL,FRA,N,N
DALRIADA,TT76,CAMPBELTOWN,CAMPBELTOWN,11.28,8.94,WOOD,UNK,Y,N
DALWHINNIE,A913,ABERDEEN,ABERDEEN,12.48,9.28,FIBRE GLASS,ISL,Y,N
DANIELLE,BM478,BRIXHAM,BRIXHAM,31.99,250,STEEL,NLD,N,Y
DAVANLIN,FR890,FRASERBURGH,FRASERBURGH,20.89,157,WOOD,GBS,N,N
DAWN MAID,TN102,OBAN,OBAN,16.51,37,WOOD,GBR,N,Y
DAWN QUEST,CN324,OBAN,LOCH BUIE (MULL),11,11.96,FIBRE GLASS,GBR,Y,N
DAWN TREADER,OB461,OBAN,TOBERMORY (ISLE OF MULL),11.1,16.09,WOOD,GBR,Y,N
DAWN WATCH II,BA120,AYR,TROON,15.69,41,WOOD,GBR,N,N
DAY DAWN,N182,BELFAST,PORTAVOGIE,19.17,57,WOOD,GBR,N,N
DAYSTAR,BF151,FRASERBURGH,FRASERBURGH,18.6,167,STEEL,GBR,N,N
DEESIDE,BCK595,BUCKIE,BUCKIE,24.35,216,STEEL,GBR,N,N
DEFIANCE,FR385,FRASERBURGH,FRASERBURGH,26.21,187,STEEL,GBR,N,N
DEFIANT,LK371,LERWICK,WHALSAY AND SKERRIES,26.61,241,STEEL,GBR,N,N
DEFIANT,FY848,POOLE,SOUTHAMPTON,13.97,41.5,UNKNOWN,GBR,N,N
DELIVERANCE,FR254,CAMPBELTOWN,CAMPBELTOWN,20.6,172,WOOD,GBR,N,N
DELTA DAWN III,SY788,STORNOWAY,STORNOWAY,12.23,26.43,WOOD,GBR,N,N
DEMARUS,FR173,FRASERBURGH,FRASERBURGH,25.9,217,STEEL,GBR,N,Y
DENARIUS,BF804,FRASERBURGH,MACDUFF,22.4,113,STEEL,GBR,N,N
DEO VOLENTE,GY119,SCARBOROUGH,SCARBOROUGH,23.6,86,STEEL,NLD,N,N
DESTINY,TT279,CAMPBELTOWN,CAMPBELTOWN,16.31,50,WOOD,GBR,N,N
DESTINY,LH421,NORTH SHIELDS,MARYPORT,12.14,22.19,WOOD,GBR,N,N
DEVOTION,LK801,LERWICK,LERWICK,22.85,206,WOOD,GBS,N,Y
DIAMOND,SN6,NORTH SHIELDS,NORTH SHIELDS,12.2,19.9,WOOD,GBR,N,Y
DIANA,CK134,LOWESTOFT,WEST MERSEA,16.7,24,STEEL,NLD,N,N
DIANE MAXWELL,BH152,AYR,AYR,11.3,11.79,STEEL,GBR,N,Y
DIGNITY JAY,CN140,OBAN,LOCH SCRIDAIN (ISLE MULL),11.7,11.7,FIBRE GLASS,GBR,Y,N
D-IMMP,GU219,PLYMOUTH,GUERNSEY,10.73,6.73,UNKNOWN,GBR,N,N
DISCOVERY,BF268,BUCKIE,BUCKIE,23.38,145,STEEL,GBR,N,
DOLLY ANNE,M119,MILFORD HAVEN,MILFORD HAVEN,11.9,13.29,FIBRE GLASS,UNK,Y,Y
DOMINATOR  A,WY333,SCARBOROUGH,WHITBY,10.29,11.36,FIBRE GLASS,GBR,Y,N
DRIE GEBROEDERS,B927,BELFAST,DUNMORE EAST,30.98,78,STEEL,NLD,N,N
DRIFT FISHER 11,WK5,LERWICK,WEST MAINLAND (SHETLAND),10.5,13.93,WOOD,GBR,Y,Y
DUNAN STAR,CY26,CAMPBELTOWN,CARRADALE,11.19,13.64,FIBRE GLASS,GBR,Y,Y
DUNAN STAR II,BRD123,PORTREE,PORTREE,13.41,30.32,FIBRE GLASS,GBR,Y,Y
DUNMARICK,OB918,OBAN,LUING,11.01,12.32,FIBRE GLASS,UNK,Y,Y
EAGERNOON,GY92,SCARBOROUGH,BRIDLINGTON,13.54,26.45,STEEL,GBR,N,Y
EBEN HAEZER,GY57,SCARBOROUGH,SCARBOROUGH,40,418,STEEL,POL,N,N
EBONNIE,BM176,BRIXHAM,BRIXHAM,14.95,69.45,STEEL,GBR,Y,N
EDER SANDS,UL257,AYR,AYR,38.2,307,STEEL,ESP,N,N
EDLEI,GY455,GRIMSBY,GRIMSBY,20.18,64,WOOD,GBR,N,N
EDWARD HENRY,DH100,PLYMOUTH,DARTMOUTH,25.5,279,STEEL,ESP,Y,N
EIDER,LN134,GRIMSBY,KINGS LYNN,12.99,12.89,WOOD,UNK,N,N
EILIDH,BRD149,PORTREE,KYLE,12.73,27.39,WOOD,GBR,N,N
ELAINALEE,BW23,FLEETWOOD,BARROW,11,10.61,STEEL,GBR,Y,N
ELEGANCE,PD33,PETERHEAD,PETERHEAD,19.9,163,WOOD,GBR,N,N
ELEGANT II,B907,BELFAST,PORTAVOGIE,20.03,99,WOOD,GBR,N,N
ELINOR ROGET,PW95,NEWLYN,PADSTOW,10.12,5.8,WOOD,GBR,Y,N
ELISABETH VERONIQUE,FY83,NEWLYN,NEWLYN,14.98,51.89,STEEL,FRA,N,N
ELIZABETH MARY,LN84,GRIMSBY,KINGS LYNN,10.55,5.01,STEEL,UNK,N,N
ELIZABETH N,PZ100,NEWLYN,NEWLYN,22.82,100,STEEL,NLD,N,Y
ELLA,FY24,PLYMOUTH,LOOE,11.3,17.89,FIBRE GLASS,GBR,N,N
ELLA M,TT277,CAMPBELTOWN,BUTE,12.17,19.5,WOOD,GBR,N,N
ELLEN,B22,BELFAST,ARDGLASS,20.66,58,WOOD,DNK,N,N
ELLEN MAC,LH272,EYEMOUTH,EYEMOUTH,11.8,23.48,STEEL,GBR,N,N
ELLORAH,BF12,FRASERBURGH,FRASERBURGH,18.95,174,STEEL,GBR,N,N
EL-SHADDAI,FR285,FRASERBURGH,GARDENSTOWN,16,90,WOOD,GBR,N,N
ELVEN HUNTER,LO324,LOWESTOFT,LEIGH-ON-SEA,10.7,10.77,FIBRE GLASS,GBR,N,N
EMILIA JAYNE,BM10,BRIXHAM,BRIXHAM,23,125,STEEL,NLD,N,Y
EMILY J,E123,PLYMOUTH,PLYMOUTH,11.93,26.53,STEEL,GBR,N,Y
EMILY ROSE,BM28,BRIXHAM,BRIXHAM,26.15,105,STEEL,NLD,N,Y
EMMA JANE,WY173,NORTH SHIELDS,AMBLE,11.28,9.57,WOOD,GBR,Y,N
EMMA JANE,SE101,PLYMOUTH,SALCOMBE,18.35,122,STEEL,NLD,Y,N
EMMA KATHLEEN,ME87,ABERDEEN,GOURDON,14.33,42.92,WOOD,GBR,N,Y
EMMA LOUISE,TO60,NEWLYN,NEWLYN,16.42,106,STEEL,GBR,Y,N
EMULATOR,FR500,SCARBOROUGH,SCARBOROUGH,18.25,110,WOOD,GBR,N,N
ENCHANTED,BRD74,PORTREE,PORTREE,10.6,11.29,FIBRE GLASS,GBR,Y,N
ENDEAVOUR,LH169,EYEMOUTH,GRANTON,15.58,47,WOOD,GBR,N,N
ENDEAVOUR,FR156,FRASERBURGH,GARDENSTOWN,16.77,116,STEEL,GBR,N,N
ENDEAVOUR IV,BF515,FRASERBURGH,FRASERBURGH,28.96,478,STEEL,GBR,N,N
ENDURANCE,FR112,PETERHEAD,PETERHEAD,24.45,171,WOOD,GBR,N,N
ENDURANCE,A945,PETERHEAD,PETERHEAD,34.5,325,STEEL,ESP,N,N
ENSIS,OB1004,OBAN,FORT WILLIAM,10.65,11.61,FIBRE GLASS,NOR,N,N
ENTERPRISE,PD147,PETERHEAD,PETERHEAD,44.94,748,STEEL,NLD,N,N
ENTERPRISE II,BF1,FRASERBURGH,MACDUFF,26,421,STEEL,GBR,N,N
EQUINOX,P29,BRIXHAM,BRIXHAM,11.85,14.71,WOOD,GBR,N,N
ESPEMAR DOS,FD325,AYR,AYR,39.24,481,STEEL,GBR,N,N
EUPHEMIA,K92,PITTENWEEM,SOUTH RONALDSAY,14.95,30.43,STEEL,GBR,N,N
EUROCLYDON,TH77,BRIXHAM,BRIXHAM,18.2,108,STEEL,GBR,Y,N
EVENING STAR,PD1022,PETERHEAD,PETERHEAD,21.34,160,STEEL,GBR,N,Y
EVENTUS,RX168,HASTINGS,RYE,10.8,12.02,FIBRE GLASS,GBR,Y,N
EXCEL,DH17,BRIXHAM,DARTMOUTH,16.04,31,WOOD,GBR,Y,N
EXCEL,BF110,FRASERBURGH,FRASERBURGH,18.95,174,STEEL,GBR,N,N
EXODUS,UL335,FRASERBURGH,GARDENSTOWN,11.19,9.97,WOOD,UNK,Y,N
FAIR LASS,CY263,STORNOWAY,NORTH UIST,11.09,10.46,WOOD,GBR,Y,N
FAIR MORN,BA19,AYR,TROON,17.1,24.24,WOOD,GBR,N,N
FAIR MORN,K166,KIRKWALL,KIRKWALL,11.78,18.89,STEEL,GBR,N,N
FAIR WIND,B918,BELFAST,KILKEEL,11.53,15.29,STEEL,UNK,Y,Y
FAIRWAY II,LK270,LERWICK,WHALSAY AND SKERRIES,23.24,173,STEEL,GBR,N,N
FAIRWAY TWO,N862,BELFAST,KILKEEL,10.19,11.18,UNKNOWN,GBR,N,N
FAITHFUL,BF187,FRASERBURGH,FRASERBURGH,19,179,STEEL,UNK,N,N
FAITHFUL,FR129,FRASERBURGH,FRASERBURGH,23.5,198,WOOD,GBR,N,N
FAITHFUL FRIEND V,B952,BELFAST,PORTAVOGIE,16.76,71,WOOD,UNK,N,N
FALCON,FR119,FRASERBURGH,FRASERBURGH,25.9,213,STEEL,GBR,N,N
FARNELLA,H135,GRIMSBY,HULL,40.2,667,STEEL,GBR,N,N
FAVONIUS,PD17,PETERHEAD,PETERHEAD,23,215.24,STEEL,GBR,N,N
FEAR NOT,K5,STORNOWAY,STORNOWAY,10.4,14.65,WOOD,GBR,Y,N
FEAR NOT II,PD354,PETERHEAD,PETERHEAD,18.26,120,WOOD,GBR,N,N
FEITIZO,OB1015,AYR,AYR,29.1,215,STEEL,ESP,N,N
FIDELITAS,LK45,LERWICK,LERWICK,16.64,42,WOOD,GBR,N,N
FIDELITY,BH92,NORTH SHIELDS,AMBLE,16.73,69,WOOD,GBR,N,N
FILADELFIA,PZ542,NEWLYN,NEWLYN,26.26,131,STEEL,DNK,N,Y
FIONNAGHAL,TT104,CAMPBELTOWN,TARBERT,13.84,12.49,STEEL,GBR,N,N
FIRECREST,LN479,GRIMSBY,GRIMSBY,11.07,7.85,STEEL,GBR,N,N
FISHER BOYS,FR54,FRASERBURGH,WHITEHILLS,20.26,139,WOOD,GBR,N,N
FIVE SISTERS,OB353,CAMPBELTOWN,CAMPBELTOWN,11,13.19,FIBRE GLASS,UNK,N,N
FLEUR DE FRANCE,J86,PLYMOUTH,JERSEY,19.13,82.98,UNKNOWN,FRA,Y,N
FLIXIE,LN73,GRIMSBY,GRIMSBY,11.35,9.6,STEEL,GBR,N,N
FLOURISH N,BF340,FRASERBURGH,MACDUFF,19.9,195,STEEL,GBR,N,N
FOREVER GRATEFUL,FR249,FRASERBURGH,FRASERBURGH,63.97,1464,STEEL,ESP,N,Y
FORTITUDE,UL48,LOCHINVER,LOCHINVER,11.43,15.63,WOOD,GBR,Y,N
FORTUNE II,BK108,NORTH SHIELDS,NORTH SHIELDS,10.67,11.23,WOOD,GBR,N,N
FRAM III,BRD1,STORNOWAY,STORNOWAY,11.7,11.27,FIBRE GLASS,GBR,Y,N
FRANCHISE,UL45,ULLAPOOL,ULLAPOOL,14.95,43.77,WOOD,GBR,N,N
FREDWOOD,BA338,AYR,ANNAN,19.35,45.17,WOOD,GBR,N,Y
FREEDOM II,BH56,NORTH SHIELDS,SUNDERLAND,10.4,7.06,WOOD,GBR,Y,N
FREEDOM II,CN111,OBAN,OBAN,16.79,74,WOOD,GBR,N,N
FREEDOM III,BA280,AYR,TROON,19.72,62,WOOD,GBR,N,N
FREM W,SN1,NORTH SHIELDS,NORTH SHIELDS,13.4,20.53,WOOD,DNK,N,N
FREYA,WI3,LOWESTOFT,LEIGH-ON-SEA,10.75,6.95,STEEL,GBR,N,N
FRIGATE BIRD,TT137,CAMPBELTOWN,TARBERT,17.04,65,WOOD,GBS,N,N
FRUITFUL BOUGH,PD109,PETERHEAD,PETERHEAD,19.9,195,STEEL,GBR,N,N
FRUITFUL HARVEST 111,GY991,GRIMSBY,GRIMSBY,19.81,113,WOOD,GBR,N,N
FRUITFUL VINE,BF240,FRASERBURGH,FRASERBURGH,21.22,191,STEEL,GBR,N,N
FULLBORE II,J55,PLYMOUTH,JERSEY,12.19,20.95,UNKNOWN,GBR,Y,N
FULMAR,OB39,EYEMOUTH,EYEMOUTH,11.33,12.99,FIBRE GLASS,GBR,N,Y
G AND E,LT446,LOWESTOFT,LOWESTOFT,11.61,12.33,WOOD,UNK,Y,N
GAL CADORA,PW17,NEWLYN,NEWLYN,10.4,9.27,FIBRE GLASS,GBS,Y,N
GALATEA,FY97,PLYMOUTH,LOOE,12,26.88,FIBRE GLASS,GBR,N,N
GALENA,N59,BELFAST,KILKEEL,10.9,9.55,FIBRE GLASS,GBR,Y,N
GALWAD Y MOR,BRD116,SCARBOROUGH,SCARBOROUGH,14.88,63.23,STEEL,GBR,Y,Y
GALWAD-Y-MOR,FH76,NEWLYN,MEVAGISSEY,11.89,24.23,WOOD,GBR,Y,N
GALWAD-Y-MOR,SU116,POOLE,ISLE OF WIGHT,11.95,29.75,WOOD,GBR,Y,N
GANNET II,CY110,STORNOWAY,NORTH UIST,10.15,8.59,WOOD,GBR,Y,N
GARY M,PZ643,NEWLYN,NEWLYN,11.87,25.44,WOOD,GBR,N,N
GEESKE,BM140,BRIXHAM,BRIXHAM,30.4,171,STEEL,NLD,N,Y
GENESIS,BCK19,BUCKIE,BUCKIE,35.7,298,STEEL,NOR,N,N
GENESIS,BF505,FRASERBURGH,MACDUFF,27.47,362,STEEL,GBS,N,N
GENESIS OF LOOE,FY597,NORTH SHIELDS,NORTH SHIELDS,10.97,12.97,WOOD,UNK,N,Y
GENESIS ROSE,FR37,SCARBOROUGH,BRIDLINGTON,14.99,53.86,STEEL,GBR,Y,N
GEORGE EDWIN,SE58,PLYMOUTH,SALCOMBE,10.5,11.21,WOOD,GBR,Y,Y
GEORGELOU - N,TN38,AYR,AYR,25.5,160,STEEL,GBR,N,Y
GEORGIA DAWN,INS140,ULLAPOOL,ULLAPOOL,18,102,STEEL,GBR,N,Y
GEORGIE FISHER,LN474,GRIMSBY,KINGS LYNN,13.9,22.89,STEEL,GBR,Y,N
GERRY ANN,TH169,PLYMOUTH,PLYMOUTH,11.74,21.95,WOOD,UNK,N,N
GERRY ANN C,TH257,BRIXHAM,BRIXHAM,14.96,33.88,STEEL,GBR,N,Y
GERTRUDE ANN,N75,BELFAST,KILKEEL,24.78,156,STEEL,DEU,N,N
GINA LOUISE,BM67,BRIXHAM,BRIXHAM,12.47,22.03,WOOD,FRA,N,N
GIRL ALISON,OB913,OBAN,OBAN,14.92,28.12,WOOD,GBR,N,Y
GIRL ANN III,B10,BELFAST,PORTAVOGIE,15.31,35,WOOD,GBR,N,N
GIRL DEBRA,E444,BRIXHAM,BRIXHAM,14.98,55.51,STEEL,GBR,N,Y
GIRL ERRIN,CN131,CAMPBELTOWN,CAMPBELTOWN,11.56,15,WOOD,GBR,N,N
GIRL JEAN,LH73,EYEMOUTH,PORT SETON,12.23,19.02,WOOD,GBR,N,N
GIRL KILDA,K44,KIRKWALL,CEMAES BAY,11.28,8.44,STEEL,GBR,N,N
GIRL MARY,B236,BELFAST,KILKEEL,19.96,56,WOOD,GBR,N,N
GIRL PAMELA,PZ6,NEWLYN,NEWLYN,11.48,17.04,UNKNOWN,GBR,Y,N
GIRL RONA,TH117,BRIXHAM,TEIGNMOUTH,14.83,38.98,STEEL,GBR,N,Y
GIRL SHARON,BA61,CAMPBELTOWN,CAMPBELTOWN,10.76,10.32,WOOD,GBR,N,Y
GIZZEN BRIGGS,INS1040,ULLAPOOL,ULLAPOOL,13.15,24.4,STEEL,GBR,N,Y
GLAD TIDINGS III,BK279,NORTH SHIELDS,SEAHOUSES,10.82,11.96,WOOD,GBR,Y,N
GLEANER,CN444,MALLAIG,MALLAIG,19.81,137,WOOD,GBR,N,N
GLEANER II,CN777,CAMPBELTOWN,CAMPBELTOWN,23.9,184,STEEL,GBR,N,N
GLENDEVERON,B63,BELFAST,ARDGLASS,16.51,42,WOOD,GBR,N,N
GLENRAVEL,N191,BELFAST,KILKEEL,26.25,153,STEEL,NLD,N,N
GLENUGIE,PD347,PETERHEAD,PETERHEAD,26,252,STEEL,ESP,N,N
GOLDEN EMBLEM,B908,BELFAST,PORTAVOGIE,19.63,123,WOOD,GBR,N,N
GOLDEN FLEECE,MT99,NORTH SHIELDS,NORTH SHIELDS,13.9,31,WOOD,GBR,N,Y
GOLDEN FLEECE II,FH207,NEWLYN,RIVER FAL-FALMOUTH,14.95,42.24,STEEL,GBR,N,Y
GOLDEN GAIN V,FR59,PETERHEAD,PETERHEAD,25.71,222,STEEL,GBR,N,N
GOLDEN GRAIN,J485,PLYMOUTH,JERSEY,11.58,19.05,UNKNOWN,FRA,Y,N
GOLDEN HARVEST,PZ63,NEWLYN,NEWLYN,15.02,39,FIBRE GLASS,UNK,Y,N
GOLDEN ISLES,UL214,PORTREE,STRATHAIRD,11.38,11.48,FIBRE GLASS,GBR,N,N
GOLDEN PROMISE,FH401,NEWLYN,NEWLYN,14.2,35.4,STEEL,GBR,N,Y
GOLDEN RAY,B963,BELFAST,PORTAVOGIE,14.93,52.43,STEEL,GBR,N,N
GOLDEN REAPER,B127,BELFAST,PORTAVOGIE,20.86,125,WOOD,GBR,N,N
GOLDEN SCEPTRE,PD50,PETERHEAD,PETERHEAD,21.22,186,STEEL,UNK,N,N
GOLDEN STRAND III,K10,KIRKWALL,KIRKWALL,12.16,23.09,WOOD,UNK,N,Y
GONPEZ I,FH535,PLYMOUTH,MARIN,32.2,271,STEEL,ESP,N,N
GOOD FELLOWSHIP,BK172,NORTH SHIELDS,SEAHOUSES,14.9,28.4,WOOD,GBR,N,
GOOD HOPE,B116,BELFAST,PORTAVOGIE,16.31,58,WOOD,GBR,N,N
GOOD HOPE,FR891,FRASERBURGH,PORTAVOGIE,20.4,170,WOOD,GBR,N,N
GOOD HOPE,H357,NORTH SHIELDS,NORTH SHIELDS,32.9,300,STEEL,ESP,N,N
GOOD INTENT,SY79,CAMPBELTOWN,CAMPBELTOWN,18.21,86,WOOD,GBR,N,N
GOVENEK OF LADRAM,PZ51,PLYMOUTH,PLYMOUTH,22.65,198,WOOD,GBR,Y,N
GOWAN STAR,K251,KIRKWALL,SWANSEA,10.64,13.1,FIBRE GLASS,GBR,Y,Y
GRADELY,OB42,OBAN,LOCH SCRIDAIN (ISLE MULL),11.56,18.6,FIBRE GLASS,GBR,Y,N
GRAMPIAN ADMIRAL,A40,AYR,AYR,39.15,368,STEEL,GBR,N,N
GRATITUDE,BF103,FRASERBURGH,FRASERBURGH,14.85,37.28,STEEL,GBR,N,
GREEN BRAE,CE208,BELFAST,GREENCASTLE,17.07,55,WOOD,GBR,N,Y
GREEN ISLE II,BD80,PLYMOUTH,BARNSTAPLE,11.5,16.66,FIBRE GLASS,GBR,Y,Y
GREEN PASTURES,BH156,NORTH SHIELDS,BLYTH,16.89,56,WOOD,GBR,N,N
GRENAA STAR,HL112,NORTH SHIELDS,HARTLEPOOL,17.91,46,WOOD,DNK,N,N
GRIZZLY,B55,BELFAST,KILKEEL,16.42,43,STEEL,GBR,N,N
GUARDIAN ANGELL,LK272,LERWICK,YELL AND FETLAR,26.56,257,STEEL,GBR,N,N
GUIDE ME 1,KY227,EYEMOUTH,PORT SETON,10.98,14.2,WOOD,UNK,N,N
GUIDE US,FR4,FRASERBURGH,FRASERBURGH,17.94,109,STEEL,UNK,N,N
GUIDE US,SY340,ULLAPOOL,ULLAPOOL,16.82,46,WOOD,GBR,N,N
GUIDING LIGHT,CY127,KIRKWALL,HOY,12.78,25.56,WOOD,GBS,Y,Y
GUIDING LIGHT,LK84,LERWICK,LERWICK,23.02,168,STEEL,GBR,N,N
GUIDING LIGHT III,BD1,PLYMOUTH,PLYMOUTH,14.98,48.02,STEEL,GBR,N,N
GUIDING STAR,KY322,CAMPBELTOWN,CARRADALE,16.15,39,WOOD,GBR,Y,Y
GWEN PAUL M,BS115,MILFORD HAVEN,CONWY,11.08,7.62,FIBRE GLASS,GBR,Y,N
HANDA ISLE,B210,BELFAST,UNSPECIFIED IRISH PORT,12,18.29,FIBRE GLASS,GBR,Y,N
HANNAH D,BM2,BRIXHAM,BRIXHAM,13.95,32.04,STEEL,GBR,N,Y
HARINGVLIET,BM218,BRIXHAM,BRIXHAM,29.75,150,STEEL,NLD,N,Y
HARM JOHANNES,BM51,BRIXHAM,BRIXHAM,25.4,83,STEEL,NLD,N,Y
HARMONI,MR7,MILFORD HAVEN,PWLLHELI,14.96,59.48,STEEL,GBR,N,Y
HARMONY,UL137,ULLAPOOL,ULLAPOOL,10.47,11.97,WOOD,GBR,Y,N
HARTLEY,BH174,NORTH SHIELDS,BLYTH,11.22,9.4,WOOD,GBR,Y,N
HARVEST HOPE,PD120,PETERHEAD,FRASERBURGH,34.08,604,STEEL,GBR,N,N
HARVEST MOON,OB141,CAMPBELTOWN,CAMPBELTOWN,12.88,32.57,WOOD,GBR,N,N
HARVEST MOON,FR366,FRASERBURGH,FRASERBURGH,21.34,165.42,WOOD,GBR,N,N
HARVEST REAPER,PZ329,NEWLYN,NEWLYN,11.88,31.48,STEEL,GBR,N,N
HARVEST REAPER,TT177,NEWLYN,PADSTOW,17,78,WOOD,GBR,N,Y
HARVEST REAPER II,BF177,CAMPBELTOWN,WHITBY,17.07,97,WOOD,GBR,N,N
HARVESTER,A865,ABERDEEN,STONEHAVEN,11.83,19.64,WOOD,GBR,N,Y
HARVESTER,BM127,BRIXHAM,EXMOUTH,14.96,39.17,STEEL,GBR,N,Y
HARVESTER,PD98,PETERHEAD,PETERHEAD,28.35,349,STEEL,DNK,N,N
HARVESTER,FH198,SCARBOROUGH,BRIDLINGTON,11.28,22.78,WOOD,GBR,Y,N
HARVESTER II,FH723,NEWLYN,RIVER FAL-FALMOUTH,11.83,16.29,FIBRE GLASS,GBR,Y,N
HAVILAH,N200,BELFAST,KILKEEL,49,727,STEEL,NOR,N,N
HAYLEY B,GU355,PLYMOUTH,GUERNSEY,10.78,16.78,FIBRE GLASS,GBR,Y,N
HEADWAY,BF856,NORTH SHIELDS,WHITEHAVEN,18.22,107,WOOD,GBS,N,N
HEADWAY X,WY319,SCARBOROUGH,SCARBOROUGH,19.45,86,STEEL,NOR,N,N
HEATHER BELLE,N382,BELFAST,KILKEEL,20.87,127,STEEL,GBR,N,N
HEATHER D,LA8,MILFORD HAVEN,SWANSEA,11.6,25.77,STEEL,GBR,Y,Y
HEATHER ISLE M,SY47,STORNOWAY,STORNOWAY,17.65,56,WOOD,GBS,N,Y
HEATHER K,K77,KIRKWALL,WESTRAY,16.95,132,STEEL,GBR,Y,N
HEATHER SPRIG,BCK181,BUCKIE,BUCKIE,18.6,136,STEEL,GBR,N,N
HECTORIA,K85,KIRKWALL,SOUTH RONALDSAY,12.35,18.99,WOOD,GBR,Y,N
HELEN BRUCE,BRD90,PORTREE,KYLE,10.4,5.36,WOOD,GBR,Y,N
HELEN CLAIRE,BM258,BRIXHAM,BRIXHAM,14.39,26.82,WOOD,FRA,Y,N
HELENUS,BCK70,BUCKIE,BUCKIE,11.48,16.44,WOOD,GBR,N,N
HELENUS,FR121,FRASERBURGH,FRASERBURGH,26.61,235,STEEL,GBR,N,N
HENDRIK BRANDS,LT162,LOWESTOFT,LOWESTOFT,42,477,STEEL,NLD,N,Y
HENDRIKA JACOBA,GY127,SCARBOROUGH,URK,40.2,454,UNKNOWN,UNK,N,N
HERITAGE,B786,BELFAST,PORTAVOGIE,21.31,88,WOOD,GBR,N,N
HIGHLAND QUEEN,N970,BELFAST,KILKEEL,16.65,54,WOOD,GBR,N,Y
HILDONA,K239,KIRKWALL,KIRKWALL,11.22,13.71,FIBRE GLASS,GBR,Y,N
HOLLIE J,FR166,SCARBOROUGH,BRIDLINGTON,13.95,22.74,STEEL,GBR,Y,N
HOLLY ANNE,BM128,BRIXHAM,BRIXHAM,28.15,167,STEEL,NLD,N,Y
HOMARUS,LH13,EYEMOUTH,DUNBAR,11.18,10.86,FIBRE GLASS,GBR,Y,Y
HONEYBOURNE III,PD905,AYR,AYR,29.16,215,STEEL,NLD,N,Y
HOPE,SU514,POOLE,SOUTHAMPTON,11.99,16.43,WOOD,GBR,N,N
HOPEFUL,K118,KIRKWALL,STRONSAY,10.21,10.78,WOOD,GBR,Y,N
HOPEFUL I,LL179,GRIMSBY,BOSTON,11.18,14.99,STEEL,GBR,N,N
HORIZON 11,FR24,FRASERBURGH,FRASERBURGH,16.75,125.73,STEEL,GBR,N,N
HUNTER,GY368,GRIMSBY,GRIMSBY,11.3,15.78,FIBRE GLASS,GBR,Y,N
HUNTRESS OF GRIMSBY,GY15,GRIMSBY,GRIMSBY,10.8,10.76,FIBRE GLASS,GBR,Y,N
ICHTHUS,TH177,NEWLYN,PADSTOW,12.2,25.65,FIBRE GLASS,GBR,Y,N
ILAGLYN,K504,KIRKWALL,KIRKWALL,10.9,14.57,WOOD,GBR,Y,N
ILENE,B152,BELFAST,PORTAVOGIE,19.99,74,WOOD,GBR,N,N
ILLUSTRIOUS,K616,KIRKWALL,KIRKWALL,12.07,18.77,WOOD,GBR,N,Y
IMMANUEL VII,B78,BELFAST,KILKEEL,16.4,44,FIBRE GLASS,GBR,N,Y
IMOGEN,FY470,NEWLYN,MEVAGISSEY,10.4,24,WOOD,GBR,Y,N
INCENTIVE II,B126,BELFAST,PORTAVOGIE,18.5,81,WOOD,GBR,N,N
INDEPENDENCE,FR196,SCARBOROUGH,SCARBOROUGH,17.9,96,WOOD,GBR,N,N
INDEPENDENT,FD46,MILFORD HAVEN,HOLYHEAD,10.59,10.56,WOOD,UNK,Y,N
INDIANNA,LO4,LOWESTOFT,LEIGH-ON-SEA,13.98,29.14,STEEL,GBR,N,Y
INGER LIS,GY450,SCARBOROUGH,SCARBOROUGH,15.59,30.81,WOOD,DNK,Y,N
INNOVATOR,MR1,SCARBOROUGH,BRIDLINGTON,13.98,30.36,STEEL,GBR,Y,N
INSCHALLA,BCK626,BUCKIE,BUCKIE,10.84,10.48,STEEL,GBR,Y,N
INTREPID,BA100,OBAN,OBAN,15.18,12.08,WOOD,GBS,N,Y
INTREPID,BN67,GRIMSBY,BOSTON,11.2,39,STEEL,GBR,Y,N
INTUITION,TO40,NEWLYN,NEWLYN,17.98,114,FIBRE GLASS,GBR,Y,N
INVADER,K14,KIRKWALL,TINGWALL,10.4,6.35,FIBRE GLASS,GBR,Y,N
INVERDALE,INS29,AYR,AYR,26.3,150.9,STEEL,ESP,N,N
IRIS II,BRD19,PORTREE,PORTREE,11.95,31.35,WOOD,GBR,N,N
IRISH ENTERPRISE,N300,BELFAST,KILKEEL,19.81,79,WOOD,NOR,N,N
ISABELLA,CY464,STORNOWAY,CASTLEBAY,11.35,9.46,FIBRE GLASS,GBR,Y,Y
ISABELLE KATHLEEN,LN74,LOWESTOFT,WELLS,11.15,8.13,FIBRE GLASS,GBR,Y,N
ISADALE,A678,FLEETWOOD,FLEETWOOD,26.16,149,STEEL,GBS,N,N
ISLA S,DS1,AYR,AYR,40.11,396,STEEL,NLD,N,Y
ISLANDER,BA316,AYR,MARYPORT,16.66,35,WOOD,UNK,N,Y
ITSIE BITSIE,BN428,GRIMSBY,BOSTON,10.55,9.53,STEEL,GBR,N,N
IYSHA,GY341,GRIMSBY,GRIMSBY,18.91,60,WOOD,DNK,N,N
J.J.,HL11,NORTH SHIELDS,HARTLEPOOL,11.52,15.56,FIBRE GLASS,GBR,Y,N
JAANA B,BN78,NORTH SHIELDS,SILLOTH,11.86,13.72,STEEL,GBR,N,N
JACK HENRY,SM63,HASTINGS,NEWHAVEN,13.97,37.25,STEEL,GBR,N,Y
JACKIE D,LH519,EYEMOUTH,PORT SETON,13.6,25.99,WOOD,UNK,N,N
JACOBA,PZ307,NEWLYN,NEWLYN,37.5,417.95,STEEL,NLD,N,Y
JACOMINA,BM208,BRIXHAM,BRIXHAM,29.85,153,STEEL,NLD,N,Y
JACQUELINE ANNE,FH729,NEWLYN,RIVER FAL-FALMOUTH,10.94,12.04,STEEL,GBR,N,Y
JAIME LOUISE,BN23,GRIMSBY,HULL,10.05,7.49,STEEL,GBR,N,N
JAMES R.H. STEVENSON,PZ78,NEWLYN,NEWLYN,29.8,153,STEEL,DNK,N,Y
JANE ELIZABETH,SM75,HASTINGS,HASTINGS,11.47,23.01,STEEL,GBR,N,Y
JANE ELIZABETH,WY144,SCARBOROUGH,WHITBY,11.55,8.54,WOOD,GBR,Y,N
JANEEN,LO81,LOWESTOFT,LEIGH-ON-SEA,14.15,26.82,STEEL,GBS,N,Y
JANN DENISE,FR80,OBAN,OBAN,16.51,42,WOOD,GBR,N,Y
JANREEN,LH254,EYEMOUTH,PORT SETON,11.9,16.83,WOOD,GBR,N,N
JANWAL II,SD277,NORTH SHIELDS,SUNDERLAND,10.5,8.01,FIBRE GLASS,GBR,Y,N
JASPER II,BF3,BUCKIE,BUCKIE,10.93,15.29,WOOD,GBR,Y,N
JASTLO C,OB145,MALLAIG,MALLAIG,11.9,19.96,FIBRE GLASS,GBR,N,N
JAY C,CO333,PLYMOUTH,PLYMOUTH,11.95,25.23,STEEL,GBR,N,Y
JENISKA,B916,BELFAST,ARDGLASS,16.68,42,WOOD,GBS,N,N
JENNA-DEE,J90,PLYMOUTH,JERSEY,10.9,14.88,UNKNOWN,GBR,Y,Y
JENNAH D,SM688,HASTINGS,SHOREHAM,13.9,27.23,STEEL,GBR,N,Y
JENNY G,P987,POOLE,PORTSMOUTH,10.27,9.11,FIBRE GLASS,GBR,Y,N
JOANNA,NN137,PLYMOUTH,LOOE,13.98,30.64,STEEL,GBR,N,Y
JOANNA,CY701,STORNOWAY,STORNOWAY,17.16,76,WOOD,GBR,N,N
JOANNA C,BM265,HASTINGS,HASTINGS,13.94,38.07,STEEL,GBR,N,Y
JOBERT,LO243,LOWESTOFT,CANVEY ISLAND,11.75,10.3,STEEL,GBR,N,N
JODIE,LT87,SCARBOROUGH,SCARBOROUGH,36.5,312,STEEL,NLD,N,N
JOHANNA,NN56,GRIMSBY,GRIMSBY,14.16,31.23,STEEL,UNK,N,N
JOHN EDWARD,CS628,POOLE,POOLE,11.97,27.74,FIBRE GLASS,GBR,Y,N
JOHN WESLEY,SS284,PLYMOUTH,LOOE,11.9,32.82,FIBRE GLASS,GBR,YES,NO
JOHN WILLY,LN465,GRIMSBY,KINGS LYNN,13.77,23.66,STEEL,GBR,N,N
JOLANDA,CL4,NORTH SHIELDS,SILLOTH,11.5,22.16,STEEL,GBR,N,N
JOLENE,LN468,GRIMSBY,KINGS LYNN,11.92,22.97,STEEL,GBR,Y,Y
JORDAN A,BM225,BRIXHAM,BRIXHAM,27.53,139,STEEL,OTH,N,Y
JUBILEE PRIDE,GY903,GRIMSBY,GRIMSBY,17.76,47,WOOD,DNK,N,Y
JUBILEE QUEST,GY900,GRIMSBY,GRIMSBY,21.67,195,STEEL,GBR,N,N
JUBILEE SPIRIT,GY25,GRIMSBY,GRIMSBY,21.2,178,STEEL,UNK,N,N
JUNA,LK38,LERWICK,KIRKWALL,10.51,10.87,WOOD,GBR,Y,N
JUPITER,LT34,LOWESTOFT,LOWESTOFT,23.97,150,STEEL,NLD,N,N
JUST REWARD,BF64,FRASERBURGH,MACDUFF,14,31.97,STEEL,GBR,N,Y
JUSTINE MARIE,LN119,GRIMSBY,KINGS LYNN,13.47,16.1,STEEL,GBR,N,N
K T J,M38,MILFORD HAVEN,MILFORD HAVEN,11.55,15.2,WOOD,GBR,Y,N
KAIROS,BF36,FRASERBURGH,PORTAVOGIE,18.28,125.35,STEEL,GBR,N,N
KAREN,N88,BELFAST,PORTAVOGIE,17.58,50,WOOD,DNK,Y,N
KAREN,GY317,BELFAST,ARDGLASS,19.23,50,WOOD,DNK,N,N
KAREN N,PZ10,NEWLYN,NEWLYN,22.18,126,STEEL,GBR,N,Y
KARENANN II,FR559,PETERHEAD,PETERHEAD,23.98,193,STEEL,GBR,N,N
KARIMA,N96,BELFAST,KILKEEL,26.1,158,STEEL,GBR,N,N
KARINYA,FR699,FRASERBURGH,FRASERBURGH,18.26,120,WOOD,GBR,N,N
KASEY MARIE,BM517,BRIXHAM,BEER,13.4,35.56,STEEL,GBR,N,Y
KASTEL PAOL,P1007,NEWLYN,NEWLYN,17.35,56,WOOD,FRA,Y,N
KATHERINE,LO58,LOWESTOFT,LEIGH-ON-SEA,11.3,15.87,STEEL,GBR,N,N
KATHLEEN,SU511,CAMPBELTOWN,CAMPBELTOWN,11.91,16.85,STEEL,GBR,N,Y
KATHRYN JAMES,BN190,GRIMSBY,BOSTON,13.52,20.66,STEEL,GBR,N,N
KATIE CLAIRE,PZ87,PLYMOUTH,ILFRACOMBE,13.45,30.86,STEEL,GBR,N,Y
KAYLANA,SY21,STORNOWAY,KINLOCHBERVIE,17.26,64,WOOD,GBR,N,N
KAYLEIGH M,K970,CAMPBELTOWN,CAMPBELTOWN,13.1,33.64,STEEL,GBR,N,Y
KAYLEIGH M,OB15,NEWLYN,NEWLYN,13.08,28.53,STEEL,GBR,N,N
KEALINCHA DAWN,N973,BELFAST,UNSPECIFIED IRISH PORT,11.95,10.93,STEEL,GBR,Y,N
KEILA,K121,KIRKWALL,WESTRAY,27.36,279,STEEL,NOR,N,N
KELLY,BCK625,BUCKIE,BUCKIE,18.17,84,WOOD,GBR,N,Y
KEMARVIN,WK814,SCRABSTER,MACDUFF,16.86,82,STEEL,GBR,N,N
KERIOLET,SS695,BELFAST,BALLYCASTLE,11.4,15.19,FIBRE GLASS,GBR,Y,N
KERISTUM,SY76,MALLAIG,MALLAIG,17.76,101,WOOD,FRA,Y,N
KERRIE MARIE,BM172,BRIXHAM,BRIXHAM,23.97,150,STEEL,NLD,N,Y
KESTEVEN,GY277,NORTH SHIELDS,NORTH SHIELDS,16.84,53,WOOD,GBR,Y,Y
KESTREL,B56,BELFAST,KILKEEL,17.48,70,STEEL,GBR,N,Y
KESTREL,BCK81,BUCKIE,BUCKIE,30.2,180,STEEL,UNK,N,Y
KESTREL,LK268,LERWICK,LERWICK,13.76,26.16,STEEL,GBR,N,Y
KILDONAN,UL145,ULLAPOOL,ULLAPOOL,16.52,44,WOOD,GBS,N,N
KIMBERLEY,H131,SCARBOROUGH,BRIDLINGTON,12.15,8.39,FIBRE GLASS,GBR,Y,N
KING CHALLENGER,BA87,AYR,KIRKCUDBRIGHT,21.3,192,STEEL,GBR,N,Y
KING EXPLORER,BA829,AYR,KIRKCUDBRIGHT,23.66,202,STEEL,GBR,N,Y
KINGFISHER,BA810,AYR,BALLANTRAE,22.94,163,STEEL,GBR,N,Y
KINGFISHER,DH110,BRIXHAM,DARTMOUTH,18.35,122,STEEL,NLD,Y,N
KINGFISHER,K436,KIRKWALL,BERNERA (LEWIS),11.66,17.58,WOOD,GBR,Y,N
KINGFISHER,FY17,NEWLYN,PORTLOE,10.3,11.56,WOOD,GBR,N,Y
KINGS CROSS,FR380,PETERHEAD,PETERHEAD,70,2302,STEEL,UNK,N,N
KINLOCH,SY350,NORTH SHIELDS,WHITEHAVEN,12.8,24.79,WOOD,GBR,N,N
KIROAN,PD23,MALLAIG,MALLAIG,23.1,148,STEEL,GBR,N,N
KORNELIS JAN,FD281,SCARBOROUGH,URK,42.02,390,STEEL,NLD,N,N
KRISTENBORG,GY199,NORTH SHIELDS,NORTH SHIELDS,19.01,70,WOOD,DNK,N,N
KROSSFJORD,BF70,FRASERBURGH,PETERHEAD,57.6,1415,STEEL,NOR,N,N
KYRENE,UL144,OBAN,OBAN,11.91,17.17,WOOD,GBR,Y,N
L OGIEN,PZ28,PLYMOUTH,PLYMOUTH,16.75,71,STEEL,FRA,N,N
LA CREOLE,BM177,BRIXHAM,BRIXHAM,12.72,21.73,WOOD,FRA,Y,N
LA VAGABONDE DES MERS,J612,PLYMOUTH,TEIGNMOUTH,17.68,62.97,WOOD,FRA,Y,N
LADY HELEN,J222,PLYMOUTH,JERSEY,10.79,16.34,UNKNOWN,GBJ,Y,Y
LADY ISLE,TT263,AYR,GREENOCK,12.14,21.72,STEEL,GBR,N,Y
LADY L,BM19,BRIXHAM,BRIXHAM,13.95,43.37,STEEL,GBR,N,Y
LADY MAUREEN,BM7,BRIXHAM,BRIXHAM,23.97,151,STEEL,NLD,N,Y
LADY NICOLA,UL584,ULLAPOOL,ULLAPOOL,11.39,15.33,FIBRE GLASS,GBR,N,N
LADY OF LUNDY,BD267,PLYMOUTH,ILFRACOMBE,11.95,11.69,FIBRE GLASS,GBR,Y,N
LADY PATRICIA,GU168,PLYMOUTH,GUERNSEY,11.1,11.04,FIBRE GLASS,GBR,N,N
LADY T EMIEL,BM100,BRIXHAM,BRIXHAM,30.3,232,STEEL,NLD,N,Y
LAMORNA,SS28,NEWLYN,NEWLYN,12,13.39,WOOD,GBR,Y,N
LAPWING,PD972,PETERHEAD,PETERHEAD,24.35,144,STEEL,GBR,N,N
LAUNCH OUT,KY374,PITTENWEEM,PITTENWEEM,17.2,40,WOOD,UNK,Y,Y
LAURA,B295,BELFAST,BALLYWALTER,10.37,7.75,WOOD,GBR,Y,Y
LAURA ANNE,SY586,MALLAIG,MALLAIG,16.42,50,WOOD,GBR,N,N
LAUREL,CY341,STORNOWAY,LERWICK,16.58,60.25,WOOD,GBR,Y,Y
LAUREN ANNE,CK304,HASTINGS,HASTINGS,13.33,26.61,STEEL,GBR,N,Y
LAUWERSZEE,MN182,LOWESTOFT,BURNHAM-ON-CROUCH,12.15,16.21,STEEL,NLD,N,N
LEAD US,SY144,STORNOWAY,SOUTH HARRIS,16.79,43,WOOD,GBR,Y,N
LEANA,N65,BELFAST,KILKEEL,10.47,8.66,FIBRE GLASS,GBR,Y,N
L'ECUME II,J158,PLYMOUTH,SHOREHAM,18.54,65.76,UNKNOWN,FRA,N,N
LEVEN MOR,RO5,CAMPBELTOWN,BUTE,10.79,13.91,FIBRE GLASS,GBR,N,N
LEWIS ANDREW,LO20,LOWESTOFT,LEIGH-ON-SEA,13.98,27.33,STEEL,GBR,N,N
LIBERATOR,DS16,LOWESTOFT,LEIGH-ON-SEA,13.35,20.75,STEEL,GBR,N,N
LIBERATOR,LO47,LOWESTOFT,LEIGH-ON-SEA,13.84,23.35,STEEL,GBR,N,N
LILACINA,BU37,PITTENWEEM,PITTENWEEM,11.28,12.14,FIBRE GLASS,GBR,N,N
LILY V,WK46,ABERDEEN,ABERDEEN,10.3,10.36,WOOD,GBR,Y,N
LISA JACQUELINE STEVENSON,PZ476,NEWLYN,NEWLYN,24.2,112,STEEL,NLD,N,Y
LIZANNA,CY141,STORNOWAY,GRIMSAY,11.86,16.59,WOOD,GBR,Y,N
LLOYD TYLER,BM188,BRIXHAM,BRIXHAM,26.2,151,STEEL,NLD,N,Y
LOCH INCHARD II,UL44,KINLOCHBERVIE,KINLOCHBERVIE,18.32,97,WOOD,GBR,N,N
LOCH ROAG,K111,KIRKWALL,SANDAY,10.42,10.94,WOOD,GBR,Y,N
LONE WOLF,BM487,BRIXHAM,BRIXHAM,11.7,21.04,STEEL,NLD,N,Y
LORD SAM,LN86,LOWESTOFT,BRANCASTER STAITHE,12,17.01,WOOD,GBR,Y,N
LORETTA,FH718,PLYMOUTH,VIGO,35.08,344,STEEL,POR,N,N
LOUANDRIC,F24,KINLOCHBERVIE,KINLOCHBERVIE,11.98,11.25,WOOD,GBR,Y,N
LOUIS B,J7,PLYMOUTH,JERSEY,10.01,5.61,UNKNOWN,ISL,Y,N
LOUISA,SY30,STORNOWAY,STORNOWAY,14.15,42.01,STEEL,GBR,Y,N
LOUISA N,PZ101,NEWLYN,NEWLYN,23.12,125,STEEL,POL,N,N
LOUWE SENIOR,PW447,NORTH SHIELDS,NORTH SHIELDS,36.6,432,STEEL,ESP,N,N
LOYAL FRIEND,WK676,AYR,AYR,11.7,18.71,WOOD,GBR,N,Y
LOYAL PARTNER,PZ30,NEWLYN,NEWQUAY,10.65,8,FIBRE GLASS,GBR,Y,N
LUC,SN36,NORTH SHIELDS,NORTH SHIELDS,17.8,69,STEEL,GBR,N,N
LUCKY LUKE,LN6,GRIMSBY,KINGS LYNN,13.71,25.79,STEEL,POR,N,Y
LUCKY SEVEN,E262,POOLE,LULWORTH COVE,10.29,8.68,WOOD,GBR,Y,N
LUCY MARIE,BN80,GRIMSBY,BOSTON,13.3,27.7,STEEL,GBR,Y,N
LUCY TOO,FY66,PLYMOUTH,LOOE,10.9,12.47,WOOD,GBR,Y,Y
LUNAR BOW,PD265,PETERHEAD,PETERHEAD,69.3,2233,STEEL,NOR,N,N
LYNDEN II,FR151,FRASERBURGH,GARDENSTOWN,26.23,168,STEEL,GBR,N,N
LYNN PRINCESS,LN175,GRIMSBY,KINGS LYNN,16.81,25,STEEL,NLD,N,Y
LYNNMARIE,N264,BELFAST,KILKEEL,17.13,65,WOOD,GBR,N,Y
LYONESSE,PZ81,NEWLYN,NEWLYN,11.99,18.09,FIBRE GLASS,GBR,Y,N
M & J T,LN182,LOWESTOFT,WELLS,11.34,6.58,STEEL,GBR,Y,N
MADALIA,OB79,NORTH SHIELDS,NORTH SHIELDS,14.99,41.16,WOOD,GBR,N,N
MADONNA,BK96,NORTH SHIELDS,SEAHOUSES,10.58,4.61,WOOD,GBR,Y,N
MAGDELENE ANN,SH33,SCARBOROUGH,BRIDLINGTON,13.39,25.79,WOOD,GBR,Y,Y
MAGGIE ANN,FR110,FRASERBURGH,FRASERBURGH,26.6,111,STEEL,NLD,N,Y
MAGGIE B,CE65,CAMPBELTOWN,ISLAY,10.1,14.31,FIBRE GLASS,GBR,Y,N
MAGGIE M MBE,SH170,SCARBOROUGH,SCARBOROUGH,26.54,284,STEEL,GBS,N,N
MAGGIE S,BN84,GRIMSBY,BOSTON,10.88,12.15,STEEL,GBR,N,N
MAGNUM,DH20,BRIXHAM,DARTMOUTH,11.3,13.59,FIBRE GLASS,GBR,Y,N
MAIMAI,FR432,FRASERBURGH,LOSSIEMOUTH,24.34,201,STEEL,GBS,N,N
MAIRI ANNA,UL573,ULLAPOOL,ULLAPOOL,11.83,13.89,FIBRE GLASS,UNK,N,N
MAIRI BHEAG,K991,KIRKWALL,TINGWALL,13.2,16.91,FIBRE GLASS,GBR,Y,N
MAJESTIC,LK678,LERWICK,LERWICK,16,51,WOOD,GBR,Y,N
MAJESTIC III,BF234,CAMPBELTOWN,CAMPBELTOWN,17.11,56,WOOD,GBR,N,Y
MALKERRY,BM147,BRIXHAM,BRIXHAM,13.72,44.7,STEEL,GBR,N,Y
MANUEL LAURA,FH725,PLYMOUTH,VIGO,36,338,STEEL,ESP,N,N
MANX RANGER,FY91,NEWLYN,MEVAGISSEY,13.95,37.49,STEEL,GBR,N,Y
MAR BLANCO,FD85,AYR,CORUNNA,39.82,349,STEEL,ESP,Y,N
MAR DE BENS,TN40,AYR,TROON,46.85,468,STEEL,JPN,N,N
MAR DE CRETA,TN101,AYR,CORUNNA,40.35,353,STEEL,ESP,N,N
MARACESTINA,INS291,PETERHEAD,PETERHEAD,23.94,240,STEEL,ESP,N,N
MARANATHA,B377,BELFAST,PORTAVOGIE,13.82,30.42,WOOD,EIR,N,Y
MARANATHA,UL77,BUCKIE,BUCKIE,19.92,168,STEEL,ESP,N,N
MARBELLA,H771,GRIMSBY,HULL,69.2,2882,STEEL,NOR,N,N
MARCAN SINE,CY211,STORNOWAY,CASTLEBAY,11.22,7.66,FIBRE GLASS,GBR,Y,N
MAREIXON,UL591,AYR,AYR,29.3,223,STEEL,ESP,N,N
MARELANN,BF201,OBAN,OBAN,16.48,52,WOOD,GBR,N,N
MARET,R159,PLYMOUTH,LOOE,12.16,15.05,WOOD,DEU,N,N
MARGARET ANN 11,OB198,MALLAIG,MALLAIG,17.22,37,WOOD,GBR,N,N
MARGARET BERYL,LO526,LOWESTOFT,LEIGH-ON-SEA,13.02,23.34,STEEL,NLD,N,N
MARGARET OF LADRAM,E88,PLYMOUTH,PLYMOUTH,28,171,STEEL,NLD,N,Y
MARGARETA II,OB69,PORTREE,PORTREE,13.41,30.04,WOOD,GBR,Y,N
MARGRETA M,BRD7,PORTREE,PORTREE,11.7,24.41,FIBRE GLASS,GBR,Y,N
MARIA LENA,N948,BELFAST,BANGOR (CO. DOWN),33.48,169,STEEL,NLD,N,N
MARIE GALANTE,J486,PLYMOUTH,JERSEY,12.41,18.82,UNKNOWN,UNK,N,Y
MARIGOLD,A52,AYR,ANNAN,15.78,34,WOOD,GBR,N,Y
MARIGOLD,INS241,MALLAIG,MALLAIG,28.3,450,STEEL,GBR,N,N
MARINA,BF330,BELFAST,ARDGLASS,16.48,40,WOOD,GBR,N,N
MARINA,BM190,PLYMOUTH,PLYMOUTH,11.4,29.06,STEEL,GBR,N,Y
MARTINE,BM15,BRIXHAM,BRIXHAM,34,205,STEEL,NLD,N,Y
MARY AMELIA,LO86,LOWESTOFT,LEIGH-ON-SEA,13.93,27.25,STEEL,GBR,Y,Y
MARY ANNE,BM482,BRIXHAM,TORQUAY,11.98,18.07,STEEL,GBR,N,Y
MARY ELLEN,B945,BELFAST,LONDONDERRY,14.95,60.84,STEEL,GBR,Y,N
MARY MANSON,OB19,OBAN,TOBERMORY (ISLE OF MULL),17.8,40,WOOD,GBR,N,Y
MARY MARIA,N974,BELFAST,KILKEEL,12.59,15.55,STEEL,GBR,N,N
MARYEARED,TT57,CAMPBELTOWN,CAMPBELTOWN,17.07,75,WOOD,UNK,N,N
MASCARAID,CO820,MILFORD HAVEN,HOLYHEAD,11.99,12.69,WOOD,GBR,N,Y
MATTANJA,TN36,AYR,AYR,32.5,217,STEEL,NLD,N,Y
MATTY JAY,LO541,LOWESTOFT,LEIGH-ON-SEA,13.91,22.77,STEEL,GBR,N,Y
MAXINES PRIDE,FY38,PLYMOUTH,LOOE,11.89,26.26,WOOD,GBR,N,N
MAYFLOWER OF PORTAVOGIE,B44,BELFAST,ARDGLASS,19.86,59,WOOD,GBR,N,N
MAYFLY,LI111,POOLE,PORTSMOUTH,11.98,19.41,STEEL,GBR,Y,N
MELISSA CLARE,SD20,MILFORD HAVEN,AMLWCH,10.75,12.27,STEEL,UNK,Y,Y
MERCURIUS,FD277,MILFORD HAVEN,MILFORD HAVEN,26.72,95,STEEL,GBR,N,Y
MERDINA II,K20,KIRKWALL,TINGWALL,10.55,5.13,FIBRE GLASS,GBR,Y,N
MERLIN,BN39,GRIMSBY,GRIMSBY,11.98,14.81,STEEL,GBR,N,N
MERLIN 11,K69,KIRKWALL,STROMNESS,11.34,11.61,WOOD,GBR,Y,N
MIA JANE W,FR443,FRASERBURGH,FRASERBURGH,24.4,199,STEEL,FRA,N,N
MICHAEL J,K390,KIRKWALL,KIRKWALL,10.84,13.33,WOOD,GBS,Y,N
MICHELLE,BRD117,PORTREE,TORRIDON,10.7,5.05,WOOD,GBR,N,N
MICHELLE WISEMAN,UL181,ULLAPOOL,GRUINARD-AULTBEA,11.48,8.6,FIBRE GLASS,UNK,Y,Y
MIDNIGHT SUN,TH24,PLYMOUTH,PLYMOUTH,11.99,27.67,FIBRE GLASS,GBR,N,N
MILLBURN,FR83,FRASERBURGH,FRASERBURGH,21.76,143,WOOD,GBR,N,N
MINCH HUNTER,N236,BELFAST,PORTAVOGIE,16.7,46,STEEL,GBR,N,Y
MINERVA,FR147,FRASERBURGH,FRASERBURGH,24.8,311,STEEL,GBR,N,N
MIRAGE II,H1075,SCARBOROUGH,BRIDLINGTON,11.15,10.16,FIBRE GLASS,GBR,Y,N
MIRANDA,P224,SCARBOROUGH,URK,37.75,373,STEEL,NLD,N,N
MIZPAH LK,LK173,LERWICK,SCALLOWAY AND ISLES,26.88,254,STEEL,GBR,N,N
MONTE MAZANTEU,FD521,FLEETWOOD,FLEETWOOD,27.3,200,STEEL,ESP,N,N
MORAY ENDEAVOUR,BCK17,BUCKIE,BUCKIE,21.2,189,WOOD,GBR,N,Y
MOREL MARGH,FH12,NEWLYN,RIVER FAL-FALMOUTH,10.93,12.73,STEEL,GBR,N,Y
MOREMMA,PD135,PETERHEAD,PETERHEAD,22.95,172,WOOD,GBR,N,N
MORNING DAWN,N252,BELFAST,ARDGLASS,16.95,46,WOOD,GBS,N,N
MORNING DAWN,PD359,PETERHEAD,PETERHEAD,44.98,565,STEEL,NLD,N,N
MORNING STAR,P8,POOLE,PORTSMOUTH,13.47,25.69,STEEL,GBR,N,Y
MOYALLON,SH24,SCARBOROUGH,BRIDLINGTON,11.92,23.55,WOOD,GBR,Y,N
MOYUNA,N938,BELFAST,KILKEEL,15.34,43,WOOD,GBR,N,Y
MURRAY V,K28,KIRKWALL,KIRKWALL,11.78,12.93,FIBRE GLASS,GBR,Y,N
MY AMBER,CE303,PORTREE,TORRIDON,10.3,9.08,FIBRE GLASS,GBR,Y,N
MY GIRLS J.L.L,CY824,OBAN,OBAN,11.2,6.62,FIBRE GLASS,GBR,Y,N
MY TARA,OB73,OBAN,NEWQUAY,10.3,9.08,FIBRE GLASS,GBR,Y,N
MY WAY,CS451,POOLE,ISLE OF WIGHT,12.02,7.84,FIBRE GLASS,GBR,Y,N
MYTILUS,B449,BELFAST,UNSPECIFIED IRISH PORT,27,158.25,STEEL,NLD,Y,N
NANCY GLEN,TT100,CAMPBELTOWN,TARBERT,12.98,26.41,STEEL,GBR,N,N
NATALIE,FY602,PLYMOUTH,LOOE,11.35,18.97,FIBRE GLASS,GBR,N,N
NATALIE B,H1074,AYR,FLEETWOOD,26.36,124,STEEL,NLD,N,Y
NATALIE ROSE II,OB40,OBAN,OBAN,10.97,13.64,FIBRE GLASS,GBR,N,N
NEELTJE,H426,NORTH SHIELDS,NORTH SHIELDS,28.8,329,STEEL,DNK,N,N
NEMESIS,FY115,PLYMOUTH,RIVER FOWEY,12.3,11.7,FIBRE GLASS,GBR,N,N
NEMO,BD288,PLYMOUTH,ILFRACOMBE,12.83,13.33,FIBRE GLASS,IRL,Y,N
NEW DAWN,N415,BELFAST,ARDGLASS,14,24.65,STEEL,GBR,N,N
NEW DAWN,B336,BELFAST,PORTAVOGIE,14.95,52.63,WOOD,UNK,N,N
NEW VENTURE,B914,BELFAST,ARDGLASS,13.7,39.63,STEEL,GBR,N,N
NEW VENTURE,N304,BELFAST,PORTAVOGIE,17.99,84,STEEL,GBR,N,N
NEWBROOK,DH149,BRIXHAM,DARTMOUTH,14.31,20.25,WOOD,GBR,Y,N
NIAMH EOGHAN,CE543,BELFAST,RED BAY,23,164,STEEL,ESP,Y,N
NICOLA ANNE,CK305,LOWESTOFT,LOWESTOFT,14.3,41.88,STEEL,FRA,N,N
NICOLA FAITH,WY159,SCARBOROUGH,WHITBY,10.69,10.89,STEEL,GBR,Y,N
NICOLA JANE,N5,BELFAST,KILKEEL,11.32,20.22,FIBRE GLASS,GBR,Y,N
NICOLA L,WY37,POOLE,WEYMOUTH,13.6,35.65,STEEL,GBR,N,Y
NICOLA MAY,GU57,PLYMOUTH,GUERNSEY,14.83,25.56,WOOD,FRA,N,N
NICOLA-JOANNE,SSS5,NORTH SHIELDS,NORTH SHIELDS,10.8,13.34,WOOD,GBR,N,N
NIL-DESPERANDUM III,MR6,PORTREE,PORTREE,11.7,23.63,FIBRE GLASS,GBR,Y,N
NIMROD,B926,BELFAST,ARDGLASS,16.28,64,WOOD,OTH,N,Y
NIMROD,BH227,NORTH SHIELDS,AMBLE,16.5,95,WOOD,GBR,N,N
NONAKIE,BK83,NORTH SHIELDS,NORTH SHIELDS,11.35,6.33,FIBRE GLASS,GBR,Y,N
NORDFJORDR,PD118,PETERHEAD,PETERHEAD,27.4,286,STEEL,GBR,N,N
NORDIC WAY,CY340,STORNOWAY,FRASERBURGH,15.52,59,STEEL,GBR,N,N
NORDSTJERNEN,GY1477,SCARBOROUGH,SCARBOROUGH,15.6,32,WOOD,DNK,Y,Y
NORLAN,BF362,FRASERBURGH,WHITEHILLS,24.8,309,STEEL,GBR,N,N
NORLANTEAN II,K508,KIRKWALL,FRASERBURGH,27.85,331,STEEL,ESP,N,N
NORMA MARY,H110,GRIMSBY,GRIMSBY,73.4,2342,STEEL,FRO,N,N
NORONYA,K733,KIRKWALL,KIRKWALL,18.46,138,FIBRE GLASS,GBR,Y,N
NORTH EASTERN,SN45,NORTH SHIELDS,NORTH SHIELDS,11.51,8.03,WOOD,GBR,Y,N
NORTHERN CLIPPER,DH119,BRIXHAM,DARTMOUTH,13.04,27.45,WOOD,FRA,Y,N
NORTHERN DAWN,N10,BELFAST,KILKEEL,20.5,86,STEEL,FRA,N,N
NORTHERN PRIDE,BK64,NORTH SHIELDS,BOULMER,10.37,4.6,WOOD,GBR,Y,N
NORTHERN QUEST,N777,BELFAST,KILKEEL,19.27,89,STEEL,FRA,N,N
NORTHERN STAR,SY11,STORNOWAY,STORNOWAY,16.46,39,WOOD,GBR,N,N
NORTHERN VENTURE,N77,BELFAST,KILKEEL,19.9,110,STEEL,EIR,N,N
NORTHERN VIKING,N74,BELFAST,KILKEEL,20.4,112,STEEL,FRA,N,N
NOS,OB568,AYR,AYR,38.06,263,STEEL,ESP,N,N
NOVA SPERO,CN187,NEWLYN,NEWLYN,20.43,110,WOOD,GBR,N,N
NOVANTAE,SH270,LOWESTOFT,WELLS,13.9,37.58,STEEL,UNK,Y,Y
O GENITA,FD529,AYR,AYR,33.3,315,STEEL,ESP,N,N
OBSESSION,K99,KIRKWALL,KIRKWALL,11,11.48,FIBRE GLASS,GBR,Y,N
OCEAN BOUNTY,PD182,PETERHEAD,PETERHEAD,24.26,266,STEEL,GBR,N,N
OCEAN CHALLENGE,BF85,FRASERBURGH,PORTSOY,21.3,202,WOOD,GBR,N,N
OCEAN DAWN,FR347,FRASERBURGH,FRASERBURGH,26.5,224,STEEL,GBR,N,N
OCEAN DIVINE,B1005,BELFAST,PORTAVOGIE,11.35,11.71,FIBRE GLASS,GBR,N,N
OCEAN HARVEST,SY5,NEWLYN,MEVAGISSEY,11.37,14.66,FIBRE GLASS,GBR,N,Y
OCEAN HARVEST,PD198,PETERHEAD,PETERHEAD,28.35,349,STEEL,DNK,N,N
OCEAN HARVEST III,FR145,FRASERBURGH,FRASERBURGH,22.36,180,STEEL,UNK,N,N
OCEAN HARVESTER,N273,BELFAST,KILKEEL,22.78,151,WOOD,SWE,N,N
OCEAN HERALD,CN322,CAMPBELTOWN,ISLAY,14.94,28.95,WOOD,UNK,Y,Y
OCEAN HUNTER,SY503,MALLAIG,MALLAIG,17.22,66,WOOD,GBR,N,N
OCEAN MAID,BA55,AYR,TROON,19.62,60,WOOD,GBR,N,N
OCEAN MAID,CY84,STORNOWAY,SOUTH UIST & ERISKAY,10.99,14.83,FIBRE GLASS,GBR,Y,Y
OCEAN PIONEER,FR928,FRASERBURGH,FRASERBURGH,19,161,STEEL,ESP,N,N
OCEAN QUEST,FR375,FRASERBURGH,FRASERBURGH,21.28,1632,STEEL,GBR,N,Y
OCEAN QUEST,BF77,FRASERBURGH,FRASERBURGH,61.5,138,STEEL,ESP,N,N
OCEAN REAPER IV,FR273,PETERHEAD,PETERHEAD,21.3,189,WOOD,GBR,N,N
OCEAN REWARD IV,BCK83,BUCKIE,BUCKIE,21.22,180,WOOD,GBR,N,N
OCEAN SPIRIT,BM493,PLYMOUTH,PLYMOUTH,13.7,29.69,UNKNOWN,GBR,N,Y
OCEAN SPIRIT,SY2,STORNOWAY,STORNOWAY,13.1,31.2,WOOD,GBR,N,N
OCEAN SPRAY,PZ41,NEWLYN,NEWLYN,14.11,40.34,WOOD,GBR,Y,N
OCEAN TRUST,PD787,MALLAIG,MALLAIG,18.04,121,WOOD,GBR,N,N
OCEAN VENTURE,B282,BELFAST,PORTAVOGIE,19.46,74,WOOD,GBR,N,N
OCEAN VENTURE,FR77,FRASERBURGH,FRASERBURGH,61.5,1632,STEEL,GBR,N,N
OCEAN VENTURE II,PD340,PETERHEAD,PETERHEAD,30.5,370,STEEL,GBR,N,N
OCEAN WAY,FR349,FRASERBURGH,BUCKIE,17.07,80,WOOD,GBR,N,N
OCEAN WAY,LK207,LERWICK,LERWICK,24.3,268,STEEL,GBR,N,Y
OCEAN WAY,BF878,MALLAIG,MALLAIG,18.23,134,WOOD,GBR,N,N
OCEANUS,N924,BELFAST,KILKEEL,18.51,106,WOOD,UNK,N,N
OLIVE BRANCH,N19,AYR,AYR,18.59,71,WOOD,GBR,N,Y
OLIVIA JEAN,TN35,NEWLYN,NEWLYN,33.86,242,STEEL,NLD,N,Y
OLY-RAY,F52,HASTINGS,WHITSTABLE,13.95,18.76,STEEL,UNK,N,N
ONWARD,N336,BELFAST,KILKEEL,18.07,108,WOOD,GBR,N,Y
ONWARD,SY799,STORNOWAY,SOUTH LOCHS,11.83,15.61,WOOD,GBR,Y,N
ONWARD,UL1,ULLAPOOL,ULLAPOOL,11.62,16.74,FIBRE GLASS,GBR,Y,Y
ONWARD STAR,SH165,SCARBOROUGH,BRIDLINGTON,16.54,43,WOOD,GBR,Y,N
OPPORTUNE,LK209,LERWICK,LERWICK,23.6,176.04,STEEL,SWE,N,N
OPPORTUNE,WK171,SCRABSTER,WICK,25.9,204.05,STEEL,GBR,N,N
OPPORTUNUS IV,PD96,PETERHEAD,PETERHEAD,19.95,153.1,STEEL,DNK,N,N
ORCADES II,PW364,NEWLYN,PORT ISAAC,12.19,5.04,FIBRE GLASS,GBR,Y,N
ORION,BF432,FRASERBURGH,FRASERBURGH,19.9,195,STEEL,GBR,N,N
OSPREY,N902,BELFAST,KILKEEL,11.59,25.62,FIBRE GLASS,GBR,Y,N
OSPREY,WK14,SCRABSTER,NEWLYN,13.84,31.57,WOOD,UNK,Y,N
OUR ANNA,PD657,NORTH SHIELDS,NORTH SHIELDS,40.2,465,STEEL,NLD,N,N
OUR BELLE ANN,PW100,NEWLYN,PORT ISAAC,11.73,13.28,FIBRE GLASS,GBR,Y,N
OUR HAZEL,UL543,ULLAPOOL,ULLAPOOL,19.97,157,STEEL,ESP,Y,N
OUR HERITAGE,FR237,OBAN,BANGOR,16.89,53,WOOD,GBR,N,Y
OUR JAMES,KY66,NORTH SHIELDS,MARYPORT,13.57,24.92,WOOD,GBR,N,Y
OUR JENNY,BD4,PLYMOUTH,ILFRACOMBE,11.75,12.97,FIBRE GLASS,GBR,Y,N
OUR JOSIE GRACE,BD287,PLYMOUTH,ILFRACOMBE,14.95,50.72,STEEL,GBR,N,N
OUR JULIA,SH310,SCARBOROUGH,SCARBOROUGH,14.19,23.12,WOOD,DNK,Y,N
OUR LADY LOU,BM110,BRIXHAM,BRIXHAM,23.98,159,STEEL,NLD,N,N
OUR LASSIE,CN237,CAMPBELTOWN,CAMPBELTOWN,13.38,31.58,WOOD,EIR,N,Y
OUR LASSIE,TT8,GRIMSBY,GRIMSBY,12.02,16.87,WOOD,GBR,Y,Y
OUR MELISSA,SD403,SCARBOROUGH,SCARBOROUGH,14.75,16.89,WOOD,DNK,N,N
OUR MIRANDA,BM27,HASTINGS,SHOREHAM,25.28,155,STEEL,NLD,N,Y
OUR OLIVIA BELLE,BD277,PLYMOUTH,ILFRACOMBE,14.95,73.35,STEEL,GBR,N,N
OUR PRIDE,PD77,FRASERBURGH,FRASERBURGH,18.25,104,WOOD,GBR,N,N
OUR SARAH JAYNE,BM116,HASTINGS,WHITSTABLE,14.02,28.24,WOOD,GBR,N,Y
OUR VENTURE,K355,AYR,KIRKWALL,12.75,33.27,STEEL,GBR,N,Y
PACEMAKER,GY165,BRIXHAM,EXMOUTH,16.45,49,WOOD,GBR,N,N
PAMELA MARY,LN471,GRIMSBY,KINGS LYNN,12.18,14.96,STEEL,GBR,Y,Y
PAMELA S,WY38,SCARBOROUGH,BRIDLINGTON,16.76,41,WOOD,UNK,Y,Y
PARAVEL,FY369,PLYMOUTH,LOOE,10.88,16.48,WOOD,GBR,N,
PATHFINDER,OB181,OBAN,KILKEEL,18.16,42,WOOD,GBR,N,Y
PATHWAY,PD165,PETERHEAD,PETERHEAD,66.6,2194,STEEL,NOR,N,N
PATRICIA B,BN438,GRIMSBY,BOSTON,13.94,21.53,STEEL,GBR,N,
PATRICIA MARTA,OB113,AYR,AYR,32.99,291,STEEL,ESP,N,N
PATSY ANNE,WA5,NORTH SHIELDS,WHITEHAVEN,11.58,11.86,WOOD,GBR,N,N
PATSY B,FR925,KIRKWALL,FRASERBURGH,11.41,9.61,STEEL,GBR,Y,Y
PAULANDA,CN733,CAMPBELTOWN,ISLAY,11.28,12.14,FIBRE GLASS,GBR,Y,N
PEACE AND PLENTY III,BM24,LOWESTOFT,PAGELSHAM,11.73,27.47,STEEL,GBW,N,Y
PEADAR MARIE,GU199,PLYMOUTH,PLYMOUTH,18.35,89.18,UNKNOWN,NLD,Y,N
PEGASUS,OB216,OBAN,TOBERMORY (ISLE OF MULL),11.75,10.49,WOOD,GBR,N,N
PEN DINAS,AB77,MILFORD HAVEN,ABERYSTWYTH,11.98,13.72,WOOD,GBR,Y,Y
PEN GLAS,SE34,PLYMOUTH,SALCOMBE,18.4,62,WOOD,FRA,Y,N
PERSEVERANCE,FH5,SCARBOROUGH,SCARBOROUGH,12.38,21.06,WOOD,GBR,Y,N
PHANTOM,P300,POOLE,PORTSMOUTH,10.55,5.23,WOOD,GBR,Y,N
PHILOMENA,TN37,AYR,KIRKCUDBRIGHT,30.57,176,STEEL,,N,Y
PHOENIX,FR941,FRASERBURGH,FRASERBURGH,26.5,237,STEEL,GBR,N,N
PIEDRAS,FD528,AYR,TROON,35.5,295,STEEL,ESP,N,N
PILOT STAR,B185,BELFAST,PORTAVOGIE,16.32,40,WOOD,GBR,N,N
PILOT US,B145,BELFAST,ARDGLASS,17.77,52,WOOD,GBR,N,N
PIONEER,SS15,OBAN,PORT ELLEN,11.9,11.44,FIBRE GLASS,GBR,YES,NO
PLANET,LK79,LERWICK,SCALLOWAY AND ISLES,11.98,19.08,WOOD,GBR,N,Y
PLEIADES,BF155,FRASERBURGH,FRASERBURGH,17.5,122,STEEL,GBR,N,N
PORT OF AYR,FD527,AYR,AYR,31.12,254,STEEL,ESP,Y,N
PORTIA,BK110,NORTH SHIELDS,NORTH SHIELDS,10.01,6.2,FIBRE GLASS,ISL,Y,N
PORTLAND ISLE,WH296,POOLE,WEYMOUTH,12,18.87,FIBRE GLASS,GBR,Y,N
PORTUNUS,LN91,GRIMSBY,KINGS LYNN,17.65,46,STEEL,NLD,Y,N
PREVAIL,LK117,LERWICK,SCALLOWAY AND ISLES,22.46,147,WOOD,GBR,N,N
PREVAIL,P9,POOLE,PORTSMOUTH,12.73,19.58,STEEL,UNK,Y,N
PRIDE AND JOY,WY218,SCARBOROUGH,WHITBY,10.9,14.91,WOOD,GBR,Y,N
PRIDE OF WALES,BK291,AYR,HOLYHEAD,12.59,31.24,WOOD,GBR,N,Y
PRIMROSE,CY233,STORNOWAY,CASTLEBAY,16.25,37,WOOD,GBR,N,Y
PROGRESS,LH229,OBAN,OBAN,10.15,8.61,FIBRE GLASS,GBR,Y,N
PROGRESS,J444,PLYMOUTH,JERSEY,11.8,23.1,UNKNOWN,GBR,N,Y
PROLIFIC,LK986,LERWICK,LERWICK,19,166,STEEL,GBR,N,N
PROSPECT,BF573,FRASERBURGH,WHITEHILLS,20.62,169,WOOD,GBR,N,N
PROSPECTOR,J189,PLYMOUTH,JERSEY,16.95,48.73,UNKNOWN,GBS,N,Y
PROSPERITY,UL74,PORTREE,PORTREE,17.73,38,STEEL,GBR,N,Y
PROVIDENCE,H144,SCARBOROUGH,BRIDLINGTON,11.83,7.41,FIBRE GLASS,GBR,Y,N
PROVIDENCE IV,B923,BELFAST,PORTAVOGIE,18.09,65,WOOD,GBR,N,N
PROVIDER,M196,ABERDEEN,MILFORD HAVEN,11.43,40.13,STEEL,GBR,N,Y
PROVIDER,AH71,AYR,AYR,16.83,60,WOOD,GBR,N,N
PROVIDER,BH57,NORTH SHIELDS,AMBLE,10.87,15.08,WOOD,GBR,Y,N
PROVIDER,SH276,CAMPBELTOWN,TENBY,11.1,15.82,FIBRE GLASS,GBR,Y,N
PROVIDER II,BF422,FRASERBURGH,MACDUFF,14,36.03,STEEL,GBR,N,N
PROVIDING STAR,FD366,POOLE,PORTSMOUTH,13.11,26.75,STEEL,GBR,Y,Y
PROWESS,CY720,STORNOWAY,STORNOWAY,60.2,1332,STEEL,NOR,N,N
PRUE ESTHER II,PZ550,STORNOWAY,STORNOWAY,11.6,15.54,FIBRE GLASS,GBR,Y,N
PURBECK 11,SU461,POOLE,POOLE,11.03,14.23,UNKNOWN,GBR,Y,N
QUAKER,AB7,MILFORD HAVEN,ABERYSTWYTH,11.9,22.74,WOOD,FRA,Y,N
QUANTUS,PD379,PETERHEAD,PETERHEAD,65.48,2084,STEEL,NOR,N,N
QUARTER BELL,WH425,POOLE,WEYMOUTH,11,13.94,FIBRE GLASS,UNK,Y,Y
QUEENSBERRY,BA156,AYR,ANNAN,15.9,35,WOOD,GBR,N,Y
QUELINE,K1138,KIRKWALL,KIRKWALL,11.9,20.01,FIBRE GLASS,GBR,Y,Y
QUEST,BW87,CAMPBELTOWN,CAMPBELTOWN,11.1,10.74,FIBRE GLASS,GBR,Y,N
QUEST,UL52,STORNOWAY,STORNOWAY,11.15,14.94,WOOD,GBR,Y,Y
QUO VADIS,BCK40,NORTH SHIELDS,NORTH SHIELDS,42.36,499,STEEL,UNK,N,N
RACHAEL B,GU358,PLYMOUTH,GUERNSEY,11.95,30.34,FIBRE GLASS,GBR,N,N
RACHAEL JAYNE III,MT100,NORTH SHIELDS,WHITEHAVEN,18.75,131,WOOD,GBR,N,N
RACHAEL S,GY305,GRIMSBY,UNSPECIFIED DANISH PORT,20.1,83,WOOD,DNK,N,N
RADIANCE,FR1,FRASERBURGH,FRASERBURGH,14,36.69,STEEL,GBR,N,Y
RADIANCE,LK101,LERWICK,LERWICK,12.01,21.89,WOOD,GBR,N,Y
RADIANCE,INS240,ULLAPOOL,ULLAPOOL,19.68,89,STEEL,NOR,N,Y
RADIANT MORN,FR141,CAMPBELTOWN,BRIDLINGTON,16.85,52,WOOD,GBR,N,N
RADIANT STAR,LK71,LERWICK,LERWICK,23.07,219.84,STEEL,GBR,N,N
RADIANT STAR,FR73,NORTH SHIELDS,NORTH SHIELDS,12.8,29.17,WOOD,GBR,N,Y
RAMBLING ROSE,BCK21,BELFAST,PORTAVOGIE,18.59,91,WOOD,GBR,N,N
RAMBLING ROSE,OB780,OBAN,LUING,16.81,48,WOOD,GBR,Y,Y
RANGER A,SY37,MALLAIG,STORNOWAY,16.6,42,WOOD,GBR,N,Y
RAPID RETURN,PE469,POOLE,POOLE,10.06,9.44,FIBRE GLASS,GBR,Y,N
REBECCA,LH11,EYEMOUTH,EYEMOUTH,21.53,155,WOOD,GBR,Y,N
REBECCA,FR143,FRASERBURGH,FRASERBURGH,21.22,191,STEEL,GBS,N,N
REBECCA JENEEN,OB38,MALLAIG,MALLAIG,16.69,105,STEEL,GBR,N,Y
REBECCAN,PW406,LOWESTOFT,LOWESTOFT,13.2,29.37,STEEL,GBR,N,N
REBEKAH JAYNE,OB235,OBAN,OBAN,17.2,76,WOOD,GBR,N,N
REBENA BELLE,N313,BELFAST,ARDGLASS,14.02,27.94,WOOD,GBR,N,N
RED VIXEN,FY111,NEWLYN,MEVAGISSEY,10.42,9.16,WOOD,GBR,Y,N
REJOICE,BH220,BRIXHAM,EXMOUTH,11.99,32.8,STEEL,GBR,N,Y
RELIANCE,BF80,NORTH SHIELDS,NORTH SHIELDS,18.11,126,WOOD,GBR,N,N
RELIANCE 111,LO33,LOWESTOFT,LEIGH-ON-SEA,14,28.59,STEEL,GBR,N,N
RELIANCE II,BF800,FRASERBURGH,FRASERBURGH,19,166,STEEL,GBR,N,N
REMEMBRANCE,CN197,CAMPBELTOWN,CARRADALE,16.17,34,WOOD,GBR,N,Y
RENOWN,FR246,FRASERBURGH,FRASERBURGH,24.41,201,STEEL,GBR,N,N
RENOWN,LO88,LOWESTOFT,LEIGH-ON-SEA,12.68,14.28,STEEL,GBR,N,Y
RENOWN IV,LO50,LOWESTOFT,LEIGH-ON-SEA,11.98,11.4,STEEL,GBR,N,N
RENOWN J W,LK52,LERWICK,WHALSAY AND SKERRIES,16.14,57,STEEL,UNK,N,Y
REPLENISH,BF28,FRASERBURGH,FRASERBURGH,26.5,299,STEEL,GBR,N,N
RESEARCH W,LK62,LERWICK,WHALSAY AND SKERRIES,70.7,2430,STEEL,NOR,N,N
RESILIENT,LK195,LERWICK,LERWICK,24.26,266,STEEL,GBS,N,N
RESILIENT III,FR327,FRASERBURGH,MACDUFF,26.21,154,STEEL,GBR,N,N
RESOLUTE,BF50,FRASERBURGH,GARDENSTOWN,64,1759,STEEL,NOR,N,N
RESOLUTION,WY78,NORTH SHIELDS,NORTH SHIELDS,23.99,158,WOOD,GBR,N,N
RESTLESS WAVE,B617,BELFAST,BURTONPORT,10.65,8.39,OTHER,IRL,Y,N
RESURGAM,PZ1001,NEWLYN,NEWLYN,26.22,134,STEEL,NLD,N,Y
REUL-A-CHUAIN,OB915,MALLAIG,MALLAIG,18,47,WOOD,DNK,N,Y
REVENGE,K591,KIRKWALL,KIRKWALL,12.2,26.06,WOOD,GBR,N,Y
REVENGE,LO2,LOWESTOFT,LEIGH-ON-SEA,13.08,18.45,STEEL,GBR,N,N
RHODANNA,B14,BELFAST,PORTAVOGIE,20.2,82,WOOD,GBR,N,N
RIBHINN DONN II,B140,BELFAST,PORTAVOGIE,19.3,57,WOOD,GBR,N,N
RIPPLE,SS19,NEWLYN,NEWLYN,13.35,18.18,WOOD,GBR,N,N
RIPTIDE,J145,PLYMOUTH,JERSEY,12.83,12.27,UNKNOWN,GBR,Y,N
RIVAL II,SY274,STORNOWAY,STORNOWAY,14.64,29.78,WOOD,GBR,Y,Y
ROIS MHAIRI,OB45,OBAN,OBAN,18.9,125,STEEL,GBR,N,Y
ROSEBLOOM,INS353,FRASERBURGH,FRASERBURGH,23.95,240,STEEL,GBR,N,N
ROSEMARY ANN,B279,BELFAST,KILKEEL,13.72,26.15,WOOD,GBR,Y,Y
ROSEMOUNT,PD313,PETERHEAD,PETERHEAD,26,176,STEEL,GBR,N,N
ROWENA,FE75,HASTINGS,FOLKESTONE,10.64,11.68,FIBRE GLASS,GBR,Y,N
ROXANNE,WH488,POOLE,POOLE,11.25,10.07,FIBRE GLASS,GBR,Y,N
ROYAL CHARLOTTE,FE50,HASTINGS,DOVER,11.24,10.63,WOOD,GBR,N,N
ROYAL ESCAPE,WH768,BRIXHAM,BRIXHAM,12,14.48,WOOD,GBR,Y,N
ROYAL SOVEREIGN,DH148,HASTINGS,EASTBOURNE,17.03,53,WOOD,GBR,Y,N
RUTH IMELDA,BN64,GRIMSBY,BOSTON,11.28,15.04,STEEL,GBR,Y,N
RYANWOOD,FR307,FRASERBURGH,FRASERBURGH,23.47,230,STEEL,GBR,N,N
SAGITTARIUS,B313,BELFAST,PORTAVOGIE,20.21,146,WOOD,GBR,N,N
SAJENN,NN444,HASTINGS,NEWHAVEN,13.99,38.44,STEEL,GBR,N,Y
SALCOMBE LASS,SE74,PLYMOUTH,SALCOMBE,11,6.54,WOOD,GBR,Y,N
SALLY JANE,SM74,HASTINGS,SHOREHAM,13.6,28.28,STEEL,GBR,N,Y
SAM LEWETTE II,MT123,NORTH SHIELDS,NORTH SHIELDS,12.2,27.87,STEEL,UNK,N,Y
SAMANTHA JANE,K94,KIRKWALL,KIRKWALL,12.6,19.62,FIBRE GLASS,GBR,Y,N
SANAMEDIO,FD525,AYR,AYR,36,317,STEEL,ESP,N,N
SANCTA MARIA,N29,BELFAST,KILKEEL,20.37,106,STEEL,FRA,N,N
SAND JULIE,P311,POOLE,PORTSMOUTH,10.51,9.24,FIBRE GLASS,UNK,N,N
SANDERLING,AB4,MILFORD HAVEN,NEW QUAY,11.43,10.13,FIBRE GLASS,GBR,Y,Y
SANELA,KY459,PITTENWEEM,PITTENWEEM,11.85,24.2,STEEL,GBR,N,Y
SANRENE,GY152,NORTH SHIELDS,WHITEHAVEN,17.82,51,WOOD,DNK,N,N
SANTA MARIA IIII,CY38,PORTREE,PORTREE,11.22,20.4,WOOD,GBR,N,Y
SAPPHIRE,CY4,STORNOWAY,NORTH UIST,11.58,91,FIBRE GLASS,GBR,Y,N
SAPPHIRE,PZ66,NEWLYN,NEWLYN,25.05,7.72,STEEL,NLD,N,N
SAPPHIRE STONE,BCK304,BELFAST,PORTAVOGIE,20.58,103,WOOD,GBR,Y,N
SARA LENA,BM30,HASTINGS,SHOREHAM,18.21,82,STEEL,NLD,N,Y
SARAH H,GY377,MILFORD HAVEN,HOLYHEAD,17.58,46,WOOD,DNK,N,N
SARAH JAYNE,BM249,BRIXHAM,EXMOUTH,14.94,32.89,STEEL,GBR,N,Y
SARAH LENA,NN712,HASTINGS,HASTINGS,13.64,28.85,STEEL,GBR,N,Y
SARAH LOUISE,BM41,BRIXHAM,BRIXHAM,23.99,164,STEEL,NLD,N,Y
SARAH-P,GU399,PLYMOUTH,GUERNSEY,14.32,38.86,FIBRE GLASS,GBR,Y,N
SARDIA LOUISE,WY335,SCARBOROUGH,SCARBOROUGH,10.85,16.02,WOOD,GBR,Y,N
SARDIUS,N934,BELFAST,KILKEEL,16.77,89,STEEL,GBR,N,Y
SARDONYX II,BF206,FRASERBURGH,PETERHEAD,18.38,119,STEEL,GBR,N,N
SARDONYX II,WK350,SCRABSTER,SWANSEA,11.45,18.04,STEEL,GBR,N,Y
SASHA EMIEL,BM181,BRIXHAM,BRIXHAM,23.13,121,UNKNOWN,UNK,N,Y
SCARLETT LOU,DS4,MILFORD HAVEN,HOLYHEAD,13.58,47.29,STEEL,GBR,N,Y
SCOTIA,BCK37,NORTH SHIELDS,WHITEHAVEN,11.25,20.06,WOOD,GBR,N,N
SCOTIA STAR,TT267,CAMPBELTOWN,TARBERT,11.87,18.16,STEEL,GBR,N,Y
SEA CREST,SU349,POOLE,LYMINGTON,11.15,10.59,STEEL,GBR,N,Y
SEA DOG,BN2,AYR,AYR,13.92,22.94,STEEL,GBR,N,N
SEA HARVESTER,N822,BELFAST,ARDGLASS,19.97,73,WOOD,GBR,N,Y
SEA LADY,TN20,BRIXHAM,BRIXHAM,32.8,239,STEEL,NLD,N,Y
SEA MOURNE,B92,BELFAST,ARDGLASS,13.7,39.63,STEEL,GBR,N,N
SEA OTTER,BM222,BRIXHAM,BRIXHAM,14.97,40.33,STEEL,GBR,N,Y
SEA SEEKER,E68,POOLE,LYME REGIS,11.15,17.06,STEEL,GBR,Y,Y
SEA SWALLOW,LN20,GRIMSBY,KINGS LYNN,17.6,35,STEEL,DEU,N,Y
SEABIRD,P283,POOLE,PORTSMOUTH,11,11.4,STEEL,GBR,N,N
SEAFORTH,KY192,MILFORD HAVEN,HOLYHEAD,11.6,20.25,STEEL,GBR,N,Y
SEAGULL,BF74,FRASERBURGH,MACDUFF,27.41,349,STEEL,GBS,N,N
SEAGULL,LN22,GRIMSBY,KINGS LYNN,17.2,38,STEEL,GBR,N,Y
SEALGAIR MARA,SY132,ULLAPOOL,GAIRLOCH,11.89,8.77,FIBRE GLASS,GBR,N,N
SEARCHER,BF205,BUCKIE,BUCKIE,23.71,227,STEEL,GBR,N,N
SEASPRAY II,KY11,EYEMOUTH,EYEMOUTH,10.97,8.6,FIBRE GLASS,GBR,N,N
SECOND DEGREE,DS2,AYR,KIRKCUDBRIGHT,12,23.98,STEEL,GBR,N,Y
SEIONT A,BM114,HASTINGS,HASTINGS,16.99,38,STEEL,NLD,N,Y
SELSEY PEARL,LI215,POOLE,SELSEY,11.69,8.16,WOOD,GBR,N,N
SEMPER VICTORIA,TT282,AYR,AYR,17.2,44,STEEL,UNK,N,Y
SERENE,LK297,LERWICK,LERWICK,71.66,2707,STEEL,NOR,N,N
SERENE,BRD75,PORTREE,PORTREE,11.8,17.47,WOOD,GBR,Y,N
SERENE DAWN,LT7,LOWESTOFT,LOWESTOFT,11.6,21.79,STEEL,GBR,N,N
SERENE DAWN,OB156,NEWLYN,NEWLYN,11.86,27.57,FIBRE GLASS,GBR,N,N
SERENITY,BF24,FRASERBURGH,MACDUFF,20.85,158,WOOD,GBR,N,N
SEVEN SISTERS,BN445,GRIMSBY,GRIMSBY,13.86,21.89,STEEL,GBR,N,N
SHALANNA,BF843,FRASERBURGH,GARDENSTOWN,18.42,97,WOOD,GBS,N,N
SHALIMAR,BCK598,BUCKIE,BUCKIE,22.86,168,WOOD,GBR,N,N
SHALIMAR,K49,KIRKWALL,KIRKWALL,11.95,19.51,WOOD,GBR,Y,N
SHALIMAR,KY989,PITTENWEEM,ANSTRUTHER,12.19,13.92,WOOD,GBR,N,Y
SHALIMAR II,PD303,PETERHEAD,PETERHEAD,26.55,246,STEEL,GBR,N,N
SHAMARIAH,FR245,FRASERBURGH,GARDENSTOWN,22.07,140.24,WOOD,GBR,N,N
SHANGRI-LA,CN394,CAMPBELTOWN,CAMPBELTOWN,16.49,42,WOOD,GBR,N,N
SHANNON,CN555,NORTH SHIELDS,MARYPORT,14.98,47.72,WOOD,GBR,N,Y
SHARKIE TOO,J569,PLYMOUTH,JERSEY,10.39,8.76,UNKNOWN,GBR,Y,N
SHARON ANN,N17,BELFAST,ARDGLASS,12.9,26.53,WOOD,GBR,N,N
SHARONA,ME47,ABERDEEN,GOURDON,14.96,35.57,WOOD,GBR,N,Y
SHARYN LOUISE,LK250,LERWICK,WHALSAY AND SKERRIES,18.8,111,WOOD,GBR,N,Y
SHAULORA,BF794,FRASERBURGH,FRASERBURGH,17.64,87,STEEL,GBR,N,N
SHAUNETTE,K157,KIRKWALL,WESTRAY,13.4,29.1,FIBRE GLASS,GBR,Y,N
SHEARWATER II,SU206,POOLE,SELSEY,10.64,8.94,WOOD,GBR,Y,N
SHEIGRA,SY7,STORNOWAY,STORNOWAY,17.04,43,WOOD,GBR,N,N
SHEKINAH,INS155,BUCKIE,KIRKWALL,16.92,75,STEEL,GBR,N,N
SHELLEY MARIE,PH429,BRIXHAM,EXMOUTH,11.62,39.15,STEEL,GBR,N,Y
SHEMARA,OB168,NORTH SHIELDS,NORTH SHIELDS,11.43,12.65,FIBRE GLASS,GBR,Y,N
SHEMARAH II,LH65,EYEMOUTH,GRANTON,26.3,301,STEEL,GBS,N,N
SHIP SHAPE,K140,KIRKWALL,SOUTH RONALDSAY,10.5,4.96,FIBRE GLASS,GBR,Y,N
SIARACH III,SY85,STORNOWAY,STORNOWAY,19.45,70,STEEL,DEU,N,Y
SILVER CHORD,SY101,STORNOWAY,STORNOWAY,16.42,78,WOOD,GBR,N,Y
SILVER CLOUD II,WK80,ULLAPOOL,GAIRLOCH,16.55,42,WOOD,GBR,N,N
SILVER CREST II,LH19,AYR,AYR,14.6,32.12,WOOD,GBR,N,N
SILVER DAWN,OB333,MALLAIG,KILKEEL,17.61,51,WOOD,GBR,N,Y
SILVER DAWN,PZ1196,NEWLYN,NEWLYN,17.93,118,STEEL,GBR,Y,Y
SILVER DEE,B310,BELFAST,ARDGLASS,18.54,63,WOOD,GBR,N,N
SILVER FERN,B889,BELFAST,KILKEEL,13.09,20.76,WOOD,GBR,N,Y
SILVER FERN,OB84,CAMPBELTOWN,TARBERT,16.27,47,WOOD,GBR,N,Y
SILVER FERN,FR416,FRASERBURGH,FRASERBURGH,17.99,97,WOOD,GBR,N,N
SILVER HARVESTER,B713,BELFAST,PORTAVOGIE,22.12,164,WOOD,EIR,N,N
SILVER LINING II,TT37,CAMPBELTOWN,KILKEEL,16.61,39,WOOD,GBR,N,Y
SILVER QUEST,AR190,AYR,TROON,16.92,56,WOOD,GBR,N,N
SILVER SPRAY,OB140,CAMPBELTOWN,TAYVALLICH,12.1,22.71,WOOD,GBR,Y,Y
SILVER SPRAY 111,TT77,CAMPBELTOWN,CAMPBELTOWN,11.73,24.93,WOOD,UNK,Y,Y
SILVER STAR,FR821,FRASERBURGH,FRASERBURGH,18.21,128,STEEL,NOR,N,N
SILVER STREAM,PH411,PLYMOUTH,PLYMOUTH,14.55,36.17,WOOD,FRA,N,N
SILVER WAVE,BF372,FRASERBURGH,FRASERBURGH,18.18,76,STEEL,GBR,N,Y
SILVER WAVE,BRD84,KIRKWALL,STROMNESS,10.04,10.17,WOOD,GBR,Y,N
SINCERE V,SH3,PITTENWEEM,ANSTRUTHER,11.2,20.05,STEEL,GBR,N,Y
SINCERITY,SY70,STORNOWAY,STORNOWAY,18.62,69.79,WOOD,GBR,N,N
SINCERITY II,LH188,NORTH SHIELDS,MARYPORT,13.39,24.33,WOOD,GBR,N,Y
SINCERITY S,SD1,NORTH SHIELDS,SUNDERLAND,13.95,23.68,WOOD,GBR,Y,N
SIOBHAN III,CE307,BELFAST,BALLYCASTLE,11.95,22.95,FIBRE GLASS,EIR,Y,Y
SIWRENGALE,H77,SCARBOROUGH,BRIDLINGTON,14.95,46.23,STEEL,GBR,Y,N
SKERRY BELLE,DH63,BRIXHAM,DARTMOUTH,11.52,10.5,WOOD,GBR,Y,Y
SKINDEEPER,WH12,POOLE,POOLE,11,8.44,FIBRE GLASS,GBR,Y,N
SNOWDONIA,B792,BELFAST,ARDGLASS,14.14,26.05,WOOD,GBR,N,N
SOLA FIDE,WN1,NORTH SHIELDS,NORTH SHIELDS,43.97,527,STEEL,NLD,N,N
SOLAN,PD958,NORTH SHIELDS,NORTH SHIELDS,13.42,34.64,UNKNOWN,GBR,Y,Y
SOLI DEO GLORIA,PD63,NORTH SHIELDS,NORTH SHIELDS,44.98,546,STEEL,GBR,N,N
SOLSTICE,BF56,FRASERBURGH,FRASERBURGH,23.92,212,STEEL,ESP,N,N
SOLWAY PROSPECTOR,BA49,FLEETWOOD,FLEETWOOD,13.41,24.12,STEEL,GBR,N,Y
SOLWAY PROVIDER,TN34,NORTH SHIELDS,NORTH SHIELDS,13.34,16.85,STEEL,GBR,N,N
SONAS,N16,AYR,AYR,18.35,65,WOOD,GBR,N,N
SONDRA,LK365,LERWICK,WHALSAY AND SKERRIES,13.48,41.09,STEEL,GBR,N,Y
SOPH-ASH-JAY,LH60,EYEMOUTH,EYEMOUTH,11.21,10.68,FIBRE GLASS,ISL,Y,N
SOPHIE JAYNE,LO106,LOWESTOFT,LEIGH-ON-SEA,13.95,24.97,STEEL,GBE,N,N
SOPHIE LOUISE II,SSS678,NORTH SHIELDS,NORTH SHIELDS,14.94,51.91,STEEL,GBR,N,N
SORRENTO,GY189,GRIMSBY,GRIMSBY,21.77,74,WOOD,DNK,N,N
SOUWEST LADY,SE21,POOLE,SELSEY,11.02,11.32,WOOD,GBR,Y,N
SOVEREIGN,BN19,GRIMSBY,BOSTON,10.9,16.83,STEEL,GBR,Y,N
SOVEREIGN,LN266,LOWESTOFT,BRANCASTER STAITHE,10.95,8.05,WOOD,GBR,Y,N
SPARKLING LINE,PW3,PLYMOUTH,PLYMOUTH,17.3,119,STEEL,GBR,Y,Y
SPARKLING SEA,N183,BELFAST,KILKEEL,23.21,195,STEEL,NLD,N,N
SPARKLING STAR III,BD247,PLYMOUTH,BIDEFORD,14.95,52.95,STEEL,GBR,N,Y
SPARKLING STAR IV,BCK29,KINLOCHBERVIE,KINLOCHBERVIE,17.6,130,STEEL,RUS,N,N
SPARKLING WATERS,FR894,FRASERBURGH,FRASERBURGH,14.95,47,STEEL,GBR,N,N
SPES BONA V,BA107,AYR,DUNURE,14.95,51.56,STEEL,GBR,N,Y
SPES MARIS,N193,BELFAST,KILKEEL,13.87,32.85,WOOD,GBR,N,N
SPICA,FH713,PLYMOUTH,MARIN,34.6,320,STEEL,ESP,N,N
SPINDRIFT,SY128,STORNOWAY,BRACADALE,10.62,10.18,WOOD,GBR,Y,N
SPITFIRE,LH107,EYEMOUTH,DUNBAR,11.27,14.31,WOOD,GBR,N,Y
SPORTSMAN KNIGHT,P16,POOLE,PORTSMOUTH,10.76,10.41,WOOD,GBR,N,N
SPRAY I,CY40,STORNOWAY,CASTLEBAY,11.75,11.66,FIBRE GLASS,GBR,Y,N
ST ADRIAN,KY360,PITTENWEEM,PITTENWEEM,12.94,24.89,STEEL,GBR,N,N
ST AMANT,BA101,AYR,KIRKCUDBRIGHT,17.83,57,STEEL,GBR,N,Y
ST APOLLO,BA359,AYR,KIRKCUDBRIGHT,18.21,51,STEEL,GBR,N,Y
ST BRENDAN,N105,BELFAST,PORTAVOGIE,10.45,12.99,WOOD,UNK,N,N
ST GEORGES,PZ1053,NEWLYN,NEWLYN,34.78,237,STEEL,NLD,N,Y
STAR DIVINE,BH230,NORTH SHIELDS,AMBLE,11.58,19.24,WOOD,GBR,N,N
STAR OF ANNAN,OB50,OBAN,OBAN,18.29,80,WOOD,GBR,N,Y
STAR OF JURA,OB278,OBAN,OBAN,19,125,STEEL,GBR,N,Y
STARDUST,N227,BELFAST,KILKEEL,19.92,88,WOOD,GBR,N,N
STARLIGHT,PD786,PETERHEAD,PETERHEAD,24.82,270,STEEL,GBR,N,N
STARLIGHT RAYS,PD230,PETERHEAD,PETERHEAD,26.4,320,STEEL,GBR,N,N
STARLIGHT SPLENDOUR,B224,BELFAST,PORTAVOGIE,19.81,76,WOOD,UNK,N,N
STARWARD,N737,BELFAST,GREENCASTLE,19.27,88,STEEL,FRA,N,N
STEFANIE - M,N265,BELFAST,KILKEEL,49.28,631,STEEL,NOR,N,Y
STELIMAR,CY163,STORNOWAY,SOUTH UIST & ERISKAY,12.78,25.56,WOOD,GBR,Y,Y
STELLA MARIS,E183,CAMPBELTOWN,CAMPBELTOWN,11.2,13.17,STEEL,GBR,N,Y
STELLA MARIS,CY250,ULLAPOOL,ULLAPOOL,17.8,81,WOOD,GBR,N,N
STELLA MARIS OF NEWQUAY,PH97,PLYMOUTH,PLYMOUTH,11.33,16.39,FIBRE GLASS,UNK,Y,Y
STEPHANIE,M177,MILFORD HAVEN,MILFORD HAVEN,23.98,97,STEEL,UNK,N,Y
STILL OSTREA,B98,BELFAST,GREENCASTLE,28.5,92,STEEL,NLD,N,N
STJERNEN,WA31,NORTH SHIELDS,MARYPORT,11.54,18.82,WOOD,GBR,N,Y
STRATHMORE,B788,BELFAST,KILKEEL,23.09,202,WOOD,GBR,N,N
STROMA ISLE,ME216,ABERDEEN,GOURDON,12.2,15.67,WOOD,GBR,N,Y
STRONSAY LAD,K1124,KIRKWALL,STRONSAY,11.27,21.72,STEEL,UNK,N,Y
SUCCESS III,WY212,NORTH SHIELDS,NORTH SHIELDS,20.9,174,WOOD,GBR,N,Y
SUE ELLEN,BM211,MILFORD HAVEN,SWANSEA,11.93,23.1,STEEL,GBR,N,Y
SUFFOLK CHIEFTAIN,LT372,FLEETWOOD,FLEETWOOD,38.25,400,STEEL,GBR,Y,N
SUMMER DAWN,PD97,PETERHEAD,PETERHEAD,26,188,UNKNOWN,GBR,N,N
SUNBEAM,FR487,FRASERBURGH,FRASERBURGH,56.17,1349,STEEL,ESP,N,N
SUNBEAM,TT251,PORTREE,PORTREE,12.16,20.25,WOOD,GBR,N,N
SUNLIGHT RAY,WY101,SCARBOROUGH,WHITBY,15.75,95,WOOD,UNK,N,N
SUNNY MORN,LN475,GRIMSBY,GRIMSBY,13.98,22.26,STEEL,GBR,N,N
SUNRISE,FR359,FRASERBURGH,FRASERBURGH,26,201,STEEL,GBR,N,N
SUNSHINE,P11,POOLE,PORTSMOUTH,11.4,11.05,WOOD,FRA,Y,N
SUNSTRIKER,J115,PLYMOUTH,JERSEY,13.26,22.41,UNKNOWN,NOR,N,N
SUPERB-US,DH99,BRIXHAM,BRIXHAM,13.57,22.96,WOOD,GBR,Y,Y
SUPREME,CN180,BELFAST,ARDGLASS,16.16,46,WOOD,GBR,N,N
SUPREME,B1004,BELFAST,PORTAVOGIE,16.77,48,WOOD,GBR,N,N
SUPREME,LH109,EYEMOUTH,EYEMOUTH,19.81,103,WOOD,GBR,N,N
SURMOUNT,PD368,PETERHEAD,BUCKIE,24.29,243,STEEL,ESP,N,N
SUSA UNO,FH707,PLYMOUTH,MARIN,32.1,287,STEEL,ESP,N,N
SUSAN BIRD,FR357,AYR,KIRKCUDBRIGHT,24.8,88,STEEL,NLD,N,Y
SUSTAIN,PD378,PETERHEAD,PETERHEAD,27.96,219,STEEL,DEU,N,N
SUSTAIN,BCK62,ULLAPOOL,ULLAPOOL,16.76,65.82,WOOD,GBR,N,N
SWALLOW,FY59,PLYMOUTH,LOOE,11.65,11.36,FIBRE GLASS,GBR,N,N
SYDO,BM12,BRIXHAM,BRIXHAM,13.75,28.01,WOOD,NOR,N,Y
SYLVIA,HH11,LOWESTOFT,HARWICH,10.97,8.39,WOOD,GBR,N,N
SYLVIA BOWERS,DS8,BUCKIE,BUCKIE,36.75,413,STEEL,BEL,N,Y
SYRINEN,WA2,NORTH SHIELDS,WHITEHAVEN,11.6,18.91,WOOD,GBR,N,N
TAHUME,UL666,AYR,AYR,35.28,315,STEEL,GBR,N,N
TAITS,FR227,FRASERBURGH,FRASERBURGH,70.6,1965,STEEL,NOR,N,N
TAMARALYN,DE35,PITTENWEEM,LOOE,11.58,25.49,WOOD,GBR,N,N
TARKA,TT101,OBAN,COLL,11.9,19.1,FIBRE GLASS,GBR,Y,N
TAURUS,KY26,PITTENWEEM,PITTENWEEM,11.67,24.27,FIBRE GLASS,GBR,N,N
TEGEN MOR,SS88,POOLE,WEST BAY,10.84,9.72,FIBRE GLASS,GBR,Y,N
TELESIS,N345,BELFAST,KILKEEL,11.89,23.43,STEEL,GBR,Y,Y
TEMERAIRE,N850,BELFAST,KILKEEL,16.41,90,WOOD,GBR,N,N
TENACIOUS,DH95,PLYMOUTH,SALCOMBE,14.97,31.72,WOOD,GBR,Y,N
TENACITY,LH75,MILFORD HAVEN,LOOE,11.13,11.49,WOOD,GBR,Y,N
TERRY WILLIAM,LT199,LOWESTOFT,BLAKENEY,10.56,7.5,FIBRE GLASS,GBR,Y,N
THE WAY,B268,BELFAST,ARDGLASS,16.5,36,WOOD,GBR,N,Y
THESEUS II,J365,PLYMOUTH,JERSEY,11.53,7.63,UNKNOWN,IRL,N,N
THREE BOYS,K905,KIRKWALL,STROMNESS,10.47,7.48,WOOD,GBR,Y,N
THREE JAYS,SS84,NEWLYN,NEWQUAY,11.05,9.81,FIBRE GLASS,GBR,Y,N
TICINO,F44,NORTH SHIELDS,NORTH SHIELDS,13.8,24.31,WOOD,GBR,N,N
TJEERD JACOBA,BS186,BUCKIE,BUCKIE,25.3,133,STEEL,NLD,N,Y
TOBRACH N,TN2,AYR,KIRKCUDBRIGHT,23.07,146.51,STEEL,GBR,N,Y
TOBY ROC,NN404,POOLE,SELSEY,11.45,12,WOOD,GBR,Y,N
TRACEY ELAINE,BN5,GRIMSBY,GRIMSBY,13.9,29.08,STEEL,GBR,Y,N
TRADITION,H232,SCARBOROUGH,BRIDLINGTON,13.6,26.38,WOOD,GBR,Y,N
TRANQUILITY,LK63,LERWICK,LERWICK,26.64,222,STEEL,GBR,N,N
TRANQUILITY,PD35,PETERHEAD,PETERHEAD,23.99,218,STEEL,GBR,N,N
TRANQUILLITY,BF7,FRASERBURGH,FRASERBURGH,20.6,169,WOOD,GBR,N,N
TRANSCEND,BF61,BUCKIE,BUCKIE,21.31,164,WOOD,GBR,N,N
TRELAWNEY OF CORNWALL,CE409,OBAN,OBAN,10.66,13.75,FIBRE GLASS,GBR,Y,N
TREVESSA 1V,PZ193,NEWLYN,NEWLYN,26.15,135,STEEL,NLD,N,Y
TREVOSE,PW64,BRIXHAM,BRIXHAM,12.44,18.23,WOOD,GBR,Y,N
TRIBUTE,B123,BELFAST,PORTAVOGIE,16.66,47,WOOD,GBR,N,N
TRITON,LH145,EYEMOUTH,DUNBAR,11.04,9.09,WOOD,GBR,Y,N
TRUE TO THE CORE,HH62,LOWESTOFT,WALTON-ON-NAZE,10.5,7,FIBRE GLASS,GBR,Y,N
TRUE TOKEN,N298,BELFAST,ARDGLASS,18.15,46,WOOD,GBR,N,Y
TRUE VINE,KY7,STORNOWAY,AMBLE,15.24,35,WOOD,GBR,N,N
TRUI VAN HINTE,FD283,SCARBOROUGH,URK,40.25,474,STEEL,NLD,N,N
TRUST,AR871,AYR,TROON,16.83,58,WOOD,GBR,N,N
TRUSTFUL,A74,NORTH SHIELDS,NORTH SHIELDS,11.43,20.81,WOOD,GBR,N,Y
TWILIGHT III,PZ137,NEWLYN,NEWLYN,29.1,141,STEEL,NLD,N,Y
TWILIGHT STAR,BK116,LOWESTOFT,LEIGH-ON-SEA,10.67,8.14,WOOD,GBR,N,N
TWO BROTHERS,N588,BELFAST,KILKEEL,10.7,13.27,FIBRE GLASS,,Y,N
TWO BROTHERS II,SM241,BRIXHAM,EXMOUTH,11.49,16.02,STEEL,GBR,N,Y
TWO MARKS,LN458,GRIMSBY,KINGS LYNN,13.98,22.98,STEEL,NLD,Y,N
TWO SUNS,LO13,HASTINGS,QUEENBOROUGH,10.64,7.76,STEEL,UNK,N,N
UBEROUS,FR50,FRASERBURGH,FRASERBURGH,18.6,163,STEEL,GBR,N,N
UBIQUE,KY28,AYR,ANNAN,16.67,41,WOOD,GBR,N,Y
UDRA,FD526,AYR,AYR,35,355,STEEL,ESP,N,N
UNITY,FR165,FRASERBURGH,FRASERBURGH,44.9,814,STEEL,NOR,N,N
UNITY,BK86,NORTH SHIELDS,SEAHOUSES,10.75,9.53,WOOD,GBR,Y,N
URCHIN,OB127,OBAN,OBAN,11.98,11.38,WOOD,GBR,N,N
VAL G,B767,BELFAST,ARDGLASS,17.01,63,STEEL,UNK,N,N
VALAURA,BA256,STORNOWAY,BENBECULA,13.4,32.39,STEEL,GBR,Y,Y
VALENTE,BS8,MILFORD HAVEN,PENRHYN,43.19,388,STEEL,UNK,N,N
VALHALLA,LK687,LERWICK,LERWICK,18.15,85,WOOD,GBR,N,N
VALHALLA,BH9,NEWLYN,NEWLYN,10.7,16.39,WOOD,GBR,N,N
VAN DIJCK,BM362,BRIXHAM,BRIXHAM,33.53,203,STEEL,BEL,N,Y
VANQUISH,B74,BELFAST,BANGOR (CO. DOWN),24.8,246,STEEL,GBR,N,N
VECTIS ENTERPRISE,CS18,MILFORD HAVEN,PWLLHELI,10.64,8.91,FIBRE GLASS,GBR,Y,Y
VENTURE,LK641,LERWICK,LERWICK,24.7,227,STEEL,GBR,N,N
VENTURE AGAIN II,KY239,PITTENWEEM,PITTENWEEM,13.65,27.5,STEEL,GBR,N,Y
VENTURE II,BF326,FRASERBURGH,WHITEHILLS,28,468,STEEL,GBR,N,N
VENTUROUS,LK75,LERWICK,WHALSAY AND SKERRIES,26.19,244,STEEL,GBR,N,N
VENUS II,LA574,KIRKWALL,LLANELLI,11.25,12.1,FIBRE GLASS,GBR,Y,N
VERANN,B54,BELFAST,PORTAVOGIE,18.52,59,WOOD,UNK,N,N
VERONICA ANN,M99,MILFORD HAVEN,MILFORD HAVEN,11.6,24.66,FIBRE GLASS,GBR,Y,N
VERTROUWEN,DS11,AYR,KIRKCUDBRIGHT,26.24,144.5,STEEL,NLD,N,Y
VERVINE,BA842,OBAN,OBAN,16.9,47,WOOD,GBR,N,Y
VICKY ELLEN,BN86,GRIMSBY,BOSTON,13.38,25.96,STEEL,GBR,N,N
VICTORIA MAY,PD267,PETERHEAD,PETERHEAD,24.27,228,STEEL,GBR,N,N
VICTORY OF HELFORD,SC11,NEWLYN,SCILLY ISLES,10.73,7.36,WOOD,GBR,Y,N
VIKING MONARCH,K58,KIRKWALL,KIRKWALL,40,611,STEEL,GBR,N,Y
VIKING WARRIOR,PD188,MILFORD HAVEN,CEMAES BAY,14.97,28.57,WOOD,DNK,Y,Y
VIKINGBORG,OB285,MALLAIG,MALLAIG,16.62,44,WOOD,GBR,N,Y
VILLAGE BELLE IV,B157,BELFAST,PORTAVOGIE,18.1,47,WOOD,GBR,Y,Y
VIRGO,ST7,BRIXHAM,BRIXHAM,14.99,40.73,WOOD,GBR,N,Y
VIRTUOUS,FR253,FRASERBURGH,FRASERBURGH,23.3,210,STEEL,GBR,N,N
VISION II,BF190,FRASERBURGH,FRASERBURGH,18.6,163,STEEL,GBR,N,N
VOYAGER,N905,BELFAST,LONDONDERRY,75.4,3145,STEEL,DNK,N,N
WAKEFUL,FD294,STORNOWAY,GRIMSAY,11.32,12.14,FIBRE GLASS,GBR,Y,N
WALRUS,UL25,ULLAPOOL,ULLAPOOL,10.86,10.88,STEEL,GBR,Y,N
WANDERER II,CN142,STORNOWAY,CARRADALE,16.76,37,WOOD,GBR,N,Y
WASH PILGRIM,BN1,GRIMSBY,BOSTON,12.99,19.24,STEEL,GBR,N,N
WASH PRINCESS,LN161,GRIMSBY,KINGS LYNN,13.1,19.95,STEEL,GBR,N,N
WATERLILY,N51,BELFAST,KILKEEL,10.76,15.59,WOOD,GBR,N,Y
WAVECREST,SY3,STORNOWAY,STORNOWAY,16.34,41,WOOD,GBR,N,Y
WAYFARER,SH9,SCARBOROUGH,BRIDLINGTON,11.54,8.39,STEEL,GBR,Y,N
WESTERN VENTURE,LK122,LERWICK,WEST MAINLAND (SHETLAND),11.15,20.88,STEEL,GBR,Y,Y
WESTHAVEN III,KY5,PITTENWEEM,PITTENWEEM,11.28,13.46,FIBRE GLASS,UNK,Y,N
WESTON BAY,OB129,AYR,TROON,12.2,21.28,FIBRE GLASS,UNK,N,N
WHITE HEATHER,SS33,NEWLYN,NEWLYN,12.4,26.4,FIBRE GLASS,UNK,N,N
WHITE HEATHER IV,OB266,MALLAIG,MALLAIG,15.45,44,WOOD,GBR,N,N
WHITE HEATHER VI,LH1,EYEMOUTH,EYEMOUTH,20.82,86,STEEL,GBR,N,Y
WHITE ROSE,OB299,SCRABSTER,LYBSTER,10.87,10.04,STEEL,GBR,Y,Y
WILHELMINA,LT60,LOWESTOFT,LOWESTOFT,40,428,STEEL,NLD,N,N
WILLIAM HENRY II,DH5,BRIXHAM,DARTMOUTH,22.5,185,STEEL,NLD,Y,N
WILLIAM MARY,NN729,HASTINGS,NEWHAVEN,13.95,30.09,STEEL,GBR,N,Y
WILLIAM SAMPSON STEVENSON,PZ191,NEWLYN,NEWLYN,28.24,142,STEEL,UNK,N,Y
WILLIAM STEVENSON,PZ195,NEWLYN,NEWLYN,25.99,104,STEEL,NLD,N,Y
WILLING LAD,N102,BELFAST,KILKEEL,18.75,115.35,STEEL,GBR,N,N
WINAWAY,KY279,PITTENWEEM,FOLKESTONE,11.4,20.99,FIBRE GLASS,GBR,N,N
WINSOME,N611,BELFAST,KILKEEL,15.18,31,WOOD,GBR,Y,Y
WIRON 1,PH110,PLYMOUTH,SCHEVENINGEN,51.44,1059,UNKNOWN,ESP,N,N
WIRON 2,PH220,PLYMOUTH,SCHEVENINGEN,51.44,1068,UNKNOWN,ESP,N,N
ZENITH,B470,BELFAST,KILKEEL,21.42,116,WOOD,GBR,N,N
ZENITH,BF106,BUCKIE,PORTKNOCKIE,24.85,192,WOOD,GBR,N,N
ZENITH,UL222,ULLAPOOL,ULLAPOOL,16.8,41,WOOD,GBR,N,N
ZEPHYR,N203,BELFAST,KILKEEL,14.98,31.85,WOOD,GBR,N,Y
ZEPHYR,LK394,LERWICK,WHALSAY AND SKERRIES,72.8,2060,STEEL,NOR,N,N
ZEPHYR,FR444,ULLAPOOL,ULLAPOOL,11.15,16.8,WOOD,GBR,Y,N
ZEUS,LI135,POOLE,SELSEY,12.01,9.06,FIBRE GLASS,GBR,Y,N
ZOLEE,CN53,CAMPBELTOWN,CAMPBELTOWN,11.8,9.52,FIBRE GLASS,GBR,Y,N
