The Xtreme Adventure Holiday Company ,

Pay rates,
A,7.5
B,8
C,9.2
D,10.75

Job codes,
A,Administration/Office
B,Snowboard Instructor
H,Host/Hostess
S,Ski Instructor
SA,Senior Administrator
TA,Transport assistant
TB,Trainee Snowboard Instructor
TM,Transport Manager,,,,,
TS,Trainee Ski Instructor,,,,,

Employees,,,,,,
Job code,Name,Pay code,Job description,Contract hours,Hours worked,Pay
TA,Arne Bircher,A,,10,10,
TS,Jon Haby,A,,25,25,
TM,Thomas Tobler,C,,25,25,
B,Tim Frueh,B,,25,15,
TA,Dekke Heitz,A,,12,12,
B,Simone Aebi,B,,25,25,
A,Luca Rim,B,,12,12,
B,Lara Forrer,B,,25,25,
B,John Zwinky,B,,12,12,
SA,Romina Von Gunten,D,,40,40,
A,Arenwald Wurgler,A,,38,38,
B,Julian Bruster,C,,30,35
H,Sofia Walp,A,,20,20
S,Arda Hegler,B,,25,25
S,Nathan Ganz,B,,25,28
S,Alessandro Messerli,B,,25,25
S,Luca Roser,C,,30,30
TB,Andri Jud,A,,25,25
S,Matteo Nufer,B,,25,10
S,Laura Haener,B,,25,25
S,Livio Stager,B,,25,35
S,Giulia Ramseyer,C,,30,30
TB,Noah Truby,A,,25,25
TA,Raphael Michlig,A,,12,12
B,Luca Gisi,B,,25,25
A,Matteo Isch,B,,12,0
B,Alice Thoeny,B,,25,30
B,Leonardo Jud,B,,12,12
S,Fabian Ging,B,,25,25
S,Leon Joost,B,,25,25
S,Nico Lichty,B,,25,30
S,Leandro Laqua,B,,25,0
S,Mattia Polt,B,,25,25
S,Camille Oberlin,B,,25,5
A,Matteo Hilty,B,,20,20
B,Mia Leupp,B,,25,30
B,Nico Gantert,B,,12,12
,,,,Average,
,,,,Total,
