Job,Description,Department,PayType,RateOfPay
BM01,Branch Manager,Management,M,7000
SP01,Sales Manager,Sales,M,4000
SP02,Deputy Sales Manager,Sales,M,2750
SP03,Sales Assistant grade 1,Sales,H,15
SP04,Sales Assistant grade 2,Sales,H,13
SP05,Sales Assistant grade 3,Sales,H,11
SP06,Sales Assistant grade 4,Sales,H,9
SP07,Trainee Sales Assistant,Sales,H,8
SP08,Floor manager,Sales,H,20
SP09,Sales Team Leader,Sales,M,1500
SW01,Warehouse Manager,Sales,M,2500
SW02,Warehouse Assistant,Sales,H,9
AC02,Accountant,Finance,M,5500
AC03,Accounts Clerk,Finance,H,12
SR01,Regional Sales Manager,Sales,M,10000
SE01,Security Manager,Site,H,13
SE02,Security Staff,Site,H,10
CL01,Cleaning supervisor,Site,H,10.75
CL02,Cleaner,Site,H,8
SM01,Site Manager,Site,H,12.5
TR01,Van Driver,Distribution,H,8.5
PO01,Post Room,Site,H,8
OF01,Office/Clerical,Office,H,10.4
OF06,Office manager,Office,M,3500
CA01,Catering manager,Catering,H,13
CA02,Chef,Catering,H,10
CA03,Assistant Chef,Catering,H,9
CA04,Trainee Chef,Catering,H,8
