Gender,Age,Rating
Female,61,*
Female,33,****
Female,25,****
Female,78,**
Female,22,**
Female,20,*
Male,21,*****
Male,21,**
Female,74,*****
Female,20,***
Female,33,**
Male,24,*****
Female,29,*
Female,21,*
Female,20,*****
Male,58,***
Female,75,*****
Male,78,****
Female,49,*****
Female,24,***
Female,54,****
Female,64,*****
Female,19,****
Male,85,**
Female,95,*
Male,27,*****
Male,69,****
Female,74,*****
Male,76,*
Female,45,*****
Female,47,*
Female,24,*
Female,22,****
Female,17,**
Female,13,***
Male,14,***
Male,58,*****
Male,35,***
Female,80,****
Female,15,**
Female,17,****
Male,56,*****
Female,28,*****
Male,63,****
Female,12,***
Male,48,**
Female,18,*
Male,42,****
Female,17,*
Female,17,*
Female,12,**
Female,12,*
Male,23,***
Male,58,****
Female,51,***
Female,16,**
Female,19,**
Male,77,***
Female,104,**
Female,40,*
Male,36,*
Female,24,**
Male,42,****
Male,32,*****
Female,75,*****
Male,59,****
Male,79,**
Male,34,****
Male,34,****
Female,15,***
Male,22,**
Male,98,**
Female,41,*
Female,83,***
Male,20,*
Female,78,****
Female,91,**
Female,24,***
Male,23,**
Female,21,*
Female,76,***
Female,14,*****
Male,41,***
Female,32,*
Female,27,*****
Female,25,***
Female,16,****
Female,23,*
Female,39,**
Female,18,***
Male,47,****
Female,39,****
Male,74,***
Male,64,**
Male,57,****
Female,58,****
Male,98,*****
Male,34,***
Female,101,***
Female,15,*****
Female,37,***
Female,34,*****
Female,29,****
Female,26,*****
Male,34,***
Male,21,****
Female,40,*****
Female,24,****
Female,19,**
Male,39,*
Female,34,*****
Female,23,****
Female,36,*****
Male,16,*
Female,12,*****
Male,24,*
Female,37,*
Female,22,****
Female,22,**
Female,27,***
Female,40,***
Male,18,*****
Female,42,***
Male,28,****
Male,22,**
Female,13,****
Male,40,*****
Female,15,*****
Female,38,****
Female,27,***
Female,28,**
Female,32,*
Female,39,****
Male,12,*
Male,26,*
Male,37,**
Female,36,*
Female,33,***
Female,42,****
Male,15,***
Female,33,**
Male,42,**
Female,29,***
Male,38,**
Female,41,*
Male,32,*
Female,33,**
Female,27,****
Female,39,*****
Female,12,*****
Female,15,****
Female,33,**
Female,24,****
Female,34,****
Male,25,***
Male,24,**
Female,41,**
Female,38,*
Female,36,***
Male,34,*
Female,31,****
Female,29,**
Female,38,***
Male,27,**
Female,15,*
Male,37,***
Female,33,*****
Female,29,***
Female,32,*
Female,41,*****
Female,24,***
Male,13,****
Female,16,*
Male,27,**
Male,21,***
Female,40,****
Male,30,****
Female,39,***
Female,24,**
Female,31,****
Female,42,****
Female,38,*****
Female,30,***
Male,40,***
Male,27,*****
Male,42,***
Female,24,*****
Female,32,****
Female,29,*****
Male,38,***
Female,42,****
Male,12,*****
Female,12,****
Male,27,**
Female,14,*
Male,26,*****
Female,14,****
Female,24,*****
Female,36,*
Female,32,*****
Female,31,*
Female,26,*
Female,27,****
Female,25,**
Male,37,***
Male,29,***
Female,26,*****
Female,14,***
Female,24,****
Male,15,**
Female,17,****
Female,27,*****
Female,41,*****
Male,13,****
Female,25,***
Male,12,**
Female,39,*
Female,23,****
Female,36,*
Female,30,*
Female,24,**
Male,23,*
Female,36,***
Male,41,****
Male,16,***
Female,19,**
Male,35,**
Female,26,***
Female,33,**
Female,42,*
Female,14,*
Female,15,**
Female,31,****
Male,29,*****
Male,31,*****
Male,26,****
Female,37,**
Female,37,****
Female,29,****
Male,14,***
Female,16,**
Male,27,**
Female,21,*
Male,41,***
Female,19,*
Male,13,****
Female,29,**
Female,12,***
Female,30,**
Male,20,*
Male,31,***
Female,24,*****
Female,37,***
Female,38,*
Male,20,*****
Female,32,***
Male,13,****
Male,31,*
Male,28,**
Female,16,***
Female,18,****
Female,32,****
Male,16,***
Female,34,**
Male,28,****
Male,34,****
Male,42,*****
Female,28,***
Female,12,***
Female,15,*****
Male,33,***
Female,14,*****
Male,16,****
Male,24,*****
Male,39,***
Female,38,****
Female,27,*****
Female,34,****
Male,23,**
Female,35,*
Male,13,*****
Female,28,****
Female,20,*****
Female,40,*
Male,15,*****
Male,33,*
Male,18,*
Female,23,****
Female,12,**
Female,31,***
Male,25,***
Female,17,*****
Male,22,***
Female,23,****
Male,29,**
Female,20,****
Male,35,*****
Female,41,*****
Female,24,****
Female,13,***
Female,41,**
Female,14,*
Female,20,****
Female,33,*
Female,17,*
Male,29,**
Male,33,*
Female,29,***
Female,37,****
Female,16,***
Male,31,**
Female,33,**
Female,37,***
Female,32,**
Male,34,*
Female,35,*
Male,17,**
Female,29,****
Female,19,*****
Female,40,*****
Female,39,****
Female,28,**
Male,26,****
Female,18,****
Male,20,***
Male,14,**
Female,30,**
Male,28,*
Female,21,***
Female,27,*
Female,14,****
Female,33,**
Female,28,***
Female,26,**
Male,24,*
Male,41,***
Male,21,*****
Female,12,***
Female,38,*
Female,31,*****
Male,24,***
Female,26,****
Male,19,*
Female,37,**
Male,19,***
Female,21,****
Male,35,****
Female,36,***
Female,34,**
Female,21,****
Female,37,****
Female,39,*****
Female,35,***
Female,17,***
Female,37,*****
Male,19,***
Male,26,*****
Female,30,****
Female,35,*****
Female,14,***
Male,38,****
Female,25,*****
Female,29,****
Female,30,**
Male,20,*
Female,29,*****
Male,25,****
Female,15,*****
Female,35,*
Female,21,*****
Female,26,*
Female,31,*
Male,36,****
Female,25,**
Male,14,***
Male,17,***
Female,26,*****
Male,36,***
Female,12,****
Female,34,**
Female,30,****
Female,39,*****
Female,22,*****
Female,27,****
Male,42,***
Male,41,**
Male,15,*
Female,32,****
Female,16,*
Female,40,*
Male,37,**
Female,22,*
Male,13,***
Female,33,****
Male,40,***
Female,30,**
Male,16,**
Female,33,***
Female,25,**
Female,21,*
Male,37,*
Male,13,**
Female,34,****
Female,26,*****
Female,33,*****
Female,35,****
Female,14,**
Male,35,****
Male,31,****
Male,30,***
Female,16,**
Female,32,**
Female,29,*
Male,17,***
Female,12,*
Male,24,****
Female,13,**
Male,39,***
Female,21,**
Male,13,*
Female,18,***
Female,33,*****
Female,28,***
Female,41,*
Female,17,*****
Female,37,***
Female,27,****
Female,36,*
Male,27,**
Male,19,***
Female,24,****
Female,36,****
Female,39,***
Male,35,**
Female,19,****
Female,27,****
Female,35,*****
Male,33,***
Female,16,***
Male,41,*****
Female,16,***
Female,41,*****
Female,27,****
Female,33,*****
Female,17,***
Male,22,****
Female,33,*****
Male,29,****
Male,18,**
Female,19,*
Male,36,*****
Female,21,****
Female,42,*****
Female,23,*
Female,22,*****
Female,41,*
Female,13,*
Male,16,****
Male,31,**
Male,25,***
Female,29,***
Female,38,*****
Female,19,***
Male,36,****
Female,21,**
Male,41,****
Female,13,*****
Male,29,*****
Female,20,****
Male,39,***
Female,40,**
Female,40,*
Female,23,****
Female,24,*
Female,14,*
Female,21,**
Female,26,*
Female,17,***
Male,22,****
Male,13,***
Female,40,**
Female,31,**
Female,29,***
Male,27,**
Female,35,*
Female,12,*
Female,14,**
Male,32,****
Female,29,*****
Male,34,*****
Female,35,****
Female,40,**
Female,33,****
Female,15,****
Female,32,***
Male,37,**
Female,40,**
Male,37,*
Male,30,***
