Title,First_Name,Last_Name,Add_1,Add_2,Add_3,Post_Code,Job,Department,Line_Manager,Start_Date,Salary
Ms,Ruby,Stewart,17 Cherry Tree�Lane,Ipswich,Suffolk,IP5 9ZZ,Systems Programmer,Research and Development,Gurdeep Dasgupta,17/05/2021,21460
Mr,Waleed,Patel,32 Windsor Gardens,Thame,Oxfordshire,OX9 3LP,Website Content Administrator,Technical Services,Louie Whitehead,07/06/2021,18500
Mr,Johann,Schmidt,221 Baker Street,Clacton,Essex,CO22 5RE,Personal Assistant,Human Resources,Li Wang,10/05/2021,16830
Mr,Harrison,Wiesinger,18 Chinnor Road,Colchester,Essex,CO8 5UP,Team Leader,Accounting and Finance,Caitlin Akhtar,14/06/2021,19870
Mrs,Gurdeep,Agrawal,30 Kelsall Street,King's Lynn,Norfolk,PE30 4EL,Database Administrator,Sales and Marketing,Zachary Chalmers,07/06/2021,13500.5
Mr,Tyler,Heaton,7 Woodhall Gate,Pinner,Middlesex,HA5 4TL,Accounts Administrator,Customer Service,Angela Greenhalgh,10/05/2021,13500
Ms,Nicola,Leighton,14 Gayton Road,Maidenhead,Berkshire,SL6 1HZ,Administrative Assistant,Sales and Marketing,Zachary Chalmers,17/05/2021,17999
Mrs,Abigail,Buchanan,45 Blossom Avenue,Gerrards Cross,Bucks,SL9 7PG,IT Software Engineer,Technical Services,Malcom Jones,07/06/2021,18000
