Test_Date,Test_Day,Start_Time,Subject,Test_Version,Student_ID,Duration,Mark_Achieved,Total_Marks,Pass_Mark,Test_Type,Result
17/03/2021,Wednesday,11:59,Mathematics Level 1,4,CA0001,01:16,45,45,28,Online,Pass
15/10/2020,Thursday,11:26,Mathematics Level 1,4,CA0002,01:12,31,45,28,Online,Pass
14/09/2020,Monday,15:51,English Level 1 Writing,5,CA0002,01:08,17,35,23,Online,Fail
01/12/2020,Tuesday,11:03,English Level 1 Writing,1,CA0392,00:59,14,35,23,Online,Fail
07/01/2021,Thursday,12:00,English Level 1 Writing,4,CA0003,01:07,26,36,24,Online,Pass
01/12/2020,Tuesday,14:49,Mathematics Level 1,4,CA0492,01:05,41,45,28,Online,Pass
11/09/2020,Friday,10:42,English Level 1 Writing,1,CA0005,01:09,6,35,23,Online,Fail
16/02/2021,Tuesday,12:12,Mathematics Level 1,1,CA0005,01:55,21,44,29,Online,Fail
03/09/2020,Thursday,14:48,English Level 1 Reading,4,CA0005,01:14,15,34,22,Online,Fail
19/03/2021,Friday,16:41,English Level 3 Writing ,1,CA0006,01:58,37,45,30,Online,Pass
10/11/2020,Tuesday,13:02,Mathematics Level 1,4,CA0007,01:53,44,45,28,Online,Pass
02/12/2020,Wednesday,11:18,Mathematics Level 1,4,CA0078,01:52,44,45,28,Online,Pass
19/01/2021,Tuesday,15:41,English Level 3 Writing ,1,CA0008,01:33,40,45,30,Online,Pass
17/02/2021,Wednesday,14:20,Mathematics Level 1,4,CA0009,01:12,34,45,28,Online,Pass
20/10/2020,Tuesday,12:54,Mathematics Level 2,1,CA0010,01:29,30,45,29,Online,Pass
24/11/2020,Tuesday,13:22,English Level 1 Reading,1,CA0011,01:15,23,35,23,Paper,Pass
19/11/2020,Thursday,11:00,English Level 1 Reading,4,CA0012,01:15,12,34,22,Paper,Fail
20/11/2020,Friday,11:00,English Level 1 Writing,1,CA0012,01:10,9,35,23,Paper,Fail
02/12/2020,Wednesday,10:57,English Level 3 Writing ,1,CA0118,01:00,37,45,30,Online,Pass
31/08/2020,Monday,09:15,English Level 1 Writing,1,CA0013,01:10,12,35,23,Paper,Fail
12/09/2020,Saturday,10:30,English Level 1 Reading,4,CA0013,01:04,14,34,22,Online,Fail
02/12/2020,Wednesday,16:54,Mathematics Level 2,2,CA0140,01:21,18,47,30,Online,Fail
06/08/2020,Thursday,11:54,Mathematics Level 1,4,CA0014,00:48,41,45,28,Online,Pass
05/08/2020,Wednesday,09:45,Mathematics Level 2,1,CA0015,01:12,20,45,29,Paper,Fail
14/03/2021,Sunday,13:21,Mathematics Level 2,4,CA0015,01:33,16,45,29,Paper,Fail
04/08/2020,Tuesday,13:31,Mathematics Level 1,5,CA0016,01:58,12,45,28,Online,Fail
04/11/2020,Wednesday,15:17,English Level 1 Reading,4,CA0016,01:14,21,34,22,Online,Fail
02/02/2021,Tuesday,15:48,Mathematics Level 1,1,CA0016,01:59,36,44,29,Online,Pass
27/01/2021,Wednesday,18:13,English Level 1 Writing,5,CA0016,01:09,17,35,23,Online,Fail
02/12/2020,Wednesday,15:55,English Level 1 Reading,1,CA0217,01:15,13,35,23,Paper,Fail
25/03/2021,Thursday,12:15,Mathematics Level 2,2,CA0017,01:15,32,47,30,Paper,Pass
05/02/2021,Friday,16:04,English Level 1 Writing,4,CA0018,00:58,29,36,24,Online,Pass
12/10/2020,Monday,17:24,Mathematics Level 1,4,CA0018,01:12,35,45,28,Online,Pass
12/08/2020,Wednesday,10:20,English Level 3 Reading,1,CA0019,01:25,13,45,30,Online,Fail
07/09/2020,Monday,15:15,English Level 2 Reading,5,CA0019,01:14,22,35,22,Online,Pass
27/01/2021,Wednesday,10:19,English Level 3 Writing ,1,CA0020,01:14,42,45,30,Online,Pass
10/02/2021,Wednesday,12:27,Mathematics Level 1,4,CA0021,01:02,6,45,28,Online,Fail
23/02/2021,Tuesday,12:15,English Level 1 Reading,1,CA0022,01:04,8,35,23,Online,Fail
25/01/2021,Monday,14:01,English Level 1 Writing,1,CA0022,00:57,13,35,23,Online,Fail
26/01/2021,Tuesday,10:47,Mathematics Level 1,4,CA0023,00:59,44,45,28,Paper,Pass
26/02/2020,Wednesday,15:50,Mathematics Level 1,2,CA0023,01:25,11,44,29,Paper,Fail
01/10/2020,Thursday,10:00,English Level 1 Writing,4,CA0024,01:10,17,36,24,Paper,Fail
25/11/2020,Wednesday,11:00,English Level 1 Reading,4,CA0024,01:15,23,34,22,Paper,Pass
02/02/2021,Tuesday,12:00,Mathematics Level 1,2,CA0024,01:12,8,44,29,Paper,Fail
08/01/2021,Friday,17:36,Mathematics Level 2,1,CA0025,01:32,5,45,29,Online,Fail
30/01/2021,Saturday,10:38,English Level 2 Writing,4,CA0178,00:49,20,36,24,Online,Fail
22/02/2021,Monday,12:16,Mathematics Level 1,1,CA0026,01:16,37,44,29,Online,Pass
09/11/2020,Monday,15:52,English Level 1 Writing,5,CA0026,01:08,7,35,23,Online,Fail
28/10/2020,Wednesday,10:48,English Level 3 Reading,2,CA0027,01:13,40,45,30,Online,Pass
19/02/2021,Friday,11:43,English Level 3 Writing ,2,CA0027,01:41,24,45,30,Online,Fail
20/07/2020,Monday,12:06,English Level 1 Writing,1,CA0028,01:07,13,35,23,Online,Fail
29/09/2020,Tuesday,15:04,English Level 1 Writing,4,CA0028,01:03,27,36,24,Online,Pass
16/11/2020,Monday,13:48,Mathematics Level 1,2,CA0029,01:25,36,44,29,Online,Pass
02/12/2020,Wednesday,14:41,Mathematics Level 1,1,CA0273,00:45,28,44,29,Online,Fail
04/08/2020,Tuesday,15:52,English Level 1 Writing,1,CA0030,01:08,25,35,23,Online,Pass
02/12/2020,Wednesday,10:29,Mathematics Level 2,4,CA0473,00:13,12,45,29,Online,Fail
26/02/2021,Friday,11:53,English Level 3 Writing ,1,CA0032,01:48,27,45,30,Online,Fail
17/08/2020,Monday,13:55,English Level 1 Reading,2,CA0033,01:08,28,36,23,Online,Pass
01/10/2020,Thursday,17:04,English Level 1 Writing,2,CA0033,00:23,22,34,22,Online,Pass
02/12/2020,Wednesday,11:06,English Level 3 Reading,2,CA0473,00:35,18,45,30,Online,Fail
29/10/2020,Thursday,13:04,Mathematics Level 2,1,CA0034,00:51,19,45,29,Online,Fail
11/08/2020,Tuesday,10:20,English Level 1 Writing,1,CA0035,00:14,0,35,23,Online,Fail
01/04/2021,Thursday,13:12,English Level 1 Reading,1,CA0035,00:28,14,35,23,Online,Fail
21/09/2020,Monday,14:21,Mathematics Level 2,2,CA0036,00:33,46,47,30,Online,Pass
15/01/2021,Friday,10:35,Mathematics Level 2,2,CA0037,00:02,11,47,30,Online,Fail
03/09/2020,Thursday,11:52,English Level 1 Writing,1,CA0037,00:18,2,35,23,Online,Fail
23/03/2021,Tuesday,12:06,English Level 1 Writing,1,CA0038,01:06,6,35,23,Online,Fail
28/08/2020,Friday,13:48,Mathematics Level 1,1,CA0038,01:21,42,44,29,Online,Pass
03/12/2020,Thursday,14:59,English Level 3 Writing ,2,CA0171,01:27,41,45,30,Online,Pass
09/11/2020,Monday,14:12,English Level 1 Reading,1,CA0038,01:12,17,35,23,Online,Fail
03/12/2020,Thursday,11:36,Mathematics Level 2,5,CA0334,00:44,44,46,30,Online,Pass
04/09/2020,Friday,11:58,English Level 1 Writing,5,CA0040,01:01,13,35,23,Online,Fail
17/01/2021,Sunday,13:07,English Level 1 Writing,1,CA0041,01:05,21,35,23,Online,Fail
19/03/2021,Friday,16:10,English Level 1 Writing,4,CA0040,01:04,30,36,24,Online,Pass
01/04/2021,Thursday,17:44,Mathematics Level 1,5,CA0040,01:59,36,45,28,Online,Pass
06/02/2021,Saturday,10:54,English Level 1 Reading,1,CA0161,00:54,22,35,23,Online,Fail
17/02/2021,Wednesday,16:13,English Level 1 Writing,4,CA0041,01:08,29,36,24,Online,Pass
25/09/2020,Friday,11:28,English Level 1 Writing,4,CA0042,01:10,24,36,24,Paper,Pass
03/11/2020,Tuesday,13:13,English Level 1 Reading,5,CA0042,01:15,33,35,23,Paper,Pass
24/11/2020,Tuesday,12:02,Mathematics Level 1,2,CA0043,00:45,30,44,29,Online,Pass
08/03/2021,Monday,13:11,English Level 1 Reading,1,CA0044,01:15,6,35,23,Paper,Fail
08/03/2021,Monday,14:51,English Level 1 Writing,5,CA0044,01:10,29,35,23,Paper,Pass
20/10/2020,Tuesday,13:18,English Level 1 Writing,4,CA0045,01:08,36,36,24,Online,Pass
22/10/2020,Thursday,13:47,Mathematics Level 1,4,CA0045,01:19,25,45,28,Online,Fail
05/09/2020,Saturday,13:10,English Level 1 Writing,1,CA0266,01:05,22,35,23,Online,Fail
12/02/2021,Friday,14:33,Mathematics Level 2,5,CA0046,00:58,5,46,30,Online,Fail
27/08/2020,Thursday,11:23,Mathematics Level 2,5,CA0047,01:59,19,46,30,Online,Fail
06/08/2020,Thursday,11:37,Mathematics Level 2,2,CA0047,01:59,11,47,30,Online,Fail
09/01/2021,Saturday,11:00,English Level 2 Reading,2,CA0048,01:15,16,35,22,Paper,Fail
20/09/2020,Sunday,11:00,English Level 2 Writing,3,CA0048,01:10,16,35,23,Paper,Fail
04/12/2020,Friday,14:35,English Level 1 Reading,1,CA0058,01:13,25,35,23,Online,Pass
10/03/2021,Wednesday,09:42,English Level 1 Writing,5,CA0049,00:11,9,35,23,Online,Fail
04/12/2020,Friday,14:45,English Level 2 Writing,1,CA0125,00:59,13,35,23,Online,Fail
18/09/2020,Friday,11:05,English Level 1 Writing,4,CA0049,00:52,6,36,24,Online,Fail
04/12/2020,Friday,12:01,Mathematics Level 2,2,CA0280,01:50,10,47,30,Online,Fail
04/12/2020,Friday,16:36,English Level 1 Reading,5,CA0308,01:33,31,35,23,Paper,Pass
24/02/2021,Wednesday,13:49,Mathematics Level 1,1,CA0050,01:22,43,44,29,Online,Pass
09/09/2020,Wednesday,15:51,English Level 1 Writing,4,CA0050,00:39,17,36,24,Online,Fail
29/01/2021,Friday,17:08,English Level 1 Writing,1,CA0050,01:07,26,35,23,Online,Pass
06/01/2021,Wednesday,09:10,Mathematics Level 3,2,CA0051,01:39,4,50,34,Paper,Fail
04/12/2020,Friday,11:57,English Level 3 Writing ,2,CA0321,01:59,20,45,30,Online,Fail
04/12/2020,Friday,10:32,Mathematics Level 1,4,CA0344,00:26,10,45,28,Online,Fail
29/08/2020,Saturday,13:58,English Level 1 Writing,4,CA0323,00:51,22,36,24,Online,Fail
12/02/2021,Friday,14:53,English Level 3 Writing ,1,CA0055,01:06,18,45,30,Online,Fail
04/02/2021,Thursday,11:16,English Level 2 Writing,3,CA0056,01:09,33,35,23,Online,Pass
24/08/2020,Monday,11:29,Mathematics Level 2,4,CA0056,01:27,9,45,29,Online,Fail
25/03/2021,Thursday,11:58,English Level 3 Reading,1,CA0056,01:58,32,45,30,Online,Pass
03/10/2020,Saturday,12:00,Mathematics Level 3,2,CA0056,01:54,6,50,34,Online,Fail
20/08/2020,Thursday,14:07,English Level 2 Reading,4,CA0056,01:01,28,34,21,Online,Pass
04/12/2020,Friday,11:34,English Level 2 Reading,4,CA0423,01:14,21,34,21,Online,Pass
29/03/2021,Monday,15:08,English Level 1 Reading,1,CA0057,01:15,18,35,23,Paper,Fail
28/01/2021,Thursday,15:08,English Level 1 Writing,1,CA0057,01:10,23,35,23,Paper,Pass
10/03/2021,Wednesday,15:08,Mathematics Level 1,2,CA0057,01:25,40,44,29,Paper,Pass
06/01/2021,Wednesday,12:51,Mathematics Level 1,5,CA0058,00:48,37,45,28,Online,Pass
04/12/2020,Friday,16:20,English Level 1 Reading,1,CA0477,01:14,16,35,23,Online,Fail
13/08/2020,Thursday,11:10,English Level 3 Writing ,1,CA0059,01:25,42,45,30,Online,Pass
01/01/2021,Friday,11:09,English Level 3 Writing ,1,CA0060,01:12,25,45,30,Online,Fail
25/02/2021,Thursday,17:43,English Level 3 Reading,1,CA0061,01:37,10,45,30,Online,Fail
02/12/2020,Wednesday,12:21,English Level 1 Writing,1,CA0128,01:02,7,35,23,Online,Fail
24/08/2020,Monday,10:09,English Level 2 Writing,5,CA0062,00:35,9,35,23,Online,Fail
29/10/2020,Thursday,10:09,English Level 2 Writing,1,CA0062,00:35,19,35,23,Online,Fail
05/08/2020,Wednesday,10:50,English Level 2 Reading,3,CA0062,00:40,7,35,22,Online,Fail
25/01/2021,Monday,11:20,Mathematics Level 1,4,CA0062,01:03,25,45,28,Online,Fail
12/02/2021,Friday,14:13,English Level 2 Reading,5,CA0062,01:02,25,35,22,Online,Pass
09/03/2021,Tuesday,14:14,English Level 3 Reading,1,CA0062,01:25,5,45,30,Online,Fail
05/02/2021,Friday,14:20,Mathematics Level 2,2,CA0062,01:12,20,47,30,Online,Fail
12/02/2021,Friday,15:04,English Level 2 Writing,3,CA0062,00:22,29,35,23,Online,Pass
11/01/2021,Monday,15:05,Mathematics Level 3,1,CA0063,01:28,27,50,34,Online,Fail
01/02/2021,Monday,11:24,English Level 1 Writing,5,CA0064,01:09,10,35,23,Online,Fail
28/08/2020,Friday,11:26,English Level 1 Reading,5,CA0064,01:02,17,35,23,Online,Fail
31/08/2020,Monday,12:01,English Level 3 Writing ,1,CA0064,00:42,43,45,30,Online,Pass
25/02/2021,Thursday,12:31,English Level 1 Reading,1,CA0064,01:10,22,35,23,Online,Fail
09/01/2021,Saturday,09:55,Mathematics Level 3,2,CA0397,00:43,22,50,34,Online,Fail
27/08/2020,Thursday,11:11,Mathematics Level 2,1,CA0065,00:49,25,45,29,Online,Fail
26/08/2020,Wednesday,16:04,English Level 3 Reading,1,CA0066,00:40,45,45,30,Online,Pass
02/02/2021,Tuesday,10:30,English Level 1 Writing,4,CA0067,01:09,21,36,24,Online,Fail
20/08/2020,Thursday,15:52,Mathematics Level 1,2,CA0067,01:25,14,44,29,Paper,Fail
17/02/2021,Wednesday,16:38,English Level 1 Reading,1,CA0067,01:15,19,35,23,Paper,Fail
05/08/2020,Wednesday,16:40,English Level 1 Writing,1,CA0067,01:10,12,35,23,Paper,Fail
18/01/2021,Monday,17:12,Mathematics Level 1,4,CA0067,01:41,45,45,28,Paper,Pass
29/08/2020,Saturday,14:12,English Level 1 Reading,4,CA0040,01:11,23,34,22,Online,Pass
29/09/2020,Tuesday,13:05,English Level 2 Writing,2,CA0068,00:57,25,35,23,Online,Pass
25/03/2021,Thursday,10:36,Mathematics Level 2,1,CA0069,01:14,29,45,29,Online,Pass
08/03/2021,Monday,13:02,Mathematics Level 2,5,CA0069,01:59,22,46,30,Online,Fail
17/11/2020,Tuesday,15:30,English Level 3 Reading,2,CA0069,01:51,31,45,30,Online,Pass
20/10/2020,Tuesday,10:16,English Level 2 Reading,4,CA0070,01:02,24,34,21,Online,Pass
21/08/2020,Friday,10:35,Mathematics Level 2,4,CA0070,01:31,20,45,29,Online,Fail
25/11/2020,Wednesday,11:30,English Level 2 Writing,4,CA0070,01:00,23,36,24,Online,Fail
26/08/2020,Wednesday,15:14,English Level 3 Reading,1,CA0070,00:40,9,45,30,Online,Fail
23/02/2021,Tuesday,10:57,English Level 1 Writing,1,CA0071,00:42,8,35,23,Online,Fail
01/02/2021,Monday,14:39,Mathematics Level 1,5,CA0072,01:18,43,45,28,Online,Pass
21/09/2020,Monday,09:05,Mathematics Level 1,5,CA0073,01:14,13,45,28,Paper,Fail
09/03/2021,Tuesday,09:44,English Level 1 Reading,1,CA0073,01:15,34,35,23,Paper,Pass
22/01/2021,Friday,10:58,Mathematics Level 3,1,CA0074,01:44,26,50,34,Online,Fail
09/12/2020,Wednesday,17:03,English Level 2 Writing,3,CA0370,01:03,30,35,23,Online,Pass
11/11/2020,Wednesday,09:19,English Level 2 Writing,4,CA0076,01:09,2,36,24,Online,Fail
17/10/2020,Saturday,10:27,English Level 2 Writing,5,CA0076,01:09,4,35,23,Online,Fail
19/02/2021,Friday,10:31,English Level 2 Writing,3,CA0076,01:09,5,35,23,Online,Fail
28/01/2021,Thursday,10:38,English Level 2 Writing,2,CA0076,01:09,17,35,23,Online,Fail
03/03/2021,Wednesday,12:28,English Level 2 Reading,4,CA0076,01:14,24,34,21,Online,Pass
09/11/2020,Monday,10:23,English Level 2 Reading,5,CA0077,01:13,28,35,22,Online,Pass
02/12/2020,Wednesday,14:50,English Level 3 Reading,2,CA0381,01:51,28,45,30,Online,Fail
14/08/2020,Friday,12:58,Mathematics Level 1,2,CA0078,01:24,23,44,29,Online,Fail
24/02/2021,Wednesday,14:35,English Level 1 Reading,1,CA0078,01:14,12,35,23,Online,Fail
23/03/2021,Tuesday,16:02,English Level 1 Writing,1,CA0078,00:56,25,35,23,Online,Pass
11/08/2020,Tuesday,13:54,Mathematics Level 2,1,CA0079,01:19,27,45,29,Online,Fail
03/01/2020,Friday,14:13,English Level 2 Writing,3,CA0079,01:01,30,35,23,Online,Pass
31/03/2020,Tuesday,15:13,English Level 2 Reading,4,CA0079,00:43,25,34,21,Online,Pass
01/02/2021,Monday,15:51,English Level 3 Writing ,1,CA0079,01:38,31,45,30,Online,Pass
19/03/2021,Friday,18:15,English Level 3 Reading,1,CA0079,01:04,23,45,30,Online,Fail
31/03/2021,Wednesday,15:46,English Level 3 Writing ,2,CA0080,01:48,26,45,30,Online,Fail
22/02/2021,Monday,11:02,Mathematics Level 2,1,CA0081,01:31,26,45,29,Online,Fail
07/08/2020,Friday,13:26,Mathematics Level 2,4,CA0081,01:18,22,45,29,Online,Fail
28/01/2021,Thursday,10:49,English Level 3 Writing ,1,CA0082,01:47,36,45,30,Online,Pass
14/02/2020,Friday,15:10,English Level 3 Writing ,1,CA0082,01:06,2,45,30,Online,Fail
05/02/2021,Friday,15:57,English Level 3 Writing ,1,CA0083,00:50,41,45,30,Online,Pass
22/10/2020,Thursday,11:28,Mathematics Level 3,1,CA0084,01:24,48,50,34,Online,Pass
06/08/2020,Thursday,10:55,Mathematics Level 3,2,CA0085,01:30,32,50,34,Online,Fail
11/03/2021,Thursday,15:15,English Level 1 Writing,5,CA0086,01:01,11,35,23,Online,Fail
04/08/2020,Tuesday,11:44,English Level 3 Reading,2,CA0087,01:31,34,45,30,Online,Pass
27/10/2020,Tuesday,15:08,English Level 1 Reading,4,CA0088,01:33,28,34,22,Online,Pass
27/03/2021,Saturday,15:09,English Level 1 Reading,1,CA0089,01:07,18,35,23,Online,Fail
16/11/2020,Monday,13:57,Mathematics Level 1,4,CA0090,01:56,45,45,28,Online,Pass
29/09/2020,Tuesday,13:20,Mathematics Level 1,1,CA0091,00:40,14,44,29,Paper,Fail
10/03/2021,Wednesday,09:56,English Level 1 Writing,5,CA0092,01:09,10,35,23,Online,Fail
18/03/2021,Thursday,12:23,English Level 1 Reading,5,CA0092,00:57,34,35,23,Online,Pass
03/08/2020,Monday,12:53,Mathematics Level 1,5,CA0092,00:50,34,45,28,Paper,Pass
21/08/2020,Friday,14:50,Mathematics Level 1,4,CA0093,01:39,27,45,28,Online,Fail
09/10/2020,Friday,10:38,English Level 3 Writing ,1,CA0094,01:41,23,45,30,Online,Fail
02/12/2020,Wednesday,15:29,English Level 1 Reading,1,CA0489,00:28,30,35,23,Online,Pass
04/09/2020,Friday,16:52,Mathematics Level 1,1,CA0096,01:48,38,44,29,Online,Pass
11/08/2020,Tuesday,15:15,English Level 1 Writing,1,CA0097,01:02,35,35,23,Online,Pass
20/08/2020,Thursday,11:00,Mathematics Level 1,1,CA0098,01:25,34,44,29,Paper,Pass
19/02/2021,Friday,11:00,English Level 1 Reading,5,CA0099,01:15,21,35,23,Paper,Fail
14/08/2020,Friday,11:00,English Level 1 Writing,4,CA0099,01:10,33,36,24,Paper,Pass
18/01/2021,Monday,11:00,Mathematics Level 1,1,CA0099,01:41,33,44,29,Paper,Pass
11/03/2021,Thursday,11:26,English Level 3 Reading,2,CA0100,01:26,38,45,30,Online,Pass
04/01/2021,Monday,10:11,English Level 1 Reading,5,CA0101,01:07,35,35,23,Online,Pass
08/01/2021,Friday,10:26,English Level 1 Writing,5,CA0101,00:59,28,35,23,Online,Pass
20/02/2021,Saturday,11:14,English Level 2 Reading,4,CA0325,01:01,23,34,21,Online,Pass
19/11/2020,Thursday,11:24,Mathematics Level 1,4,CA0102,01:16,20,45,28,Online,Fail
23/09/2020,Wednesday,12:38,English Level 1 Reading,2,CA0103,00:59,28,36,23,Online,Pass
02/12/2020,Wednesday,12:38,Mathematics Level 2,2,CA0494,01:45,40,47,30,Online,Pass
02/02/2021,Tuesday,15:42,English Level 3 Writing ,2,CA0104,01:48,21,45,30,Online,Fail
25/11/2020,Wednesday,16:15,English Level 2 Reading,5,CA0105,01:03,27,35,22,Online,Pass
08/12/2020,Tuesday,16:08,English Level 3 Writing ,1,CA0004,00:59,24,45,30,Online,Fail
12/01/2021,Tuesday,15:06,English Level 1 Reading,5,CA0106,00:55,23,35,23,Online,Pass
07/10/2020,Wednesday,17:22,English Level 1 Writing,1,CA0106,01:06,11,35,23,Online,Fail
18/02/2021,Thursday,08:45,English Level 2 Writing,3,CA0107,01:10,3,35,23,Paper,Fail
24/02/2021,Wednesday,09:18,Mathematics Level 2,4,CA0107,01:21,35,45,29,Paper,Pass
30/10/2020,Friday,13:15,English Level 2 Reading,3,CA0107,01:15,31,35,22,Paper,Pass
09/12/2020,Wednesday,12:55,Mathematics Level 1,1,CA0113,00:30,31,44,29,Online,Pass
10/12/2020,Thursday,10:38,Mathematics Level 1,1,CA0132,00:41,33,44,29,Online,Pass
17/11/2020,Tuesday,14:16,Mathematics Level 2,5,CA0108,01:14,17,46,30,Online,Fail
02/10/2020,Friday,14:24,Mathematics Level 3,1,CA0109,01:06,35,50,34,Online,Pass
01/02/2021,Monday,09:15,English Level 1 Reading,5,CA0110,01:15,25,35,23,Paper,Pass
10/08/2020,Monday,11:00,English Level 1 Writing,4,CA0110,01:10,22,36,24,Paper,Fail
09/12/2020,Wednesday,12:27,English Level 2 Reading,4,CA0206,01:12,25,34,21,Online,Pass
22/09/2020,Tuesday,11:20,English Level 1 Writing,4,CA0111,01:03,24,36,24,Online,Pass
22/10/2020,Thursday,14:53,English Level 1 Reading,5,CA0111,01:14,33,35,23,Online,Pass
04/01/2021,Monday,12:34,English Level 3 Writing ,1,CA0112,01:12,40,45,30,Online,Pass
16/11/2020,Monday,10:40,Mathematics Level 1,2,CA0113,00:25,16,44,29,Online,Fail
26/08/2020,Wednesday,12:01,English Level 1 Writing,5,CA0113,00:54,19,35,23,Online,Fail
11/12/2020,Friday,11:50,English Level 1 Reading,1,CA0208,00:42,5,35,23,Online,Fail
03/03/2021,Wednesday,13:21,English Level 1 Reading,4,CA0113,00:56,18,34,22,Online,Fail
23/01/2021,Saturday,10:44,English Level 2 Reading,3,CA0068,01:11,24,35,22,Online,Pass
31/08/2020,Monday,11:02,English Level 1 Writing,1,CA0114,01:09,16,35,23,Online,Fail
06/01/2021,Wednesday,11:56,English Level 3 Writing ,1,CA0115,01:20,28,45,30,Online,Fail
20/11/2020,Friday,15:41,Mathematics Level 1,5,CA0115,01:22,35,45,28,Online,Pass
24/03/2021,Wednesday,17:05,English Level 1 Writing,5,CA0115,01:04,9,35,23,Online,Fail
07/01/2021,Thursday,13:58,Mathematics Level 1,4,CA0116,01:55,32,45,28,Online,Pass
26/11/2020,Thursday,13:08,English Level 1 Reading,1,CA0117,00:59,20,35,23,Online,Fail
08/12/2020,Tuesday,11:00,English Level 1 Writing,1,CA0248,01:10,25,35,23,Paper,Pass
30/01/2021,Saturday,10:47,English Level 2 Reading,5,CA0278,01:04,24,35,22,Online,Pass
23/11/2020,Monday,14:41,English Level 3 Writing ,1,CA0119,00:49,36,45,30,Online,Pass
09/12/2020,Wednesday,13:13,English Level 2 Writing,5,CA0303,01:08,5,35,23,Online,Fail
02/03/2021,Tuesday,12:57,English Level 3 Writing ,1,CA0120,01:12,34,45,30,Online,Pass
11/12/2020,Friday,11:43,English Level 1 Reading,5,CA0340,00:41,35,35,23,Online,Pass
10/03/2021,Wednesday,11:40,Mathematics Level 1,5,CA0121,01:24,37,45,28,Online,Pass
30/09/2020,Wednesday,11:40,Mathematics Level 1,5,CA0121,01:24,24,45,28,Online,Fail
24/02/2021,Wednesday,15:09,English Level 1 Reading,4,CA0121,01:07,21,34,22,Online,Fail
10/12/2020,Thursday,11:06,English Level 1 Writing,4,CA0478,00:45,11,36,24,Online,Fail
04/11/2020,Wednesday,14:15,English Level 1 Writing,1,CA0123,01:07,25,35,23,Online,Pass
07/08/2020,Friday,14:41,English Level 1 Reading,4,CA0123,01:14,17,34,22,Online,Fail
03/11/2020,Tuesday,14:45,English Level 2 Writing,1,CA0124,00:50,22,35,23,Online,Fail
22/10/2020,Thursday,14:26,English Level 1 Writing,4,CA0125,01:00,26,36,24,Online,Pass
08/12/2020,Tuesday,12:18,English Level 3 Reading,2,CA0500,01:48,28,45,30,Online,Fail
29/09/2020,Tuesday,10:45,Mathematics Level 2,5,CA0126,00:30,9,46,30,Online,Fail
27/01/2021,Wednesday,11:57,English Level 2 Reading,5,CA0126,01:07,8,35,22,Online,Fail
17/11/2020,Tuesday,13:11,English Level 2 Writing,5,CA0126,00:50,5,35,23,Online,Fail
07/12/2020,Monday,16:36,Mathematics Level 2,5,CA0263,01:51,20,46,30,Paper,Fail
10/02/2021,Wednesday,11:04,English Level 2 Reading,2,CA0127,01:03,20,35,22,Online,Fail
01/01/2021,Friday,11:18,English Level 2 Reading,3,CA0127,00:59,15,35,22,Online,Fail
07/12/2020,Monday,09:00,English Level 1 Writing,1,CA0351,01:10,19,35,23,Paper,Fail
09/03/2021,Tuesday,11:41,Mathematics Level 3,2,CA0127,01:32,22,50,34,Online,Fail
24/08/2020,Monday,13:11,English Level 2 Writing,3,CA0127,00:17,10,35,23,Online,Fail
27/10/2020,Tuesday,13:11,English Level 2 Writing,3,CA0127,00:17,13,35,23,Online,Fail
29/01/2021,Friday,11:06,English Level 1 Reading,4,CA0128,01:14,18,34,22,Online,Fail
07/12/2020,Monday,12:32,English Level 2 Writing,3,CA0389,01:09,21,35,23,Online,Fail
22/10/2020,Thursday,13:59,Mathematics Level 1,1,CA0128,00:53,25,44,29,Paper,Fail
01/09/2020,Tuesday,11:03,English Level 2 Reading,5,CA0129,00:53,23,35,22,Online,Pass
06/10/2020,Tuesday,11:47,Mathematics Level 2,4,CA0129,01:17,37,45,29,Online,Pass
25/11/2020,Wednesday,13:48,English Level 2 Writing,5,CA0129,01:07,20,35,23,Online,Fail
09/02/2021,Tuesday,12:02,Mathematics Level 2,1,CA0130,01:58,17,45,29,Online,Fail
07/12/2020,Monday,15:27,Mathematics Level 1,5,CA0454,01:59,30,45,28,Online,Pass
14/08/2020,Friday,11:59,English Level 2 Writing,4,CA0131,00:40,16,36,24,Online,Fail
07/12/2020,Monday,12:27,English Level 3 Writing ,1,CA0492,00:55,24,45,30,Online,Fail
25/08/2020,Tuesday,10:57,English Level 1 Reading,4,CA0133,00:25,18,34,22,Online,Fail
20/09/2020,Sunday,12:00,Mathematics Level 1,4,CA0133,01:58,9,45,28,Paper,Fail
24/08/2020,Monday,10:17,English Level 3 Reading,1,CA0134,01:14,35,45,30,Online,Pass
04/02/2020,Tuesday,10:45,English Level 2 Reading,5,CA0134,01:10,33,35,22,Online,Pass
24/02/2021,Wednesday,13:19,Mathematics Level 2,4,CA0204,01:23,39,45,29,Paper,Pass
15/01/2021,Friday,14:31,English Level 2 Writing,5,CA0134,00:33,9,35,23,Online,Fail
08/12/2020,Tuesday,12:08,English Level 3 Writing ,2,CA0034,01:59,15,45,30,Online,Fail
05/08/2020,Wednesday,15:27,English Level 2 Writing,4,CA0134,00:32,4,36,24,Online,Fail
17/02/2021,Wednesday,12:34,Mathematics Level 1,2,CA0135,01:28,29,44,29,Online,Pass
11/09/2020,Friday,12:33,Mathematics Level 1,2,CA0136,01:07,35,44,29,Online,Pass
08/12/2020,Tuesday,18:18,English Level 2 Writing,5,CA0105,01:08,28,35,23,Online,Pass
22/10/2020,Thursday,11:42,Mathematics Level 1,4,CA0137,01:26,25,45,28,Online,Fail
02/11/2020,Monday,15:11,English Level 1 Reading,5,CA0137,01:08,32,35,23,Online,Pass
29/10/2020,Thursday,09:50,Mathematics Level 1,4,CA0138,01:59,31,45,28,Online,Pass
18/03/2021,Thursday,10:21,Mathematics Level 1,4,CA0139,00:38,4,45,28,Online,Fail
08/12/2020,Tuesday,10:49,Mathematics Level 2,1,CA0144,00:54,28,45,29,Online,Fail
25/02/2021,Thursday,10:00,Mathematics Level 2,5,CA0141,01:25,6,46,30,Paper,Fail
09/09/2020,Wednesday,11:33,English Level 2 Writing,4,CA0142,01:11,24,36,24,Online,Pass
24/01/2020,Friday,12:55,English Level 1 Writing,5,CA0142,01:24,19,35,23,Online,Fail
02/01/2021,Saturday,14:50,Mathematics Level 1,4,CA0234,01:39,23,45,28,Online,Fail
03/03/2021,Wednesday,14:51,English Level 2 Reading,4,CA0142,01:27,33,34,21,Online,Pass
10/11/2020,Tuesday,13:26,English Level 1 Reading,5,CA0185,01:00,28,35,23,Paper,Pass
05/08/2020,Wednesday,16:58,English Level 3 Reading,1,CA0142,01:12,37,45,30,Online,Pass
01/09/2020,Tuesday,11:35,Mathematics Level 1,1,CA0143,00:15,6,44,29,Online,Fail
10/11/2020,Tuesday,10:12,English Level 2 Reading,4,CA0144,00:49,29,34,21,Online,Pass
24/03/2021,Wednesday,10:29,Mathematics Level 2,4,CA0144,01:09,20,45,29,Online,Fail
08/12/2020,Tuesday,10:52,Mathematics Level 1,5,CA0161,00:44,12,45,28,Online,Fail
03/02/2021,Wednesday,11:36,English Level 3 Writing ,2,CA0144,01:58,16,45,30,Online,Fail
30/10/2020,Friday,11:03,Mathematics Level 1,4,CA0145,00:53,29,45,28,Online,Pass
06/01/2021,Wednesday,11:15,English Level 1 Reading,4,CA0145,00:54,13,34,22,Online,Fail
15/01/2021,Friday,11:58,English Level 1 Writing,1,CA0145,00:41,35,35,23,Online,Pass
14/01/2021,Thursday,14:22,English Level 1 Reading,4,CA0146,01:14,16,34,22,Online,Fail
30/03/2021,Tuesday,15:33,English Level 1 Writing,5,CA0146,01:09,27,35,23,Online,Pass
14/09/2020,Monday,16:18,Mathematics Level 1,4,CA0146,00:42,7,45,28,Online,Fail
01/01/2021,Friday,10:30,English Level 1 Reading,4,CA0147,00:27,18,34,22,Online,Fail
08/12/2020,Tuesday,10:00,Mathematics Level 2,5,CA0165,01:52,24,46,30,Paper,Fail
12/01/2021,Tuesday,12:51,Mathematics Level 1,4,CA0148,01:12,25,45,28,Online,Fail
26/02/2021,Friday,12:26,English Level 1 Writing,4,CA0149,01:04,20,36,24,Online,Fail
12/02/2020,Wednesday,10:53,Mathematics Level 1,4,CA0150,00:45,24,45,28,Online,Fail
08/12/2020,Tuesday,16:23,English Level 3 Writing ,1,CA0173,00:55,34,45,30,Online,Pass
27/11/2020,Friday,13:54,English Level 1 Reading,4,CA0150,00:34,21,34,22,Online,Fail
14/01/2021,Thursday,14:09,English Level 1 Writing,4,CA0150,00:35,31,36,24,Online,Pass
05/02/2021,Friday,16:40,English Level 3 Reading,1,CA0151,00:50,31,45,30,Online,Pass
11/02/2021,Thursday,11:42,Mathematics Level 2,5,CA0152,01:53,28,46,30,Online,Fail
07/10/2020,Wednesday,14:47,English Level 1 Writing,4,CA0153,01:09,17,36,24,Online,Fail
01/01/2021,Friday,15:07,English Level 1 Writing,5,CA0153,01:05,35,35,23,Online,Pass
20/02/2021,Saturday,10:18,Mathematics Level 1,2,CA0154,01:04,14,44,29,Online,Fail
25/09/2020,Friday,12:37,Mathematics Level 2,1,CA0155,01:09,24,45,29,Online,Fail
13/10/2020,Tuesday,12:00,Mathematics Level 1,1,CA0156,00:47,19,44,29,Paper,Fail
19/01/2021,Tuesday,14:40,English Level 2 Reading,2,CA0157,01:06,24,35,22,Online,Pass
27/01/2021,Wednesday,14:45,English Level 2 Writing,5,CA0157,01:09,22,35,23,Online,Fail
23/01/2021,Saturday,17:15,Mathematics Level 1,2,CA0309,00:25,23,44,1,Online,Pass
05/10/2020,Monday,09:00,Mathematics Level 2,2,CA0158,00:42,32,47,30,Paper,Pass
06/10/2020,Tuesday,14:20,English Level 3 Reading,1,CA0158,01:39,45,45,30,Online,Pass
08/12/2020,Tuesday,12:30,English Level 1 Reading,5,CA0461,00:54,18,35,23,Online,Fail
17/09/2020,Thursday,10:55,English Level 1 Reading,4,CA0159,00:25,12,34,22,Online,Fail
04/08/2020,Tuesday,11:26,Mathematics Level 1,4,CA0159,01:17,37,45,28,Online,Pass
27/11/2020,Friday,13:46,English Level 1 Reading,5,CA0159,00:41,19,35,23,Online,Fail
09/03/2021,Tuesday,17:48,English Level 3 Writing ,1,CA0160,01:25,41,45,30,Online,Pass
11/03/2021,Thursday,10:45,Mathematics Level 1,1,CA0161,00:25,10,44,29,Online,Fail
09/12/2020,Wednesday,14:14,English Level 1 Reading,5,CA0012,00:02,2,35,23,Online,Fail
10/11/2020,Tuesday,11:00,English Level 1 Reading,5,CA0270,01:15,26,35,23,Paper,Pass
15/02/2021,Monday,11:12,English Level 1 Reading,4,CA0162,00:45,34,34,22,Online,Pass
20/08/2020,Thursday,11:20,Mathematics Level 1,2,CA0162,01:05,29,44,29,Online,Pass
09/12/2020,Wednesday,12:00,English Level 2 Writing,4,CA0108,00:58,2,36,24,Online,Fail
09/12/2020,Wednesday,10:30,English Level 1 Writing,4,CA0173,01:09,25,36,24,Online,Pass
27/08/2020,Thursday,13:49,English Level 3 Writing ,1,CA0164,01:14,39,45,30,Online,Pass
09/12/2020,Wednesday,09:00,Mathematics Level 2,2,CA0264,01:52,39,47,30,Paper,Pass
20/01/2021,Wednesday,10:54,Mathematics Level 1,5,CA0166,00:47,18,45,28,Online,Fail
19/08/2020,Wednesday,10:07,Mathematics Level 3,1,CA0167,00:39,8,50,34,Online,Fail
13/10/2020,Tuesday,16:30,Mathematics Level 2,5,CA0168,01:54,28,46,30,Online,Fail
07/09/2020,Monday,09:19,Mathematics Level 1,4,CA0169,01:28,25,45,28,Online,Fail
16/09/2020,Wednesday,12:01,English Level 1 Writing,1,CA0169,00:52,2,35,23,Online,Fail
23/02/2021,Tuesday,14:33,English Level 1 Writing,5,CA0169,01:07,18,35,23,Online,Fail
29/01/2021,Friday,17:46,English Level 1 Reading,1,CA0169,00:54,4,35,23,Online,Fail
11/09/2020,Friday,11:00,Mathematics Level 1,5,CA0282,01:45,25,45,28,Paper,Fail
09/12/2020,Wednesday,13:37,English Level 1 Writing,4,CA0320,01:10,21,36,24,Paper,Fail
03/11/2020,Tuesday,11:00,English Level 1 Reading,4,CA0172,01:15,19,34,22,Paper,Fail
11/11/2020,Wednesday,11:00,English Level 1 Writing,1,CA0172,01:10,10,35,23,Paper,Fail
10/12/2020,Thursday,10:16,English Level 2 Writing,4,CA0127,00:18,19,36,24,Online,Fail
22/09/2020,Tuesday,11:32,English Level 1 Reading,5,CA0172,00:36,15,35,23,Online,Fail
10/12/2020,Thursday,16:50,Mathematics Level 1,4,CA0196,01:47,42,45,28,Online,Pass
10/12/2020,Thursday,14:26,English Level 2 Reading,2,CA0303,01:14,30,35,22,Online,Pass
10/12/2020,Thursday,15:13,English Level 1 Writing,4,CA0326,01:06,31,36,24,Online,Pass
14/09/2020,Monday,16:45,English Level 1 Writing,1,CA0173,01:10,12,35,23,Paper,Fail
23/02/2021,Tuesday,09:49,Mathematics Level 1,5,CA0174,00:41,6,45,28,Online,Fail
10/03/2021,Wednesday,11:06,Mathematics Level 1,1,CA0174,01:01,21,44,29,Online,Fail
21/08/2020,Friday,14:10,English Level 3 Writing ,1,CA0174,01:58,16,45,30,Online,Fail
17/09/2020,Thursday,10:34,Mathematics Level 2,2,CA0175,00:33,21,47,30,Online,Fail
11/09/2020,Friday,16:47,Mathematics Level 2,4,CA0175,01:15,25,45,29,Online,Fail
05/02/2020,Wednesday,10:32,Mathematics Level 1,4,CA0176,01:06,4,45,28,Online,Fail
12/02/2021,Friday,10:34,English Level 1 Reading,5,CA0176,00:49,20,35,23,Online,Fail
10/02/2021,Wednesday,10:53,English Level 1 Writing,4,CA0176,01:09,22,36,24,Online,Fail
07/09/2020,Monday,11:31,Mathematics Level 1,1,CA0176,01:30,18,44,29,Online,Fail
19/02/2021,Friday,09:52,English Level 1 Writing,4,CA0383,01:09,25,36,24,Paper,Pass
22/10/2020,Thursday,15:09,Mathematics Level 1,1,CA0177,00:32,36,44,29,Online,Pass
08/03/2021,Monday,15:29,English Level 3 Reading,1,CA0344,00:50,30,45,30,Paper,Pass
23/03/2021,Tuesday,11:02,English Level 2 Reading,3,CA0178,01:02,26,35,22,Online,Pass
10/12/2020,Thursday,10:32,English Level 2 Writing,4,CA0334,00:51,6,36,24,Online,Fail
01/10/2020,Thursday,13:45,English Level 2 Writing,3,CA0178,00:53,10,35,23,Online,Fail
27/08/2020,Thursday,10:48,Mathematics Level 1,2,CA0179,01:22,5,44,29,Online,Fail
10/12/2020,Thursday,10:55,Mathematics Level 2,4,CA0478,00:58,11,45,29,Online,Fail
23/10/2020,Friday,13:47,English Level 1 Writing,1,CA0179,01:08,10,35,23,Online,Fail
10/12/2020,Thursday,16:44,Mathematics Level 2,1,CA0499,01:52,26,45,29,Paper,Fail
11/11/2020,Wednesday,09:00,Mathematics Level 1,4,CA0181,01:04,13,45,28,Paper,Fail
05/08/2020,Wednesday,13:02,English Level 1 Writing,4,CA0182,00:59,23,36,24,Online,Fail
11/09/2020,Friday,13:07,Mathematics Level 1,5,CA0182,01:31,44,45,28,Online,Pass
27/01/2021,Wednesday,13:25,English Level 1 Reading,1,CA0182,00:37,16,35,23,Online,Fail
11/12/2020,Friday,13:48,Mathematics Level 2,1,CA0038,01:21,37,45,29,Online,Pass
28/08/2020,Friday,11:58,Mathematics Level 1,4,CA0184,00:54,39,45,28,Online,Pass
15/09/2020,Tuesday,12:12,English Level 1 Writing,5,CA0184,01:08,4,35,23,Online,Fail
01/02/2021,Monday,12:35,English Level 1 Reading,4,CA0184,01:31,23,34,22,Online,Pass
07/01/2021,Thursday,12:00,English Level 1 Writing,4,CA0185,01:09,33,36,24,Online,Pass
19/03/2021,Friday,12:12,Mathematics Level 2,1,CA0185,01:10,18,45,29,Online,Fail
13/02/2021,Saturday,12:21,English Level 1 Writing,4,CA0054,01:09,25,36,24,Online,Pass
10/03/2021,Wednesday,15:30,Mathematics Level 2,4,CA0185,01:42,40,45,29,Online,Pass
29/01/2021,Friday,16:38,English Level 2 Writing,2,CA0185,01:14,34,35,23,Online,Pass
12/11/2020,Thursday,11:00,English Level 2 Reading,2,CA0186,01:15,9,35,22,Paper,Fail
18/03/2021,Thursday,11:00,English Level 2 Reading,4,CA0186,01:15,19,34,21,Paper,Fail
20/11/2020,Friday,11:00,English Level 2 Writing,4,CA0186,01:10,34,36,24,Paper,Pass
10/11/2020,Tuesday,11:24,English Level 2 Writing,5,CA0186,00:54,11,35,23,Online,Fail
11/12/2020,Friday,11:00,Mathematics Level 1,1,CA0172,01:47,9,44,29,Paper,Fail
31/08/2020,Monday,15:17,English Level 3 Writing ,2,CA0187,01:33,30,45,30,Online,Pass
25/08/2020,Tuesday,09:55,Mathematics Level 3,2,CA0188,00:37,47,50,34,Online,Pass
02/09/2020,Wednesday,15:23,English Level 3 Reading,2,CA0189,01:52,35,45,30,Online,Pass
17/09/2020,Thursday,11:03,English Level 2 Reading,4,CA0190,00:56,24,34,21,Online,Pass
21/09/2020,Monday,12:16,English Level 2 Writing,5,CA0190,01:02,25,35,23,Online,Pass
20/11/2020,Friday,13:24,Mathematics Level 2,5,CA0190,01:34,32,46,30,Online,Pass
21/09/2020,Monday,13:49,English Level 3 Reading,1,CA0190,01:00,1,45,30,Online,Fail
21/08/2020,Friday,12:01,Mathematics Level 1,1,CA0191,00:09,16,44,29,Online,Fail
11/02/2021,Thursday,15:09,Mathematics Level 2,1,CA0192,01:36,11,45,29,Online,Fail
01/03/2021,Monday,15:28,Mathematics Level 2,5,CA0192,01:46,32,46,30,Online,Pass
27/11/2020,Friday,15:32,English Level 3 Writing ,2,CA0192,01:57,35,45,30,Online,Pass
24/02/2021,Wednesday,11:38,Mathematics Level 3,1,CA0193,01:44,31,50,34,Online,Fail
15/09/2020,Tuesday,10:47,Mathematics Level 3,1,CA0194,00:50,12,50,34,Online,Fail
02/10/2020,Friday,10:35,Mathematics Level 1,4,CA0195,00:33,7,45,28,Online,Fail
11/11/2020,Wednesday,11:02,English Level 1 Reading,1,CA0195,00:52,11,35,23,Online,Fail
22/01/2021,Friday,13:13,English Level 2 Writing ,2,CA0195,01:44,20,35,23,Online,Fail
13/08/2020,Thursday,13:39,English Level 1 Writing,5,CA0195,00:37,28,35,23,Online,Pass
11/12/2020,Friday,11:13,Mathematics Level 3,2,CA0238,01:21,31,50,34,Online,Fail
08/10/2020,Thursday,16:51,Mathematics Level 1,5,CA0197,01:47,42,45,28,Online,Pass
11/12/2020,Friday,09:05,Mathematics Level 2,4,CA0239,01:48,16,45,29,Paper,Fail
21/08/2020,Friday,16:02,Mathematics Level 1,5,CA0198,01:42,37,45,28,Online,Pass
13/02/2021,Saturday,13:35,Mathematics Level 2,5,CA0281,01:34,25,46,30,Online,Fail
05/11/2020,Thursday,13:14,English Level 1 Writing,4,CA0199,01:05,23,36,24,Online,Fail
25/01/2021,Monday,16:58,English Level 3 Writing ,1,CA0199,01:58,37,45,30,Online,Pass
09/09/2020,Wednesday,12:00,Mathematics Level 1,2,CA0200,01:44,4,44,29,Paper,Fail
11/12/2020,Friday,09:15,English Level 1 Reading,4,CA0259,01:15,32,34,22,Paper,Pass
29/09/2020,Tuesday,16:32,English Level 3 Writing ,1,CA0202,01:48,41,45,30,Online,Pass
10/11/2020,Tuesday,11:43,Mathematics Level 2,4,CA0203,01:43,26,45,29,Online,Fail
23/09/2020,Wednesday,13:06,English Level 2 Reading,5,CA0203,01:05,34,35,22,Online,Pass
01/08/2020,Saturday,09:25,English Level 3 Writing ,1,CA0276,01:12,26,45,30,Online,Fail
26/01/2021,Tuesday,16:02,Mathematics Level 2,5,CA0204,01:58,12,46,30,Online,Fail
24/09/2020,Thursday,11:00,Mathematics Level 1,1,CA0205,01:14,27,44,29,Paper,Fail
24/02/2021,Wednesday,11:29,English Level 1 Reading,5,CA0205,00:30,30,35,23,Online,Pass
30/03/2021,Tuesday,12:01,English Level 1 Writing,4,CA0205,01:02,21,36,24,Online,Fail
12/10/2020,Monday,11:16,Mathematics Level 1,4,CA0206,00:54,42,45,28,Online,Pass
06/08/2020,Thursday,11:24,English Level 1 Reading,4,CA0206,01:11,30,34,22,Online,Pass
11/12/2020,Friday,11:00,English Level 1 Writing,5,CA0270,01:10,18,35,23,Paper,Fail
18/03/2021,Thursday,12:27,English Level 2 Writing,4,CA0206,01:44,25,36,24,Online,Pass
08/01/2021,Friday,13:54,English Level 1 Writing,5,CA0206,01:07,7,35,23,Online,Fail
11/12/2020,Friday,10:52,Mathematics Level 1,4,CA0402,00:35,26,45,28,Online,Fail
09/12/2020,Wednesday,14:40,English Level 1 Writing ,1,CA0007,01:48,29,35,23,Online,Pass
22/02/2021,Monday,12:06,English Level 1 Writing,4,CA0208,01:04,3,36,24,Online,Fail
09/12/2020,Wednesday,14:07,English Level 1 Reading,4,CA0208,00:48,20,34,22,Online,Fail
24/03/2021,Wednesday,14:15,English Level 1 Writing,5,CA0208,01:00,16,35,23,Online,Fail
06/08/2020,Thursday,10:07,English Level 1 Reading,4,CA0209,01:14,12,34,22,Online,Fail
20/09/2020,Sunday,09:50,Mathematics Level 1,5,CA0243,00:43,15,45,28,Online,Fail
15/09/2020,Tuesday,14:25,Mathematics Level 1,5,CA0209,00:58,39,45,28,Online,Pass
19/11/2020,Thursday,15:03,English Level 1 Reading,1,CA0209,00:55,35,35,23,Online,Pass
03/11/2020,Tuesday,11:21,English Level 2 Reading,5,CA0210,01:14,25,35,22,Online,Pass
06/01/2021,Wednesday,12:33,English Level 2 Writing,3,CA0210,01:09,15,35,23,Online,Fail
27/11/2020,Friday,13:32,English Level 3 Reading,1,CA0210,01:04,43,45,30,Online,Pass
28/08/2020,Friday,13:16,English Level 1 Writing,5,CA0211,01:05,2,35,23,Online,Fail
03/10/2020,Saturday,14:56,Mathematics Level 3,1,CA0212,01:39,9,50,34,Online,Fail
18/03/2021,Thursday,13:04,English Level 1 Writing,5,CA0213,01:09,31,35,23,Online,Pass
05/09/2020,Saturday,13:04,Mathematics Level 2,1,CA0299,01:59,26,45,29,Online,Fail
06/11/2020,Friday,09:05,Mathematics Level 2,5,CA0214,01:04,33,46,30,Online,Pass
08/12/2020,Tuesday,11:16,English Level 2 Writing,4,CA0301,01:09,21,36,24,Online,Fail
21/10/2020,Wednesday,14:13,English Level 2 Writing,3,CA0214,01:09,11,35,23,Online,Fail
05/11/2020,Thursday,10:45,Mathematics Level 1,1,CA0215,01:20,43,44,29,Online,Pass
13/08/2020,Thursday,13:26,English Level 1 Reading,4,CA0215,00:53,21,34,22,Online,Fail
27/11/2020,Friday,13:28,English Level 2 Writing ,4,CA0215,01:06,30,36,24,Online,Pass
09/12/2020,Wednesday,11:36,English Level 1 Reading,4,CA0391,00:57,13,34,22,Online,Fail
01/03/2021,Monday,09:59,English Level 1 Reading,4,CA0216,00:53,29,34,22,Online,Pass
19/08/2020,Wednesday,10:55,English Level 1 Writing,1,CA0216,01:09,1,35,23,Online,Fail
24/09/2020,Thursday,10:35,English Level 1 Writing,1,CA0217,01:10,1,35,23,Paper,Fail
16/12/2020,Wednesday,11:57,English Level 2 Reading,4,CA0131,01:02,1,34,21,Online,Fail
08/02/2021,Monday,13:00,English Level 2 Writing,3,CA0217,01:12,23,35,23,Online,Pass
07/03/2021,Sunday,11:32,English Level 2 Reading,3,CA0413,01:14,26,35,22,Online,Pass
14/12/2020,Monday,11:14,English Level 2 Reading,4,CA0214,00:55,17,34,21,Online,Fail
09/11/2020,Monday,11:22,English Level 3 Writing ,1,CA0218,01:58,43,45,30,Online,Pass
17/02/2021,Wednesday,11:00,English Level 1 Reading,5,CA0219,01:15,20,35,23,Paper,Fail
29/09/2020,Tuesday,11:00,English Level 1 Writing,4,CA0219,01:10,36,36,24,Paper,Pass
10/12/2020,Thursday,11:42,English Level 2 Reading,3,CA0421,00:43,10,35,22,Online,Fail
18/11/2020,Wednesday,15:40,Mathematics Level 1,5,CA0220,00:50,4,45,28,Online,Fail
08/03/2021,Monday,11:13,English Level 1 Reading,2,CA0221,00:43,18,36,23,Online,Fail
09/11/2020,Monday,11:52,English Level 1 Writing,1,CA0221,00:40,16,35,23,Online,Fail
29/08/2020,Saturday,13:32,English Level 1 Writing,2,CA0221,01:01,4,34,22,Online,Fail
24/11/2020,Tuesday,11:00,English Level 2 Reading,5,CA0222,01:15,16,35,22,Paper,Fail
15/09/2020,Tuesday,11:00,English Level 2 Writing,4,CA0222,01:10,14,36,24,Paper,Fail
25/03/2021,Thursday,12:00,Mathematics Level 1,1,CA0222,01:09,8,44,29,Paper,Fail
01/02/2021,Monday,14:53,English Level 3 Writing ,1,CA0223,00:40,40,45,30,Online,Pass
08/03/2021,Monday,15:27,English Level 1 Writing,5,CA0223,01:08,5,35,23,Online,Fail
22/02/2021,Monday,16:00,Mathematics Level 1,4,CA0223,01:48,24,45,28,Online,Fail
15/03/2021,Monday,15:28,English Level 1 Reading,5,CA0224,01:14,22,35,23,Online,Fail
10/12/2020,Thursday,13:46,English Level 2 Writing,2,CA0482,00:37,16,35,23,Online,Fail
25/08/2020,Tuesday,13:08,English Level 1 Writing,1,CA0225,01:06,14,35,23,Online,Fail
23/02/2021,Tuesday,14:46,Mathematics Level 1,4,CA0225,01:48,20,45,28,Online,Fail
09/02/2021,Tuesday,13:24,Mathematics Level 1,4,CA0226,00:39,12,45,28,Online,Fail
06/08/2020,Thursday,11:25,Mathematics Level 3,1,CA0227,01:28,26,50,34,Online,Fail
24/09/2020,Thursday,11:55,Mathematics Level 2,1,CA0228,01:55,20,45,29,Online,Fail
27/01/2021,Wednesday,15:16,English Level 2 Reading,5,CA0229,01:14,25,35,22,Online,Pass
09/10/2020,Friday,17:11,English Level 2 Writing,2,CA0229,01:09,34,35,23,Online,Pass
23/02/2021,Tuesday,11:04,English Level 3 Writing ,1,CA0230,00:55,40,45,30,Online,Pass
06/01/2021,Wednesday,10:14,English Level 1 Writing,4,CA0231,00:32,12,36,24,Online,Fail
18/08/2020,Tuesday,12:57,Mathematics Level 1,5,CA0231,00:12,3,45,28,Online,Fail
12/11/2020,Thursday,13:09,English Level 1 Reading,5,CA0231,00:26,26,35,23,Online,Pass
14/08/2020,Friday,13:33,English Level 1 Writing,1,CA0231,00:40,18,35,23,Online,Fail
09/10/2020,Friday,08:56,English Level 1 Reading,5,CA0232,01:41,32,35,23,Online,Pass
20/01/2021,Wednesday,16:13,English Level 1 Writing,1,CA0232,01:00,20,35,23,Online,Fail
13/08/2020,Thursday,17:47,Mathematics Level 1,5,CA0232,01:59,32,45,28,Online,Pass
24/08/2020,Monday,11:15,English Level 3 Writing ,1,CA0233,01:14,37,45,30,Online,Pass
13/02/2021,Saturday,11:43,Mathematics Level 2,4,CA0134,01:37,27,45,29,Online,Fail
24/09/2020,Thursday,11:08,English Level 3 Writing ,1,CA0235,00:59,26,45,30,Online,Fail
14/12/2020,Monday,10:59,Mathematics Level 1,1,CA0049,00:51,21,44,29,Online,Fail
28/10/2020,Wednesday,11:34,Mathematics Level 3,1,CA0237,01:44,3,50,34,Online,Fail
14/12/2020,Monday,15:18,English Level 3 Reading,2,CA0052,01:56,33,45,30,Online,Pass
13/11/2020,Friday,11:15,English Level 3 Writing ,2,CA0238,01:24,43,45,30,Online,Pass
14/12/2020,Monday,12:28,English Level 2 Reading,2,CA0335,01:01,22,35,22,Online,Pass
28/11/2020,Saturday,10:53,English Level 1 Reading,4,CA0240,00:40,10,34,22,Online,Fail
14/12/2020,Monday,11:06,English Level 1 Reading,1,CA0391,00:41,20,35,23,Online,Fail
03/11/2020,Tuesday,11:04,Mathematics Level 2,2,CA0241,01:27,18,47,30,Online,Fail
10/03/2021,Wednesday,11:55,English Level 3 Reading,2,CA0241,01:59,26,45,30,Online,Fail
07/10/2020,Wednesday,14:33,English Level 3 Writing ,2,CA0241,01:54,16,45,30,Online,Fail
12/02/2021,Friday,14:33,English Level 3 Writing ,2,CA0241,01:54,21,45,30,Online,Fail
15/03/2021,Monday,16:38,English Level 3 Reading,2,CA0242,01:41,36,45,30,Online,Pass
14/12/2020,Monday,10:51,Mathematics Level 1,2,CA0424,01:23,11,44,29,Online,Fail
22/03/2021,Monday,10:46,Mathematics Level 1,1,CA0243,00:42,5,44,29,Online,Fail
17/03/2021,Wednesday,14:12,English Level 3 Writing ,1,CA0243,01:58,23,45,30,Online,Fail
02/11/2020,Monday,10:00,Mathematics Level 2,5,CA0244,01:06,5,46,30,Paper,Fail
08/09/2020,Tuesday,11:00,English Level 2 Reading,3,CA0244,01:15,30,35,22,Paper,Pass
30/11/2020,Monday,11:00,English Level 2 Writing,2,CA0244,01:10,21,35,23,Paper,Fail
02/10/2020,Friday,16:12,English Level 2 Writing,4,CA0245,01:09,26,36,24,Online,Pass
06/08/2020,Thursday,16:39,English Level 2 Reading,4,CA0245,01:14,34,34,21,Online,Pass
15/12/2020,Tuesday,11:08,Mathematics Level 2,2,CA0178,00:54,32,47,30,Online,Pass
03/09/2020,Thursday,13:12,Mathematics Level 2,5,CA0246,01:01,27,46,30,Online,Fail
14/09/2020,Monday,13:27,English Level 2 Reading,2,CA0246,01:07,8,35,22,Online,Fail
29/03/2021,Monday,15:20,Mathematics Level 3,1,CA0247,00:56,30,50,34,Online,Fail
04/01/2021,Monday,11:00,English Level 1 Reading,1,CA0248,01:15,15,35,23,Paper,Fail
15/12/2020,Tuesday,11:38,English Level 2 Reading,2,CA0278,01:06,10,35,22,Online,Fail
25/02/2021,Thursday,13:39,English Level 1 Reading,5,CA0248,00:35,26,35,23,Online,Pass
12/08/2020,Wednesday,13:12,English Level 1 Writing,5,CA0249,01:01,12,35,23,Online,Fail
14/03/2020,Saturday,11:28,Mathematics Level 2,4,CA0250,01:12,22,45,29,Paper,Fail
17/08/2020,Monday,11:44,English Level 3 Writing ,2,CA0250,01:47,7,45,30,Online,Fail
04/11/2020,Wednesday,11:44,English Level 3 Writing ,2,CA0250,01:47,9,45,30,Online,Fail
01/09/2020,Tuesday,13:30,English Level 3 Reading,2,CA0250,01:39,35,45,30,Online,Pass
19/10/2020,Monday,14:42,Mathematics Level 2,2,CA0250,01:59,47,47,30,Online,Pass
07/01/2021,Thursday,10:06,Mathematics Level 1,4,CA0251,00:29,9,45,28,Online,Fail
11/11/2020,Wednesday,11:09,Mathematics Level 1,1,CA0252,00:50,8,44,29,Online,Fail
23/01/2021,Saturday,10:30,English Level 2 Reading,4,CA0468,01:14,27,34,21,Online,Pass
05/08/2020,Wednesday,16:04,English Level 3 Reading,1,CA0253,01:12,25,45,30,Online,Fail
19/11/2020,Thursday,13:28,English Level 1 Reading,5,CA0254,00:24,34,35,23,Online,Pass
18/08/2020,Tuesday,14:05,English Level 1 Writing,5,CA0254,01:03,7,35,23,Online,Fail
05/01/2021,Tuesday,15:12,Mathematics Level 1,2,CA0254,01:09,32,44,29,Online,Pass
01/09/2020,Tuesday,11:01,English Level 1 Writing,5,CA0255,00:53,12,35,23,Online,Fail
13/08/2020,Thursday,11:35,English Level 1 Reading,4,CA0255,01:14,14,34,22,Online,Fail
23/09/2020,Wednesday,14:09,Mathematics Level 1,5,CA0256,01:01,38,45,28,Online,Pass
05/11/2020,Thursday,10:00,Mathematics Level 1,5,CA0257,01:06,22,45,28,Paper,Fail
27/01/2021,Wednesday,16:01,English Level 3 Reading,2,CA0258,01:59,35,45,30,Online,Pass
15/12/2020,Tuesday,15:18,English Level 1 Reading,1,CA0346,00:38,8,35,23,Online,Fail
17/06/2020,Wednesday,09:15,English Level 1 Reading,5,CA0259,01:15,14,35,23,Paper,Fail
20/08/2020,Thursday,09:15,Mathematics Level 1,1,CA0259,01:24,39,44,29,Paper,Pass
09/09/2020,Wednesday,11:00,English Level 1 Writing,1,CA0259,01:10,9,35,23,Paper,Fail
19/03/2021,Friday,11:15,English Level 1 Writing,5,CA0259,01:10,28,35,23,Paper,Pass
04/11/2020,Wednesday,13:19,Mathematics Level 2,4,CA0260,01:56,19,45,29,Online,Fail
12/03/2021,Friday,15:50,Mathematics Level 2,5,CA0260,01:44,33,46,30,Online,Pass
29/03/2021,Monday,11:12,Mathematics Level 3,2,CA0261,01:15,36,50,34,Online,Pass
06/10/2020,Tuesday,11:42,Mathematics Level 2,1,CA0262,01:46,27,45,29,Online,Fail
03/10/2020,Saturday,12:16,Mathematics Level 1,1,CA0026,01:16,28,44,29,Online,Fail
18/03/2021,Thursday,12:35,English Level 1 Writing,5,CA0262,00:53,14,35,23,Online,Fail
26/06/2020,Friday,13:33,Mathematics Level 1,4,CA0262,01:21,36,45,28,Online,Pass
12/10/2020,Monday,10:00,English Level 1 Reading,5,CA0263,01:15,34,35,23,Paper,Pass
25/09/2020,Friday,12:02,English Level 1 Reading,4,CA0263,01:02,11,34,22,Online,Fail
16/06/2020,Tuesday,12:13,English Level 1 Reading,1,CA0263,01:01,7,35,23,Online,Fail
07/01/2021,Thursday,14:26,Mathematics Level 2,4,CA0263,01:22,23,45,29,Online,Fail
15/12/2020,Tuesday,11:17,Mathematics Level 2,2,CA0418,01:00,10,47,30,Online,Fail
15/12/2020,Tuesday,11:52,Mathematics Level 2,2,CA0451,01:32,45,47,30,Online,Pass
17/02/2021,Wednesday,09:16,English Level 1 Writing,5,CA0264,01:10,2,35,23,Paper,Fail
10/11/2020,Tuesday,12:42,English Level 1 Reading,4,CA0264,01:15,17,34,22,Paper,Fail
18/08/2020,Tuesday,15:04,Mathematics Level 3,1,CA0264,01:54,36,50,34,Online,Pass
05/10/2020,Monday,09:10,English Level 3 Writing ,1,CA0265,01:38,38,45,30,Online,Pass
27/11/2020,Friday,14:45,English Level 1 Reading,5,CA0265,01:14,22,35,23,Online,Fail
16/02/2021,Tuesday,15:10,English Level 1 Reading,4,CA0265,01:09,27,34,22,Online,Pass
11/03/2021,Thursday,12:02,English Level 1 Reading,5,CA0266,01:14,18,35,23,Online,Fail
12/10/2020,Monday,12:43,Mathematics Level 1,1,CA0266,01:07,30,44,29,Online,Pass
21/11/2020,Saturday,13:58,English Level 1 Reading,4,CA0213,00:49,28,34,22,Online,Pass
15/10/2020,Thursday,15:04,Mathematics Level 3,2,CA0267,01:35,17,50,34,Online,Fail
17/09/2020,Thursday,10:00,Mathematics Level 1,5,CA0268,01:58,24,45,28,Paper,Fail
21/01/2021,Thursday,11:31,Mathematics Level 2,1,CA0269,01:12,28,45,29,Online,Fail
02/01/2021,Saturday,15:42,Mathematics Level 1,2,CA0118,01:33,29,44,29,Online,Pass
15/12/2020,Tuesday,11:00,Mathematics Level 2,4,CA0488,01:37,5,45,29,Paper,Fail
12/08/2020,Wednesday,12:44,English Level 3 Writing ,1,CA0271,01:20,35,45,30,Online,Pass
17/11/2020,Tuesday,11:24,Mathematics Level 1,1,CA0272,01:39,29,44,29,Online,Pass
08/02/2021,Monday,14:11,English Level 1 Writing,4,CA0273,01:05,28,36,24,Online,Pass
16/12/2020,Wednesday,13:38,English Level 1 Reading,1,CA0049,00:58,8,35,23,Online,Fail
13/01/2021,Wednesday,18:53,English Level 1 Reading,1,CA0273,00:50,15,35,23,Online,Fail
23/10/2020,Friday,09:52,English Level 1 Reading,5,CA0274,01:15,17,35,23,Paper,Fail
12/03/2021,Friday,09:00,English Level 1 Writing,4,CA0274,01:10,26,36,24,Paper,Pass
23/11/2020,Monday,11:21,English Level 3 Writing ,1,CA0275,01:10,36,45,30,Online,Pass
14/11/2020,Saturday,13:54,English Level 3 Writing ,2,CA0443,01:04,29,45,30,Online,Fail
12/03/2021,Friday,16:42,English Level 3 Reading,2,CA0277,01:58,23,45,30,Online,Fail
05/12/2020,Saturday,15:15,English Level 2 Reading,5,CA0302,01:14,30,35,22,Online,Pass
16/12/2020,Wednesday,11:42,Mathematics Level 1,4,CA0137,01:26,40,45,28,Online,Pass
31/01/2020,Friday,12:30,English Level 1 Reading,5,CA0278,01:14,33,35,23,Online,Pass
29/03/2021,Monday,12:42,English Level 3 Reading,1,CA0278,01:41,18,45,30,Online,Fail
26/01/2021,Tuesday,14:15,English Level 2 Writing,2,CA0278,00:48,20,35,23,Online,Fail
15/02/2021,Monday,16:51,English Level 3 Reading,1,CA0278,01:12,24,45,30,Online,Fail
13/08/2020,Thursday,11:15,Mathematics Level 1,1,CA0279,00:47,26,44,29,Online,Fail
16/12/2020,Wednesday,11:01,English Level 1 Reading,1,CA0150,00:42,29,35,23,Online,Pass
22/10/2020,Thursday,13:49,English Level 1 Writing,2,CA0279,01:09,33,34,22,Online,Pass
16/12/2020,Wednesday,14:05,Mathematics Level 1,4,CA0347,01:00,40,45,28,Online,Pass
16/02/2021,Tuesday,13:57,English Level 2 Writing,4,CA0280,01:05,36,36,24,Online,Pass
17/10/2020,Saturday,13:25,English Level 1 Writing,1,CA0113,00:34,30,35,23,Online,Pass
28/11/2020,Saturday,11:48,English Level 1 Reading,5,CA0262,00:44,30,35,23,Online,Pass
12/02/2020,Wednesday,10:00,English Level 1 Writing,5,CA0283,01:10,4,35,23,Paper,Fail
03/03/2021,Wednesday,11:00,English Level 1 Reading,1,CA0283,01:15,28,35,23,Paper,Pass
18/08/2020,Tuesday,11:57,Mathematics Level 1,2,CA0283,00:43,9,44,29,Online,Fail
18/11/2020,Wednesday,12:00,Mathematics Level 1,5,CA0283,01:04,8,45,28,Paper,Fail
22/01/2021,Friday,12:03,English Level 1 Reading,5,CA0283,00:53,14,35,23,Online,Fail
07/03/2021,Sunday,12:29,English Level 1 Writing,1,CA0283,01:02,3,35,23,Online,Fail
25/02/2021,Thursday,11:44,Mathematics Level 2,5,CA0284,01:38,27,46,30,Online,Fail
18/02/2021,Thursday,14:57,English Level 3 Writing ,1,CA0285,01:00,33,45,30,Online,Pass
27/11/2020,Friday,17:38,Mathematics Level 1,4,CA0285,01:51,34,45,28,Online,Pass
05/10/2020,Monday,12:53,Mathematics Level 1,4,CA0286,00:31,34,45,28,Online,Pass
27/08/2020,Thursday,11:06,English Level 1 Reading,5,CA0287,00:47,27,35,23,Online,Pass
16/12/2020,Wednesday,16:43,English Level 2 Writing,2,CA0423,01:09,24,35,23,Online,Pass
31/10/2020,Saturday,13:41,Mathematics Level 1,4,CA0287,00:33,30,45,28,Online,Pass
15/03/2021,Monday,16:35,English Level 3 Writing ,1,CA0287,01:20,43,45,30,Online,Pass
01/03/2021,Monday,11:56,Mathematics Level 2,2,CA0288,01:18,7,47,30,Online,Fail
22/01/2021,Friday,13:10,English Level 3 Reading,2,CA0288,01:24,34,45,30,Online,Pass
02/01/2021,Saturday,11:49,English Level 3 Writing ,1,CA0490,01:12,30,45,30,Online,Pass
12/11/2020,Thursday,15:59,English Level 3 Writing ,2,CA0288,01:59,1,45,30,Online,Fail
09/03/2021,Tuesday,10:44,Mathematics Level 1,5,CA0289,00:31,11,45,28,Online,Fail
29/03/2021,Monday,13:27,Mathematics Level 1,4,CA0289,00:46,8,45,28,Online,Fail
20/01/2021,Wednesday,13:40,English Level 1 Writing,1,CA0289,00:32,32,35,23,Online,Pass
12/08/2020,Wednesday,09:00,Mathematics Level 1,2,CA0290,01:20,19,44,29,Paper,Fail
06/11/2020,Friday,09:30,Mathematics Level 2,2,CA0290,01:06,10,47,30,Paper,Fail
06/11/2020,Friday,10:55,Mathematics Level 1,1,CA0291,00:39,40,44,29,Online,Pass
04/03/2021,Thursday,11:25,Mathematics Level 1,2,CA0292,01:49,42,44,29,Online,Pass
12/01/2021,Tuesday,10:41,English Level 1 Reading,5,CA0293,01:09,32,35,23,Online,Pass
24/02/2021,Wednesday,11:31,Mathematics Level 2,5,CA0293,01:11,36,46,30,Online,Pass
12/02/2021,Friday,12:11,English Level 1 Writing,1,CA0293,00:44,7,35,23,Online,Fail
29/10/2020,Thursday,12:34,Mathematics Level 2,2,CA0293,01:53,15,47,30,Online,Fail
11/08/2020,Tuesday,09:52,Mathematics Level 1,4,CA0294,00:30,10,45,28,Online,Fail
16/12/2020,Wednesday,10:35,English Level 1 Reading,5,CA0489,00:30,21,35,23,Online,Fail
17/12/2020,Thursday,09:59,Mathematics Level 1,5,CA0062,00:42,12,45,28,Online,Fail
20/11/2020,Friday,14:56,English Level 3 Reading,2,CA0297,01:55,38,45,30,Online,Pass
08/02/2021,Monday,10:47,Mathematics Level 2,1,CA0298,00:31,19,45,29,Online,Fail
19/01/2021,Tuesday,09:55,English Level 3 Reading,1,CA0299,01:32,37,45,30,Online,Pass
08/08/2020,Saturday,15:24,English Level 3 Writing ,2,CA0170,01:48,31,45,30,Online,Pass
08/09/2020,Tuesday,15:16,English Level 2 Reading,5,CA0299,01:14,29,35,22,Online,Pass
08/03/2021,Monday,11:33,Mathematics Level 1,5,CA0300,01:06,30,45,28,Online,Pass
09/11/2020,Monday,12:31,English Level 1 Reading,1,CA0300,01:04,30,35,23,Online,Pass
14/01/2021,Thursday,13:47,English Level 1 Writing,4,CA0300,00:32,27,36,24,Online,Pass
07/10/2020,Wednesday,11:12,English Level 2 Reading,2,CA0301,00:26,10,35,22,Online,Fail
17/12/2020,Thursday,11:00,English Level 2 Reading,4,CA0108,00:53,31,34,21,Online,Pass
09/11/2020,Monday,12:03,English Level 2 Reading,5,CA0301,01:14,24,35,22,Online,Pass
01/01/2021,Friday,13:32,English Level 3 Reading,1,CA0301,01:12,37,45,30,Online,Pass
10/09/2020,Thursday,14:07,English Level 2 Writing,2,CA0301,00:26,15,35,23,Online,Fail
10/03/2021,Wednesday,16:24,English Level 2 Writing,3,CA0301,01:09,28,35,23,Online,Pass
17/12/2020,Thursday,15:42,Mathematics Level 1,2,CA0120,01:32,36,44,29,Online,Pass
17/12/2020,Thursday,11:33,Mathematics Level 2,1,CA0127,01:24,38,45,29,Online,Pass
14/09/2020,Monday,15:36,English Level 2 Writing,5,CA0302,01:09,25,35,23,Online,Pass
04/02/2021,Thursday,17:53,English Level 3 Reading,1,CA0302,01:06,40,45,30,Online,Pass
29/10/2020,Thursday,11:21,Mathematics Level 2,4,CA0303,01:06,40,45,29,Online,Pass
07/10/2020,Wednesday,11:22,Mathematics Level 1,1,CA0303,00:41,41,44,29,Online,Pass
21/10/2020,Wednesday,12:03,English Level 2 Writing,4,CA0303,00:37,6,36,24,Online,Fail
18/02/2021,Thursday,12:10,English Level 2 Writing,3,CA0303,01:04,14,35,23,Online,Fail
23/11/2020,Monday,13:08,English Level 2 Writing,2,CA0303,01:09,17,35,23,Online,Fail
17/12/2020,Thursday,11:45,English Level 2 Reading,3,CA0186,01:10,15,35,22,Online,Fail
17/12/2020,Thursday,12:21,English Level 1 Writing,4,CA0287,00:52,22,36,24,Online,Fail
05/10/2020,Monday,09:15,Mathematics Level 1,1,CA0304,00:42,38,44,29,Paper,Pass
12/01/2021,Tuesday,12:11,English Level 1 Writing,1,CA0304,01:08,10,35,23,Online,Fail
19/10/2020,Monday,13:59,English Level 1 Reading,1,CA0304,00:25,7,35,23,Online,Fail
07/08/2020,Friday,13:55,Mathematics Level 2,1,CA0305,01:35,9,45,29,Online,Fail
28/09/2020,Monday,11:44,English Level 2 Writing,2,CA0306,01:47,27,35,23,Online,Pass
15/10/2020,Thursday,09:00,English Level 1 Writing,1,CA0307,01:10,18,35,23,Paper,Fail
26/10/2020,Monday,11:18,Mathematics Level 3,1,CA0307,01:52,41,50,34,Online,Pass
18/09/2020,Friday,14:12,English Level 1 Reading,4,CA0307,01:15,22,34,22,Paper,Pass
27/01/2021,Wednesday,11:33,English Level 2 Writing,4,CA0308,01:14,25,36,24,Online,Pass
08/09/2020,Tuesday,12:04,English Level 1 Writing,4,CA0308,01:10,29,36,24,Paper,Pass
22/08/2020,Saturday,14:22,English Level 1 Reading,4,CA0308,01:14,13,34,22,Online,Fail
17/12/2020,Thursday,11:00,English Level 2 Writing,3,CA0372,01:10,12,35,23,Paper,Fail
20/08/2020,Thursday,16:36,English Level 1 Writing,5,CA0308,01:27,1,35,23,Paper,Fail
05/10/2020,Monday,10:59,English Level 1 Reading,1,CA0309,00:45,7,35,23,Online,Fail
05/11/2020,Thursday,13:38,English Level 1 Writing,1,CA0309,01:01,22,35,23,Online,Fail
17/11/2020,Tuesday,15:50,English Level 1 Reading,5,CA0309,01:14,13,35,23,Online,Fail
22/08/2020,Saturday,12:07,English Level 1 Writing,1,CA0252,01:01,31,35,23,Online,Pass
20/10/2020,Tuesday,09:15,English Level 1 Reading,5,CA0310,01:15,18,35,23,Paper,Fail
20/09/2020,Sunday,09:15,Mathematics Level 1,2,CA0310,01:14,22,44,29,Paper,Fail
19/10/2020,Monday,11:00,English Level 1 Writing,5,CA0310,01:10,23,35,23,Paper,Pass
28/01/2021,Thursday,14:20,Mathematics Level 3,2,CA0310,01:20,19,50,34,Online,Fail
26/03/2021,Friday,09:55,Mathematics Level 1,4,CA0311,00:37,43,45,28,Online,Pass
28/11/2020,Saturday,10:27,Mathematics Level 1,1,CA0311,00:30,14,44,29,Online,Fail
03/11/2020,Tuesday,10:45,Mathematics Level 1,2,CA0311,00:34,8,44,29,Online,Fail
01/08/2020,Saturday,16:35,English Level 1 Writing,4,CA0431,01:09,31,36,24,Online,Pass
12/08/2020,Wednesday,11:52,English Level 1 Writing,1,CA0311,01:04,18,35,23,Online,Fail
09/02/2021,Tuesday,14:05,English Level 1 Writing,4,CA0311,01:01,28,36,24,Online,Pass
12/03/2021,Friday,15:04,English Level 3 Writing ,1,CA0312,01:32,24,45,30,Online,Fail
21/11/2020,Saturday,12:02,Mathematics Level 1,1,CA0455,00:28,31,44,29,Online,Pass
10/02/2021,Wednesday,15:52,Mathematics Level 1,1,CA0314,00:37,32,44,29,Online,Pass
14/10/2020,Wednesday,11:02,Mathematics Level 1,5,CA0315,01:09,40,45,28,Online,Pass
18/03/2021,Thursday,11:35,Mathematics Level 2,2,CA0316,01:50,29,47,30,Online,Fail
30/10/2020,Friday,15:50,Mathematics Level 2,5,CA0316,01:13,6,46,30,Online,Fail
10/11/2020,Tuesday,09:12,English Level 1 Writing,1,CA0317,01:10,23,35,23,Paper,Pass
20/10/2020,Tuesday,09:00,English Level 1 Writing,5,CA0317,01:10,4,35,23,Paper,Fail
04/08/2020,Tuesday,10:39,Mathematics Level 1,1,CA0317,01:19,10,44,29,Online,Fail
07/10/2020,Wednesday,10:46,Mathematics Level 1,5,CA0317,01:21,31,45,28,Online,Pass
08/01/2021,Friday,11:02,Mathematics Level 2,5,CA0317,01:36,27,46,30,Online,Fail
09/10/2020,Friday,11:22,English Level 3 Writing ,2,CA0318,01:01,14,45,30,Online,Fail
21/01/2021,Thursday,11:52,English Level 3 Reading,1,CA0319,01:45,33,45,30,Online,Pass
19/08/2020,Wednesday,12:00,English Level 2 Reading,4,CA0319,01:15,29,34,21,Paper,Pass
30/10/2020,Friday,12:35,Mathematics Level 2,4,CA0319,01:06,41,45,29,Paper,Pass
01/01/2021,Friday,15:00,English Level 2 Writing,3,CA0319,01:10,23,35,23,Paper,Pass
24/11/2020,Tuesday,11:42,English Level 1 Reading,2,CA0320,01:12,12,36,23,Online,Fail
17/12/2020,Thursday,09:48,Mathematics Level 1,2,CA0472,00:28,9,44,29,Online,Fail
18/12/2020,Friday,12:16,Mathematics Level 1,2,CA0030,01:17,38,44,29,Online,Pass
25/01/2021,Monday,11:48,English Level 3 Reading,2,CA0321,01:59,36,45,30,Online,Pass
18/12/2020,Friday,11:53,English Level 3 Writing ,1,CA0075,01:39,33,45,30,Online,Pass
13/08/2020,Thursday,12:06,English Level 3 Reading,2,CA0321,01:54,25,45,30,Online,Fail
29/09/2020,Tuesday,11:43,Mathematics Level 2,1,CA0322,00:44,24,45,29,Online,Fail
11/03/2021,Thursday,12:07,English Level 2 Writing,3,CA0322,00:56,20,35,23,Online,Fail
15/02/2021,Monday,12:23,English Level 2 Reading,5,CA0322,01:10,22,35,22,Online,Pass
03/11/2020,Tuesday,12:09,Mathematics Level 2,1,CA0323,00:47,45,45,29,Online,Pass
14/03/2021,Sunday,10:59,Mathematics Level 1,5,CA0467,00:33,25,45,28,Online,Fail
25/02/2021,Thursday,15:28,Mathematics Level 1,2,CA0323,00:38,27,44,29,Online,Fail
09/02/2021,Tuesday,16:59,English Level 1 Reading,1,CA0323,01:01,24,35,23,Online,Pass
18/12/2020,Friday,12:19,English Level 3 Reading,2,CA0296,01:59,36,45,30,Online,Pass
18/09/2020,Friday,11:02,English Level 2 Writing,4,CA0325,00:57,18,36,24,Online,Fail
08/01/2021,Friday,11:14,English Level 2 Writing,2,CA0325,01:01,27,35,23,Online,Pass
05/09/2020,Saturday,12:49,English Level 3 Writing ,1,CA0357,00:47,32,45,30,Online,Pass
04/03/2021,Thursday,11:40,English Level 3 Reading,2,CA0325,01:07,25,45,30,Online,Fail
11/08/2020,Tuesday,12:17,English Level 1 Writing,5,CA0326,00:57,21,35,23,Online,Fail
18/12/2020,Friday,11:13,English Level 1 Writing,5,CA0422,01:03,13,35,23,Online,Fail
30/09/2020,Wednesday,11:43,English Level 3 Writing ,1,CA0327,01:37,30,45,30,Online,Pass
05/02/2021,Friday,09:57,English Level 3 Reading,1,CA0328,01:41,36,45,30,Online,Pass
16/12/2020,Wednesday,13:49,Mathematics Level 1,1,CA0050,01:22,26,44,29,Online,Fail
15/01/2021,Friday,15:43,English Level 2 Writing,2,CA0328,01:09,9,35,23,Online,Fail
12/03/2021,Friday,16:50,English Level 2 Writing,4,CA0328,01:09,15,36,24,Online,Fail
11/03/2021,Thursday,12:45,Mathematics Level 1,4,CA0329,00:46,19,45,28,Online,Fail
15/10/2020,Thursday,13:31,English Level 2 Writing,3,CA0329,01:09,8,35,23,Online,Fail
06/11/2020,Friday,10:57,English Level 1 Reading,5,CA0330,01:05,33,35,23,Online,Pass
26/01/2021,Tuesday,15:28,English Level 3 Writing ,1,CA0330,01:14,41,45,30,Online,Pass
23/02/2021,Tuesday,10:58,English Level 1 Writing,5,CA0331,01:09,12,35,23,Online,Fail
17/08/2020,Monday,12:26,English Level 1 Reading,5,CA0331,01:03,26,35,23,Online,Pass
31/10/2020,Saturday,10:08,English Level 1 Writing,4,CA0362,00:57,32,36,24,Online,Pass
04/12/2020,Friday,12:05,English Level 1 Writing,4,CA0217,01:09,27,36,24,Online,Pass
25/09/2020,Friday,14:17,English Level 1 Writing,1,CA0333,01:04,14,35,23,Online,Fail
09/12/2020,Wednesday,14:32,English Level 1 Writing,4,CA0332,00:55,33,36,24,Online,Pass
18/12/2020,Friday,11:46,English Level 2 Writing,5,CA0375,01:09,15,35,23,Online,Fail
14/12/2020,Monday,11:37,English Level 2 Reading,4,CA0048,00:44,17,34,21,Online,Fail
04/03/2021,Thursday,10:57,English Level 2 Writing,3,CA0335,00:55,27,35,23,Online,Pass
15/12/2020,Tuesday,14:35,English Level 2 Writing,3,CA0134,01:09,19,35,23,Online,Fail
20/11/2020,Friday,12:35,English Level 2 Writing,2,CA0335,01:09,16,35,23,Online,Fail
26/11/2020,Thursday,14:22,Mathematics Level 2,1,CA0336,01:22,34,45,29,Online,Pass
15/09/2020,Tuesday,10:22,Mathematics Level 1,5,CA0337,00:18,15,45,28,Online,Fail
18/12/2020,Friday,14:54,Mathematics Level 2,1,CA0324,01:41,43,45,29,Online,Pass
14/12/2020,Monday,13:32,English Level 3 Writing ,2,CA0456,01:59,29,45,30,Online,Fail
06/08/2020,Thursday,15:22,English Level 1 Writing,5,CA0337,00:13,2,35,23,Online,Fail
24/02/2021,Wednesday,15:23,English Level 1 Reading,4,CA0337,00:36,33,34,22,Online,Pass
19/02/2021,Friday,11:16,English Level 1 Writing,4,CA0338,01:09,27,36,24,Online,Pass
21/10/2020,Wednesday,15:36,English Level 1 Reading,4,CA0338,01:12,25,34,22,Online,Pass
25/02/2021,Thursday,15:32,Mathematics Level 2,5,CA0339,01:57,2,46,30,Online,Fail
16/12/2020,Wednesday,13:57,Mathematics Level 1,1,CA0477,01:59,29,44,29,Online,Pass
21/12/2020,Monday,14:01,Mathematics Level 1,5,CA0122,01:57,33,45,28,Online,Pass
03/03/2021,Wednesday,14:28,English Level 1 Writing,5,CA0340,00:43,13,35,23,Online,Fail
08/03/2021,Monday,12:10,English Level 1 Writing,1,CA0341,01:06,29,35,23,Online,Pass
07/10/2020,Wednesday,12:00,Mathematics Level 2,2,CA0342,00:42,45,47,30,Paper,Pass
26/03/2021,Friday,12:16,English Level 3 Reading,1,CA0342,01:37,43,45,30,Online,Pass
06/01/2021,Wednesday,15:00,English Level 2 Reading,2,CA0342,01:15,30,35,22,Paper,Pass
29/01/2021,Friday,15:00,English Level 2 Writing,4,CA0342,01:10,27,36,24,Paper,Pass
14/08/2020,Friday,09:00,Mathematics Level 1,2,CA0343,01:20,31,44,29,Paper,Pass
15/01/2021,Friday,11:00,English Level 2 Reading,2,CA0343,01:15,18,35,22,Paper,Fail
18/11/2020,Wednesday,11:00,Mathematics Level 2,1,CA0343,01:04,13,45,29,Paper,Fail
10/02/2021,Wednesday,12:38,English Level 3 Writing ,1,CA0343,01:44,44,45,30,Online,Pass
18/08/2020,Tuesday,13:00,English Level 2 Writing,5,CA0343,01:10,30,35,23,Paper,Pass
21/12/2020,Monday,13:15,Mathematics Level 1,2,CA0147,00:26,16,44,29,Online,Fail
16/10/2020,Friday,10:41,English Level 2 Reading,3,CA0344,00:41,28,35,22,Online,Pass
04/01/2021,Monday,10:52,English Level 2 Writing,2,CA0344,00:43,31,35,23,Online,Pass
09/09/2020,Wednesday,11:28,English Level 2 Reading,4,CA0344,00:38,9,34,21,Online,Fail
25/03/2021,Thursday,13:37,English Level 1 Writing,1,CA0344,00:37,27,35,23,Online,Pass
01/08/2020,Saturday,14:31,English Level 1 Reading,4,CA0142,01:00,33,34,22,Online,Pass
09/03/2021,Tuesday,15:48,English Level 3 Writing ,1,CA0344,01:25,40,45,30,Online,Pass
07/01/2021,Thursday,11:44,Mathematics Level 1,4,CA0345,00:25,18,45,28,Online,Fail
13/11/2020,Friday,14:55,Mathematics Level 1,1,CA0346,00:29,19,44,29,Online,Fail
21/12/2020,Monday,16:42,English Level 1 Reading,1,CA0173,01:15,7,35,23,Paper,Fail
01/01/2021,Friday,15:53,English Level 1 Writing,5,CA0346,01:16,35,35,23,Online,Pass
10/03/2021,Wednesday,11:30,English Level 1 Reading,2,CA0347,01:06,30,36,23,Online,Pass
21/12/2020,Monday,12:21,English Level 1 Writing,5,CA0240,00:38,35,35,23,Online,Pass
21/12/2020,Monday,15:25,Mathematics Level 1,5,CA0378,00:39,2,45,28,Online,Fail
19/03/2021,Friday,10:34,Mathematics Level 1,1,CA0348,00:32,31,44,29,Online,Pass
30/10/2020,Friday,10:37,Mathematics Level 1,2,CA0348,00:27,8,44,29,Online,Fail
29/03/2021,Monday,10:58,English Level 1 Reading,1,CA0348,00:56,2,35,23,Online,Fail
03/03/2021,Wednesday,11:51,Mathematics Level 1,2,CA0349,00:51,6,44,29,Online,Fail
25/08/2020,Tuesday,09:56,English Level 2 Reading,4,CA0350,01:06,21,34,21,Online,Pass
19/01/2021,Tuesday,09:58,English Level 2 Writing,4,CA0350,01:08,11,36,24,Online,Fail
05/11/2020,Thursday,11:24,Mathematics Level 2,5,CA0350,00:51,43,46,30,Online,Pass
10/03/2021,Wednesday,12:52,English Level 2 Writing,2,CA0350,01:09,27,35,23,Online,Pass
21/12/2020,Monday,13:35,English Level 2 Reading,4,CA0465,01:03,19,34,21,Online,Fail
22/12/2020,Tuesday,11:15,English Level 2 Reading,2,CA0017,01:15,27,35,22,Paper,Pass
13/11/2020,Friday,09:00,Mathematics Level 1,2,CA0351,01:04,10,44,29,Paper,Fail
07/03/2021,Sunday,13:33,English Level 1 Writing,5,CA0176,00:53,34,35,23,Online,Pass
11/02/2021,Thursday,14:57,English Level 3 Writing ,1,CA0352,00:47,33,45,30,Online,Pass
22/02/2021,Monday,15:27,English Level 1 Writing,4,CA0352,01:07,28,36,24,Online,Pass
28/09/2020,Monday,11:19,English Level 3 Writing ,1,CA0353,01:52,33,45,30,Online,Pass
22/01/2021,Friday,12:10,Mathematics Level 1,1,CA0354,01:08,30,44,29,Online,Pass
08/10/2020,Thursday,11:11,Mathematics Level 2,1,CA0355,00:50,25,45,29,Online,Fail
07/10/2020,Wednesday,13:14,English Level 2 Reading,3,CA0355,01:01,25,35,22,Online,Pass
16/03/2021,Tuesday,15:31,English Level 2 Writing,3,CA0355,00:59,2,35,23,Online,Fail
11/01/2021,Monday,14:55,Mathematics Level 2,1,CA0356,01:11,19,45,29,Online,Fail
01/03/2021,Monday,15:00,Mathematics Level 2,4,CA0356,01:30,28,45,29,Online,Fail
16/01/2021,Saturday,13:44,English Level 1 Writing,4,CA0424,01:04,34,36,24,Online,Pass
18/02/2020,Tuesday,13:52,English Level 3 Writing ,1,CA0357,01:38,14,45,30,Online,Fail
25/03/2021,Thursday,14:20,English Level 1 Writing,5,CA0358,01:09,4,35,23,Online,Fail
24/03/2021,Wednesday,11:06,Mathematics Level 2,1,CA0359,01:03,42,45,29,Online,Pass
24/09/2020,Thursday,15:03,Mathematics Level 3,2,CA0360,01:44,45,50,34,Online,Pass
22/12/2020,Tuesday,11:52,English Level 1 Writing,1,CA0347,00:52,25,35,23,Online,Pass
31/10/2020,Saturday,13:47,Mathematics Level 1,4,CA0045,01:19,35,45,28,Online,Pass
20/10/2020,Tuesday,10:30,English Level 1 Reading,5,CA0362,00:56,20,35,23,Online,Fail
22/12/2020,Tuesday,16:13,English Level 1 Writing,5,CA0454,00:59,34,35,23,Online,Pass
27/02/2020,Thursday,10:58,English Level 1 Reading,1,CA0363,00:48,34,35,23,Online,Pass
11/08/2020,Tuesday,10:58,Mathematics Level 2,4,CA0363,00:44,21,45,29,Online,Fail
22/05/2020,Friday,11:05,English Level 1 Writing,5,CA0363,00:56,28,35,23,Online,Pass
09/11/2020,Monday,11:11,English Level 2 Writing,2,CA0363,01:02,25,35,23,Online,Pass
30/11/2020,Monday,11:22,English Level 2 Reading,4,CA0363,01:14,26,34,21,Online,Pass
05/03/2020,Thursday,11:25,Mathematics Level 1,1,CA0363,00:41,40,44,29,Online,Pass
11/03/2020,Wednesday,13:58,English Level 1 Writing,1,CA0363,00:55,5,35,23,Online,Fail
24/09/2020,Thursday,13:58,English Level 2 Writing,3,CA0363,00:58,4,35,23,Online,Fail
28/01/2021,Thursday,14:30,English Level 3 Reading,1,CA0363,01:32,28,45,30,Online,Fail
11/01/2021,Monday,16:14,English Level 3 Writing ,1,CA0363,01:20,30,45,30,Online,Pass
28/08/2020,Friday,10:53,English Level 1 Reading,4,CA0364,00:52,24,34,22,Online,Pass
15/01/2021,Friday,14:43,English Level 3 Writing ,1,CA0364,01:25,42,45,30,Online,Pass
05/08/2020,Wednesday,11:14,English Level 1 Reading,1,CA0365,00:53,34,35,23,Online,Pass
13/10/2020,Tuesday,11:16,Mathematics Level 2,2,CA0365,01:01,22,47,30,Online,Fail
08/10/2020,Thursday,11:42,English Level 1 Writing,4,CA0365,00:58,36,36,24,Online,Pass
11/08/2020,Tuesday,13:39,English Level 2 Writing,2,CA0366,00:27,3,35,23,Online,Fail
22/03/2021,Monday,14:41,English Level 2 Reading,2,CA0366,00:56,21,35,22,Online,Fail
22/10/2020,Thursday,10:51,Mathematics Level 2,1,CA0367,00:08,25,45,29,Online,Fail
27/11/2020,Friday,12:09,English Level 2 Reading,2,CA0367,00:58,8,35,22,Online,Fail
18/09/2020,Friday,13:39,English Level 2 Writing,2,CA0367,00:32,11,35,23,Online,Fail
23/11/2020,Monday,15:26,Mathematics Level 2,5,CA0367,01:39,39,46,30,Online,Pass
18/02/2021,Thursday,15:35,English Level 3 Writing ,2,CA0368,01:58,38,45,30,Online,Pass
16/02/2021,Tuesday,09:18,English Level 3 Reading ,1,CA0369,01:06,41,45,30,Online,Pass
22/10/2020,Thursday,11:00,English Level 1 Reading,4,CA0369,01:15,30,34,22,Paper,Pass
24/02/2021,Wednesday,11:00,English Level 1 Writing,1,CA0369,01:10,16,35,23,Paper,Fail
14/01/2021,Thursday,11:00,Mathematics Level 1,5,CA0369,01:41,27,45,28,Paper,Fail
25/03/2021,Thursday,10:05,English Level 3 Reading,1,CA0370,01:08,36,45,30,Online,Pass
26/02/2021,Friday,11:45,Mathematics Level 2,2,CA0370,01:50,26,47,30,Online,Fail
12/03/2021,Friday,15:15,English Level 2 Reading,4,CA0370,01:14,27,34,21,Online,Pass
23/12/2020,Wednesday,14:15,English Level 1 Writing,5,CA0209,01:09,12,35,23,Online,Fail
23/11/2020,Monday,10:06,English Level 3 Reading,1,CA0371,00:47,39,45,30,Online,Pass
01/02/2021,Monday,15:21,Mathematics Level 2,1,CA0371,01:59,26,45,29,Online,Fail
19/10/2020,Monday,17:03,English Level 2 Writing,2,CA0371,01:02,25,35,23,Online,Pass
21/01/2021,Thursday,11:00,English Level 2 Reading,4,CA0372,01:15,12,34,21,Paper,Fail
23/12/2020,Wednesday,13:44,English Level 1 Writing,5,CA0215,01:04,33,35,23,Online,Pass
06/01/2021,Wednesday,12:00,Mathematics Level 1,5,CA0372,01:39,21,45,28,Paper,Fail
04/12/2020,Friday,14:45,English Level 2 Reading,5,CA0053,01:14,27,35,22,Online,Pass
30/09/2020,Wednesday,11:00,English Level 2 Writing,5,CA0373,01:10,16,35,23,Paper,Fail
01/10/2020,Thursday,11:00,Mathematics Level 2,5,CA0373,00:40,15,46,30,Paper,Fail
13/08/2020,Thursday,11:00,Mathematics Level 1,5,CA0374,01:12,29,45,28,Paper,Pass
17/08/2020,Monday,10:06,English Level 2 Reading,2,CA0375,01:14,17,35,22,Online,Fail
17/11/2020,Tuesday,11:04,Mathematics Level 2,1,CA0375,00:49,16,45,29,Online,Fail
03/11/2020,Tuesday,11:07,English Level 2 Writing,3,CA0375,01:00,10,35,23,Online,Fail
08/12/2020,Tuesday,17:04,Mathematics Level 2,1,CA0056,01:10,34,45,29,Online,Pass
03/02/2021,Wednesday,13:52,English Level 2 Writing,4,CA0375,00:34,20,36,24,Online,Fail
18/03/2021,Thursday,15:28,English Level 3 Reading,1,CA0375,01:45,22,45,30,Online,Fail
29/01/2021,Friday,15:35,English Level 2 Reading,5,CA0375,00:57,22,35,22,Online,Pass
04/02/2021,Thursday,11:25,Mathematics Level 1,4,CA0376,00:22,44,45,28,Online,Pass
12/03/2021,Friday,13:28,English Level 1 Reading,4,CA0377,01:10,11,34,22,Online,Fail
04/02/2021,Thursday,15:17,English Level 1 Writing,1,CA0377,01:05,23,35,23,Online,Pass
11/11/2020,Wednesday,10:46,Mathematics Level 1,1,CA0378,00:32,20,44,29,Online,Fail
23/01/2021,Saturday,10:55,English Level 2 Reading,2,CA0378,00:40,5,35,22,Online,Fail
20/01/2021,Wednesday,12:54,Mathematics Level 1,4,CA0378,00:41,44,45,28,Online,Pass
14/12/2020,Monday,18:12,English Level 1 Writing,5,CA0224,01:09,22,35,23,Online,Fail
10/03/2021,Wednesday,15:46,English Level 2 Reading,3,CA0378,00:57,24,35,22,Online,Pass
15/12/2020,Tuesday,14:45,English Level 1 Reading,1,CA0333,01:14,3,35,23,Online,Fail
14/10/2020,Wednesday,11:10,English Level 1 Writing,4,CA0379,00:35,17,36,24,Online,Fail
09/10/2020,Friday,11:03,Mathematics Level 2,1,CA0380,01:21,34,45,29,Online,Pass
13/11/2020,Friday,15:01,English Level 3 Reading,2,CA0380,01:33,24,45,30,Online,Fail
09/07/2020,Thursday,15:33,Mathematics Level 2,4,CA0380,01:53,8,45,29,Online,Fail
19/11/2020,Thursday,10:37,English Level 2 Writing,5,CA0381,00:59,25,35,23,Online,Pass
07/02/2020,Friday,11:28,Mathematics Level 2,1,CA0381,01:52,6,45,29,Online,Fail
13/10/2020,Tuesday,11:46,English Level 2 Reading,5,CA0381,00:58,29,35,22,Online,Pass
16/07/2020,Thursday,12:06,Mathematics Level 2,2,CA0381,00:50,23,47,30,Online,Fail
29/01/2021,Friday,12:20,Mathematics Level 2,4,CA0381,01:59,33,45,29,Online,Pass
25/02/2021,Thursday,14:16,English Level 3 Reading,1,CA0381,01:52,32,45,30,Online,Pass
10/12/2020,Thursday,11:00,English Level 2 Reading,3,CA0373,01:15,8,35,22,Paper,Fail
10/02/2021,Wednesday,11:06,Mathematics Level 3,2,CA0382,00:53,15,50,34,Online,Fail
26/03/2021,Friday,14:02,Mathematics Level 3,1,CA0382,00:46,41,50,34,Online,Pass
17/02/2021,Wednesday,14:30,English Level 3 Writing ,2,CA0382,00:43,4,45,30,Online,Fail
31/10/2020,Saturday,10:49,English Level 1 Reading,1,CA0311,00:40,35,35,23,Online,Pass
12/11/2020,Thursday,13:24,Mathematics Level 1,5,CA0383,00:43,44,45,28,Online,Pass
21/08/2020,Friday,13:36,English Level 1 Reading,5,CA0383,01:12,27,35,23,Online,Pass
06/10/2020,Tuesday,11:18,Mathematics Level 2,1,CA0384,00:59,6,45,29,Online,Fail
18/11/2020,Wednesday,13:48,Mathematics Level 2,1,CA0385,01:46,9,45,29,Online,Fail
03/09/2020,Thursday,12:22,English Level 1 Writing,1,CA0386,01:04,22,35,23,Online,Fail
02/03/2021,Tuesday,11:49,English Level 3 Reading,2,CA0387,01:48,36,45,30,Online,Pass
29/08/2020,Saturday,14:23,Mathematics Level 3,1,CA0388,00:21,7,50,34,Online,Fail
29/01/2021,Friday,10:54,English Level 2 Reading,2,CA0389,01:14,31,35,22,Online,Pass
19/02/2021,Friday,10:55,English Level 3 Reading,1,CA0389,01:00,28,45,30,Online,Fail
23/11/2020,Monday,11:21,English Level 2 Reading,3,CA0389,01:14,11,35,22,Online,Fail
19/03/2021,Friday,11:24,Mathematics Level 2,2,CA0389,01:19,22,47,30,Online,Fail
18/08/2020,Tuesday,11:31,Mathematics Level 2,5,CA0389,01:59,18,46,30,Online,Fail
01/12/2020,Tuesday,11:57,Mathematics Level 1,2,CA0459,01:10,35,44,29,Online,Pass
02/01/2021,Saturday,10:44,English Level 1 Reading,5,CA0351,00:38,35,35,23,Online,Pass
16/12/2020,Wednesday,15:29,English Level 1 Writing,4,CA0484,00:42,29,36,24,Online,Pass
30/10/2020,Friday,11:08,Mathematics Level 2,1,CA0391,00:50,8,45,29,Online,Fail
27/11/2020,Friday,11:19,English Level 1 Writing,1,CA0391,01:09,16,35,23,Online,Fail
17/12/2020,Thursday,15:18,English Level 1 Writing,5,CA0031,01:05,22,35,23,Online,Fail
20/11/2020,Friday,14:27,Mathematics Level 2,5,CA0391,01:38,17,46,30,Online,Fail
19/10/2020,Monday,09:46,Mathematics Level 1,5,CA0392,00:38,6,45,28,Online,Fail
10/02/2021,Wednesday,10:54,English Level 1 Writing,5,CA0392,00:40,16,35,23,Online,Fail
20/11/2020,Friday,10:58,Mathematics Level 1,1,CA0392,00:53,14,44,29,Online,Fail
18/12/2020,Friday,14:46,English Level 3 Writing ,1,CA0198,01:32,13,45,30,Online,Fail
10/11/2020,Tuesday,11:44,English Level 3 Writing ,1,CA0393,01:58,43,45,30,Online,Pass
21/01/2021,Thursday,16:09,English Level 3 Writing ,1,CA0394,01:45,25,45,30,Online,Fail
08/10/2020,Thursday,16:13,English Level 3 Writing ,1,CA0395,01:41,26,45,30,Online,Fail
22/09/2020,Tuesday,14:58,Mathematics Level 1,2,CA0396,01:35,40,44,29,Online,Pass
23/01/2021,Saturday,17:12,English Level 3 Reading,1,CA0427,01:44,35,45,30,Online,Pass
14/01/2021,Thursday,12:54,Mathematics Level 2,4,CA0398,01:54,13,45,29,Online,Fail
23/09/2020,Wednesday,11:00,Mathematics Level 1,4,CA0399,01:14,33,45,28,Paper,Pass
17/03/2021,Wednesday,11:03,English Level 2 Reading,3,CA0400,00:44,11,35,22,Online,Fail
04/11/2020,Wednesday,11:12,English Level 2 Writing,2,CA0400,00:48,17,35,23,Online,Fail
19/10/2020,Monday,13:30,Mathematics Level 2,1,CA0400,00:41,29,45,29,Online,Pass
08/10/2020,Thursday,12:16,Mathematics Level 1,1,CA0401,01:07,25,44,29,Online,Fail
11/11/2020,Wednesday,12:16,Mathematics Level 1,2,CA0401,01:07,30,44,29,Online,Pass
16/10/2020,Friday,15:52,English Level 1 Writing,4,CA0401,01:08,11,36,24,Online,Fail
16/11/2020,Monday,17:06,English Level 1 Writing,5,CA0401,01:04,13,35,23,Online,Fail
10/12/2020,Thursday,15:34,English Level 3 Writing ,2,CA0452,01:58,33,45,30,Online,Pass
09/02/2021,Tuesday,11:19,English Level 1 Reading,4,CA0402,01:01,22,34,22,Online,Pass
05/11/2020,Thursday,12:29,English Level 1 Writing,5,CA0402,00:33,5,35,23,Online,Fail
09/12/2020,Wednesday,13:02,English Level 2 Writing,3,CA0246,00:52,35,35,23,Online,Pass
04/09/2020,Friday,11:17,Mathematics Level 3,2,CA0403,01:45,8,50,34,Online,Fail
20/11/2020,Friday,10:43,English Level 2 Reading,4,CA0404,01:14,29,34,21,Online,Pass
03/10/2020,Saturday,14:57,Mathematics Level 1,1,CA0404,01:34,11,44,29,Online,Fail
29/01/2021,Friday,15:23,English Level 2 Writing,4,CA0404,01:08,35,36,24,Online,Pass
03/10/2020,Saturday,11:00,English Level 1 Reading,4,CA0405,01:15,16,34,22,Paper,Fail
12/01/2021,Tuesday,11:00,English Level 1 Writing,5,CA0405,01:10,3,35,23,Paper,Fail
05/11/2020,Thursday,10:19,Mathematics Level 1,1,CA0406,00:16,16,44,29,Online,Fail
20/08/2020,Thursday,10:42,English Level 1 Reading,5,CA0406,00:39,17,35,23,Online,Fail
12/03/2021,Friday,13:06,Mathematics Level 1,2,CA0406,00:25,22,44,29,Online,Fail
24/02/2021,Wednesday,13:17,English Level 1 Writing,1,CA0406,01:17,26,35,23,Online,Pass
25/02/2021,Thursday,15:32,Mathematics Level 1,1,CA0407,00:34,20,44,29,Online,Fail
18/03/2021,Thursday,16:04,English Level 1 Writing,4,CA0407,00:39,36,36,24,Online,Pass
12/11/2020,Thursday,11:25,English Level 2 Writing,3,CA0408,00:36,14,35,23,Online,Fail
01/02/2021,Monday,12:02,English Level 2 Writing,2,CA0408,00:43,13,35,23,Online,Fail
07/10/2020,Wednesday,13:43,English Level 2 Reading,3,CA0408,01:14,16,35,22,Online,Fail
10/03/2021,Wednesday,09:00,Mathematics Level 1,2,CA0409,01:25,21,44,29,Paper,Fail
04/08/2020,Tuesday,12:14,English Level 1 Writing,1,CA0409,01:09,35,35,23,Online,Pass
21/10/2020,Wednesday,14:09,English Level 1 Reading,4,CA0409,00:36,22,34,22,Online,Pass
30/03/2021,Tuesday,09:18,English Level 3 Writing ,1,CA0410,00:58,34,45,30,Online,Pass
12/02/2021,Friday,10:10,Mathematics Level 3,1,CA0410,01:14,35,50,34,Online,Pass
23/09/2020,Wednesday,14:53,English Level 3 Writing ,1,CA0411,01:51,39,45,30,Online,Pass
25/02/2021,Thursday,09:38,English Level 3 Reading,1,CA0412,01:52,30,45,30,Online,Pass
18/01/2021,Monday,13:05,English Level 2 Reading,4,CA0412,01:14,22,34,21,Online,Pass
17/02/2021,Wednesday,14:16,English Level 2 Writing,5,CA0412,01:09,24,35,23,Online,Pass
14/12/2020,Monday,15:38,English Level 2 Reading,2,CA0328,01:04,30,35,22,Online,Pass
14/03/2021,Sunday,11:04,Mathematics Level 3,1,CA0313,01:48,25,50,34,Online,Fail
16/12/2020,Wednesday,10:25,English Level 1 Reading,5,CA0337,00:22,12,35,23,Online,Fail
11/09/2020,Friday,15:52,Mathematics Level 2,5,CA0414,01:40,21,46,30,Online,Fail
30/03/2021,Tuesday,16:08,Mathematics Level 2,4,CA0414,00:45,15,45,29,Online,Fail
20/08/2020,Thursday,10:25,English Level 1 Writing,5,CA0415,01:09,4,35,23,Online,Fail
11/09/2020,Friday,10:56,English Level 1 Writing,1,CA0415,00:56,20,35,23,Online,Fail
03/12/2020,Thursday,11:00,Mathematics Level 1,5,CA0340,01:38,7,45,28,Paper,Fail
12/08/2020,Wednesday,13:57,English Level 1 Reading,4,CA0415,01:12,15,34,22,Online,Fail
26/11/2020,Thursday,14:19,Mathematics Level 2,4,CA0415,01:35,22,45,29,Online,Fail
22/03/2021,Monday,15:37,Mathematics Level 1,5,CA0415,01:27,28,45,28,Online,Pass
11/03/2021,Thursday,10:08,English Level 1 Reading,5,CA0416,00:25,23,35,23,Online,Pass
20/09/2020,Sunday,11:02,Mathematics Level 1,2,CA0416,00:11,7,44,29,Online,Fail
21/11/2020,Saturday,11:39,English Level 1 Writing,5,CA0416,00:09,10,35,23,Online,Fail
23/03/2021,Tuesday,09:15,Mathematics Level 1,2,CA0417,00:32,26,44,29,Paper,Fail
25/02/2021,Thursday,10:35,English Level 1 Writing,4,CA0418,00:15,7,36,24,Online,Fail
07/08/2020,Friday,11:01,English Level 1 Writing,5,CA0418,00:51,14,35,23,Online,Fail
07/12/2020,Monday,15:46,Mathematics Level 2,5,CA0412,01:12,36,46,30,Online,Pass
14/10/2020,Wednesday,11:24,Mathematics Level 1,4,CA0418,01:18,32,45,28,Online,Pass
25/01/2021,Monday,10:23,English Level 1 Writing,5,CA0419,01:09,11,35,23,Online,Fail
28/01/2021,Thursday,14:36,English Level 1 Reading,4,CA0419,01:14,26,34,22,Online,Pass
10/12/2020,Thursday,10:53,English Level 1 Reading,5,CA0120,01:14,21,35,23,Online,Fail
26/11/2020,Thursday,15:11,Mathematics Level 1,2,CA0419,01:39,43,44,29,Online,Pass
08/10/2020,Thursday,11:32,English Level 3 Reading,2,CA0420,01:41,26,45,30,Online,Fail
26/02/2021,Friday,11:53,Mathematics Level 2,1,CA0420,01:59,22,45,29,Online,Fail
26/01/2021,Tuesday,12:24,English Level 3 Reading,2,CA0420,01:19,33,45,30,Online,Pass
06/08/2020,Thursday,13:44,Mathematics Level 2,4,CA0420,01:46,18,45,29,Online,Fail
08/07/2020,Wednesday,13:48,Mathematics Level 2,2,CA0420,01:21,4,47,30,Online,Fail
11/02/2021,Thursday,10:39,English Level 2 Writing,3,CA0421,00:48,1,35,23,Online,Fail
14/12/2020,Monday,12:37,English Level 1 Reading,2,CA0279,00:43,28,36,23,Online,Pass
11/12/2020,Friday,12:30,English Level 1 Writing,1,CA0320,01:10,22,35,23,Paper,Fail
18/08/2020,Tuesday,11:25,English Level 1 Writing,1,CA0422,00:45,17,35,23,Online,Fail
25/01/2021,Monday,11:26,English Level 1 Reading,5,CA0422,00:39,13,35,23,Online,Fail
15/10/2020,Thursday,11:43,Mathematics Level 3,1,CA0422,01:06,38,50,34,Online,Pass
09/09/2020,Wednesday,11:51,English Level 1 Reading,4,CA0422,00:49,18,34,22,Online,Fail
13/03/2020,Friday,13:49,Mathematics Level 3,2,CA0422,01:23,22,50,34,Online,Fail
17/09/2020,Thursday,11:14,Mathematics Level 1,2,CA0423,01:30,38,44,29,Online,Pass
18/12/2020,Friday,12:26,Mathematics Level 1,1,CA0362,01:50,37,44,29,Online,Pass
10/12/2020,Thursday,15:57,Mathematics Level 1,2,CA0491,01:38,40,44,29,Paper,Pass
24/02/2021,Wednesday,18:01,English Level 3 Reading,1,CA0423,01:52,38,45,30,Online,Pass
28/12/2020,Monday,16:53,Mathematics Level 1,4,CA0039,01:42,41,45,28,Online,Pass
14/03/2021,Sunday,18:48,English Level 3 Writing ,1,CA0198,01:41,39,45,30,Online,Pass
21/08/2020,Friday,13:46,English Level 1 Reading,1,CA0424,01:13,32,35,23,Online,Pass
02/09/2020,Wednesday,15:07,English Level 3 Writing ,1,CA0425,00:50,34,45,30,Online,Pass
21/10/2020,Wednesday,11:27,Mathematics Level 1,5,CA0426,01:43,24,45,28,Online,Fail
04/03/2021,Thursday,13:49,English Level 1 Writing,1,CA0426,01:09,16,35,23,Online,Fail
22/03/2021,Monday,15:56,English Level 1 Reading,5,CA0426,01:13,28,35,23,Online,Pass
22/10/2020,Thursday,10:23,English Level 2 Reading,5,CA0427,01:14,22,35,22,Online,Pass
17/11/2020,Tuesday,11:36,Mathematics Level 2,2,CA0427,01:38,40,47,30,Online,Pass
13/06/2020,Saturday,12:16,English Level 2 Reading,2,CA0427,01:14,16,35,22,Online,Fail
10/09/2020,Thursday,15:50,English Level 2 Writing,2,CA0427,01:03,28,35,23,Online,Pass
30/03/2020,Monday,15:52,Mathematics Level 2,5,CA0427,01:59,14,46,30,Online,Fail
17/10/2020,Saturday,13:20,Mathematics Level 1,5,CA0101,01:30,40,45,28,Online,Pass
09/09/2020,Wednesday,17:22,English Level 2 Reading,4,CA0427,01:14,9,34,21,Online,Fail
12/08/2020,Wednesday,18:34,English Level 2 Writing,4,CA0427,01:09,5,36,24,Online,Fail
24/08/2020,Monday,10:00,Mathematics Level 2,5,CA0428,01:25,17,46,30,Paper,Fail
06/11/2020,Friday,09:04,Mathematics Level 2,5,CA0429,01:11,28,46,30,Online,Fail
06/08/2020,Thursday,14:11,English Level 2 Reading,5,CA0429,01:12,31,35,22,Online,Pass
14/01/2021,Thursday,14:49,English Level 3 Reading,1,CA0429,01:12,29,45,30,Online,Fail
22/10/2020,Thursday,15:40,English Level 2 Writing,5,CA0429,01:08,30,35,23,Online,Pass
10/02/2021,Wednesday,10:00,Mathematics Level 2,5,CA0430,01:12,2,46,30,Paper,Fail
23/11/2020,Monday,11:00,English Level 2 Reading,3,CA0430,01:15,1,35,22,Paper,Fail
18/03/2021,Thursday,11:00,English Level 2 Writing,4,CA0430,01:10,20,36,24,Paper,Fail
05/08/2020,Wednesday,12:49,Mathematics Level 1,1,CA0431,01:59,31,44,29,Online,Pass
07/10/2020,Wednesday,15:11,English Level 1 Reading,5,CA0431,01:14,30,35,23,Online,Pass
19/09/2020,Saturday,14:58,Mathematics Level 3,1,CA0142,01:24,40,50,34,Online,Pass
14/08/2020,Friday,13:06,Mathematics Level 2,5,CA0432,01:59,21,46,30,Online,Fail
11/03/2021,Thursday,13:06,Mathematics Level 2,5,CA0433,00:33,3,46,30,Online,Fail
22/03/2021,Monday,13:25,English Level 2 Writing,5,CA0433,00:20,18,35,23,Online,Fail
04/08/2020,Tuesday,15:20,English Level 1 Reading,5,CA0433,00:35,27,35,23,Online,Pass
15/10/2020,Thursday,16:43,Mathematics Level 2,4,CA0433,01:44,15,45,29,Online,Fail
04/02/2021,Thursday,15:21,Mathematics Level 1,5,CA0434,00:41,40,45,28,Online,Pass
17/09/2020,Thursday,10:45,Mathematics Level 3,2,CA0435,01:19,10,50,34,Online,Fail
12/01/2021,Tuesday,14:53,Mathematics Level 2,1,CA0436,01:47,33,45,29,Online,Pass
01/09/2020,Tuesday,16:07,Mathematics Level 2,4,CA0436,00:57,10,45,29,Online,Fail
12/02/2021,Friday,10:22,English Level 3 Writing ,1,CA0437,01:10,10,45,30,Online,Fail
01/03/2021,Monday,10:39,English Level 3 Writing ,1,CA0438,01:32,45,45,30,Online,Pass
22/02/2021,Monday,09:07,Mathematics Level 2,1,CA0439,01:20,3,45,29,Paper,Fail
05/11/2020,Thursday,14:51,Mathematics Level 1,2,CA0440,00:45,34,44,29,Online,Pass
09/10/2020,Friday,15:24,English Level 1 Writing,5,CA0440,01:07,24,35,23,Online,Pass
26/03/2021,Friday,16:49,English Level 1 Reading,5,CA0440,00:44,33,35,23,Online,Pass
18/08/2020,Tuesday,11:00,English Level 1 Writing,1,CA0441,01:09,24,35,23,Online,Pass
26/03/2021,Friday,11:50,Mathematics Level 2,2,CA0441,01:13,45,47,30,Online,Pass
25/09/2020,Friday,12:06,English Level 2 Writing,3,CA0441,01:01,32,35,23,Online,Pass
20/11/2020,Friday,12:47,English Level 2 Reading,5,CA0441,01:05,21,35,22,Online,Fail
22/02/2021,Monday,13:04,English Level 1 Reading,2,CA0441,00:20,19,36,23,Online,Fail
13/11/2020,Friday,13:41,English Level 3 Writing ,1,CA0441,01:14,18,45,30,Online,Fail
24/11/2020,Tuesday,16:02,Mathematics Level 1,1,CA0441,00:45,30,44,29,Online,Pass
11/03/2020,Wednesday,16:29,English Level 1 Writing,2,CA0441,00:44,18,34,22,Online,Fail
10/08/2020,Monday,11:49,English Level 3 Writing ,1,CA0442,01:24,30,45,30,Online,Pass
05/09/2020,Saturday,15:39,Mathematics Level 2,1,CA0288,01:52,41,45,29,Online,Pass
05/11/2020,Thursday,10:00,Mathematics Level 2,5,CA0444,01:06,36,46,30,Paper,Pass
13/08/2020,Thursday,11:47,Mathematics Level 1,4,CA0445,00:44,33,45,28,Online,Pass
12/02/2021,Friday,12:10,English Level 1 Writing,5,CA0445,01:09,32,35,23,Online,Pass
06/11/2020,Friday,12:29,English Level 1 Reading,4,CA0445,01:09,33,34,22,Online,Pass
22/09/2020,Tuesday,11:00,Mathematics Level 1,5,CA0446,01:14,43,45,28,Paper,Pass
10/08/2020,Monday,11:51,English Level 3 Writing ,1,CA0447,01:24,34,45,30,Online,Pass
26/03/2021,Friday,10:29,English Level 3 Reading,2,CA0448,01:23,45,45,30,Online,Pass
21/08/2020,Friday,11:26,Mathematics Level 2,4,CA0448,01:29,14,45,29,Online,Fail
02/02/2021,Tuesday,14:32,English Level 3 Writing ,2,CA0448,01:59,17,45,30,Online,Fail
28/12/2020,Monday,16:40,English Level 3 Reading,2,CA0095,01:56,32,45,30,Online,Pass
09/11/2020,Monday,15:55,English Level 2 Writing,3,CA0448,01:01,27,35,23,Online,Pass
14/01/2020,Tuesday,16:22,English Level 2 Writing,2,CA0448,00:52,15,35,23,Online,Fail
13/11/2020,Friday,14:48,English Level 1 Writing,4,CA0449,01:09,36,36,24,Online,Pass
01/10/2020,Thursday,16:03,Mathematics Level 1,4,CA0449,01:39,29,45,28,Online,Pass
04/08/2020,Tuesday,12:30,Mathematics Level 1,1,CA0450,01:12,13,44,29,Paper,Fail
17/09/2020,Thursday,11:46,English Level 1 Reading,4,CA0451,00:44,10,34,22,Online,Fail
28/12/2020,Monday,12:17,Mathematics Level 1,1,CA0183,01:14,32,44,29,Online,Pass
07/10/2020,Wednesday,13:58,English Level 1 Writing,4,CA0451,00:39,35,36,24,Online,Pass
28/12/2020,Monday,11:47,Mathematics Level 2,1,CA0302,01:40,22,45,29,Online,Fail
14/01/2021,Thursday,15:47,Mathematics Level 1,5,CA0453,00:38,16,45,28,Online,Fail
28/12/2020,Monday,15:21,Mathematics Level 1,4,CA0337,00:35,2,45,28,Online,Fail
28/12/2020,Monday,15:28,English Level 3 Reading,2,CA0414,01:37,22,45,30,Online,Fail
26/09/2020,Saturday,16:31,Mathematics Level 1,5,CA0331,01:33,42,45,28,Online,Pass
29/12/2020,Tuesday,15:43,English Level 1 Writing,2,CA0103,00:50,28,34,22,Online,Pass
11/11/2020,Wednesday,15:58,English Level 3 Writing ,1,CA0456,01:59,12,45,30,Online,Fail
10/09/2020,Thursday,16:47,English Level 3 Reading,2,CA0456,01:59,38,45,30,Online,Pass
13/07/2020,Monday,10:32,English Level 1 Writing,5,CA0457,00:23,7,35,23,Online,Fail
23/09/2020,Wednesday,10:55,English Level 1 Writing,4,CA0457,00:24,30,36,24,Online,Pass
14/09/2020,Monday,10:57,English Level 1 Reading,1,CA0457,00:52,14,35,23,Online,Fail
13/01/2021,Wednesday,12:01,English Level 1 Reading,5,CA0457,00:24,12,35,23,Online,Fail
22/01/2021,Friday,11:15,English Level 3 Writing ,2,CA0458,01:13,41,45,30,Online,Pass
08/10/2020,Thursday,11:18,Mathematics Level 1,1,CA0459,00:25,12,44,29,Online,Fail
29/12/2020,Tuesday,14:23,English Level 1 Writing,5,CA0162,00:50,21,35,23,Online,Fail
26/02/2021,Friday,12:00,English Level 1 Writing,5,CA0459,01:09,30,35,23,Online,Pass
05/03/2021,Friday,12:11,Mathematics Level 2,4,CA0459,01:50,21,45,29,Online,Fail
29/12/2020,Tuesday,12:05,Mathematics Level 3,2,CA0180,01:51,43,50,34,Online,Pass
03/11/2020,Tuesday,13:58,English Level 1 Writing,4,CA0459,01:09,11,36,24,Online,Fail
18/03/2021,Thursday,15:25,English Level 2 Writing,4,CA0459,01:09,19,36,24,Online,Fail
14/10/2020,Wednesday,09:42,Mathematics Level 1,4,CA0460,00:51,30,45,28,Online,Pass
06/10/2020,Tuesday,10:57,English Level 1 Writing,5,CA0461,01:09,34,35,23,Online,Pass
13/10/2020,Tuesday,11:26,English Level 1 Reading,2,CA0461,00:49,20,36,23,Online,Fail
11/03/2021,Thursday,12:11,English Level 1 Reading,1,CA0461,01:14,26,35,23,Online,Pass
29/12/2020,Tuesday,11:32,Mathematics Level 2,1,CA0201,00:35,43,45,29,Online,Pass
15/09/2020,Tuesday,14:11,English Level 1 Writing,2,CA0461,00:29,15,34,22,Online,Fail
16/11/2020,Monday,12:11,English Level 3 Reading,2,CA0462,01:59,23,45,30,Online,Fail
20/01/2021,Wednesday,10:39,English Level 2 Writing,3,CA0463,01:09,20,35,23,Online,Fail
25/03/2021,Thursday,11:20,English Level 2 Writing,2,CA0463,01:09,10,35,23,Online,Fail
10/02/2021,Wednesday,12:52,Mathematics Level 2,5,CA0463,00:52,42,46,30,Online,Pass
02/11/2020,Monday,16:14,English Level 3 Reading,2,CA0463,01:59,28,45,30,Online,Fail
20/08/2020,Thursday,16:12,Mathematics Level 3,2,CA0464,01:48,18,50,34,Online,Fail
11/11/2020,Wednesday,16:20,Mathematics Level 3,1,CA0464,01:54,39,50,34,Online,Pass
08/01/2021,Friday,12:25,Mathematics Level 2,2,CA0465,00:44,5,47,30,Online,Fail
30/11/2020,Monday,12:28,Mathematics Level 2,4,CA0465,00:08,14,45,29,Online,Fail
31/03/2021,Wednesday,13:18,Mathematics Level 2,5,CA0465,01:01,43,46,30,Online,Pass
29/12/2020,Tuesday,11:00,Mathematics Level 1,1,CA0219,01:39,36,44,29,Paper,Pass
22/09/2020,Tuesday,14:46,English Level 2 Writing,4,CA0465,00:36,10,36,24,Online,Fail
25/08/2020,Tuesday,12:14,English Level 2 Writing,3,CA0466,01:09,19,35,23,Online,Fail
15/02/2021,Monday,12:22,English Level 3 Reading,1,CA0466,01:04,22,45,30,Online,Fail
04/01/2021,Monday,13:05,English Level 2 Writing,5,CA0466,00:58,24,35,23,Online,Pass
31/03/2021,Wednesday,14:33,English Level 2 Reading,5,CA0466,01:13,32,35,22,Online,Pass
14/03/2021,Sunday,11:25,English Level 3 Reading,2,CA0390,01:37,43,45,30,Online,Pass
24/02/2021,Wednesday,12:21,English Level 1 Writing,1,CA0467,01:01,2,35,23,Online,Fail
19/09/2020,Saturday,15:34,Mathematics Level 1,2,CA0496,00:30,43,44,29,Online,Pass
20/08/2020,Thursday,10:00,Mathematics Level 1,5,CA0469,01:25,32,45,28,Paper,Pass
03/08/2020,Monday,15:32,Mathematics Level 1,1,CA0470,00:45,36,44,29,Online,Pass
21/08/2020,Friday,11:54,English Level 2 Writing,2,CA0471,00:53,34,35,23,Online,Pass
22/09/2020,Tuesday,17:51,English Level 2 Reading,4,CA0471,00:40,15,34,21,Online,Fail
29/12/2020,Tuesday,10:44,Mathematics Level 1,5,CA0295,00:58,14,45,28,Online,Fail
11/02/2021,Thursday,10:22,Mathematics Level 1,1,CA0472,00:16,27,44,29,Online,Fail
29/12/2020,Tuesday,09:00,English Level 1 Reading,1,CA0351,01:15,19,35,23,Paper,Fail
14/01/2021,Thursday,10:46,English Level 3 Writing ,2,CA0473,00:39,11,45,30,Online,Fail
29/12/2020,Tuesday,11:01,English Level 1 Writing,5,CA0379,00:33,32,35,23,Online,Pass
06/11/2020,Friday,11:55,Mathematics Level 1,5,CA0473,00:44,34,45,28,Online,Pass
07/01/2021,Thursday,09:15,English Level 1 Reading,5,CA0474,01:15,20,35,23,Paper,Fail
09/10/2020,Friday,09:15,Mathematics Level 1,4,CA0474,00:50,27,45,28,Paper,Fail
14/03/2021,Sunday,11:15,English Level 1 Writing,5,CA0474,01:10,22,35,23,Paper,Fail
01/04/2021,Thursday,11:28,English Level 1 Writing,1,CA0475,01:09,35,35,23,Online,Pass
19/02/2021,Friday,13:02,English Level 1 Reading,4,CA0475,01:09,26,34,22,Online,Pass
06/08/2020,Thursday,09:42,English Level 3 Writing ,1,CA0476,01:12,38,45,30,Online,Pass
04/02/2021,Thursday,13:05,Mathematics Level 1,5,CA0476,01:56,33,45,28,Online,Pass
20/09/2020,Sunday,10:28,English Level 1 Writing,1,CA0477,01:09,15,35,23,Online,Fail
29/12/2020,Tuesday,10:39,Mathematics Level 3,1,CA0403,01:19,43,50,34,Online,Pass
29/12/2020,Tuesday,12:37,English Level 1 Reading,5,CA0459,01:10,21,35,23,Online,Fail
06/08/2020,Thursday,10:51,Mathematics Level 1,2,CA0478,00:33,37,44,29,Online,Pass
30/12/2020,Wednesday,10:00,Mathematics Level 1,5,CA0003,01:39,45,45,28,Paper,Pass
30/12/2020,Wednesday,11:37,English Level 1 Writing,4,CA0013,01:01,5,36,24,Online,Fail
11/06/2020,Thursday,11:48,Mathematics Level 1,5,CA0478,00:33,9,45,28,Online,Fail
12/03/2021,Friday,11:50,English Level 1 Reading,5,CA0478,00:45,26,35,23,Online,Pass
17/09/2020,Thursday,14:25,Mathematics Level 2,1,CA0479,00:59,14,45,29,Online,Fail
15/01/2021,Friday,14:43,English Level 3 Writing ,2,CA0479,01:42,13,45,30,Online,Fail
18/03/2021,Thursday,11:15,Mathematics Level 2,5,CA0480,01:50,7,46,30,Online,Fail
05/08/2020,Wednesday,12:06,English Level 3 Reading,1,CA0480,01:59,25,45,30,Online,Fail
07/09/2020,Monday,12:10,English Level 3 Reading,2,CA0480,01:59,43,45,30,Online,Pass
15/09/2020,Tuesday,16:30,Mathematics Level 1,2,CA0481,01:58,14,44,29,Paper,Fail
25/01/2021,Monday,11:43,English Level 2 Writing,3,CA0482,01:05,7,35,23,Online,Fail
06/10/2020,Tuesday,12:11,English Level 2 Reading,2,CA0482,01:00,17,35,22,Online,Fail
30/12/2020,Wednesday,13:22,Mathematics Level 1,2,CA0064,01:43,38,44,29,Online,Pass
07/09/2020,Monday,14:34,English Level 2 Reading,3,CA0482,01:14,18,35,22,Online,Fail
11/09/2020,Friday,12:12,Mathematics Level 2,1,CA0483,01:21,29,45,29,Online,Pass
07/01/2021,Thursday,11:07,English Level 2 Writing,3,CA0484,00:18,13,35,23,Online,Fail
11/09/2020,Friday,11:11,Mathematics Level 2,2,CA0484,00:59,17,47,30,Online,Fail
16/10/2020,Friday,14:37,English Level 2 Reading,2,CA0484,00:29,20,35,22,Online,Fail
18/11/2020,Wednesday,15:20,English Level 1 Writing,1,CA0484,00:38,8,35,23,Online,Fail
21/08/2020,Friday,15:22,English Level 1 Writing,5,CA0484,00:25,22,35,23,Online,Fail
21/07/2020,Tuesday,15:28,English Level 1 Reading,4,CA0484,00:52,34,34,22,Online,Pass
30/12/2020,Wednesday,11:26,Mathematics Level 3,2,CA0110,01:52,8,50,34,Online,Fail
30/03/2020,Monday,15:32,Mathematics Level 1,2,CA0484,00:41,39,44,29,Online,Pass
11/03/2021,Thursday,11:46,Mathematics Level 1,4,CA0485,00:44,8,45,28,Online,Fail
22/10/2020,Thursday,10:42,English Level 2 Reading,3,CA0486,01:11,24,35,22,Online,Pass
13/08/2020,Thursday,10:15,English Level 1 Writing,4,CA0487,01:14,29,36,24,Online,Pass
11/11/2020,Wednesday,16:17,Mathematics Level 1,4,CA0487,00:54,24,45,28,Online,Fail
13/10/2020,Tuesday,17:22,English Level 1 Reading,4,CA0487,00:28,16,34,22,Online,Fail
30/12/2020,Wednesday,11:22,English Level 3 Writing ,1,CA0236,01:12,11,45,30,Online,Fail
30/12/2020,Wednesday,11:33,Mathematics Level 2,1,CA0415,01:44,45,45,29,Online,Pass
14/03/2021,Sunday,12:50,Mathematics Level 1,5,CA0489,00:14,17,45,28,Online,Fail
06/01/2021,Wednesday,14:10,English Level 1 Writing,4,CA0489,00:10,14,36,24,Online,Fail
30/12/2020,Wednesday,14:54,English Level 1 Reading,1,CA0419,00:45,12,35,23,Online,Fail
23/01/2021,Saturday,15:08,Mathematics Level 2,5,CA0157,01:30,44,46,30,Online,Pass
30/12/2020,Wednesday,15:27,Mathematics Level 2,5,CA0448,01:41,20,46,30,Online,Fail
30/12/2020,Wednesday,13:24,Mathematics Level 2,4,CA0496,00:58,34,45,29,Online,Pass
26/02/2021,Friday,12:27,English Level 3 Writing ,1,CA0492,01:37,37,45,30,Online,Pass
13/10/2020,Tuesday,13:29,English Level 1 Reading,5,CA0492,00:41,30,35,23,Online,Pass
31/12/2020,Thursday,10:53,English Level 1 Writing,4,CA0159,00:49,26,36,24,Online,Pass
22/02/2021,Monday,09:25,Mathematics Level 2,2,CA0493,01:21,41,47,30,Paper,Pass
31/12/2020,Thursday,10:50,Mathematics Level 1,5,CA0163,00:41,20,45,28,Online,Fail
05/01/2021,Tuesday,15:31,Mathematics Level 3,2,CA0495,01:29,35,50,34,Online,Pass
31/12/2020,Thursday,13:45,English Level 1 Reading,5,CA0179,01:14,23,35,23,Online,Pass
23/01/2021,Saturday,14:28,Mathematics Level 1,4,CA0217,01:03,45,45,28,Online,Pass
27/11/2020,Friday,14:45,English Level 1 Reading,1,CA0497,01:00,5,35,23,Online,Fail
12/08/2020,Wednesday,16:00,Mathematics Level 1,1,CA0497,00:50,34,44,29,Online,Pass
14/01/2021,Thursday,16:16,English Level 1 Writing,4,CA0497,01:05,20,36,24,Online,Fail
15/01/2021,Friday,16:44,Mathematics Level 2,1,CA0497,01:41,25,45,29,Paper,Fail
16/09/2020,Wednesday,15:45,Mathematics Level 2,1,CA0498,01:58,26,45,29,Paper,Fail
12/08/2020,Wednesday,14:30,English Level 1 Reading,4,CA0499,01:03,21,34,22,Online,Fail
05/11/2020,Thursday,14:38,English Level 1 Reading,1,CA0499,00:41,16,35,23,Online,Fail
10/03/2020,Tuesday,15:59,Mathematics Level 1,1,CA0499,00:53,43,44,29,Online,Pass
28/10/2020,Wednesday,16:31,English Level 1 Writing,4,CA0499,01:08,20,36,24,Online,Fail
31/12/2020,Thursday,11:00,Mathematics Level 1,4,CA0207,01:39,36,45,28,Paper,Pass
31/12/2020,Thursday,12:56,Mathematics Level 1,5,CA0361,01:59,45,45,28,Online,Pass
