"Planning grid for tour dates, transport, logistics and venues ",,,,,,,,,
For the band Lyryx,,,,,,,,,
,,,,,,,,,
,,,,,,,,,
Arrive,Venue code,Venue name,Venue location,Leave,Capacity,Trucks,Miles to next venue,Driving time,Drivers
28-Dec-12,STOR,Storage,London,03-Jan-13,,,26,,
03-Jan-13,LOHA,,,03-Jan-13,,,398,,
05-Jan-13,EDCE,,,06-Jan-13,,,172,,
07-Jan-13,BINE,,,07-Jan-13,,,178,,
08-Jan-13,TOPT,,,08-Jan-13,,,100,,
09-Jan-13,BRCH,,,09-Jan-13,,,511,,
11-Jan-13,ABMH,,,11-Jan-13,,,607,,
14-Jan-13,POLC,,,14-Jan-13,,,174,,
15-Jan-13,LEDM,,,15-Jan-13,,,130,,
16-Jan-13,CAIA,,,16-Jan-13,,,192,,
17-Jan-13,LLVC,,,17-Jan-13,,,255,,
18-Jan-13,REHT,,,18-Jan-13,,,408,,
21-Jan-13,GLAU,,,21-Jan-13,,,354,,
23-Jan-13,CAEX,,,23-Jan-13,,,54,,
24-Jan-13,IPCE,,,24-Jan-13,,,285,,
25-Jan-13,NEMR,,,25-Jan-13,,,286,,
26-Jan-13,LOEC,,,,,,,,
