Last_Name,First_Name,Club_Code,Age,KM_Hour,Position,Score,Race_No,Cat_Code,Distance_KM
Aardal,Robin,TEG18,62,5.92,2,125,1578,MV60,50
Adamson,Tanner,TEG18,43,4.55,22,24,1011,MV40,75
Adomonis,Lars,WIM05,16,4.92,8,65,1012,MJ,75
Adomonis,Cory,SEK20,54,5.91,1,150,1013,MV50,50
Ahmed,Jamie,HEH02,23,6.1,95,1,1014,ME,50
Alboiu,Stephen,ERD14,21,6.33,114,1,1015,ME,50
Allan,Keith,WOW01,40,4.69,2,125,1016,MV40,25
Anderson,Craig,ERD14,18,3.44,5,90,1017,MY,50
Anderson,Philippe,CAW15,64,7.52,7,70,1018,MV60,50
Anderton,Cody,MAW13,16,4.67,3,110,1020,MJ,25
Antoniou,Paul,BRB04,55,7.31,16,36,1021,MV50,25
Apperson,Shaughn,TAS21,28,3.15,6,80,1023,ME,50
Armstrong,Francis,SEK20,38,4.61,3,110,1024,MS,25
Arnott,Justin,WEE19,26,4.43,40,1,1026,ME,50
Arseneau,Owen,TAS21,20,5.23,85,1,1027,ME,75
Aspen,Brett,ISC11,41,4.11,6,80,1028,MV40,75
Asselstine,Tim,CAW15,24,5.13,62,1,1029,ME,50
Atto,Spencer,WEE19,27,4.57,50,1,1030,ME,75
Atto,Robin,CHL17,17,4.79,6,80,1031,MY,25
Auer,Corey,TAS21,62,6.11,5,90,1032,MV60,75
Bagley,Brad,WEE19,21,6.27,110,1,1034,ME,50
Baillie,Jay,WEE19,21,5.37,93,1,1035,ME,75
Bain,Ethan,SEK20,56,5.64,9,60,1036,MV50,75
Bainbridge,Scott,TAS21,22,5.73,114,1,1037,ME,75
Bakke,Jordan,WAS06,28,3.93,6,80,1038,ME,25
Balcerzak,Jason,SEK20,16,4.06,8,65,1039,MJ,50
Baldwin,Travis,CHL17,27,4.19,34,4,1040,ME,50
Ballard,Geoff,AYB08,45,5.88,6,80,1041,MV40,25
Banks,Colin,ALC22,36,7.19,22,24,1043,MS,50
Barker,Chris,ISC11,27,6.99,124,1,1044,ME,50
Blennerhassett,David,CRG09,24,5.08,75,1,1045,ME,75
Barnes,Mike,HID07,15,5.48,11,50,1046,MJ,75
Barraclough,Aryeh,ALC22,27,3.75,22,24,1047,ME,50
Bastarache,Mike,TAS21,48,4.27,13,44,1048,MV40,75
Batycky,Joshua,MAW13,62,3.96,1,150,1049,MV60,75
Beadle,Jayar,HEH02,16,3.36,2,125,1051,MJ,50
Becker,Alan,CHL17,63,7.04,8,65,1052,MV60,75
Burden,Sheldon,CAW15,19,4.38,40,1,1053,ME,75
Beer,Ryan,TAS21,37,4.27,1,150,1054,MS,25
Belanger,Tyson,TAS21,18,3.24,2,125,1055,MY,75
Belbin,Bradley,WOW01,16,3.02,3,110,1056,MJ,75
Belisle-O'Donnell,Anthony,WIM05,18,3.76,8,65,1057,MY,50
Bell,Derek,SEK20,57,5.21,5,90,1058,MV50,75
Bennett,Trevor,ALC22,46,4.5,21,26,1059,MV40,75
Bentley,Todd,MAW13,21,4.51,44,1,1060,ME,75
Bergman,Darren,BRB04,19,4.52,45,1,1061,ME,75
Berry,Anthony,ALC22,15,6.01,13,44,1062,MJ,50
Carter,David,HID07,24,6.36,132,1,1063,ME,75
Bickham,Brian,HEH02,22,6.2,101,1,1064,ME,50
Binab,Arpad,SEK20,57,6.1,3,110,1065,MV50,50
Bishop,Karol,WOW01,44,5.78,5,90,1066,MV40,25
Bjolverud,Adam,EPE12,27,6.49,135,1,1067,ME,75
Ecerova,Bartek,WEE19,24,7.02,140,1,1068,ME,75
Foster,Tim,SEK20,20,3.66,11,50,1069,ME,75
Blixhavn,Trev,HID07,22,4.66,54,1,1071,ME,75
Boddy,Nathan,TEG18,30,5.22,13,44,1072,MS,75
Bolivar,Justin,SWW23,48,4.17,10,55,1073,MV40,75
Bone,Dave,SWW23,50,7.66,19,30,1074,MV50,25
Bonham,Brad,CHL17,26,4.83,61,1,1075,ME,75
Bonin,Jay,HID07,40,5.23,3,110,1076,MV40,50
Bordeau,Martin,CHL17,17,5.08,9,60,1077,MY,25
Borlee,Colin,SEK20,23,4.49,44,1,1078,ME,50
Loberg,Andy,HEH02,23,4.75,52,1,1079,ME,50
Bouet,Kimberly,ERD14,41,6.92,5,90,1080,FV40,75
Robe,Leydy,ERD14,27,5.6,13,44,1081,FE,25
Bourdeau,Jessica,SEK20,25,4.25,3,110,1082,FE,25
Bourgue,Ashley,WIM05,68,6.45,3,110,1083,FV60,75
Bowden,Shantel,WIM05,49,8.73,6,80,1084,FV40,25
Bowe,Jenny,ALC22,32,4.05,1,150,1085,FS,50
Bowles,Tanya,MAW13,30,4.9,8,65,1086,FE,25
Bowles,Bridget,EPE12,15,4.61,3,110,1087,FJ,50
Boychuk,Robin,DOK10,19,4.59,9,60,1088,FE,50
Rourke,Sydney,WIM05,19,5.87,17,34,1089,FE,25
Brandsma,Sarah Rae,WEE19,57,6.28,1,150,1090,FV50,25
Brassington,Annie,EPE12,22,7.36,26,16,1091,FE,50
Bratt,Carthy,TEG18,36,4.9,2,125,1092,FS,50
Brazeau,Gabby,ISC11,67,5.47,2,125,1094,FV60,75
Breaux,Nadia,CHL17,16,5.85,4,100,1095,FJ,50
Brenner,Isabelle,ISC11,21,4.56,10,55,1096,FE,75
Brereton,Sarah,TEG18,40,9.68,8,65,1098,FV40,25
Barlow,Daena,ERD14,22,5.2,11,50,1100,FE,75
Brice,Lesley,WIM05,27,7.57,23,22,1101,FE,25
Brierley,Katy,WEE19,50,6.74,4,100,1102,FV50,50
Briggs,Chelsea,WIM05,22,3.92,1,150,1103,FE,50
Briggs,Pepper,WOW01,21,5.81,15,38,1104,FE,25
Bristow,Crystal,MAW13,61,5.94,1,150,1105,FV60,25
Bedard,Holly,DOK10,24,7.67,20,28,1106,FE,75
Broadbent,Nicole,WEE19,18,6.49,4,100,1107,FY,25
Brookes,Annie,WIM05,47,5.32,1,150,1108,FV40,50
Brooks,Marin,CRG09,54,6.52,4,100,1109,FV50,75
Brophy,Samantha,BOD03,30,4.25,1,150,1110,FS,75
Brown,Monica,ERD14,22,4.14,6,80,1112,FE,50
Buchanan,Kristin,TAS21,53,4.08,1,150,1113,FV50,75
Bugeaud,Daene,WEE19,21,4.39,8,65,1114,FE,75
Bostick,Madeleine,BRB04,27,3.96,1,150,1115,FE,75
Bunnin,Jenn,ISC11,21,4.17,7,70,1116,FE,50
Bunnin,Sandra,CHL17,43,7.62,5,90,1117,FV40,25
Bunyan,Maryann,WOW01,18,5.99,4,100,1118,FY,50
Brandrick,Emily,ERD14,25,6.91,19,30,1119,FE,75
Burnside,Marina,ALC22,31,5.93,3,110,1120,FS,50
Bougie,Danielle,CAW15,27,9.37,32,6,1121,FE,50
Butler,Jennifer,ISC11,28,5.22,12,47,1122,FE,75
Butts,Elizabeth,WAS06,24,6.61,16,36,1123,FE,75
Bygrave,Judy,SWW23,56,8.45,4,100,1124,FV50,25
Cabush,Shawna,EPE12,60,7.76,2,125,1125,FV60,25
Cadman,Laura,WEE19,15,4.45,2,125,1126,FJ,50
Brezsnyak,Jenn,ISC11,21,4.27,4,100,1127,FE,25
Cairney,Amanda,MAW13,57,5.91,1,150,1128,FV50,50
Cairns,Gloria,CHL17,26,6.72,21,26,1129,FE,50
Burton,Linda,ISC11,27,4.08,3,110,1130,FE,50
Cahill,Nicole,WAS06,22,5.22,12,47,1131,FE,25
Campbell,Jill,NON16,41,7.41,5,90,1132,FV40,50
Cancilla,Lori,HID07,57,6.31,2,125,1133,FV50,50
Caouette-Rochon,Andre,BRB04,24,7.09,144,1,1134,ME,75
Carcoux,Vaughn,ALC22,61,6.76,4,100,1135,MV60,50
Carroll,Connor,SEK20,64,9.54,7,70,1136,MV60,25
Carroll,Dominic,SWW23,20,5.45,20,28,1137,ME,25
Carroll,Mike,MAW13,48,8.11,26,16,1138,MV40,50
Manner,Dustin,EPE12,20,7.28,131,1,1139,ME,50
Caskey,Kevin,HID07,51,6.43,5,90,1140,MV50,50
Castro,Jason,AYB08,31,5.34,6,80,1141,MS,25
Chadwick,Mitchell,HID07,43,7.84,25,18,1143,MV40,50
Perry,Matt,ERD14,21,3.24,9,60,1144,ME,50
Chambers,Justin,AYB08,16,3.96,7,70,1145,MJ,50
Chan,Andres,ISC11,23,6.14,96,1,1146,ME,50
Chan,Joseph,BRB04,59,8.03,20,28,1147,MV50,25
Chapman,James,WAS06,23,3.49,3,110,1148,ME,25
Check,Joseph,BOD03,16,2.67,2,125,1149,MJ,75
Cheney,Craig,SWW23,44,7.61,20,28,1150,MV40,50
Ratte,Thomas,WOW01,24,4.21,33,5,1151,ME,75
Chipping,Martin,ERD14,26,7.13,129,1,1152,ME,50
Chishlom,Jeremy,WIM05,67,9.79,8,65,1153,MV60,25
Chivers,Isaac,HID07,16,5.59,6,80,1154,MJ,25
Cislo,Dan,CAW15,19,5.41,96,1,1156,ME,75
Claffey,Rob ,WIM05,26,5.63,83,1,1157,ME,50
Clark,David,WOW01,41,6.02,6,80,1159,MV40,50
Clements,Isaac,HID07,24,6.83,121,1,1161,ME,50
Britton,Trevor,SEK20,61,6.98,1,150,1162,MV60,25
Clifford,Kevin,MAW13,32,9.21,26,16,1163,MS,50
Coates,Chris ,CAW15,44,9.04,28,12,1164,MV40,50
Cody,Steven,SEK20,55,5.67,10,55,1165,MV50,75
Cole,Darwin,SEK20,20,3.33,12,47,1166,ME,50
Coleman,Lukas,WOW01,15,4.14,10,55,1167,MJ,50
Collier,Ryan,WEE19,45,4.24,12,47,1168,MV40,75
Collins,Graham,BRB04,21,5.38,94,1,1170,ME,75
Collop,Jay ,HEH02,50,6.32,4,100,1171,MV50,50
Constance,Jamie,TAS21,17,3.23,3,110,1173,MY,50
Cooper,Kristofer,CRG09,26,4.66,48,1,1174,ME,50
Corbet,Marc ,TEG18,28,7.94,136,1,1175,ME,50
Corfield,Ryan,ISC11,35,4.63,11,50,1176,MS,75
Cosette,Graham,SWW23,40,4.55,23,22,1177,MV40,75
Cowling,Darren,ISC11,18,4.06,14,41,1178,MY,50
Coxall,Stephen,ALC22,29,5.24,86,1,1179,ME,75
Craddock,Jake,TEG18,40,7.19,17,34,1180,MV40,50
Craig,Ryan,TAS21,27,3.85,18,32,1181,ME,75
Crane,Matt,CRG09,59,5.84,11,50,1182,MV50,75
Cranston,Chris,EPE12,66,11.41,11,50,1183,MV60,25
Creighton,Michael,WEE19,20,4.52,47,1,1184,ME,75
Critchley,Jean,TAS21,27,5.11,78,1,1185,ME,75
Croken,Lawrence,AYB08,15,3.5,5,90,1186,MJ,50
Croner,Jason,ERD14,45,7.64,23,22,1187,MV40,50
Cruickshank,Ethan,WOW01,64,8.61,5,90,1188,MV60,25
Cruise,Charles,ALC22,24,6.15,98,1,1189,ME,50
Crutchlow,Ken,CRG09,21,4.55,47,1,1190,ME,50
Cummings,Darren,WEE19,30,4.4,6,80,1192,MS,50
Curtis,Christian,WIM05,15,3.96,6,80,1194,MJ,50
Cychowski,Stefan,TAS21,57,8.78,14,41,1195,MV50,50
Dahl,Jason,SWW23,55,5.72,4,100,1196,MV50,25
Davidson,Jayke,SEK20,47,5.07,26,16,1199,MV40,75
Davies,Scott,SEK20,20,3.35,16,36,1200,ME,50
Davison,Robbi,WIM05,15,2.61,1,150,1201,MJ,75
Davison,Christophe,WAS06,23,4.08,26,16,1202,ME,75
Dawn,Logan,SEK20,15,4.9,12,47,1203,MJ,50
Day,Felix,NON16,53,6.82,7,70,1204,MV50,50
Rosenberg,Brian,BOD03,42,6.84,11,50,1205,MV40,50
De La Ronde,Noah,SEK20,17,3,1,150,1206,MY,75
De Nino,Michael,WOW01,35,4.49,9,60,1207,MS,50
Delong,Alexander,CRG09,23,5.62,82,1,1209,ME,50
Depman,Tanner,WIM05,49,7.47,19,30,1211,MV40,50
Desmarais,Thomas,NON16,50,6.26,10,55,1212,MV50,25
Devries,Craig,WAS06,35,5.71,15,38,1214,MS,50
Dicaprio,David,TEG18,51,7.26,15,38,1215,MV50,25
Dickinson,Russell,CHL17,19,7.06,125,1,1216,ME,50
Diehl,Alexander,DOK10,16,4.49,2,125,1217,MJ,25
Dipper,Brent,WOW01,27,4.52,46,1,1218,ME,75
Dixon,Matthew,WOW01,65,6.73,3,110,1219,MV60,50
Dobinson,Dean,WIM05,23,5.35,91,1,1220,ME,75
Dodd,Justin,BRB04,26,5.09,76,1,1221,ME,75
Doehring,Suchaet,CHL17,28,3.67,12,47,1222,ME,75
Dolen,Mike,WIM05,53,5.51,2,125,1223,MV50,25
Dornian,Bowen,CAW15,19,4.49,41,1,1225,ME,75
Downie,Andrew,SEK20,47,4.67,1,150,1226,MV40,50
Bhardwaj,Dean,SEK20,27,4.79,58,1,1227,ME,75
Bristow,Jeff,SWW23,26,4.52,46,1,1229,ME,50
Duggon,Jeremy,BOD03,19,6.02,122,1,1230,ME,75
Dunford,Ben,WEE19,50,5.9,12,47,1231,MV50,75
Dupuis,Chris,WIM05,52,9.3,15,38,1232,MV50,50
Dutta,Jacob,SEK20,43,4.44,18,32,1233,MV40,75
Duval,Jon,ALC22,15,3.1,1,150,1234,MJ,50
Dymchuk,David,BRB04,44,9.04,29,10,1235,MV40,50
Callaghan,Bradley,BOD03,19,6.42,134,1,1237,ME,75
Edwards,Brian,SWW23,15,7.96,12,47,1238,MJ,25
Edworthy,Amit,CRG09,21,5.57,106,1,1239,ME,75
Egan,Lampros,SWW23,21,5.5,104,1,1240,ME,75
Doyle,Ben,WAS06,19,6.2,102,1,1241,ME,50
Elliott,Chris,TAS21,29,4.97,67,1,1242,ME,75
Ellis,Jacob,DOK10,61,7.96,3,110,1243,MV60,25
Ellis,Paul,ERD14,19,7.09,145,1,1244,ME,75
Elm,Daniel,EPE12,17,3.69,6,80,1245,MY,75
Enevoldsen,Huy,BOD03,32,4.42,7,70,1246,MS,50
Armstrong,Michael,TEG18,17,6.41,19,30,1247,MY,25
English,Jonathan,CRG09,45,4.39,16,36,1248,MV40,75
Elder,Darcy,BOD03,25,3.63,9,60,1249,ME,75
Erdinc,Stew,ALC22,16,3.64,7,70,1250,MJ,75
Erfle,Harley,WOW01,28,4.43,42,1,1251,ME,50
Erickson,Andre,CRG09,22,3.48,17,34,1252,ME,50
Evans,Ghyslain,BRB04,15,5.44,9,60,1253,MJ,75
Glendinning,Tim,WAS06,26,8.01,138,1,1254,ME,50
Falkenberg,Derek,TEG18,29,4.91,65,1,1255,ME,75
Fednya,Justin,WEE19,26,4.39,11,50,1256,ME,25
Fedoroshyn,Adam,HEH02,61,10.23,9,60,1257,MV60,25
Feick,James,CAW15,15,10.24,13,44,1258,MJ,25
Felton,Gregory,BRB04,17,5.76,17,34,1259,MY,25
Fergusson,Colin,CRG09,45,6.72,9,60,1260,MV40,50
Fischer,Mike,TAS21,17,4.12,16,36,1263,MY,50
Flater,Steward,SEK20,16,4.1,9,60,1264,MJ,50
Garez,Reynard,NON16,21,3.7,19,30,1265,ME,50
Fleeman,Robert,WOW01,22,4.43,41,1,1266,ME,50
Fletcher,Andrew,EPE12,16,3.2,4,100,1267,MJ,75
Fogg,Rich,WEE19,16,5.85,8,65,1268,MJ,25
Formstone,Jeremy,WEE19,15,4.3,11,50,1269,MJ,50
Lockerbie,Adam,NON16,19,4.73,56,1,1270,ME,75
Forsyth,Jesse,WIM05,16,7.31,12,47,1271,MJ,75
Fortner,Sam,CAW15,57,5.97,8,65,1272,MV50,25
Manning,Phil,EPE12,19,6.55,118,1,1273,ME,50
Fox,Roger,MAW13,20,5.79,90,1,1274,ME,50
Francis,Darrell,NON16,17,7.12,20,28,1275,MY,50
Fraser,Wil,TEG18,20,6.2,103,1,1276,ME,50
Fraser,Grant,TAS21,44,4.78,2,125,1277,MV40,50
Froese,John,MAW13,26,3.91,20,28,1279,ME,75
Gamal,Stephen,CHL17,42,8.07,33,5,1282,MV40,75
Garcia,Sean,BOD03,60,4.74,2,125,1283,MV60,75
Gardner,Andrew,BOD03,61,6.87,7,70,1284,MV60,75
Phillips,Gregory,SEK20,24,8.66,144,1,1285,ME,50
Garvin,Aidan,EPE12,26,3.86,19,30,1286,ME,75
Gates,Nathan,CHL17,41,4.12,8,65,1287,MV40,75
Gathard,Rory,AYB08,17,3.84,10,55,1288,MY,50
Gaucher,Lawrence,WAS06,23,4.95,66,1,1289,ME,75
Gaucher,Arpad,SWW23,16,3.41,3,110,1290,MJ,50
Geisel,Aaron,HEH02,19,3.33,13,44,1292,ME,50
Germaine,Cameron,HEH02,18,4.97,7,70,1294,MY,25
Gervais,Guri,WIM05,21,5.49,103,1,1295,ME,75
Gibbons,Herbert,CAW15,48,5.64,4,100,1296,MV40,25
Gibbons,Peter,MAW13,41,6.28,7,70,1297,MV40,50
Gibbs,Marc ,ERD14,17,3.93,12,47,1299,MY,50
Gibney,Ian,WOW01,47,3.77,1,150,1300,MV40,75
Gilbertson,Timothy,WAS06,25,4.07,25,18,1302,ME,75
Gillett,Mark,ALC22,46,6.69,7,70,1303,MV40,25
Gilmour,Brendan,WIM05,30,4.6,2,125,1304,MS,25
Gladysz,Mark,WIM05,22,5.01,70,1,1305,ME,75
Glanzig,Jesse,DOK10,27,5.21,84,1,1306,ME,75
Glanzing,Adam,BOD03,16,3.48,4,100,1307,MJ,50
Fagan,Marc,AYB08,50,6.97,14,41,1308,MV50,25
Glennon,Dominic,SWW23,18,3.42,4,100,1309,MY,50
Godber,Kellen,WOW01,25,4.63,51,1,1310,ME,75
Godlonton,Cornelius,WOW01,18,5.47,12,47,1311,MY,75
Redden,Rob,HID07,23,8.65,143,1,1312,ME,50
Good,Micah,WIM05,56,8.56,13,44,1314,MV50,50
Gooding,Robert,AYB08,17,6.98,21,26,1315,MY,25
Gordon,Bradford,WIM05,17,5.37,12,47,1318,MY,25
Gough,Simon,HID07,22,5.65,108,1,1319,ME,75
Graham,John,SEK20,23,5.75,89,1,1320,ME,50
Grant,Michael,HEH02,19,5.76,115,1,1321,ME,75
Green,Gregory,ALC22,49,4.01,3,110,1322,MV40,75
Gregoire,Michael,BRB04,45,4.19,11,50,1324,MV40,75
Grigg,Justin,TEG18,28,6.57,136,1,1325,ME,75
Gross,Luke,CRG09,29,3.91,21,26,1326,ME,75
Grozelle,Hendrik,WAS06,15,6.52,9,60,1327,MJ,25
Grunewald,Keith,NON16,30,7.39,24,20,1328,MS,50
Guerard,Hayden,CHL17,25,4.7,49,1,1329,ME,50
Guilbert,Gord,SEK20,19,5.09,16,36,1330,ME,25
Gullacher,Nathan,WAS06,18,4.31,3,110,1331,MY,25
Gunawardena,Nathaniel,WEE19,21,4.84,14,41,1332,ME,25
Gurba,Craig,BRB04,19,3.62,8,65,1333,ME,75
Hagedorn,John,ISC11,19,7.95,137,1,1334,ME,50
Hahn,Aaron,WAS06,47,6.72,10,55,1335,MV40,50
Hall,Spencer,SWW23,19,4.85,62,1,1338,ME,75
Hall,Darcy,WOW01,27,3.23,8,65,1339,ME,50
Hancock,Andrew,TAS21,19,5.13,65,1,1340,ME,50
Handford,Anthony,CRG09,20,4.73,51,1,1341,ME,50
Hanks,David,ALC22,16,5.7,7,70,1342,MJ,25
Hardy,Glenn,EPE12,62,7.09,2,125,1343,MV60,25
Hargreaves,Jayke,WAS06,19,4.04,28,12,1344,ME,50
Harlton,Erik,TAS21,20,6.19,125,1,1345,ME,75
Harlton,Oleksa,WAS06,16,3.3,6,80,1346,MJ,75
Harris,David,SEK20,40,6.01,5,90,1347,MV40,50
Harris,Ted,ERD14,21,5.21,18,32,1348,ME,25
Harrison,Aaron,ERD14,23,5.4,76,1,1349,ME,50
Hartley,Keith,HEH02,30,4.57,10,55,1350,MS,75
Hartley,Steve ,AYB08,17,3.98,13,44,1351,MY,50
Harvey,Liam,HID07,43,4.46,19,30,1352,MV40,75
Harwood,Adam,WEE19,20,4.38,39,2,1353,ME,75
Hastings,Steve,WEE19,23,7.03,141,1,1354,ME,75
Hatch,Mark,HID07,21,6.01,91,1,1355,ME,50
Havers,Steve ,WIM05,20,8.27,142,1,1356,ME,50
Heacock,Darrell,TEG18,47,7.62,22,24,1357,MV40,50
Hearle,Matthew,MAW13,42,6.79,8,65,1358,MV40,25
Hebb,Colin,WOW01,27,4.81,59,1,1359,ME,75
Heidebrecht,Jesse,HID07,15,6.98,10,55,1360,MJ,25
Heinemann,Liam,AYB08,27,4.83,54,1,1361,ME,50
Henry,Jeffrey,SEK20,43,4.69,25,18,1362,MV40,75
Heron,Yannick,EPE12,18,5.09,17,34,1364,MY,50
Hewett,Peter,ALC22,26,5.14,67,1,1365,ME,50
Hewson,Patrick,DOK10,26,3.18,7,70,1366,ME,50
Hewson,Mark,WIM05,44,3.84,2,125,1367,MV40,75
Hickey,Gregory,BRB04,19,4.81,12,47,1368,ME,25
Hill,Gregory,EPE12,19,3.48,2,125,1369,ME,75
Hirota,Clarke,HID07,19,4.84,13,44,1370,ME,25
Hitchcock,Darryl,HEH02,17,2.9,2,125,1371,MY,50
Hobbs,Luke,TEG18,25,5.21,71,1,1372,ME,50
Hodgins,Nathan,NON16,41,4.11,7,70,1373,MV40,75
Hoeppner,Brian,AYB08,25,3.07,5,90,1374,ME,50
Hogarth,Dave,CHL17,58,6.69,12,47,1375,MV50,25
Holmwood,Mark,CRG09,17,5.49,15,38,1376,MY,25
Holowaychuk,Geoff ,TEG18,25,4.5,42,1,1377,ME,75
Holt,Craig,CAW15,69,10.24,10,55,1378,MV60,25
Holton,Clayton,BOD03,49,5.71,31,7,1379,MV40,75
Holton,Darwin,DOK10,25,5.19,83,1,1380,ME,75
Honeyford,Michael,WAS06,27,4.28,36,3,1381,ME,75
Hooson,Adrian,ERD14,21,8.25,141,1,1382,ME,50
Hopping,Mel,DOK10,20,6.27,109,1,1383,ME,50
Howard,Neil,ISC11,20,5.05,72,1,1384,ME,75
Hoyle,Logan,NON16,22,3.5,3,110,1385,ME,75
Hubick,Patrick,BOD03,27,3.76,23,22,1386,ME,50
Hughes,Jean-Luc,EPE12,35,3.84,2,125,1387,MS,75
Hughes,Sidney,DOK10,18,3.84,11,50,1388,MY,50
Hulley,Oliver,HEH02,23,3.62,18,32,1389,ME,50
Hundert,Mason,WIM05,19,5.53,105,1,1390,ME,75
Hunter,Michael,TAS21,27,5.94,121,1,1391,ME,75
Hurd,Jackson,EPE12,26,7.9,135,1,1392,ME,50
Hurford,Richard,WIM05,18,3.44,3,110,1393,MY,75
Husband,Erdem,CRG09,65,7.67,8,65,1394,MV60,50
Hutchings,Robert,TEG18,26,6.3,113,1,1395,ME,50
Ignatiuk,Chris ,SEK20,21,5.15,82,1,1396,ME,75
Ince,Cody,HEH02,42,4.38,15,38,1397,MV40,75
Inglis,Kevin,SEK20,53,5.21,1,150,1398,MV50,25
Isaak,Robert,ALC22,20,7.72,133,1,1399,ME,50
Jackman,Adrien,WEE19,22,3.68,14,41,1400,ME,75
Jackson,Zeke,TAS21,25,6.61,137,1,1401,ME,75
Jackson,David,MAW13,27,5.5,77,1,1402,ME,50
Jaeger,Damian,TEG18,41,4.14,9,60,1403,MV40,75
Janssen,Andrew,HEH02,27,4,27,14,1404,ME,50
Jarabek,Ryan,WAS06,18,7.28,22,24,1405,MY,25
Jensen,Luke,WEE19,62,5.14,1,150,1406,MV60,50
Jepson,Rich ,TEG18,45,4.96,3,110,1407,MV40,25
Jessee,Philip,NON16,18,5.42,13,44,1408,MY,25
Johnson,Christopher,SEK20,19,3.5,5,90,1409,ME,75
Johnson,Jim,WAS06,21,4.19,9,60,1410,ME,25
Johnstone,Trevor,BRB04,20,4.11,33,5,1411,ME,50
Jones,Lucas,BOD03,24,5.8,118,1,1412,ME,75
Joss,Daniel,CHL17,30,4.37,7,70,1413,MS,75
Jung,Taiger,CHL17,21,7.88,134,1,1414,ME,50
Kaiser,Cameron,TEG18,20,6.23,127,1,1415,ME,75
Kay,Andrew,CRG09,21,7.08,128,1,1416,ME,50
Keenlisde,Brandon,DOK10,59,5.91,2,125,1417,MV50,50
Keller,Jared,ERD14,25,5.76,22,24,1418,ME,25
Kendal,Ryan,CRG09,18,4.97,8,65,1419,MY,25
Kende,Spencer,WIM05,15,7.96,11,50,1420,MJ,25
Kendell,Kelly,ALC22,27,6.11,123,1,1421,ME,75
Kennedy,Jack,SWW23,18,5.36,11,50,1422,MY,75
Kenny,Grant,AYB08,19,4.52,48,1,1423,ME,75
Kent,Daniel,NON16,24,3.44,2,125,1424,ME,25
Kent,Ben,CHL17,18,4.2,2,125,1425,MY,25
Kerr,Paul,WEE19,28,6.38,115,1,1426,ME,50
Khoury,Jack ,DOK10,24,7.08,127,1,1427,ME,50
Kim,Kurt,TEG18,19,5.66,110,1,1428,ME,75
Kindzierski,Tait,CAW15,46,7.41,18,32,1429,MV40,50
King,Garry,EPE12,50,6.21,9,60,1430,MV50,25
Kingwell,Grant,HEH02,27,4.06,29,10,1431,ME,50
Kinniburgh,Andrew,WEE19,36,6.13,8,65,1432,MS,25
Kipling,Eric,ERD14,20,3.97,22,24,1433,ME,75
Kirk,Austin,ISC11,40,5.32,4,100,1434,MV40,50
Kitson,Robert,TAS21,22,7.65,132,1,1435,ME,50
Klarenbach,Bruno,SEK20,24,5.55,79,1,1436,ME,50
Klein,Nick,WEE19,20,5.01,60,1,1437,ME,50
Kluge,Denis,WOW01,51,6.45,11,50,1438,MV50,25
Knight,Erik,WEE19,31,3.45,1,150,1439,MS,75
Knoll,Spencer,HID07,22,5.14,66,1,1440,ME,50
Knowles,Brad,SEK20,24,5.12,79,1,1441,ME,75
Knowles,Mike,HEH02,55,8.14,11,50,1442,MV50,50
Knowlton,Jacob,BOD03,18,3.64,7,70,1443,MY,75
Koenig,Dion,DOK10,49,4.49,20,28,1444,MV40,75
Kohlenberg,Rob,CHL17,22,4.27,35,4,1445,ME,75
Kourline,Jacob,CRG09,57,4.41,2,125,1446,MV50,75
Kuhn,Kier,BRB04,28,6.3,129,1,1447,ME,75
Kulak,Shawn,WEE19,55,4.06,1,150,1448,MV50,75
Kumka,Anthony,CHL17,27,2.77,1,150,1449,ME,50
Kupsch,Garrett,WIM05,27,8.07,153,1,1450,ME,75
Kuss,Christopher,WIM05,21,7.67,149,1,1451,ME,75
Lagace,Kelvin,DOK10,27,3.29,11,50,1452,ME,50
Laing,Brian,BOD03,20,5.13,63,1,1453,ME,50
Lamb,Chris,MAW13,27,6.15,99,1,1454,ME,50
Lang,Greg,HID07,29,3.93,7,70,1455,ME,25
Langford,Jackson,CAW15,17,3.6,6,80,1456,MY,50
Langille,Pierre-Paul,HID07,17,3.66,5,90,1457,MY,75
Lawrence,Sucahet,SEK20,26,5.8,117,1,1458,ME,75
Leblanc,Lisa,CRG09,22,4.38,7,70,1460,FE,75
Lee,Marin,BRB04,47,8.99,7,70,1461,FV40,25
Leishman,Chantell,CRG09,50,9.15,5,90,1462,FV50,25
Lemiski,Jay,DOK10,36,5.68,3,110,1463,FS,25
Leonardson,Amy,CHL17,17,4.75,3,110,1464,FY,50
Partington,Anna-Gabrielle,ERD14,17,6.09,1,150,1465,FY,75
Lewis,Abbey,CRG09,38,5.6,2,125,1466,FS,25
Chamberlain,Julia,HID07,26,7.88,29,10,1467,FE,50
Licis,Michelle,TAS21,31,5.92,2,125,1468,FS,75
Linder,Emily,WAS06,20,6.8,21,26,1469,FE,25
Linley,Tyla,SWW23,49,5.12,1,150,1470,FV40,25
Litke,Michelle,BRB04,44,7.06,4,100,1471,FV40,25
Littlewood,Shannon,CAW15,55,7.62,3,110,1472,FV50,25
Epp,Jane,TEG18,27,5.86,15,38,1473,FE,50
Livesey,Michelle,WAS06,20,6.34,19,30,1474,FE,25
Chilvers,Sian,ERD14,19,6.56,18,32,1475,FE,50
Lockerbie,Lisa,SWW23,30,5.76,14,41,1477,FE,25
Loehr,Ana,ERD14,45,5.3,2,125,1478,FV40,75
Loewen,Jane ,WOW01,19,4.25,4,100,1479,FE,75
Lof,Evelyn,NON16,21,6.52,17,34,1480,FE,50
Lofthouse,Quinn,TEG18,58,7.71,5,90,1481,FV50,50
Lohmann,Tanya,AYB08,20,7.51,22,24,1482,FE,25
Louis,Vanessa,TEG18,18,7.3,5,90,1484,FY,25
Loveday,Hayley,EPE12,38,4.25,1,150,1485,FS,25
Lyle,Sidney,EPE12,48,6.53,2,125,1486,FV40,25
Margaret,Genevieve,ALC22,20,5.05,11,50,1487,FE,25
Macdonald,Shauna,CHL17,17,6.91,5,90,1488,FY,50
Mackenzie,Caitlin,HID07,21,4.18,1,150,1489,FE,25
Macklem,Ashley,WAS06,41,6.23,3,110,1490,FV40,75
Maclachlan,Quinnlan,BOD03,18,6.12,1,150,1491,FY,25
Maclauchlan,Laura,HID07,24,4.18,2,125,1492,FE,25
Gomes,Zuzana,DOK10,26,4.63,5,90,1493,FE,25
Maclean,Kim,WOW01,61,6.84,4,100,1494,FV60,75
Maddox,Alexandria,HEH02,63,4.7,1,150,1495,FV60,75
Magsamen,Denise,AYB08,59,6.61,3,110,1497,FV50,50
Makela,Nicole,TEG18,23,4.86,7,70,1498,FE,25
Maki,Jessica,BRB04,15,4.21,1,150,1499,FJ,50
Vanderlee,Amanda,SEK20,49,6.54,3,110,1501,FV40,25
Manner,Amy,CHL17,21,5.09,11,50,1502,FE,50
Lynes,Jenny,NON16,24,6.33,16,36,1503,FE,50
Lewis,Safiya,ISC11,27,4.9,10,55,1504,FE,50
Mannsberger,Charlene,SEK20,46,7.39,4,100,1505,FV40,50
Martins,Ruby,WOW01,25,6.89,23,22,1506,FE,50
Marley,Erin,ISC11,56,6.57,2,125,1507,FV50,25
Marshall,Jane,CAW15,29,4.37,8,65,1508,FE,50
Delaney,Margaret,ISC11,46,5.15,1,150,1509,FV40,75
Martin,Tanya,CAW15,20,5.71,14,41,1511,FE,50
Martin,Holly,TEG18,42,6.72,3,110,1512,FV40,50
Pootz,Alana,HID07,28,7.08,25,18,1513,FE,50
McConnachie,Jennifer,HID07,21,7.58,24,20,1514,FE,25
Mash,Janelle,NON16,18,8.33,6,80,1515,FY,25
Whitehouse,Erin,TAS21,24,6.64,17,34,1516,FE,75
Mawdsley,Stacy,ALC22,40,5.79,2,125,1517,FV40,50
Mcdonough,Elizabeth,ERD14,20,7.73,28,12,1518,FE,50
McKinney,Laura,MAW13,19,6.7,19,30,1519,FE,50
McWilliam,Jenaya,WIM05,24,6.27,14,41,1521,FE,75
Mcgill,Leanne,WIM05,25,8.53,30,8,1522,FE,50
McIlroy,Gail,HID07,24,4.38,6,80,1524,FE,75
Mckeever,Kendra,CAW15,46,6.28,4,100,1525,FV40,75
Tomkinson,Christina,DOK10,28,4.08,4,100,1526,FE,50
McKnight,Patti,HID07,26,7.64,27,14,1527,FE,50
McPhee,Jo-Anne,ISC11,60,10.44,3,110,1528,FV60,25
Mcrae,Liza,ALC22,65,7.25,5,90,1529,FV60,75
Mcgill,Laura,CHL17,20,4.96,9,60,1530,FE,25
Medinski,Kate,WIM05,19,5.88,18,32,1531,FE,25
Meeres,Jennifer,BRB04,26,4.41,9,60,1532,FE,75
Melhoney,Meghan,CAW15,28,5.57,13,44,1533,FE,50
Menzies,Rosemarie,WIM05,19,8.34,7,70,1535,FY,25
Mullen,Su,CRG09,21,5.05,10,55,1536,FE,25
Meunier,Cindy,WAS06,29,6.8,20,28,1537,FE,25
Michalski,Brooke,CAW15,21,7.72,21,26,1538,FE,75
Micklethwaite,Leigh,WAS06,51,6.06,3,110,1539,FV50,75
Mercer,Emmanuelle,TAS21,20,5.24,13,44,1540,FE,75
Milward,Jenn,HEH02,23,4.1,5,90,1541,FE,50
Mislan,Devaney,CAW15,17,7.15,3,110,1542,FY,75
Mitchell,Erin,WIM05,15,5.55,1,150,1543,FJ,75
Nyby,Nadine,ALC22,25,4.67,6,80,1545,FE,25
Mueller,Liann,HEH02,17,4.35,1,150,1547,FY,50
Muir,Shannon,BOD03,53,4.61,2,125,1548,FV50,75
Mulholland,Candace,ERD14,23,9.02,31,7,1549,FE,50
Mulligan,Jenn,TAS21,20,5.54,12,47,1551,FE,50
Mundy,Natascha,MAW13,28,6.78,18,32,1552,FE,75
Muzechka,Kara,SEK20,17,4.41,2,125,1553,FY,50
Myers,Laura,EPE12,15,6.77,5,90,1554,FJ,50
Myslicki,Anna,EPE12,18,6.46,3,110,1555,FY,25
Naylor,Kara,WOW01,65,7.77,6,80,1556,FV60,75
Nguyen,Elizabeth,BOD03,21,4.37,5,90,1558,FE,75
Moore,Patricia,CHL17,27,6.97,24,20,1559,FE,50
Niles,Clementine,ALC22,25,6.33,15,38,1560,FE,75
Nutbrown,Andrea,ALC22,16,6.2,2,125,1563,FJ,25
Orsler ,Jill,MAW13,19,3.99,3,110,1564,FE,75
O'Fee,Michaela,BOD03,19,6.3,2,125,1566,FY,25
Oliphant,Nicole,TEG18,23,5.87,16,36,1568,FE,25
Nicholson,Alex,HEH02,26,3.98,2,125,1569,FE,75
Oprecio,Emily,SWW23,16,6.18,1,150,1570,FJ,25
O'Reilly,Ramona,WEE19,67,7.77,7,70,1571,FV60,75
Pollard,Katy,HID07,23,6.7,20,28,1573,FE,50
Osborne,Megan,WEE19,16,7.01,3,110,1574,FJ,25
Ouellette,Emma,NON16,69,8.62,1,150,1575,FV60,50
Owen,Betsy,EPE12,17,6.36,2,125,1577,FY,75
Padgham,Marg,EPE12,70,8.77,2,125,1010,FV60,50
Palamarek,Erin,BRB04,16,8.05,4,100,1579,FJ,25
Parker,Sarah,CAW15,30,6.72,22,24,1581,FE,50
Parry,Dave,HID07,21,4.2,31,7,1582,ME,75
Partington,Joshua,SWW23,38,4.25,5,90,1583,MS,75
Paton,Cody,EPE12,21,6.18,124,1,1584,ME,75
Pattison,Jason,WOW01,26,5.38,75,1,1585,ME,50
Pearce,Craig,ERD14,21,5.33,73,1,1586,ME,50
Pedrosa,Grant,DOK10,18,4.03,10,55,1587,MY,75
Penner,Alexander,DOK10,27,5.81,119,1,1588,ME,75
Pennington,Jason,WAS06,60,6.92,5,90,1589,MV60,50
Perdomo,David,MAW13,23,6.49,116,1,1590,ME,50
Perron,Aidan,WAS06,17,3.8,9,60,1591,MY,50
Blackett,Daniel,SWW23,22,5.05,71,1,1592,ME,75
Perry,Dougal,ERD14,59,8.56,12,47,1593,MV50,50
Peters,David,MAW13,33,4.99,14,41,1594,MS,50
Petersen,Justin,ISC11,46,5.28,28,12,1595,MV40,75
Peterson,Joseph,NON16,37,4.55,10,55,1596,MS,50
Petty,Devin,WOW01,17,4.06,15,38,1597,MY,50
Phillips,Jean-Michel,SWW23,51,6.76,13,44,1598,MV50,25
Phillips,Liam,WAS06,15,4.97,5,90,1599,MJ,25
Bunko,Evan,MAW13,22,4.26,10,55,1600,ME,25
Piciga,Chris,CHL17,57,4.48,3,110,1601,MV50,75
Pickett,Carson,TAS21,30,4.27,6,80,1602,MS,75
Piller,Jayke,SEK20,18,2.9,1,150,1603,MY,50
Pival,Nigel,WOW01,52,6.93,8,65,1604,MV50,50
Platt,Sheldon,TEG18,22,3.72,15,38,1605,ME,75
Platten,Brad,DOK10,50,7.63,18,32,1606,MV50,25
Poirier,Neil,WIM05,25,5.71,86,1,1607,ME,50
Pollard,Brian,AYB08,60,7.24,6,80,1608,MV60,50
Campbell,Titus,ALC22,25,9.67,147,1,1609,ME,50
Poole,Louis,SWW23,25,5.15,69,1,1610,ME,50
Poon,James,WAS06,38,5.75,7,70,1611,MS,25
Driedzic,John,WEE19,25,3.48,1,150,1612,ME,75
Popovic,Michael,BRB04,26,6.35,131,1,1613,ME,75
Potter,Will,WIM05,25,3.84,25,18,1614,ME,50
Pracic,Reid,BOD03,18,5.35,19,30,1615,MY,50
Proche,Ryan,ERD14,21,6.27,111,1,1616,ME,50
Pullen,Paul,WEE19,18,5.48,14,41,1617,MY,25
Quinnett,Robert,MAW13,26,3.74,21,26,1618,ME,50
Quinney,Rob,WEE19,21,6.21,105,1,1619,ME,50
Forrest,Stephan,WAS06,25,4.06,24,20,1620,ME,75
Randhawa,Austin,SWW23,17,5.35,18,32,1621,MY,50
Liu,Steve ,ALC22,27,6.52,117,1,1622,ME,50
Recsky,Jeffrey,TAS21,60,8.81,6,80,1623,MV60,25
Maclean,Russell,BRB04,28,4.95,15,38,1624,ME,25
Redding,Pat,SEK20,21,4.02,23,22,1625,ME,75
Redfern,Paul,AYB08,17,5.24,10,55,1626,MY,25
Reeves,Mark,CHL17,57,7.86,9,60,1627,MV50,50
Reid,Alexander,HID07,44,8.27,27,14,1628,MV40,50
Reimers,Robert,BOD03,24,3.83,17,34,1629,ME,75
Rewa,Charles,NON16,39,6.83,20,28,1630,MS,50
Reynolds,Kevin,WAS06,25,6.2,104,1,1631,ME,50
Richardson,Nolan,WIM05,53,5.37,7,70,1632,MV50,75
Riopel,Robert,SEK20,51,4.69,4,100,1633,MV50,75
Ritter,Niels,WAS06,50,5.76,5,90,1634,MV50,25
Roach,Brian,HID07,32,4.51,9,60,1635,MS,75
Robb,Aidan,SEK20,18,5.26,11,50,1636,MY,25
Marzetti,Donald,WAS06,28,6.43,25,18,1637,ME,25
Roberts,Todd,WOW01,50,6.15,13,44,1638,MV50,75
Roberts,Adrian,NON16,23,5.65,109,1,1639,ME,75
Roberts,Jack,CHL17,23,6.09,24,20,1640,ME,25
Roberts,Andrew,HID07,16,5.44,10,55,1641,MJ,75
Roberts,Graham,WIM05,40,4.04,5,90,1642,MV40,75
Robertson,Paul,MAW13,66,5.72,3,110,1643,MV60,75
Robinson,Ryan,ALC22,43,4.34,14,41,1644,MV40,75
Robinson,Shaun,TEG18,38,4.05,2,125,1645,MS,50
Robson,Phil ,WAS06,27,5.49,99,1,1646,ME,75
Rockwell,Kyle,BOD03,25,4.48,43,1,1647,ME,50
Rockwell,Mike,SEK20,16,4.78,4,100,1648,MJ,25
Romano,Rory,ISC11,26,4.9,64,1,1649,ME,75
Romanow,Brian,CAW15,17,4.5,4,100,1650,MY,25
Malcolm,Jared,HID07,72,6.07,4,100,1651,MV60,75
Rosmanitz,Pierre,AYB08,23,3.94,8,65,1652,ME,25
Rossi,Mark,CRG09,27,7.23,147,1,1653,ME,75
Ramanow,Denis,MAW13,25,5.84,120,1,1654,ME,75
Rumsey,Andrew,MAW13,30,4.03,3,110,1655,MS,75
Rushfeldt,Murray,MAW13,17,5.48,13,44,1656,MY,75
Rushton,Christopher,DOK10,46,3.75,1,150,1657,MV40,25
Ryan,Justin,ERD14,33,4.38,8,65,1658,MS,75
Ryan,Keith,ALC22,25,3.25,10,55,1659,ME,50
Ryder,Graham,HEH02,26,7.24,130,1,1660,ME,50
Sadesky,Drew,SWW23,36,4.66,11,50,1661,MS,50
Sampson,Tim,HEH02,23,5.38,74,1,1662,ME,50
Sanberg,Devin,DOK10,24,4.3,38,2,1663,ME,50
Sandham,Chris,HID07,17,7.31,14,41,1664,MY,75
Sarlieve,Christopher,SWW23,31,4.83,4,100,1665,MS,25
Sarnecki,Noah,SWW23,19,5.64,84,1,1666,ME,50
Saunders,Gerald,CHL17,29,3.01,2,125,1667,ME,50
Savin,Dan,WEE19,40,7.12,15,38,1668,MV40,50
Scheirer,Darin,WIM05,24,5.11,77,1,1669,ME,75
Schiefler,Erik,SWW23,24,9,145,1,1670,ME,50
Schiltroth,Kurt,SEK20,55,7.86,10,55,1671,MV50,50
Schooler,Richard,WIM05,37,5.71,15,38,1672,MS,75
Schroderus,Keegan,HEH02,19,5.57,81,1,1673,ME,50
Sebulsky,Jeff,HEH02,30,5.17,5,90,1674,MS,25
Selanders,Logan,BOD03,24,4.88,55,1,1675,ME,50
Sellmer,Carson,DOK10,39,6.76,9,60,1676,MS,25
Senkiw,Peter,WOW01,34,4.9,12,47,1677,MS,50
Shatula,Samuel,TEG18,41,6.35,8,65,1678,MV40,50
Shaw,Peter,CRG09,54,6.67,6,80,1679,MV50,50
Shawn,Michael,AYB08,20,3.78,5,90,1680,ME,25
Shearer,Sheldon,WOW01,17,5.6,16,36,1681,MY,25
Sheen,Rob,WEE19,28,4.19,27,14,1682,ME,75
Sherstan,Trevor,TAS21,23,4.26,36,3,1683,ME,50
Shimizu,Niels,ISC11,23,5.32,19,30,1684,ME,25
Shires,Marc,WEE19,68,7.04,9,60,1685,MV60,75
Shortridge,Jeff,BOD03,27,3.65,10,55,1686,ME,75
Siarka,Warren,ALC22,17,4.07,9,60,1687,MY,75
Sidney,Christopher,BOD03,23,6.03,92,1,1688,ME,50
Simmons,Brian,AYB08,25,7.67,148,1,1689,ME,75
Simpson,Kyle,MAW13,41,7.04,12,47,1690,MV40,50
Sinclair,Jason,BOD03,22,5.79,116,1,1691,ME,75
Singbeil,Jamie,HEH02,21,3.67,13,44,1692,ME,75
Sissons,Michael,ALC22,28,5.49,101,1,1693,ME,75
Sitter,Daniel,ISC11,32,5.75,16,36,1694,MS,50
Skorobohach,Scott,BOD03,39,4.1,3,110,1695,MS,50
Smart,Lampros,TEG18,20,5.48,100,1,1696,ME,75
Smith,Lyle,ALC22,58,5.43,8,65,1697,MV50,75
Smith,Eric,TAS21,27,4.07,30,8,1698,ME,50
Snell,Chuck,WAS06,20,5.61,107,1,1699,ME,75
Snider,Salim,HEH02,22,5.3,87,1,1700,ME,75
Soars,Erik,CRG09,39,6.1,17,34,1701,MS,50
Sonora,James,CAW15,18,4.65,5,90,1702,MY,25
Soon,David,SWW23,27,9.01,146,1,1703,ME,50
Soos,Heath,WOW01,22,4.42,39,2,1704,ME,50
Sowak,Kenneth,WIM05,26,5.45,98,1,1705,ME,75
Spencer,Connor,DOK10,27,3.68,4,100,1706,ME,25
Spencer,Cameron,TEG18,23,6.28,112,1,1707,ME,50
Spooner,Todd,SEK20,21,5.02,61,1,1708,ME,50
Sprague,Andre,ISC11,45,7.06,13,44,1709,MV40,50
Spratt,Chuck,TEG18,54,5.56,3,110,1710,MV50,25
Sproule,Logan,TAS21,26,5.41,97,1,1711,ME,75
Stachura,Sam,HID07,20,3.5,4,100,1712,ME,75
Stafford,Brian,BRB04,19,5.66,111,1,1713,ME,75
Stafford,Brandon,ERD14,24,4.69,55,1,1714,ME,75
Standen,Christian,TAS21,29,5.21,72,1,1715,ME,50
Staneland,Phil,EPE12,15,4.21,1,150,1716,MJ,25
Stanford,Shawn,SWW23,26,4.65,53,1,1717,ME,75
Stapleford,Neils,WAS06,17,3.7,7,70,1718,MY,50
Steel,Colby,WIM05,22,5.71,112,1,1719,ME,75
Stein,Sean,CRG09,28,3.56,6,80,1720,ME,75
Stelzer,Daniel,NON16,21,5.71,85,1,1721,ME,50
Steneker,Graham,WAS06,33,6.2,18,32,1722,MS,50
Stephens,Gary,BOD03,24,6.95,138,1,1723,ME,75
Stevens,Steven,WEE19,22,2.96,1,150,1724,ME,25
St-Hilaire,Clayton,CHL17,33,7.08,21,26,1725,MS,50
Stoke,Philippe,CAW15,19,5.82,23,22,1726,ME,25
Stone,Tracy,ISC11,60,6.51,6,80,1727,MV60,75
Stoner,Olaf,SEK20,23,3.84,24,20,1728,ME,50
Storer,Joseph,WIM05,17,3.52,4,100,1729,MY,75
Stringer,Bob,WOW01,22,4.86,63,1,1730,ME,75
Sullivan,Matthew,ALC22,48,4.02,4,100,1731,MV40,75
Summers,Laim,HID07,25,8.01,139,1,1732,ME,50
Sutherland,Ray,BRB04,21,5.13,64,1,1733,ME,50
Sutherland,Jacob,CAW15,54,5.31,6,80,1734,MV50,75
Sutton,Jesse,TAS21,25,8.03,140,1,1735,ME,50
Swift,Adam,CRG09,15,3.2,5,90,1736,MJ,75
Symonds,John,HID07,22,4.35,38,2,1737,ME,75
Taylor-Smith,Ken,DOK10,28,6.31,130,1,1738,ME,75
Teasdale,Ray,CHL17,24,3.35,15,38,1739,ME,50
Telford,Tom,SWW23,20,4.07,31,7,1740,ME,50
Tetrault,John,SWW23,26,5.4,95,1,1741,ME,75
Thanhauser,Owen,WEE19,23,3.34,14,41,1742,ME,50
Thomas,John,BOD03,36,5.12,12,47,1743,MS,75
Tichelaar,Nigel,NON16,19,4.63,52,1,1744,ME,75
Tilbury,Keith,AYB08,29,6.21,106,1,1745,ME,50
Tolton,Scott Jonathon,SWW23,23,3.06,3,110,1746,ME,50
Tomassini,Matthew,MAW13,27,7.09,143,1,1747,ME,75
Mills,Alex,ISC11,40,4.39,17,34,1748,MV40,75
Topilko,Albert,SWW23,23,4.92,56,1,1749,ME,50
Toppings,Darren,CHL17,24,4.98,68,1,1750,ME,75
Traxler,Connor,SEK20,55,7.57,17,34,1751,MV50,25
Trussler,Darrell,TEG18,21,6.16,100,1,1752,ME,50
Tsuyuhara,Mackenzie,AYB08,19,4.73,57,1,1753,ME,75
Turcott,Ed,SEK20,31,5.57,14,41,1754,MS,75
Turgeon,Dion,WEE19,24,4.31,37,3,1755,ME,75
Turnbull,Derek,ALC22,20,6.55,119,1,1756,ME,50
Turner,Mark,TEG18,40,4.56,24,20,1757,MV40,75
Twa,Vic,ERD14,45,5.7,30,8,1758,MV40,75
Udy,Tom,ISC11,26,7.02,139,1,1759,ME,75
Urban,Craig,HEH02,23,6.99,123,1,1760,ME,50
Urquhart,Michael,SWW23,23,5.31,88,1,1761,ME,75
Utting,Lukas,WEE19,18,4,1,150,1762,MY,25
Van Den Ham,Chris,WAS06,39,4.19,4,100,1763,MS,50
Van Jaarsveldt,Denis,ERD14,22,6.99,122,1,1764,ME,50
Van Omerman,Michael,CHL17,21,4.53,49,1,1765,ME,75
De Boon,Tom,WEE19,38,8.02,25,18,1766,MS,50
Vandyk,Darryl,CHL17,24,6.4,133,1,1767,ME,75
Vaughan,Michael,WAS06,23,6.14,97,1,1768,ME,50
Versailles,David,NON16,21,4.98,69,1,1769,ME,75
Verveda,Stephen,HID07,60,11.42,12,47,1770,MV60,25
Vesty,David,WAS06,22,5.35,92,1,1771,ME,75
Villeneuve,Nicholas,CHL17,18,6.05,18,32,1772,MY,25
Viznaugh,Aaron,MAW13,21,3.6,7,70,1773,ME,75
Voegeli,Hugo,ALC22,28,7.72,152,1,1774,ME,75
Wai Wai Hnin,Michael,HID07,44,7.72,24,20,1775,MV40,50
Walker,Curtis,TAS21,21,5.71,88,1,1776,ME,50
Walkom,Kunio,ALC22,23,5.47,21,26,1777,ME,25
Wallace,Ryan,CHL17,21,7.7,150,1,1778,ME,75
Walls,Kirk,TEG18,26,5.06,73,1,1779,ME,75
Walsh,Timothy,ERD14,25,4.07,32,6,1780,ME,50
Walsh,Richard,SWW23,37,4.43,8,65,1781,MS,50
Walters,Jesse James,TAS21,26,3.77,16,36,1782,ME,75
Warburton,Keegan,HID07,25,7.23,146,1,1783,ME,75
Ward,Bryon,WEE19,27,5.49,102,1,1784,ME,75
Ward,Pierre-Yves,TAS21,31,7.27,23,22,1785,MS,50
Warden,Christian,TEG18,23,4.19,28,12,1786,ME,75
Watson,Neil,TAS21,59,6.52,14,41,1787,MV50,75
Watts,Brian,ERD14,17,6.52,20,28,1788,MY,25
Webb,Steven,TAS21,23,5.54,78,1,1789,ME,50
Webber,Barney,TEG18,25,4.24,35,4,1790,ME,50
Weikum,Larry,SEK20,19,6.2,126,1,1791,ME,75
Weir,Andres,EPE12,62,7.96,4,100,1792,MV60,25
Welch,Ian,WAS06,22,4.2,29,10,1793,ME,75
Welch,Pierce,DOK10,22,5.57,80,1,1794,ME,50
Welch,Ian,TEG18,23,7.08,126,1,1795,ME,50
Wellstead,Carl,WAS06,44,7.06,14,41,1796,MV40,50
Wensel,Loy,AYB08,19,6.1,93,1,1797,ME,50
Werner,Christopher,CRG09,32,4.07,4,100,1798,MS,75
West,Ty,AYB08,19,6.1,94,1,1799,ME,50
Weston,Ryan,CHL17,29,3.06,4,100,1800,ME,50
Westwell,Michael,TEG18,17,4.07,8,65,1801,MY,75
Wheatley,Andrew,SWW23,21,5.73,113,1,1802,ME,75
Wheeldon,Thian,TEG18,20,5.13,81,1,1803,ME,75
White,Geoff,WOW01,24,4.25,34,4,1804,ME,75
White,Travis,WEE19,22,6.27,128,1,1805,ME,75
Matheusik,Barrie,SWW23,31,4.24,5,90,1806,MS,50
Wichuk,Richard,SWW23,20,5.15,70,1,1807,ME,50
Widney,Ken ,ALC22,30,3.3,1,150,1808,MS,50
Wiebe,Ryan,CAW15,51,5.89,7,70,1809,MV50,25
Wigelsworth,Eric,WAS06,19,4.72,50,1,1810,ME,50
Wild,Mitchell,WOW01,22,3.72,20,28,1811,ME,50
Wiles,Cory,SEK20,23,4.21,32,6,1812,ME,75
Wilkinson,Tyson,HID07,30,4.97,13,44,1813,MS,50
Williams,Ryder,BOD03,34,9.82,27,14,1814,MS,50
Williams,Warren,DOK10,23,5.33,90,1,1815,ME,75
Wilson,Brett,NON16,26,7.7,151,1,1816,ME,75
Wilson,Jeff,WEE19,22,6.27,108,1,1817,ME,50
Wilson,Greg,ALC22,24,5.71,87,1,1818,ME,50
Wilson,Rob,BOD03,28,5.21,17,34,1819,ME,25
Wilson,Marcus,ERD14,28,4.97,58,1,1820,ME,50
Wishloff,Isaac,WIM05,21,6.55,120,1,1821,ME,50
Wiwchar,Denis,WAS06,44,5.25,27,14,1822,MV40,75
Wood,Mark,WIM05,26,3.86,26,16,1823,ME,50
Woodward,Felix,AYB08,27,4.2,30,8,1824,ME,75
Wragg,Gavin,ALC22,47,5.47,29,10,1825,MV40,75
Wrigglesford,Andrew,SEK20,20,4.97,57,1,1826,ME,50
Wright,Alan,SEK20,24,5.33,89,1,1827,ME,75
Wright,Luke,WAS06,21,5.06,74,1,1828,ME,75
Wyllie,Jeffrey,HEH02,25,4.26,37,3,1829,ME,50
Wyminga,Neil,AYB08,19,4.5,43,1,1830,ME,75
Wyminga-Scott,Daniel,MAW13,48,10.71,30,8,1831,MV40,50
Yanicki,David,TEG18,43,7.14,16,36,1832,MV40,50
Yaworski,Breaux,EPE12,22,4.83,60,1,1833,ME,75
Yee,Cameron,AYB08,58,5.76,6,80,1834,MV50,25
Yexley,Wilson,DOK10,27,5.14,68,1,1835,ME,50
Yip,Darren,TAS21,36,6.55,19,30,1836,MS,50
Yoshimura,Brad,WOW01,20,4.52,45,1,1837,ME,50
Young,Duane,ERD14,43,7.61,21,26,1838,MV40,50
Young,Rory,TEG18,22,4.99,59,1,1839,ME,50
Yurkovich,Kyle,TEG18,24,5.12,80,1,1840,ME,75
Zawalik,Rod,DOK10,26,4.79,53,1,1841,ME,50
Zealand,Rob,ERD14,25,6.25,107,1,1842,ME,50
Zenert,Scott,DOK10,40,6.55,32,6,1843,MV40,75
Zerk,Robert,CHL17,27,7.09,142,1,1844,ME,75
