Name,Insurance_Co,Policy_No,Expiry,Vessel_Name,Vessel_Type,Length,Beam,Draft,Pontoon,Number,Annual_Fee
Emil Tomaszewski,Pearlstone Insurance,DA16245T,02/04/2023,Blue Moon,Sail,11.58,3.66,2.44,North,12,"5,306.50"
Kalina Ruitenberg,Ocean Enterprise,NC17024X,29/11/2022,Apollo,Motor,9.14,3.04,2.05,East,16,"4,421.80"
Liam Chan,Alpha Nautical,PH14255A,12/09/2022,Dream Weaver,Motor,8.99,2.74,1.22,North,4,"4,421.80"
Natasha Houghton,Petal Marine,RK18196H,16/10/2022,Serendipity,Motor,12.98,1.02,3.81,South,2,"5,748.40"
David Ellis,Swift Underwriting,SE14326X,06/03/2023,Stargazer,Motor,10.55,3.33,2.75,West,7,"5,306.50"
Luigi Gamal,Mariner Brokers,DT16896L,23/02/2023,Silver Lining,Sail,9.19,2.79,1.42,South,8,"4,421.80"
Waleed Gupta,Gull Marine,QP17373M,12/12/2022,Laguna Matata,Motor,15.82,4.67,1.25,North,9,"5,748.40"
Henry Dicaprio,Dynamarine Ventures,SV13650P,22/09/2022,Ocean Suite,Motor,16.76,4.57,2.25,South,12,"5,748.40"
Sheldon Lopez,Aprico Corporation,MF16866A,07/03/2023,First Edition,Sail,12,3.99,2.18,North,24,"5,306.50"
Nadine Makela,Yacht Reactor,SJ17066R,29/06/2022,Atlantic Pearl,Motor,12.01,3.66,2.56,North,14,"5,748.40"
Chelsea Briggs,Lagoon Secure,CH16739S,01/08/2022,Jolly Roger,Sail,14.94,4.27,1.92,East,12,"5,748.40"
Meghan Vanderlee,Mermaid Direct,JS13471N,28/01/2023,Tide Runner,Motor,11.58,10.67,3.66,North,18,"5,306.50"
