Course_Code,Activity,Type,Rating,Location,Residential,Course_Cost,Duration
CO001,Mountain Biking,Wheels,5,Cornwall,0,83,1
CO002,Powerboating,Water,4,Cornwall,-1,84,2
CO003,Air Rifle,Foot,3,Cornwall,-1,86,2
CO004,Camel Trekking,Animal,1,Cornwall,0,88,2
CO005,Tandem Biking,Wheels,2,Cornwall,0,92,1
CO006,Bungee Jumping,Thrill,3,Cornwall,0,105.5,2
CO007,Wakeboarding,Water,2,Cornwall,-1,119.98,2
CO008,Treasure Hunt,Foot,1,Cornwall,0,120,2
CO009,Canal Boating,Water,1,Cornwall,-1,126,2
CO010,Stand Up Paddle Surfing,Water,3,Cornwall,0,126,2
CO011,Clay Pigeon Shooting,Foot,3,Cornwall,-1,142,2
CO012,4X4 Driving,Wheels,3,Cornwall,-1,142.5,3
CO013,Sea Fishing,Water,2,Cornwall,0,171,3
CO014,Sailing Club,Water,3,Cornwall,0,178.5,3
CO015,Coastal Walking,Foot,1,Cornwall,-1,184,4
CO016,Military Training,Foot,4,Cornwall,0,198,2
CO017,Hang Gliding,Air,5,Cornwall,-1,206,4
CO018,Power Kiting,Air,5,Cornwall,-1,208,4
CO019,Banana Rides,Water,4,Cornwall,-1,216.8,4
CO020,Canoeing,Water,3,Cornwall,-1,225,5
CO021,Skydiving,Air,4,Cornwall,0,259.8,3
CO022,Snorkelling,Water,2,Cornwall,0,265,5
CO023,Caving,Other,4,Cornwall,0,267,3
CO024,Rowing,Water,4,Cornwall,-1,276,6
CO025,Team Building,Other,3,Cornwall,0,279,3
CO026,Bridge Swinging,Thrill,4,Cornwall,0,320,4
CO027,Horse Riding,Animal,3,Cornwall,0,352,4
CO028,Coasteering,Thrill,4,Cornwall,-1,441,9
CO030,Motor Hang Gliding,Air,4,Cornwall,-1,513,9
CO031,Cycling,Wheels,3,Cornwall,-1,530,10
CO032,Land Navigation,Other,1,Cornwall,0,534,6
CO033,Fishing,Foot,1,Cornwall,0,536,8
CO034,Paragliding,Air,5,Cornwall,-1,546,7
CO035,Scuba Diving,Water,3,Cornwall,-1,552,8
CO036,Karting,Wheels,4,Cornwall,-1,564,12
CO037,Sea Kayaking,Water,4,Cornwall,-1,610,10
CO038,Shooting,Foot,1,Cornwall,0,637,13
CO039,Quad Biking,Wheels,5,Cornwall,0,644,14
CO040,Bodyboarding,Water,3,Cornwall,-1,665,7
CO041,Train Driving,Wheels,1,Cornwall,0,672,8
CO042,Scrambling,Thrill,5,Cornwall,0,704,11
CO043,White Water Rafting,Water,4,Cornwall,-1,706.4,8
CO044,Group Leader Skills,Other,4,Cornwall,0,711,9
CO045,Kayaking,Water,3,Cornwall,-1,724,8
CO046,Parachuting,Air,4,Cornwall,-1,740,10
CO047,Military Vehicle,Wheels,3,Cornwall,0,754,13
CO048,Paintballing,Foot,3,Cornwall,0,780,12
CO049,Orienteering,Foot,3,Cornwall,0,792,8
CO050,High Ropes Course,Thrill,5,Cornwall,0,806,13
CO051,Surfing,Water,3,Cornwall,0,812,14
CO052,Golf,Foot,3,Cornwall,0,830,10
CO053,Gorge Walking,Thrill,4,Cornwall,-1,840,12
CO054,Microlighting,Air,4,Cornwall,0,840,14
CO055,Kite Buggying,Wheels,5,Cornwall,-1,862.5,10
CO056,Kite Surfing,Water,5,Cornwall,-1,862.5,10
CO057,Walking,Foot,1,Cornwall,-1,864,12
CO058,Raft Building,Water,2,Cornwall,-1,876,12
CO059,Swimming,Water,3,Cornwall,0,882,14
CO060,Abseiling,Thrill,4,Cornwall,-1,900,12
CO061,Windsurfing,Water,4,Cornwall,-1,920,10
CO062,Ballooning,Air,2,Cornwall,0,940,10
CO063,Rock Climbing,Thrill,5,Cornwall,0,952,14
CO064,Hill Walking,Foot,3,Cornwall,0,988,13
CO065,Biplane Flight,Air,2,Cornwall,0,996,12
CO066,Yachting,Water,3,Cornwall,-1,1008,12
CO067,Zorbing,Thrill,4,Cornwall,0,1089,8
CO068,Skid Control,Wheels,2,Cornwall,0,1131,13
CO069,Reverse Steer,Wheels,3,Cornwall,0,1140,12
CO070,Water Skiing,Water,4,Cornwall,-1,1162,14
CO071,Mountaineering,Foot,4,Cornwall,0,1170,13
CO072,Polo,Animal,3,Cornwall,0,1170,13
CO073,Archery,Foot,3,Cornwall,0,1287,13
CO074,Rally Driving,Wheels,4,Cornwall,0,1288,14
CO075,Potholing,Other,4,Cornwall,-1,1302,14
CO076,Boat Trip,Water,2,Cornwall,0,1316,14
CO077,Monster Trucking,Wheels,4,Cornwall,0,1344,14
CO078,Jetlev Flyer,Water,3,Cornwall,0,150,1
FR001,Ice Hockey,Foot,3,France,-1,88,1
FR002,Cross-country skiing,Foot,4,France,-1,294,3
FR003,Ski jumping,Thrill,5,France,-1,186,3
FR004,Skibobbing,Thrill,4,France,-1,186,3
FR005,Ice Climbing,Thrill,5,France,-1,479.95,5
FR006,Ice Surfing,Thrill,4,France,-1,325,5
FR007,Off-piste skiing,Thrill,5,France,-1,452.5,5
FR008,Snow Shoeing,Foot,3,France,-1,247.2,6
FR009,Snow Tobogganing,Thrill,5,France,-1,364,7
FR010,Snowblading,Thrill,4,France,-1,364,7
FR011,Dog Snow Sledding,Animal,4,France,-1,608,8
FR012,Alpine Snow Skiing,Thrill,5,France,-1,823.05,9
FR013,Snowboarding,Thrill,5,France,-1,864,9
FR014,Snowkiting,Thrill,5,France,-1,864,9
FR015,Kite Skiing,Thrill,5,France,-1,862.5,10
FR016,Snowmobiling,Thrill,5,France,-1,936,12
FR017,Heli-Skiing,Thrill,5,France,-1,6500,13
FR018,Ski-dooing,Thrill,3,France,-1,1131,13
FR019,Ski-orienteering ,Foot,3,France,-1,1131,13
FR020,Ice Diving,Thrill,4,France,-1,2100,14
FR021,Ice Driving,Wheels,3,France,-1,2100,14
FR022,Ice Fishing,Water,2,France,-1,2100,14
FR023,Nordic Snow Skiing,Thrill,5,France,-1,1800,14
IR001,4X4 Driving,Wheels,4,Ireland,0,142.5,3
IR002,Abseiling,Thrill,5,Ireland,0,900,12
IR003,Air Rifle,Foot,2,Ireland,0,86,2
IR004,Ballooning,Air,2,Ireland,0,940,10
IR005,Banana Rides,Water,4,Ireland,0,216.8,4
IR006,Bridge Swinging,Thrill,4,Ireland,0,320,4
IR007,Bungee Jumping,Thrill,3,Ireland,0,105.5,2
IR008,Canoeing,Water,3,Ireland,0,225,5
IR009,Canoeing,Water,3,Ireland,-1,225,5
IR010,Canyoning,Thrill,4,Ireland,-1,80,1
IR011,Caving,Other,4,Ireland,-1,267,3
IR012,Cliff Jumping,Thrill,5,Ireland,0,780,13
IR013,Crossbow,Foot,3,Ireland,-1,294,3
IR014,Cycling,Wheels,2,Ireland,0,530,10
IR015,Dinghy Sailing,Water,3,Ireland,-1,435,5
IR016,Dragonboat Racing,Water,3,Ireland,-1,350,7
IR017,Escape and Evasion,Foot,5,Ireland,0,384,8
IR018,Flying Lesson,Air,3,Ireland,0,530,8
IR019,Gliding,Air,5,Ireland,0,360,8
IR020,Golf,Foot,3,Ireland,0,830,10
IR021,Gorge Walking,Thrill,4,Ireland,0,840,12
IR022,Ice Diving,Thrill,4,Ireland,-1,560,14
IR023,Ice Surfing,Thrill,4,Ireland,-1,325,5
IR024,JCB Operation,Wheels,3,Ireland,-1,164,4
IR025,Jet Skiing,Water,5,Ireland,-1,1250.6,13
IR026,Kayaking,Water,3,Ireland,-1,724,8
IR027,Land Navigation,Other,1,Ireland,-1,534,6
IR028,Military Vehicle,Wheels,3,Ireland,0,754,13
IR029,Minimoto Racing,Wheels,4,Ireland,-1,362,4
IR030,Mountain Biking,Wheels,5,Ireland,0,83,1
IR031,Mountaineering,Foot,4,Ireland,0,1170,13
IR032,Obstacle Course,Foot,3,Ireland,-1,784,8
IR033,Orienteering,Foot,3,Ireland,0,792,8
IR034,Paintballing,Foot,3,Ireland,0,780,12
IR035,Power Kiting,Air,5,Ireland,0,208,4
IR036,Powerboating,Water,4,Ireland,-1,84,2
IR037,Sailing Club,Water,3,Ireland,-1,178.5,3
IR038,Sea Kayaking,Water,5,Ireland,-1,610,10
IR039,Segway Tours,Wheels,3,Ireland,-1,430,10
IR040,Stand Up Paddle Surfing,Water,3,Ireland,-1,126,2
IR041,Swimming,Water,3,Ireland,0,882,14
IR042,Team Building,Other,3,Ireland,0,279,3
IR043,Wakeboarding,Water,2,Ireland,-1,119.98,2
IR044,Walking,Foot,1,Ireland,0,864,12
IR045,Wildlife Cruise,Animal,1,Ireland,0,728,13
IR046,Windsurfing,Water,4,Ireland,-1,920,10
IR047,Yachting,Water,3,Ireland,-1,1008,12
IR048,Zap Cat,Water,4,Ireland,-1,471,6
SC001,4X4 Driving,Wheels,3,Scotland,0,142.5,3
SC002,Abseiling,Thrill,4,Scotland,0,900,12
SC003,Alpine Snow Skiing,Thrill,4,Scotland,-1,823.05,9
SC004,Canal Boating,Water,1,Scotland,0,126,2
SC005,Canyoning,Thrill,4,Scotland,0,80,1
SC006,Climbing Wall,Thrill,4,Scotland,0,1078,11
SC007,Crossbow,Foot,3,Scotland,0,294,3
SC008,Cycling,Wheels,2,Scotland,0,530,10
SC009,Dinghy Sailing,Water,3,Scotland,-1,435,5
SC010,Dog Snow Sledding,Animal,4,Scotland,-1,608,8
SC011,Early Drive,Wheels,1,Scotland,-1,165,2
SC012,Early Drive,Wheels,2,Scotland,0,165,2
SC013,Falconry,Animal,1,Scotland,-1,504,9
SC014,First Aid,Other,1,Scotland,0,320,4
SC015,Fishing,Foot,1,Scotland,0,536,8
SC016,Golf,Foot,3,Scotland,-1,830,10
SC017,Guided Tour,Other,2,Scotland,0,1036,14
SC018,Gyroplane Flight,Air,4,Scotland,0,376,4
SC019,Hang Gliding,Air,5,Scotland,0,206,4
SC020,Helicopter Flight,Air,2,Scotland,0,767,13
SC021,High Ropes Course,Thrill,5,Scotland,0,806,13
SC022,Ice Climbing,Thrill,5,Scotland,-1,479.95,5
SC023,Ice Driving,Wheels,3,Scotland,0,560,14
SC024,Ice Fishing,Water,2,Scotland,0,560,14
SC025,Ice Skating,Foot,3,Scotland,-1,414,6
SC026,Ice Surfing,Thrill,4,Scotland,0,325,5
SC027,Kite Buggying,Wheels,5,Scotland,0,862.5,10
SC028,Kite Skiing,Thrill,5,Scotland,0,862.5,10
SC029,Laser Clay,Foot,4,Scotland,0,63,1
SC030,Laser Combat,Foot,4,Scotland,0,400,10
SC031,Microlighting,Air,4,Scotland,0,840,14
SC032,Model Flying,Air,1,Scotland,-1,208,4
SC033,Motor Hang Gliding,Air,4,Scotland,0,513,9
SC034,Motor Racing,Wheels,4,Scotland,-1,828,12
SC035,Mountain Biking,Wheels,5,Scotland,0,83,1
SC036,Mountainboarding,Wheels,4,Scotland,0,507.5,7
SC037,Nordic Snow Skiing,Thrill,4,Scotland,-1,1358,14
SC038,Nordic Walking,Foot,4,Scotland,-1,672,12
SC039,Off Road Karting,Wheels,5,Scotland,-1,438.75,5
SC040,Off Road Riding,Wheels,5,Scotland,0,452.5,5
SC041,Off-piste skiing,Thrill,5,Scotland,0,452.5,5
SC042,Parachuting,Air,4,Scotland,0,740,10
SC043,Paragliding,Air,5,Scotland,0,546,7
SC044,Paramotoring,Air,5,Scotland,-1,80,1
SC045,Quad Biking,Wheels,5,Scotland,0,644,14
SC046,Rally Driving,Wheels,4,Scotland,-1,1288,14
SC047,Reverse Steer,Wheels,3,Scotland,0,1140,12
SC048,Rock Climbing,Thrill,4,Scotland,0,952,14
SC049,Scad Driving,Thrill,5,Scotland,-1,216,3
SC050,Scrambling,Thrill,5,Scotland,0,704,11
SC051,Single Seater,Wheels,2,Scotland,0,186,3
SC052,Ski jumping,Thrill,4,Scotland,0,186,3
SC053,Skid Control,Wheels,2,Scotland,0,1131,13
SC054,Ski-dooing,Thrill,3,Scotland,0,1131,13
SC055,Ski-orienteering ,Foot,3,Scotland,0,1131,13
SC056,Skydiving,Air,4,Scotland,-1,259.8,3
SC057,Snow Shoeing,Foot,3,Scotland,-1,247.2,6
SC058,Snow Tobogganing,Thrill,5,Scotland,-1,364,7
SC059,Snowblading,Thrill,4,Scotland,0,364,7
SC060,Snowboarding,Thrill,5,Scotland,-1,864,9
SC061,Snowkiting,Thrill,5,Scotland,0,864,9
SC062,Snowmobiling,Thrill,5,Scotland,0,936,12
SC063,Stunt Flying,Air,5,Scotland,0,126,2
SC064,Survival Training,Foot,2,Scotland,0,448,7
SC065,Track Day,Wheels,2,Scotland,-1,700,7
SC066,White Water Rafting,Water,4,Scotland,-1,706.4,8
SC067,Wildlife Cruise,Animal,1,Scotland,-1,728,13
SC068,Wing Walking,Air,5,Scotland,-1,462.5,5
SC069,Winter Skills,Other,4,Scotland,-1,1190,14
SC070,Zip Lining,Thrill,4,Scotland,-1,199,4
SC071,Zorbing,Thrill,4,Scotland,0,1089,11
WA001,Abseiling,Thrill,5,Wales,0,900,12
WA002,Air Rifle,Foot,2,Wales,0,86,2
WA003,Archery,Foot,3,Wales,-1,1287,13
WA004,Blind Driving,Wheels,3,Wales,-1,176,2
WA005,Boat Trip,Water,1,Wales,0,250,1
WA006,Bodyboarding,Water,3,Wales,-1,665,7
WA007,Bridge Swinging,Thrill,4,Wales,0,320,4
WA008,Bungee Jumping,Thrill,3,Wales,-1,105.5,2
WA009,Canoeing,Water,3,Wales,-1,225,5
WA010,Canyoning,Thrill,4,Wales,0,80,1
WA011,Carriage Driving,Animal,3,Wales,-1,174,3
WA012,Caving,Other,4,Wales,-1,267,3
WA013,Clay Pigeon Shooting,Foot,3,Wales,0,142,2
WA014,Cliff Jumping,Thrill,5,Wales,0,780,13
WA015,Coastal Walking,Foot,1,Wales,0,184,4
WA016,Coasteering,Thrill,4,Wales,0,441,9
WA017,Cycling,Wheels,3,Wales,0,530,10
WA018,Dinghy Sailing,Water,3,Wales,-1,435,5
WA019,Dragonboat Racing,Water,3,Wales,-1,350,7
WA020,Early Drive,Wheels,1,Wales,0,165,2
WA021,Escape and Evasion,Foot,5,Wales,-1,384,8
WA022,First Aid,Other,1,Wales,0,320,4
WA023,Fishing,Foot,1,Wales,-1,536,8
WA024,Formula One,Wheels,5,Wales,-1,317,4
WA025,Golf,Foot,3,Wales,0,830,10
WA026,Group Leader Skills,Other,4,Wales,0,711,9
WA027,Guided Tour,Other,1,Wales,0,1036,14
WA028,HGV Driving,Wheels,3,Wales,0,302,4
WA029,High Ropes Course,Thrill,5,Wales,0,806,13
WA030,Hill Walking,Foot,3,Wales,0,988,13
WA031,Horse Riding,Animal,3,Wales,0,352,4
WA032,Hovercraft,Thrill,4,Wales,0,378,6
WA033,Ice Hockey,Foot,3,Wales,0,88,1
WA034,Indigenous Dwellings,Other,1,Wales,-1,162,2
WA035,Karting,Wheels,4,Wales,0,564,12
WA036,Kayaking,Water,3,Wales,-1,724,8
WA037,Kite Buggying,Wheels,5,Wales,0,862.5,10
WA038,Land Yachting,Wheels,4,Wales,0,728,13
WA039,Laser Clay,Foot,4,Wales,0,63,1
WA040,Laser Combat,Foot,4,Wales,0,400,10
WA041,Llama Trekking,Animal,1,Wales,0,245,5
WA042,Military Training,Foot,4,Wales,0,198,2
WA043,Mine Exploration,Other,4,Wales,-1,162,2
WA044,Model Flying,Air,1,Wales,0,208,4
WA045,Mountain Biking,Wheels,5,Wales,0,83,1
WA046,Mountainboarding,Wheels,4,Wales,0,507.5,7
WA047,Mountaineering,Foot,4,Wales,0,1170,13
WA048,Multi Activity,Other,4,Wales,-1,61,1
WA049,Nordic Walking,Foot,4,Wales,0,672,12
WA050,Off Road Karting,Wheels,5,Wales,0,438.75,5
WA051,Off Road Riding,Wheels,5,Wales,-1,452.5,5
WA052,Orienteering,Foot,3,Wales,-1,792,8
WA053,Paintballing,Foot,3,Wales,-1,780,12
WA054,Passenger Ride,Wheels,3,Wales,-1,246,3
WA055,Potholing,Other,4,Wales,0,1302,14
WA056,Power Kiting,Air,5,Wales,0,208,4
WA057,Quad Biking,Wheels,5,Wales,0,644,14
WA058,Raft Building,Water,2,Wales,0,876,12
WA059,Rib Trip,Water,4,Wales,-1,1140,12
WA060,Rowing,Water,4,Wales,-1,950.5,6
WA061,Scuba Diving,Water,3,Wales,0,552,8
WA062,Sea Fishing,Water,2,Wales,-1,171,3
WA063,Sea Kayaking,Water,3,Wales,-1,610,10
WA064,Sheepdog Handling,Animal,2,Wales,-1,484,11
WA065,Shooting,Foot,1,Wales,-1,637,13
WA066,Snorkelling,Water,2,Wales,-1,265,5
WA067,Stand Up Paddle Surfing,Water,3,Wales,-1,126,2
WA068,Surfing,Water,3,Wales,0,812,14
WA069,Survival Training,Foot,2,Wales,0,448,7
WA070,Swimming,Water,3,Wales,-1,882,12
WA071,Tandem Biking,Wheels,2,Wales,0,92,1
WA072,Team Building,Other,3,Wales,-1,279,3
WA073,Train Driving,Wheels,1,Wales,0,672,8
WA074,Treasure Hunt,Foot,1,Wales,0,120,2
WA075,Wakeboarding,Water,2,Wales,-1,119.98,2
WA076,Walking,Foot,1,Wales,0,864,12
WA077,Water Skiing,Water,4,Wales,0,1162,14
WA078,Windsurfing,Water,4,Wales,-1,920,10
WA079,Zip Lining,Thrill,4,Wales,0,199,4
WA080,Zorbing,Thrill,4,Wales,0,564.45,6
WA081,Tank Driving,Wheels,2,Wales,0,209,1
