Title,First_Name,Last_Name,Add_1,Add_2,Add_3,Post_Code,Job_Role,Interview_Time
Ms,Victoria,Griffiths,32 Reading Close,Ipswich,Suffolk,IP5 9ZZ,Ski Instructor,10:30
Mr,Waleed,Patel,95 Chinnor Road,Thame,Oxfordshire,OX9 3LP,Head Chef,09:00
Mr,Ian,Delbridge,7 Eaton Bank,Clacton,Essex,CO22 5RE,Ski Instructor,12:00
Mr,Nasser,Salam,47 Park Road,Colchester,Essex,CO8 5UP,Housekeeper,11:00
Ms,Yassin,Sayed,34 Gayton Road,King's Lynn,Norfolk,PE30 4EL,Chalet Host,10:00
Mr,Andy,Fisher,8 Woodhall Gate,Pinner,Middlesex,HA5 4TL,Ski Manager,15:00
Ms,Anka,Ploski,32 Queen Street,Maidenhead,Berkshire,SL6 1HZ,Ski Instructor,13:30
Mrs,Joseph,Constance,45 Camp Road,Gerrards Cross,Bucks,SL9 7PG,Snow Instructor,14:30
