Code,Country,Company
AA,United States of America,American Airlines
AF,France,Air France
BA,United Kingdom,British Airways
BD,United Kingdom,British Midland
BE,United Kingdom,Flybe
CX,Hong Kong,Cathay Pacific
EI,Ireland,Aer Lingus
EK,Dubai,Emirates
HF,Germany,TuiFly
KL,Netherlands,KLM Royal Dutch Airlines
KY,New Zealand,Waterwings Airways
LH,Germany,Lufthansa
LX,Switzerland,Swiss International Airlines
MH,Malaysia,Malaysia Airlines
MU,China,China Eastern Airlines
NE,Slovakia,SkyEurope
QR,Qatar,Qatar Airways
RE,Ireland,Aer Arran
SA,South Africa,South African Airways
SK,Sweden,Scandanavian Airlines
SQ,Singapore,Singapore Airlines
SU,Russia,Aeroflot
SW,Namibia,Air Namibia
T3,Scotland,Eastern Airways
TG,Thailand,Thai Airways International
TP,Portugal,TAP Air Portugal
U2,United Kingdom,EasyJet
UA,Sri Lanka,Sri Lankan Airlines
VS,United Kingdom,Virgin Atlantic
XL,Germany,XL Airways
Y7,United Kingdom,Silverjet
