CustRef,Forename,Surname,Address,Town,Postcode
1,Tracy,Brown,104 The Meadows,Eaton Socon,CB27 8YT
2,Tye,Searle,21 Grange Farm Road,Ipswich,IP9 6GT
3,Juan,Gutierrez,24 Low Street,Colchester,CO2 4HJ
4,Sukrit,Suresh,17 Marine Parade,Clacton,CO14 8YT
5,Abisayo,Ogbue,42 Bryant Lane,Colchester,CO4 9PU
6,Chi,Lin,5 The Calls,Braintree,CM17 8YT
7,Fernadez,Gomez,15 Landsdowne Avenue,Ipswich,IP7 7VV
8,Parminder,Suresh,184 High Lane,Cambridge,CM2 3DF
9,Tomas,Kuznetzov,65 Lancet Avenue,Braintree,CM17 9UT
10,Brian,McPherson,78 Key Avenue,Colchester,CO5 2PP
11,Astrid,Mong-Hanson,2 The Hill,Maldon,CM19 5YE
12,Gwyn,Jones,6 North Hill,Colchester,CO6 5TD
13,Teng,Dev,125 Layer Road,Ipswich,IP3 6TM
14,Dhruv,Dev,67 Dutch Barn Road,Cambridge,CM24 5YY
15,Alberto,Minadi,65 Lanyard Road,Colchester,CO6 9KG
16,Pablo,Castro,14 High Street,Hadleigh,IP16 8YT
17,Shruti,Di Vizio,67 Old Dyke Lane,Maldon,CM18 9UT
18,Siddharth,Gad,126 Adelaide Lane,Colchester,CO1 4RW
19,Tomas,Yuvretskov,74 Plains Farm Road,Ipswich,IP2 6ET
20,Uttara,Gharib,9 Antwerp Plaza,Cambridge,CB23 8UT
21,Jet,Po,17 East Hill,Colchester,CO1 5RE
22,Sagar,Gupta,167 Marine Parade,Clacton,CO14 2HH
23,David,Ginola,24 Eastgates,Colchester,CO3 1RE
24,Taran,Hafez,16 Warwickshire Crescent,Maningtree,CO21 6TE
25,Fatima,Hegde,2 Briar Lane,Braintree,CM17 9VV
26,Dhruv,Hirasaka,2 Camolodium Drive,Colchester,CO3 3SA
27,Aditya,Jain,14 Moulsham Boulevard,Chelmsford,CM3 7ED
28,Mbanga,Bwerta,14 Acacia Avenue,Ipswich,IP8 5RE
29,Christian,Schmit,78 St John's Lane,Colchester,CO5 8UT
30,Andrew,Johnson,56 Pier Avenue,Walton,CO25 7TT
31,Sagar,Dhiman,234 Acacia Avenue,Ipswich,IP8 9RE
32,John,James,1 Castle Walk,Colchester,CO1 4JY
33,Dewang,Gupta,12 Boudicca Way,Colchester,CO4 7MU
34,Janine,Bayes,14 Castle Heights,Ipswich,IP1 3ED
