FlightRef,From,To,Flight,ODate
1,London Stansted,Tegel Berlin,AB829,10/05/2010 09:30
3,London Gatwick,Orlando International Florida,VS025,10/05/2010 09:45
5,London Stanstead,Alicante,ZB675,11/07/2010 12:00
7,London City Airport,Ronaldsway Isle of Man,EU783,01/04/2010 14:10
9,London Gatwick,Ataturk Istanbul,TK174,28/08/2010 16:00
11,London Heathrow,Linate Milan,AZ247,12/12/2010 03:05
13,London Gatwick,Larnaca Cyprus,BA661,04/03/2010 08:15
15,London Heathrow,Narita Airport Tokyo,VS901,26/11/2010 09:25
17,London Gatwick,Katunayake Colombo,EY308,22/09/2010 10:10
19,London Stansted,Tegel Berlin,AB829,30/06/2010 20:00
21,London Gatwick,Geneva  Switzerland,EJ950,15/08/2010 12:50
23,London Gatwick,Orlando International Florida,VS025,24/05/2010 09:45
25,London Gatwick,Larnaca Cyprus,BA662,23/08/2010 09:25
27,London Gatwick,Guernsey,BE311,21/04/2010 16:15
29,London Stansted,Alicante,ZB676,16/01/2010 18:40
31,London Gatwick,Orlando International Florida,VS025,31/05/2010 09:45
33,London Luton,Warsaw Poland,EJ721,01/01/2010 18:40
35,London Gatwick,Orlando International Florida,VS025,17/05/2010 09:45
37,London Stansted,Barajas Madrid,IB279,30/10/2010 11:15
39,London Gatwick,Orlando International Florida,VS025,14/06/2010 09:45
41,London Gatwick,Charles De Gaulle Paris,BA408,14/09/2010 07:00
