CustomerID,Title,Forename,Surname,Company,Address1,Address2,Address3,PostCode,Telephone
P0025,Ms,Philippa,Brown,,32 Reading Close,Ipswich,Suffolk,IP5 9ZZ,01998 252525
P0024,Mr,Amir ,Khan,,Bluebell Villa,Colchester,Essex,CO2 8TK,01957 665544
P0023,Mrs,Pamela,Thomson,, 11 Curzon Lane,Colchester,Essex,CO1 7ED,01957 662147
P0022,Mr,David,Smith,, 22 Beech Drive,Clacton,Essex,CO22 5TT,01955 673633
P0021,Mr,Anthony,Tobin,, 21 Hazlewood Road,Ipswich,Suffolk,IP7 3FT,01955 879383
P0020,Ms,Emily,Kerr,,32 Acacia Avenue,Cambridge,Cambridgeshire,CB1 2EU,01956 124578
P0019,Mr,Richard,Ling,, 19 Broadway,Colchester,Essex,CO6 9DX,01957 814333
P0018,Mr,Shahad,Moon,, 61 Town Street,Ipswich,Suffolk,1P5 2VB,01955 511321
P0017,Mrs,Rebeccah,Hedgecock,, 19 Town Street,Colchester,Essex,CO2 7FE,01957 896975
P0016,Mr,Gary,Taverna,, 20 Milford Road,Ipswich,Suffolk,IP8 8LM,01955 841444
P0015,Mr,Adam,Cook,, 32 Gilbert Crescent,Ipswich,Suffolk,IP5 9TT,01955 937978
P0014,Mrs,Belinda,Goodwood,, 20 Granville Close,Ipswich,Suffolk,IP3 8HD,01955 825973
P0013,Mr,Chris,Smith,,54 Nab End,Kings Lynn,Cambridgeshire,CB24 7TE,01956 754120
P0012,Mr,Li,Kwong,, 7 Eaton Bank,Clacton,Essex,CO22 5RE,01955 672451
P0011,Mr,Jeremy,Smith,, 23 Ecclesbourne Ave,Colchester,Essex,CO4 6ZX,01957 926745
P0010,Mr,Edwardo,White,,73 Cross Lane,Histon,Cambridgeshire,CB8 5TE,01956 129774
P0009,Mrs,Jenniffer,Woods,, 17 Granville Close,Colchester,Essex,CO2 8WS,01957 119934
P0008,Mrs,Alison,Brazier,, 3 Lime Avenue,Ipswich,Suffolk,IP4 7GZ,01955 947326
P0007,Mr,Mark,Coombes,,The Jays,Colchester,Essex,CO7 7BG,01957 328841
P0006,Mr,Tony,Black,,84 Church Lane,Cambridge,Cambridgeshire,CB3 3TT,01956 731455
P0005,Mr,Gheith,El Sharef,,7 Head Street,Girton,Cambridgeshire,CB7 3ER,01956 121212
P0004,Ms,Karen,Foster,, 2 Grancille Close,Ipswich,Suffolk,IP1 9NM,01955 516827
P0003,Mrs,Heather,Brown,, 10 Moorledge Drive,Clacton,Essex,CO22 4ED,01955 673333
P0002,Mr,Graham,Radley,,Cross Streets,Cambridge,Cambridgeshire,CB3 7RZ,01956 734481
P0001,Mr,David,Elliot,,Nags Head,Trumpington,Cambridgeshire,CB12 6YU,01956 758963
B0019,Mr,Li,Chen,Dynamite Fireworks,63 Sparkler Row,Coton,Cambridgeshire,CB16 9VV,01956 124643
B0018,Mr ,Shadad,Sharreif,AT Logistics,43 Movenpick Row,Colchester,Essex,CO2 9DA ,01957 600022
B0017,Miss,Jenny,Kwong,EFL Schools Ltd,31 Melbourn Close,Ipswich,Suffolk,IP5 7TE,01955 426394
B0016,Mr,Nripesh,Gupta,Indian Curry Cuisine,47 Park Road,Colchester,Essex,CO8 5UP,01957 888988
B0015,Mr,Brian,Sinclair,Clacton Mobility Company,65 Meadow Vale,Clacton,Essex,CO22 8FE,01955 666111
B0014,Ms,Sonia,Pulham,Niceday Nursery,45 Broadway,Colchester,Essex,CO8 6TC,01957 358232
B0013,Mr,Alan,Marsh,Toy Emporium,31 Tamworth Street,Ipswich,Suffolk,IP2 8DE,01955 943563
B0012,Mr,Fernado,Perez,TD Sports,122 Derby Road,Colchester,Essex,CO5 7YY,01957 393315
B0011,Mr,Brian,Nash,Bridon Wire,15 Melbourn Close,Colchester,Essex,CO1 6WW,01957 188684
B0010,Mr,Jamal,Patel,SF Martial Arts,10 Oak Close,Colchester,Essex,CO4 7JD,01957 371722
B0009,Mr,Gerald,Highlands,Suffolk Steel,28 Town Street,Ipswich,Suffolk,IP2 5LG,01955 184636
B0008,Mr,Harry,Job,Banana Bay Imports,27 Castle Hill,Ardleigh,Essex,CO3 7EE,01957 541222
B0007,Mr,Keith,Chambers,Top Tractors,4 Meadow Vale,Colchester,Essex,CO6 8TE,01957 726712
B0006,Mr,Alan,Smith,Derby Road Timber,14 Derby Road,Ipswich,Suffolk,IP5 6TH,01955 898845
B0005,Ms,Chantal,Brimstone,Steel Stockholders,16 Meadow Vale,Colchester,Essex,CO3 9PU,01957 386492
B0004,Ms,Charlotte,Sargent,Tilly's Pantry,72 The Greys,Cottenham,Cambridgeshire,CB7 8EE,01956 124277
B0003,Mrs,Tracy,Banks,RS Electrical,23 Derby Road,Ipswich,Suffolk,IP1 1FR,01955 528515
B0002,Mrs,Denise,Gillespie,JC Building Supplies,9 Star Crescent ,Cambridge,Cambridgeshire,CB3 8ZZ,01956 123574
B0001,Mr,William,Wilkes,P Dane Plumbing,79 Author's Hill,Cambridge,Cambridgeshire,CB2 4FZ,01956 124444
