Member Number,GivenName,Surname,StreetAddress,City,PostCode,EmailAddress,Telephone Number,XLClub,Focus Group
100,Lydia,Sykes,59 Exning Road,HARFORD,PL21 7XC,Lydia.M.Sykes@trashymail.com,079 5199 5552,FALSE,
101,Finlay,White,22 Whatlington Road,COULTRA,KY15 4YA,Finlay.N.White@spambob.com,077 0703 2848,FALSE,
102,Noah,Pope,39 Vicar Lane,SANDY LANE,BD15 6QL,Noah.F.Pope@mailinator.com,078 6440 7800,TRUE,C
103,Ewan,Mason,38 Sloe Lane,CROUCH,TN15 4AK,Ewan.S.Mason@spambob.com,070 7427 1580,TRUE,D
104,Jay,Francis,83 Wenlock Terrace,PERT,AB30 9ZO,Jay.D.Francis@spambob.com,070 6195 8891,FALSE,
105,Erin,Taylor,59 Warren St,WEST FARNDON,NN11 0AU,Erin.C.Taylor@dodgit.com,078 7226 4832,FALSE,
106,Amber,Ford,63 Thames Street,BOLTON LOW HOUSES,CA7 4TW,Amber.T.Ford@mailinator.com,077 1934 0672,FALSE,
107,Anthony,Wyatt,41 Park Place,CASSINGTON,OX8 4WK,Anthony.M.Wyatt@dodgit.com,077 5405 3369,TRUE,A
108,Jack,Naylor,11 Seafield Place,FORNCETT ST MARY,NR16 6KQ,Jack.S.Naylor@trashymail.com,077 8772 9363,FALSE,
109,Lewis,Lord,48 Fox Lane,BODORGAN,LL62 6KQ,Lewis.J.Lord@mailinator.com,079 6664 5229,FALSE,
110,Connor,Chamberlain,43 Traill Street,ROTHERSTHORPE,NN7 8BM,Conr.L.Chamberlain@mailinator.com,078 3398 3220,FALSE,
111,Owen,Wright,43 Chapel Lane,ARRAD FOOT,LA12 0DA,Owen.A.Wright@trashymail.com,070 5285 1898,FALSE,
112,Katherine,Griffin,3 Baldock Street,NEWTON ABBOT,TQ12 7UM,Katherine.A.Griffin@pookmail.com,070 1211 5952,FALSE,
113,Peter,Williams,87 Withers Close,ALDWINCLE,NN14 5UC,Peter.C.Williams@mailinator.com,070 4665 6756,FALSE,
114,Scarlett,Hardy,39 Wrexham Road,FAWKHAM GREEN,DA3 9KE,Scarlett.K.Hardy@pookmail.com,078 5248 8893,FALSE,
115,Jake,Abbott,71 Hexham Road,IVELET,DL11 6FZ,Jake.C.Abbott@trashymail.com,078 7099 6775,FALSE,
116,Morgan,John,43 East Street,MARDEN,HR1 1MV,Morgan.N.John@mailinator.com,079 8160 9651,FALSE,
117,Morgan,Stevens,9 Mar Close,DODDISCOMBSLEIGH,EX6 8OU,Morgan.L.Stevens@trashymail.com,079 6903 5627,FALSE,
118,Isabelle,McLean,96 Scrimshire Lane,ATHELNEY,TA7 3OO,Isabelle.G.McLean@spambob.com,078 2713 1749,FALSE,
119,Max,Collier,98 Great Western Road,LONGWORTH,OX13 5ZE,Max.R.Collier@dodgit.com,079 2468 6469,FALSE,
120,Ella,McKenzie,66 Stone St,CRANFORD,TW5 4BJ,Ella.A.McKenzie@pookmail.com,070 1719 6783,TRUE,D
121,Isabella,Gibbs,69 Tonbridge Rd,COPPENHALL MOSS,CW1 2ZN,Isabella.D.Gibbs@pookmail.com,077 5054 8532,FALSE,
122,Jack,Whitehouse,62 Golf Road,SWALWELL,NE16 5KS,Jack.B.Whitehouse@trashymail.com,078 6485 8510,FALSE,
123,Ethan,Baxter,72 Jubilee Drive,CASTLETON,CF3 0RC,Ethan.K.Baxter@trashymail.com,078 5561 4696,FALSE,
124,Charlie,Simmons,38 Park Terrace,GLADESTRY,HR5 9YN,Charlie.D.Simmons@trashymail.com,078 3439 7172,FALSE,
125,Harley,Carr,24 Lairg Road,NEWBOROUGH,DE13 8RN,Harley.V.Carr@spambob.com,078 6358 9334,TRUE,C
126,Brandon,Bevan,20 Main St,ACCRINGTON,BB5 1MX,Brandon.E.Bevan@pookmail.com,070 8740 4329,FALSE,
127,Samantha,Jennings,77 Preston Rd,MORRISTON,KA19 8MT,Samantha.A.Jennings@trashymail.com,070 6781 0022,FALSE,
128,Spencer,Butcher,31 Roker Terrace,LANGLEY PARK,DH7 5UU,Spencer.Z.Butcher@spambob.com,079 5611 9572,TRUE,A
129,Thomas,Winter,89 Haslemere Road,EASTFIELD,ML7 4KG,Thomas.F.Winter@pookmail.com,070 6101 3553,FALSE,
130,Yasmin,Peacock,47 Rowland Rd,OSSETT,WF5 8UM,Yasmin.M.Peacock@spambob.com,070 5761 6306,FALSE,
131,Sebastian,Law,24 Jedburgh Road,LEVENCORROCH,KA27 3UI,Sebastian.S.Law@pookmail.com,077 0504 6356,FALSE,
132,Alfie,Thomas,61 Shore Street,STITHIANS,TR3 3LG,Alfie.B.Thomas@trashymail.com,079 1347 1904,FALSE,
133,Finley,Mills,41 Brynglas Road,GLENRISDELL,PA29 6PX,Finley.E.Mills@trashymail.com,077 3817 0693,FALSE,
134,Katherine,Stokes,40 Duckpit Lane,UPPER HORSEBRIDGE,BN27 7PO,Katherine.L.Stokes@spambob.com,077 4504 8544,FALSE,
135,Evan,Kemp,78 South Crescent,LYDEARD ST LAWRENCE,TA4 8UW,Evan.F.Kemp@pookmail.com,070 7630 3448,FALSE,
136,Lydia,Powell,47 Coast Rd,KIRKBY,TS9 9IM,Lydia.O.Powell@mailinator.com,079 1457 4246,FALSE,
137,Oliver,Haynes,71 Great rth Road,ALTHAM,BB5 5EW,Oliver.A.Haynes@trashymail.com,079 7236 6313,FALSE,
138,Henry,Davison,16 Souterhead Road,LOSTWITHIEL,PL22 6HN,Henry.E.Davison@dodgit.com,078 7153 8251,FALSE,
139,Isabelle,Holloway,5 Boat Lane,RESOLIS,IV7 3AL,Isabelle.R.Holloway@dodgit.com,070 5294 3121,FALSE,
140,Faith,Hammond,12 Simone Weil Avenue,WAUN Y CLYN,SA17 7TB,Faith.M.Hammond@dodgit.com,078 5237 6534,FALSE,
141,Molly,Pickering,38 Earls Avenue,WHITESTAUNTON,TA20 3LG,Molly.T.Pickering@mailinator.com,077 4211 0322,FALSE,
142,Corey,Ball,10 Marlborough Crescent,SOUTHGATE,PE31 8MJ,Corey.R.Ball@mailinator.com,078 1576 0068,FALSE,
143,Isobel,Higgins,93 Preston Rd,MORDON,TS21 4EQ,Isobel.R.Higgins@mailinator.com,077 5738 8326,FALSE,
144,Hollie,Davison,91 Station Rd,PURSE CAUNDLE,DT9 7GF,Hollie.E.Davison@pookmail.com,070 7092 5812,FALSE,
145,Maisie,Stewart,76 Pendwyallt Road,BURTON,NE69 8FV,Maisie.J.Stewart@trashymail.com,077 3085 2112,FALSE,
146,Chelsea,Doyle,61 Great rth Road,AMBLECOTE,DY8 6IE,Chelsea.R.Doyle@spambob.com,079 8773 6743,FALSE,
147,Louise,Stewart,45 Church Way,BRADFIELD ST GEORGE,IP30 7NE,Louise.J.Stewart@spambob.com,070 0940 5905,FALSE,
148,Nathan,Waters,68 Ivy Lane,WALSTON,ML11 0JR,Nathan.A.Waters@spambob.com,077 6834 1521,FALSE,
149,Michael,Kemp,19 Roman Rd,LEDAIG,PA37 4OE,Michael.R.Kemp@dodgit.com,070 0262 5667,FALSE,
150,Hannah,Fleming,75 Ballifeary Road,BAMBER BRIDGE,PR5 0TU,Hannah.B.Fleming@trashymail.com,070 2287 0252,FALSE,
151,Christopher,Morton,82 Ash Lane,YNYSBOETH,CF45 7ZI,Christopher.N.Morton@trashymail.com,078 5093 2575,FALSE,
152,Danielle,Holmes,1 Baldock Street,NEWTON ON TRENT,LN1 7MF,Danielle.T.Holmes@trashymail.com,078 4397 1816,FALSE,
153,Hannah,rton,85 Buckingham Rd,THORNHILL,CF83 2QI,Hannah.A.rton@pookmail.com,079 4358 0376,FALSE,
154,Holly,Reid,5 Temple Way,WISTON,ML12 7CY,Holly.E.Reid@pookmail.com,078 1756 8897,FALSE,
155,Henry,Robson,16 Fraserburgh Rd,LEYSDOWN-ON-SEA,ME12 6VW,Henry.D.Robson@dodgit.com,079 3715 6169,FALSE,
156,Eve,Garner,20 Mar Close,DODINGTON ASH,BS37 2DP,Eve.J.Garner@mailinator.com,079 8893 2378,FALSE,
157,Eloise,Little,23 Ponsmere Road,ZENR,TR26 9OP,Eloise.D.Little@spambob.com,078 7753 8177,FALSE,
158,Toby,Hewitt,74 Boat Lane,REPPS,NR29 4RA,Toby.L.Hewitt@pookmail.com,078 4701 2074,FALSE,
159,Finlay,Bruce,78 Town Lane,SOUTH CLIFFE,YO4 6ZA,Finlay.L.Bruce@dodgit.com,070 4195 2404,FALSE,
160,Hayden,Gibson,47 Roman Rd,LECKFORD,SO20 3WW,Hayden.P.Gibson@spambob.com,078 5769 4692,FALSE,
161,Yasmin,Power,93 Kent Street,CROSS INN,CF72 2OC,Yasmin.J.Power@pookmail.com,078 1155 7004,FALSE,
162,Natasha,Cross,74 Park Place,CASTERTON,LA6 2UR,Natasha.A.Cross@trashymail.com,079 5855 1952,FALSE,
163,Kayleigh,Bishop,50 Seafield Place,FOSSDALE,DL8 3PP,Kayleigh.T.Bishop@trashymail.com,078 5411 9244,FALSE,
164,Hayden,Barrett,1 Union Terrace,LOCKERLEY,SO51 7TX,Hayden.L.Barrett@trashymail.com,070 6559 1238,FALSE,
165,Nathan,Walsh,57 Well Lane,PARKFORD,DD8 7HU,Nathan.M.Walsh@mailinator.com,078 5218 3252,FALSE,
166,Scott,Clements,10 Bath Rd,WOLDINGHAM,CR3 4BY,Scott.P.Clements@trashymail.com,070 3296 3482,FALSE,
167,Georgia,Archer,65 Roman Rd,LEIGH,SY5 4ML,Georgia.R.Archer@dodgit.com,078 3581 2580,FALSE,
168,Aaron,Rhodes,11 Glandovey Terrace,TRESINNEY,PL32 9XJ,Aaron.E.Rhodes@dodgit.com,078 0065 0838,FALSE,
169,Jasmine,Richards,51 Cunnery Rd,MANCHESTER,M1 7NI,Jasmine.B.Richards@dodgit.com,077 6218 7285,FALSE,
170,Hayden,Nash,71 Ings Lane,DELNY,IV18 6AR,Hayden.C.Nash@trashymail.com,079 6053 0774,FALSE,
171,Melissa,Hope,55 Fordham Rd,HALLWORTHY,PL32 1TA,Melissa.M.Hope@pookmail.com,070 3801 1183,FALSE,
172,Faith,Stevenson,16 Bouverie Road,WESTOW,YO6 3YP,Faith.H.Stevenson@pookmail.com,077 2191 9047,FALSE,
173,Connor,Dean,30 Sutton Wick Lane,BRINGTON,PE18 4OJ,Conr.G.Dean@mailinator.com,078 7742 0620,FALSE,
174,Amy,Birch,12 Trehafod Road,BUDE,EX23 7MO,Amy.S.Birch@dodgit.com,078 3627 2654,FALSE,
175,Chloe,Alexander,91 High St,THURNBY,LE7 6JI,Chloe.R.Alexander@mailinator.com,070 3430 3118,FALSE,
176,Lewis,Goddard,78 Stroude Road,SIMPRIM,TD12 7XN,Lewis.T.Goddard@trashymail.com,070 5128 1899,FALSE,
177,Robert,Lawson,41 Berkeley Rd,STRATFORD TONY,SP5 8FG,Robert.E.Lawson@spambob.com,070 3179 6652,FALSE,
178,Lucas,Bates,52 Graham Road,CHERITON,SA3 7AM,Lucas.A.Bates@trashymail.com,078 5290 2116,FALSE,
179,Lucy,Chan,14 Prince Consort Road,KELSAY,PA47 3TC,Lucy.J.Chan@mailinator.com,078 7644 2743,FALSE,
180,Laura,Potter,48 Neville Street,IMPINGTON,CB4 6UZ,Laura.T.Potter@dodgit.com,078 2662 5367,FALSE,
181,Reece,Barnes,41 Newport Road,CARISBROOKE,PO30 1PX,Reece.C.Barnes@dodgit.com,077 4504 7773,FALSE,
182,Harriet,Sims,56 Canterbury Road,URCHANY,IV12 4HS,Harriet.D.Sims@pookmail.com,070 0911 8116,FALSE,
183,Michael,Willis,78 Helland Bridge,UPPER HACKNEY,DE4 2IU,Michael.A.Willis@spambob.com,079 0979 1769,FALSE,
184,Aaron,Morris,79 Hampton Court Rd,SOUTHORPE,PE9 1QH,Aaron.M.Morris@spambob.com,077 6742 5279,FALSE,
185,Owen,Wyatt,5 Colorado Way,RHYD-YR-ONNEN,LL36 1LW,Owen.L.Wyatt@spambob.com,079 4257 3934,FALSE,
186,Chloe,White,36 Huntly Street,BARRAHORMID,PA31 8JL,Chloe.J.White@dodgit.com,078 7835 1699,FALSE,
187,Grace,Frost,58 Southlands Road,PONTNEWYNYDD,NP4 3QY,Grace.J.Frost@trashymail.com,078 2210 1945,FALSE,
188,Louise,Perkins,90 Old Edinburgh Road,BELMONT,BL7 9VS,Louise.O.Perkins@trashymail.com,079 1021 6384,FALSE,
189,Charlie,Manning,78 Greyfriars Road,CAPEL PARC,LL68 7WC,Charlie.D.Manning@pookmail.com,077 0501 9500,FALSE,
190,Riley,Chapman,27 Iffley Road,BROADOAK,SA32 4ZW,Riley.C.Chapman@dodgit.com,077 5630 2998,FALSE,
191,Edward,Ashton,10 Broomfield Place,STONYBRECK,ZE2 7CI,Edward.S.Ashton@pookmail.com,078 0114 7231,FALSE,
192,Victoria,Taylor,55 St Omers Road,HOCKLEY,SS5 3OB,Victoria.D.Taylor@spambob.com,077 0834 2029,FALSE,
193,Naomi,Chamberlain,74 Brynglas Road,GLENLEE,DD9 3JW,Naomi.A.Chamberlain@trashymail.com,070 0073 3289,FALSE,
194,Erin,Kerr,10 South Street,MONCREIFFE,PH2 5AV,Erin.T.Kerr@mailinator.com,070 2961 7150,FALSE,
195,Lola,Mellor,69 Caradon Hill,TYWYN,LL36 4UR,Lola.L.Mellor@trashymail.com,070 3962 5256,FALSE,
196,Alfie,Saunders,12 Old Edinburgh Road,BEECH HILL,RG7 8KQ,Alfie.L.Saunders@dodgit.com,070 4751 0765,FALSE,
197,Naomi,Lees,14 Prospect Hill,DRAYTON,DY9 7ZM,Naomi.L.Lees@trashymail.com,070 8419 3271,FALSE,
198,Ellis,Curtis,93 Jubilee Drive,CATLOW,BB10 5ZS,Ellis.S.Curtis@trashymail.com,070 1803 8232,FALSE,
199,Ben,Nelson,52 Iolaire Road,NEW BYTH,AB53 2IT,Ben.I.Nelson@trashymail.com,079 6623 5145,FALSE,
200,Harvey,John,68 Caradon Hill,TYNRIBBIE,PA38 4OU,Harvey.M.John@pookmail.com,079 4112 8239,FALSE,
201,Aidan,Wong,47 Newport Road,CARNYORTH,TR19 6AL,Aidan.V.Wong@spambob.com,078 6635 9940,FALSE,
202,Owen,Doyle,16 Harehills Lane,ROWLEY,HU20 2UI,Owen.L.Doyle@mailinator.com,077 5362 6257,FALSE,
203,Rachel,Wells,6 Prince Consort Road,KENSALEYRE,IV51 4XN,Rachel.O.Wells@pookmail.com,077 4919 7315,FALSE,
204,Madeleine,Sinclair,61 Greble Road,BRAY SHOP,PL17 1JE,Madeleine.B.Sinclair@trashymail.com,078 5096 8359,FALSE,
205,Natasha,O'Sullivan,46 Whatlington Road,COTHAM,BS6 7CE,Natasha.K.O'Sullivan@dodgit.com,079 3284 4934,FALSE,
206,Sam,Miller,54 Nenthead Road,HIGH HARROGATE,HG1 7ZK,Sam.T.Miller@pookmail.com,079 7901 0977,FALSE,
207,Amelia,Power,13 Prospect Hill,DRAYCOTT IN THE MOORS,ST10 2KL,Amelia.T.Power@dodgit.com,070 0037 4273,FALSE,
208,Luke,Murray,6 St Andrews Lane,DALCHRUIN,PH6 3EP,Luke.H.Murray@mailinator.com,078 4825 6668,FALSE,
209,Jack,Morris,87 Stroude Road,SKEGBY,NG17 7ZC,Jack.O.Morris@trashymail.com,078 3397 6272,FALSE,
210,Ruby,Ross,27 South Western Terrace,MITCHAM,CR4 2FU,Ruby.C.Ross@spambob.com,079 4188 1266,FALSE,
211,Shann,Moran,40 Bootham Terrace,REDBURN,IV16 3FJ,Shann.L.Moran@trashymail.com,079 4375 5690,FALSE,
212,Patrick,Adams,96 Overton Circle,LIVERTON,TS13 2PC,Patrick.D.Adams@dodgit.com,070 3264 5872,FALSE,
213,Imogen,Byrne,63 Prestwick Road,INNERGELLIE,KY10 7KA,Imogen.K.Byrne@pookmail.com,077 5390 3226,FALSE,
214,Toby,Dunn,82 Tadcaster Rd,PIGDON,NE61 2YZ,Toby.S.Dunn@mailinator.com,070 7248 0137,FALSE,
215,Aaliyah,Stewart,6 Roman Rd,LEGSBY,LN8 6ZY,Aaliyah.B.Stewart@pookmail.com,078 0251 5245,FALSE,
216,Jade,Joyce,93 South Crescent,LYMBRIDGE GREEN,TN25 7QS,Jade.B.Joyce@trashymail.com,079 4688 4990,FALSE,
217,Owen,Barry,55 Roman Rd,LEDSTON,WF10 1PB,Owen.A.Barry@mailinator.com,077 3022 8765,FALSE,
218,Riley,Leonard,18 Lincoln Green Lane,CHRISHALL,SG8 3JM,Riley.S.Leonard@pookmail.com,078 0661 6026,FALSE,
219,Freya,Harris,79 Friar Street,CLATTER,SY17 2YE,Freya.E.Harris@mailinator.com,070 5233 5073,FALSE,
220,Melissa,Davison,99 Ballifeary Road,BALLOGIE,AB34 9DD,Melissa.R.Davison@pookmail.com,078 5115 4894,TRUE,D
221,Joshua,Lawrence,95 Caerfai Bay Road,TEMPLE GUITING,GL54 0BO,Joshua.C.Lawrence@spambob.com,077 8132 6708,FALSE,
222,Elise,Townsend,31 Park Avenue,LEAKE COMMON SIDE,PE22 6XC,Elise.J.Townsend@pookmail.com,077 8163 6464,TRUE,D
223,Tilly,Gill,65 Ockham Road,EAST MOLESEY,KT8 4OG,Tilly.H.Gill@dodgit.com,078 6025 7473,FALSE,
224,Oliver,Chan,21 Long Street,MILL HOUSES,LA2 1NG,Oliver.T.Chan@trashymail.com,077 0418 3416,FALSE,
225,Sophie,Middleton,36 Holburn Lane,HEBDEN,BD23 9XR,Sophie.J.Middleton@dodgit.com,077 2142 1139,TRUE,B
226,Katie,Hart,76 Annfield Rd,BEDHAMPTON,PO9 2NK,Katie.E.Hart@spambob.com,070 8801 0157,FALSE,
227,Alex,Arld,31 Lamphey Road,THONG,DA12 8XK,Alex.C.Arld@mailinator.com,070 4564 8083,FALSE,
228,Thomas,Quinn,38 Ploughley Rd,TOCKINGTON,BS12 9CE,Thomas.J.Quinn@pookmail.com,079 6428 2055,FALSE,
229,Lucy,Patterson,81 Friar Street,CLAXTON,YO6 8EL,Lucy.J.Patterson@pookmail.com,077 1948 1930,FALSE,
230,Harvey,Hall,74 Redcliffe Way,WOOLSTONE,SN7 0CN,Harvey.C.Hall@dodgit.com,077 7581 7951,TRUE,D
231,Jacob,Banks,23 Ploughley Rd,TINWALD,DG1 2UI,Jacob.M.Banks@spambob.com,070 8288 3700,FALSE,
232,Courtney,Marshall,28 Duckpit Lane,UPPER MITTON,DY13 6NN,Courtney.K.Marshall@mailinator.com,079 6307 1325,FALSE,
233,Corey,Hooper,43 St Dunstans Street,WATERSIDE,KA6 2GF,Corey.N.Hooper@mailinator.com,079 4929 9005,FALSE,
234,Joe,Coates,67 Ramsgate Rd,WILBY,IP21 9FA,Joe.L.Coates@dodgit.com,077 0374 2851,FALSE,
235,Hollie,Horton,99 Ramsgate Rd,WILLOUGHTON,DN21 2OJ,Hollie.B.Horton@pookmail.com,079 4482 7102,TRUE,C
236,Emily,Mitchell,94 Carriers Road,CREETING ST MARY,IP6 7NG,Emily.R.Mitchell@mailinator.com,077 1397 7052,TRUE,A
237,Laura,Lowe,14 Hexham Road,IRONBRIDGE,TF8 1AR,Laura.E.Lowe@spambob.com,079 2605 0533,FALSE,
238,Christopher,Johnson,60 Circle Way,CALFSOUND,KW17 6KZ,Christopher.S.Johnson@trashymail.com,079 2619 0725,FALSE,
239,Scarlett,Patterson,58 Overton Circle,LITTLE STANNEY,CH2 6XO,Scarlett.G.Patterson@spambob.com,077 7293 1045,FALSE,
240,Laura,Kelly,91 Davids Lane,STRONE,PH33 6AS,Laura.L.Kelly@spambob.com,079 1758 3320,TRUE,D
241,Anna,Bennett,40 Whatlington Road,COURT-AT-STREET,CT21 3LS,Anna.T.Bennett@mailinator.com,070 0697 0154,FALSE,
242,Robert,Garner,70 Huntly Street,BARROCK,KW14 0SL,Robert.A.Garner@dodgit.com,070 3283 0325,FALSE,
243,Charles,Singh,14 Ilchester Road,MULLION,TR12 8UR,Charles.E.Singh@spambob.com,077 6158 9084,FALSE,
244,Billy,Mitchell,8 Park Place,CARSTAIRS,ML11 1NI,Billy.E.Mitchell@mailinator.com,070 7335 3197,TRUE,B
245,Anna,Carter,69 Ermin Street,WYCOMB,LE14 6UQ,Anna.P.Carter@spambob.com,070 3724 6088,FALSE,
246,Luke,Harding,77 Stone St,CRASTER,NE66 6HY,Luke.L.Harding@mailinator.com,079 8013 5141,FALSE,
247,Samantha,Frost,99 Jedburgh Road,LETTERSHAWS,ML12 2CQ,Samantha.D.Frost@mailinator.com,077 3151 7869,TRUE,C
248,Isaac,Austin,39 Winchester Rd,MERROW,GU1 0UO,Isaac.C.Austin@dodgit.com,079 2106 7429,FALSE,
249,William,James,27 Baldock Street,NEWTONMORE,PH20 8HN,William.A.James@spambob.com,070 4083 5079,TRUE,C
250,Henry,Chan,13 Colorado Way,RICHMOND UPON THAMES,TW10 7SR,Henry.R.Chan@spambob.com,070 0879 7677,FALSE,
251,William,Nicholls,45 ttingham Rd,ABERCRYCHAN,SA20 9RZ,William.H.Nicholls@trashymail.com,079 5425 8613,FALSE,
252,Toby,Vincent,51 Thompsons Lane,MEIKLE WARTLE,AB51 7ZU,Toby.E.Vincent@mailinator.com,079 5916 2837,TRUE,A
253,Lydia,Storey,85 St Andrews Lane,DALE PARK,BN18 9GG,Lydia.T.Storey@pookmail.com,077 3815 0815,FALSE,
254,Aidan,Brooks,24 Asfordby Rd,ALDFIELD,HG4 8AM,Aidan.E.Brooks@pookmail.com,070 1317 8421,FALSE,
255,Harrison,Leonard,73 Front Street,KWL WALL,ST4 3LQ,Harrison.L.Leonard@dodgit.com,079 3853 2929,FALSE,
256,Tom,Shaw,36 Prestwick Road,INISTRYNICH,PA33 2DI,Tom.G.Shaw@pookmail.com,077 4854 5932,FALSE,
257,Anna,Conr,44 Winchester Rd,MICHAELCHURCH,HR2 0UF,Anna.T.Conr@dodgit.com,079 1276 8030,FALSE,
258,Elear,Edwards,68 Preston Rd,MORFA GLAS,SA11 6NU,Elear.N.Edwards@spambob.com,079 8612 6560,FALSE,
259,Joshua,Cook,36 Hounslow Rd,SNITTERFIELD,CV37 0WB,Joshua.E.Cook@pookmail.com,070 6144 1550,FALSE,
260,Naomi,Matthews,90 Witney Way,KITWOOD,SO24 8FK,Naomi.M.Matthews@pookmail.com,079 2192 1434,FALSE,
261,Charlie,Pritchard,49 Stroud Rd,ODCOMBE,BA22 0HL,Charlie.A.Pritchard@trashymail.com,070 7445 1007,FALSE,
262,Lauren,Jarvis,86 Felix Lane,SHOTWICK,CH1 6ZY,Lauren.L.Jarvis@mailinator.com,079 7819 1574,FALSE,
263,Jude,Davidson,93 Buckingham Rd,THORNTON-LE-MOOR,DL7 4BT,Jude.C.Davidson@pookmail.com,077 3827 8269,FALSE,
264,Abby,O'Donnell,48 Stamford Road,APPLETREEHALL,TD9 1WN,Abby.S.O'Donnell@mailinator.com,079 2911 8671,FALSE,
265,Libby,West,67 Jesmond Rd,KILMALIEU,PH33 1ML,Libby.A.West@dodgit.com,079 0628 6095,FALSE,
266,Peter,Bailey,62 Chapel Lane,ARMINGHALL,NR14 8QF,Peter.E.Bailey@mailinator.com,070 5557 3640,FALSE,
267,Cerys,White,72 Main Road,AUDLEY,ST7 7YD,Cerys.J.White@mailinator.com,079 1368 8831,FALSE,
268,Madison,Warner,19 Fore St,TROUGHEND,NE19 5FB,Madison.B.Warner@mailinator.com,070 8694 2467,TRUE,B
269,Matthew,Swift,38 Well Lane,PARKHILL,PH10 0YG,Matthew.E.Swift@trashymail.com,070 1942 8838,FALSE,
270,Amelie,Joyce,4 Annfield Rd,BEDBURN,DL13 0CN,Amelie.N.Joyce@mailinator.com,070 5010 1669,FALSE,
271,Kieran,Elliott,82 Telford Street,BANCKBURN,FK7 9AD,Kieran.R.Elliott@dodgit.com,078 2435 5342,FALSE,
272,Jacob,Kent,54 Lincoln Green Lane,CHOLSTREY,HR6 9TI,Jacob.E.Kent@mailinator.com,070 6662 1607,FALSE,
273,Samuel,Turner,43 Cefn Road,FARDEN,SY8 9GY,Samuel.N.Turner@dodgit.com,079 1320 5640,FALSE,
274,Alexander,Savage,15 Buckingham Rd,THORNHILL,CF83 4FX,Alexander.H.Savage@pookmail.com,079 4330 8200,FALSE,
275,Abbie,Day,65 rthgate Street,BETTWS EVAN,SA38 1YW,Abbie.D.Day@mailinator.com,077 1160 6538,FALSE,
276,Thomas,Willis,84 Thompsons Lane,MELLOR BROOK,BB2 4QW,Thomas.M.Willis@trashymail.com,078 1545 1436,FALSE,
277,Jonathan,Thomson,33 Hull Road,PALE,LL23 2SV,Jonathan.Z.Thomson@pookmail.com,079 3696 1133,FALSE,
278,Freddie,Conlly,12 Walden Road,GREAT WRATTING,CB9 0UF,Freddie.S.Conlly@dodgit.com,078 2005 9069,FALSE,
279,William,Hughes,81 South Street,MONXTON,SP11 0ST,William.L.Hughes@spambob.com,079 0339 4553,FALSE,
280,Phoebe,Hargreaves,73 Simone Weil Avenue,WELL END,SL8 4PZ,Phoebe.D.Hargreaves@dodgit.com,077 0823 4050,FALSE,
281,Tyler,Bradshaw,9 Long Street,MILE ELM,SN11 6EP,Tyler.A.Bradshaw@mailinator.com,070 4658 2650,FALSE,
282,Imogen,Lamb,48 Cloch Rd,ST HELIER,JE1 8RK,Imogen.A.Lamb@dodgit.com,079 1807 6631,FALSE,
283,Jasmine,Tyler,46 Neville Street,ICKLETON,CB10 6AF,Jasmine.D.Tyler@dodgit.com,079 5899 4560,FALSE,
284,Sarah,Vincent,27 Botley Road,MIDDLETON GREEN,ST10 7CZ,Sarah.R.Vincent@trashymail.com,078 5280 5525,FALSE,
285,Mohammed,Butcher,85 Withers Close,ALDONS,KA26 7PW,Mohammed.M.Butcher@trashymail.com,070 0941 0205,FALSE,
286,Ruby,Bond,69 Overton Circle,LITTLETON DREW,SN14 5QD,Ruby.B.Bond@mailinator.com,079 3203 2244,FALSE,
287,Aidan,Power,48 Baldock Street,NEWTON STACEY,SO20 8SB,Aidan.O.Power@dodgit.com,078 2690 2613,FALSE,
288,Tom,Bates,5 Coast Rd,KIRKBY,TS9 2TS,Tom.A.Bates@spambob.com,079 2711 0067,FALSE,
289,Alexander,Poole,21 Sandyhill Rd,FULLER STREET,CM3 9IR,Alexander.A.Poole@spambob.com,078 4503 6713,FALSE,
290,Nicole,Thompson,84 Simone Weil Avenue,WEELEY HEATH,CO16 0IL,Nicole.S.Thompson@trashymail.com,078 1738 0980,FALSE,
291,Declan,Gregory,56 Southlands Road,PONTLLYFNI,LL54 4ZM,Declan.E.Gregory@spambob.com,079 8047 1875,FALSE,
292,Ellie,Akhtar,93 rthgate Street,BIELBY,YO42 5CY,Ellie.H.Akhtar@dodgit.com,070 3817 0987,FALSE,
293,Archie,Davey,5 Bootham Crescent,RING'S END,PE13 4AN,Archie.S.Davey@pookmail.com,070 3577 0108,FALSE,
294,Daniel,Barber,39 South Crescent,LYDHAM,SY9 8NF,Daniel.Z.Barber@trashymail.com,078 5093 4810,FALSE,
295,Harrison,Harrison,95 Park Place,CASTLE CARY,BA7 5HC,Harrison.L.Harrison@spambob.com,078 3673 4036,FALSE,
296,Lucas,Woodward,62 Ilchester Road,MUIE,IV28 1GD,Lucas.C.Woodward@spambob.com,078 1716 9162,FALSE,
297,Amber,Smith,44 Tadcaster Rd,PINXTON,NG16 6WW,Amber.R.Smith@pookmail.com,070 2146 3477,FALSE,
298,Corey,Chan,48 Wade Lane,SALTERFORTH,BB8 8VW,Corey.J.Chan@mailinator.com,070 2970 1012,FALSE,
299,Abigail,Bruce,72 Fulford Road,PENTRE GWYNFRYN,LL45 8DO,Abigail.H.Bruce@pookmail.com,078 5933 3430,FALSE,
300,Cameron,Stokes,63 Consett Rd,HILL DYKE,PE22 5VW,Cameron.E.Stokes@trashymail.com,070 0586 9342,FALSE,
301,Maya,Rowley,24 Malcolm Rd,LLANFENDIGAID,LL36 3CO,Maya.S.Rowley@pookmail.com,079 3347 6748,FALSE,
302,Brandon,Atkins,48 Folkestone Road,WINFARTHING,IP22 9FX,Brandon.S.Atkins@pookmail.com,070 4307 9878,FALSE,
303,Harley,Bruce,97 Petworth Rd,EAGLESFIELD,CA13 5NS,Harley.A.Bruce@dodgit.com,079 2326 3366,FALSE,
304,Madeleine,Conr,74 Broad Street,LOWER WIELD,SO24 7JD,Madeleine.A.Conr@dodgit.com,078 5045 4256,FALSE,
305,Josh,Reeves,67 Cambridge Road,RTH ANSTON,S31 7CG,Josh.J.Reeves@dodgit.com,070 3507 6899,FALSE,
306,Michael,Fry,20 Fore St,TRIMDON GRANGE,TS29 9WW,Michael.A.Fry@dodgit.com,077 8616 3012,FALSE,
307,Kate,Ryan,27 Felix Lane,SHOTTISHAM,IP12 7VY,Kate.S.Ryan@trashymail.com,078 5912 2852,FALSE,
308,Naomi,Bray,39 Stroud Rd,OLD BUCKENHAM,NR17 3XF,Naomi.S.Bray@mailinator.com,077 7261 0703,FALSE,
309,Keira,Foster,85 Folkestone Road,WINCHAM,CW9 4SX,Keira.T.Foster@mailinator.com,079 8712 3959,FALSE,
310,Abbie,Collins,13 rth Promenade,DOUGLASTOWN,DD8 8CJ,Abbie.R.Collins@dodgit.com,079 7091 5972,FALSE,
311,Archie,Duncan,34 St Denys Road,PORTOBELLO,EH15 0DJ,Archie.K.Duncan@dodgit.com,078 2967 7780,FALSE,
312,Phoebe,Kent,24 Prospect Hill,DRE-FACH,SA40 0CM,Phoebe.J.Kent@trashymail.com,070 4166 8722,TRUE,A
313,Gabriel,Murray,3 Kingsway rth,HOLDEN,BB7 3AG,Gabriel.R.Murray@trashymail.com,077 2774 9901,FALSE,
314,Matthew,Osborne,28 Earls Avenue,WHITMINSTER,GL2 5SZ,Matthew.V.Osborne@dodgit.com,078 6521 1429,FALSE,
315,Kiera,Herbert,51 Roker Terrace,LANGRICK,PE22 8DZ,Kiera.B.Herbert@trashymail.com,078 5178 2855,FALSE,
316,Connor,Dean,23 Hendford Hill,MOULTON,NN3 9BC,Connor.K.Dean@dodgit.com,078 2248 3787,FALSE,
317,Nathan,Rees,12 Canterbury Road,VIEWPARK,G71 8XB,Nathan.M.Rees@trashymail.com,079 7146 9129,FALSE,
318,Alisha,Newman,79 Greyfriars Road,CAPEL DEWI,SA44 6UO,Alisha.E.Newman@pookmail.com,070 4194 9176,FALSE,
319,Maya,Fox,70 Jubilee Drive,CASTLESIDE,DH8 2KA,Maya.S.Fox@trashymail.com,079 8060 1185,FALSE,
320,Leo,Fox,53 Front St,HENLEY,TA10 9HU,Leo.M.Fox@spambob.com,078 2042 9138,FALSE,
321,Aidan,Craig,46 Ramsgate Rd,WILLISHAM,IP8 1QM,Aidan.R.Craig@spambob.com,079 2574 3700,FALSE,
322,Sienna,Field,11 Hindhead Road,EAST BUDLEIGH,EX9 7UX,Sienna.K.Field@spambob.com,077 4081 4152,FALSE,
323,Georgina,McDonald,65 Wartnaby Road,ADEL,LS16 2FL,Georgina.J.McDonald@dodgit.com,078 1535 8973,FALSE,
324,Sophia,Howarth,45 Botley Road,MIDDLE TYSOE,CV35 8BF,Sophia.L.Howarth@spambob.com,078 1235 8596,FALSE,
325,Tom,Atkins,98 Roman Rd,LEIGH,SY5 4LW,Tom.L.Atkins@trashymail.com,079 7871 0349,FALSE,
326,Niamh,Ross,10 Consett Rd,HILLOWTON,DG7 4AI,Niamh.M.Ross@trashymail.com,077 7086 4550,FALSE,
327,Olivia,Pratt,94 Bishopgate Street,SEAFIELD,KA7 9BF,Olivia.B.Pratt@spambob.com,078 4524 2183,FALSE,
328,Leo,Akhtar,13 Rhosddu Rd,FIFE KEITH,AB55 1IZ,Leo.B.Akhtar@trashymail.com,079 6844 3311,TRUE,A
329,Millie,Shah,51 Glandovey Terrace,TRENT PARK,EN4 1WA,Millie.H.Shah@pookmail.com,078 3872 9580,FALSE,
330,Elise,Poole,67 George Street,BROUBSTER,KW14 2QW,Elise.F.Poole@trashymail.com,079 8110 3915,TRUE,B
331,Joel,Rose,9 Cloch Rd,ST MARTIN,TR12 4HT,Joel.E.Rose@mailinator.com,077 0180 9791,FALSE,
332,Summer,Walker,52 Constitution St,LLANSANFFRAID GLAN CONWY,LL28 0NG,Summer.G.Walker@pookmail.com,079 2439 4734,FALSE,
333,Madeleine,Bevan,2 High Street,ASHILL,IP25 5HK,Madeleine.J.Bevan@dodgit.com,079 7765 3374,FALSE,
334,Andrew,Griffiths,1 Shire Oak Road,SAWLEY,BB7 4EX,Andrew.E.Griffiths@spambob.com,070 5309 8579,FALSE,
335,Scarlett,Coles,47 Clasper Way,HICKLING GREEN,NR12 6IZ,Scarlett.E.Coles@trashymail.com,070 1089 3878,FALSE,
336,Lewis,Scott,23 Jedburgh Road,LETTERS,IV23 5BP,Lewis.L.Scott@mailinator.com,077 6851 3180,FALSE,
337,Ruby,Fuller,77 Tadcaster Rd,PIPEWELL,NN14 3RX,Ruby.B.Fuller@pookmail.com,070 3307 0974,FALSE,
338,Jonathan,Clayton,19 Eastbourne Rd,COLDHARBOUR,RH5 7GJ,Jonathan.C.Clayton@spambob.com,079 7556 7910,FALSE,
339,Georgia,Dobson,50 Traill Street,ROSTON,DE6 9KP,Georgia.B.Dobson@spambob.com,078 3653 1533,FALSE,
340,Oscar,Giles,51 Gordon Terrace,BAUGH,PA77 8CE,Oscar.A.Giles@trashymail.com,070 2085 5076,TRUE,D
341,Finley,Duffy,92 Cunnery Rd,MALDON,CM9 6TA,Finley.L.Duffy@dodgit.com,079 0566 0811,FALSE,
342,Charlie,Stevens,18 Caxton Place,BUSHBURY,WV10 9WQ,Charlie.M.Stevens@mailinator.com,078 5229 5709,FALSE,
343,Melissa,Daly,72 Fore St,TROUSTAN,PA22 3XG,Melissa.S.Daly@dodgit.com,070 1371 3577,FALSE,
344,Jay,Sinclair,35 Boat Lane,RELUBBUS,TR20 8WT,Jay.I.Sinclair@mailinator.com,077 8831 2811,FALSE,
345,Lewis,Marshall,52 Felix Lane,SIBSEY,PE22 5AI,Lewis.B.Marshall@mailinator.com,077 8093 6968,FALSE,
346,Erin,Ferguson,21 Holburn Lane,HEIGHTS OF BRAE,IV14 8RR,Erin.K.Ferguson@dodgit.com,079 6625 3103,FALSE,
347,Natasha,Summers,42 Union Terrace,LOCHEND,IV3 1EL,Natasha.H.Summers@trashymail.com,079 6298 0390,FALSE,
348,Elise,Fowler,20 Southern Way,RTH DAWN,KW17 0MU,Elise.N.Fowler@pookmail.com,079 5471 8260,FALSE,
349,Eva,Martin,2 Hindhead Road,EAST CLANDON,GU4 7UJ,Eva.K.Martin@mailinator.com,079 0672 1269,FALSE,
350,Harvey,Turner,27 Hertingfordbury Rd,NEWGORD,ZE2 1PF,Harvey.E.Turner@trashymail.com,079 2664 4468,TRUE,B
351,Natasha,Johnson,90 South Crescent,LYNE OF SKENE,AB32 3VR,Natasha.S.Johnson@pookmail.com,079 3771 7031,FALSE,
352,Sebastian,Perkins,26 Golf Road,SWAFFHAM,PE37 7OH,Sebastian.R.Perkins@spambob.com,077 3284 7494,FALSE,
353,Madison,Middleton,31 Bouverie Road,WETWANG,YO25 4XU,Madison.L.Middleton@dodgit.com,079 2303 4490,FALSE,
354,Tegan,Holland,59 Osborne Road,KILTON,TA5 0RQ,Tegan.R.Holland@mailinator.com,077 2979 0696,FALSE,
355,Summer,Bryant,69 Petworth Rd,DUTHIL,PH23 9FU,Summer.B.Bryant@dodgit.com,078 0310 4726,FALSE,
356,Harley,Newton,2 Golf Road,SUTTON-IN-CRAVEN,BD20 6EV,Harley.M.Newton@mailinator.com,079 3821 1458,FALSE,
357,Aaliyah,Ferguson,16 York Road,OVERTON,LL13 0FW,Aaliyah.A.Ferguson@trashymail.com,070 8623 8584,FALSE,
358,Alexandra,Thornton,30 Petworth Rd,DYFFRYN CEIDRYCH,SA19 9KP,Alexandra.B.Thornton@spambob.com,078 5436 1731,FALSE,
359,Andrew,Wilson,75 Hart Road,RTHOLT,UB5 6DB,Andrew.L.Wilson@pookmail.com,077 7508 0523,FALSE,
360,Peter,Mitchell,13 Scarcroft Road,PORTHMEOR,TR20 4OG,Peter.J.Mitchell@trashymail.com,077 6581 2603,TRUE,C
361,Harriet,Lees,22 Park Terrace,GILSTON,EH38 0ZV,Harriet.J.Lees@trashymail.com,077 4012 7706,FALSE,
362,Joe,Doyle,43 Ploughley Rd,TOFT HILL,DL14 7OI,Joe.N.Doyle@spambob.com,079 8549 1296,FALSE,
363,Mohammad,Metcalfe,86 Thirsk Road,BLAIRYDRYNE,AB31 6RH,Mohammad.C.Metcalfe@trashymail.com,077 8629 1632,FALSE,
364,Henry,Barlow,95 Seafield Place,FORSBROOK,ST11 2RA,Henry.I.Barlow@dodgit.com,077 8438 8863,FALSE,
365,Tia,Kelly,60 Petworth Rd,EAGLESHAM,G76 8PO,Tia.S.Kelly@pookmail.com,079 5719 9921,FALSE,
366,Mollie,Simmons,85 Fraserburgh Rd,LIDLINGTON,MK43 2AB,Mollie.M.Simmons@spambob.com,078 6109 5010,FALSE,
367,Rhys,Higgins,97 Roman Rd,LEDICOT,HR6 3EK,Rhys.A.Higgins@mailinator.com,077 8466 8374,FALSE,
368,Daniel,Baker,2 Stamford Road,ARDANSTUR,PA34 6CW,Daniel.A.Baker@trashymail.com,077 8721 9509,TRUE,B
369,Alfie,Stanley,37 Withers Close,ALMINGTON,TF9 7QB,Alfie.K.Stanley@trashymail.com,070 5155 8557,FALSE,
370,Brooke,Allan,16 Fordham Rd,HAIGHTON GREEN,PR2 1VQ,Brooke.E.Allan@dodgit.com,079 2035 6485,FALSE,
371,Tom,Kent,94 Annfield Rd,BEARCK,IV3 5YO,Tom.J.Kent@pookmail.com,077 8378 8717,FALSE,
372,Dominic,Doyle,21 Peachfield Road,CEFNEITHIN,SA14 7AC,Dominic.F.Doyle@dodgit.com,077 0913 0328,TRUE,B
373,Demi,Byrne,46 Ross Road,MARTIN,SP6 3XY,Demi.B.Byrne@trashymail.com,078 6362 9104,FALSE,
374,Patrick,Walters,36 Iffley Road,BRIZE RTON,OX18 4QM,Patrick.E.Walters@pookmail.com,077 5724 6673,FALSE,
375,Nicole,Sinclair,45 Boroughbridge Road,BIRKWOOD,ML11 8ZK,Nicole.I.Sinclair@pookmail.com,070 3778 1575,FALSE,
376,Jodie,Brooks,89 Buckingham Rd,THORNYLEE,TD1 6JE,Jodie.I.Brooks@mailinator.com,070 0900 2053,FALSE,
377,Lilly,Bull,75 Monks Way,TORRISDALE,KW14 7YQ,Lilly.F.Bull@dodgit.com,070 6429 5471,FALSE,
378,Liam,Conr,16 Golf Road,SUTTON-UNDER-BRAILES,CV36 3OL,Liam.K.Conr@trashymail.com,079 7597 2763,FALSE,
379,Eve,Watson,13 Graham Road,CHERITON CROSS,EX6 7GL,Eve.R.Watson@dodgit.com,079 8065 1875,FALSE,
380,Aimee,Sykes,86 Temple Way,WITHAM ON THE HILL,PE10 9TQ,Aimee.J.Sykes@trashymail.com,079 5472 2088,FALSE,
381,Katherine,Slater,36 Shire Oak Road,SCALASAIG,PA61 9II,Katherine.D.Slater@mailinator.com,070 4872 4521,FALSE,
382,Bailey,Alexander,55 Main St,ABY,LN13 3ET,Bailey.M.Alexander@mailinator.com,078 0630 8993,FALSE,
383,Reece,Nicholls,9 Sea Road,LAMBFELL MOAR,IM4 0IO,Reece.E.Nicholls@trashymail.com,070 1941 3267,FALSE,
384,Zachary,George,93 Colorado Way,RICCARTON,KA1 1XD,Zachary.L.George@spambob.com,070 2138 3657,FALSE,
385,Ryan,Scott,86 Hounslow Rd,SNARFORD,LN8 2JH,Ryan.T.Scott@pookmail.com,078 8763 3606,FALSE,
386,Paige,Barton,60 Holburn Lane,HEBDEN GREEN,CW7 5ZM,Paige.J.Barton@dodgit.com,077 8252 3109,FALSE,
387,Isobel,Burgess,76 Layburn Court,TOWN STREET,IP27 4JJ,Isobel.T.Burgess@pookmail.com,078 8290 6832,FALSE,
388,Georgia,Bentley,84 Russell Rd,SHIPTON,GL54 8OV,Georgia.R.Bentley@mailinator.com,078 0555 8219,FALSE,
389,Kiera,Conr,19 Well Lane,PEARSIE,DD8 7RB,Kiera.D.Conr@mailinator.com,078 1449 0841,FALSE,
390,Kai,Wong,43 Henley Road,BOWSDEN,TD15 7KR,Kai.K.Wong@spambob.com,070 1448 1080,TRUE,A
391,Matilda,Chadwick,5 Shire Oak Road,SCOTSTON,AB30 2RB,Matilda.T.Chadwick@pookmail.com,077 3727 7353,FALSE,
392,Chelsea,Black,82 Hart Road,RTHEND,CV33 4FN,Chelsea.D.Black@dodgit.com,079 2902 0526,FALSE,
393,Benjamin,Hardy,73 Seaford Road,CUMMERSDALE,CA2 6ZM,Benjamin.L.Hardy@pookmail.com,078 2519 2790,FALSE,
394,Louie,Fraser,78 Ross Road,MARKS TEY,CO6 9JD,Louie.L.Fraser@spambob.com,077 0017 0636,FALSE,
395,Jake,Powell,33 Hindhead Road,EARLISH,IV51 5KW,Jake.H.Powell@trashymail.com,079 2904 2857,TRUE,D
396,Nicole,French,45 Bath Rd,WOLFHAMPCOTE,CV23 3AW,Nicole.M.French@trashymail.com,070 1574 4878,FALSE,
397,Charlotte,Blake,89 Spilman Street,GRAMSDAL,HS7 6VL,Charlotte.M.Blake@mailinator.com,078 6294 3435,FALSE,
398,Chloe,Williamson,52 Foregate Street,CLYNDERWEN,SA66 0QG,Chloe.J.Williamson@trashymail.com,078 8927 1480,FALSE,
399,Mohammed,McDonald,95 Earls Avenue,WHITECHURCH,SA41 6GO,Mohammed.C.McDonald@dodgit.com,077 4728 4510,FALSE,
400,Sebastian,Bartlett,18 Tadcaster Rd,PILLATON,PL12 8NN,Sebastian.A.Bartlett@pookmail.com,078 8860 9105,FALSE,
401,Naomi,Murphy,32 Neville Street,IFIELD,RH11 8BA,Naomi.M.Murphy@mailinator.com,070 6917 1302,FALSE,
402,Leon,Clark,8 Ponteland Rd,HUCCLECOTE,GL3 3TZ,Leon.T.Clark@mailinator.com,078 8787 2387,FALSE,
403,Lucy,Cooke,88 Roman Rd,LEE,EX34 4GP,Lucy.A.Cooke@spambob.com,079 8435 1067,FALSE,
404,Sean,Pugh,45 Foregate Street,COED-Y-PAEN,NP4 5UY,Sean.A.Pugh@spambob.com,079 3908 7067,FALSE,
405,Reece,Barnes,68 Newgate Street,JOHNSHAVEN,DD10 6FS,Reece.L.Barnes@spambob.com,078 5553 0309,FALSE,
406,Tilly,Hall,35 St Omers Road,HIXON,ST18 0LW,Tilly.E.Hall@mailinator.com,079 3329 3132,FALSE,
407,Summer,Johnston,47 Fulford Road,PENTEWAN,PL26 8DG,Summer.H.Johnston@pookmail.com,079 3688 8546,FALSE,
408,Reece,Peacock,18 South Crescent,LYMINSTER,BN17 1KL,Reece.M.Peacock@spambob.com,077 8038 5420,FALSE,
409,Jacob,O'Brien,8 Iffley Road,BROADBRIDGE,PO18 0BQ,Jacob.T.O'Brien@pookmail.com,077 3329 7632,FALSE,
410,Victoria,Jarvis,68 High St,THURLBEAR,TA3 0CN,Victoria.M.Jarvis@dodgit.com,077 1876 3067,FALSE,
411,Zoe,Howarth,52 Farburn Terrace,LITTLE LONDON,PE12 5IV,Zoe.C.Howarth@mailinator.com,078 6785 1797,FALSE,
412,Logan,Hutchinson,13 Circle Way,CAIRRRIE,AB41 0ZD,Logan.K.Hutchinson@trashymail.com,077 1214 4615,FALSE,
413,Ava,Cooke,48 Great rth Road,ANDERBY,PE24 8QM,Ava.T.Cooke@dodgit.com,079 2525 1993,FALSE,
414,Elizabeth,Townsend,36 Overton Circle,LITTLEBOROUGH,OL15 1LT,Elizabeth.K.Townsend@dodgit.com,079 6903 1411,FALSE,
415,Gracie,Morris,12 Seafield Street,LLYSFAEN,LL29 2SR,Gracie.C.Morris@pookmail.com,079 8298 1326,FALSE,
416,Mohammed,Miller,23 Boat Lane,REYNALTON,SA68 9BR,Mohammed.A.Miller@dodgit.com,077 3177 5770,FALSE,
417,Rachel,Parkinson,50 Lincoln Green Lane,CHURCHILL,DY10 1TE,Rachel.J.Parkinson@mailinator.com,078 5252 5975,FALSE,
418,Freddie,Vincent,67 Broad Street,LOWNIE MOOR,DD8 2NR,Freddie.D.Vincent@pookmail.com,079 8528 1891,FALSE,
419,Cameron,Tucker,30 Scrimshire Lane,ASTON,SY8 3OU,Cameron.L.Tucker@mailinator.com,070 5159 9731,FALSE,
420,Niamh,Holland,29 Ballifeary Road,BALNAHARD,PA61 7NS,Niamh.A.Holland@trashymail.com,077 4405 6335,FALSE,
421,Sophia,Parkes,90 Brackley Road,TILLYBIRLOCH,AB51 3AS,Sophia.L.Parkes@trashymail.com,078 3911 6455,FALSE,
422,Corey,Joyce,29 Eastbourne Rd,COLD ASHTON,SN14 3HO,Corey.H.Joyce@spambob.com,079 1817 0220,FALSE,
423,Lara,Summers,48 Walden Road,GRENDON GREEN,HR6 3LD,Lara.J.Summers@dodgit.com,079 7543 6409,FALSE,
424,Matthew,Long,68 Coast Rd,KIRKTON,KW13 9TL,Matthew.H.Long@trashymail.com,079 4516 4353,FALSE,
425,Taylor,O'Conr,90 Sutton Wick Lane,BRIDGEND,PA31 7GS,Taylor.E.O'Conr@trashymail.com,078 5746 8870,FALSE,
426,Joel,Wilkinson,10 Helland Bridge,UP HOLLAND,WN8 9PI,Joel.S.Wilkinson@dodgit.com,077 4320 2945,FALSE,
427,Joshua,Pugh,97 Nith Street,GLAN-YR-AFON,LL21 7TT,Joshua.M.Pugh@trashymail.com,077 6230 6891,TRUE,B
428,Jayden,Martin,48 Scarcroft Road,POPHAM,SO21 9PD,Jayden.L.Martin@spambob.com,079 7688 6166,FALSE,
429,Finley,Osborne,52 Hounslow Rd,SNETTISHAM,PE31 2CL,Finley.C.Osborne@mailinator.com,077 5031 5462,FALSE,
430,Scott,Higgins,12 Main Road,AUCHENRIVOCK,DG14 2MG,Scott.K.Higgins@trashymail.com,078 7300 1213,FALSE,
431,Lydia,Johnston,4 Dunmow Road,GRINDLEY,ST14 8NP,Lydia.K.Johnston@pookmail.com,079 8203 3727,FALSE,
432,Jodie,Marsden,69 Iolaire Road,NEW FERRY,L62 4DJ,Jodie.R.Marsden@trashymail.com,079 6634 7447,FALSE,
433,Louise,Holmes,32 Warren St,WEST BYFLEET,KT14 6MS,Louise.I.Holmes@pookmail.com,077 7876 0985,FALSE,
434,Courtney,Martin,61 Freezeland Lane,COXWOLD,YO61 6AW,Courtney.I.Martin@dodgit.com,079 6696 1705,FALSE,
435,Harriet,Parkes,16 Ivy Lane,WARENTON,NE70 1WT,Harriet.S.Parkes@mailinator.com,070 8761 9453,FALSE,
436,Peter,Griffin,39 Osborne Road,KILVINGTON,NG13 7ZG,Peter.A.Griffin@pookmail.com,070 8376 6092,FALSE,
437,Declan,Jarvis,9 Exning Road,HANLITH,BD23 8LZ,Declan.F.Jarvis@spambob.com,078 4980 2276,FALSE,
438,Declan,Vaughan,87 Ploughley Rd,TINTERN PARVA,NP6 8HW,Declan.I.Vaughan@mailinator.com,079 5599 9534,FALSE,
439,Rosie,Webster,56 Consett Rd,HILLEND,KY11 4FP,Rosie.R.Webster@trashymail.com,079 6883 2030,FALSE,
440,Bradley,Davis,3 Bouverie Road,WESTONBIRT,GL8 5RH,Bradley.A.Davis@trashymail.com,078 0448 0361,FALSE,
441,Ellis,Alexander,94 Abbey Row,RWICH,NR2 8MH,Ellis.S.Alexander@mailinator.com,078 8438 8944,FALSE,
442,Jennifer,Richardson,3 Newgate Street,KEAL COTES,PE23 7KE,Jennifer.C.Richardson@trashymail.com,078 2494 8495,FALSE,
443,Scarlett,Khan,42 Iolaire Road,NEW ADDINGTON,CR0 5MF,Scarlett.L.Khan@spambob.com,077 7085 1113,FALSE,
444,Aimee,Fitzgerald,20 Newgate Street,KEELE,ST5 2KB,Aimee.N.Fitzgerald@pookmail.com,078 3242 9321,FALSE,
445,Rhys,Steele,57 Witney Way,KIRKTON OF STRATHMARTINE,DD3 7VZ,Rhys.S.Steele@spambob.com,078 6126 7662,FALSE,
446,Lucy,Welch,48 Abbey Row,RTON ST PHILIP,BA3 9SP,Lucy.L.Welch@mailinator.com,077 3589 3848,FALSE,
447,Josh,O'Brien,86 Whatlington Road,COVE BAY,AB1 1MN,Josh.I.O'Brien@pookmail.com,079 4580 9630,FALSE,
448,Zara,Watts,77 Lammas Street,GRAYINGHAM,DN21 3TY,Zara.E.Watts@trashymail.com,079 4574 0054,FALSE,
449,Kate,Owen,65 Holburn Lane,HELSBY,WA6 6OD,Kate.J.Owen@spambob.com,077 6887 6088,FALSE,
450,Nathan,Hilton,14 Boroughbridge Road,BIRMINGHAM,B2 4YZ,Nathan.E.Hilton@mailinator.com,079 2819 5636,FALSE,
451,Emma,Clarke,48 Sea Road,LANE END,LA19 4VM,Emma.A.Clarke@mailinator.com,079 6987 5437,FALSE,
452,Lauren,Williams,56 Rowland Rd,ORLETON,WR6 8FW,Lauren.L.Williams@trashymail.com,079 8325 0297,FALSE,
453,Erin,James,7 Abingdon Road,BRAMDEAN,SO24 1MK,Erin.A.James@spambob.com,070 0162 6279,FALSE,
454,Harvey,Parkinson,21 Wrexham Road,FEERING,CO5 6RR,Harvey.A.Parkinson@dodgit.com,077 1225 1170,FALSE,
455,Naomi,Bradley,90 Middlewich Road,FIRBANK,LA10 4SN,Naomi.B.Bradley@spambob.com,077 6496 0902,FALSE,
456,Madeleine,Bolton,93 Cambridge Road,MANSLAND,EX16 6HJ,Madeleine.K.Bolton@mailinator.com,070 5248 1732,FALSE,
457,Lauren,Bryan,96 Sloe Lane,CRUCHIE,AB54 0RF,Lauren.W.Bryan@dodgit.com,070 5332 8264,FALSE,
458,Andrew,Lamb,49 Huntly Street,BARSBY,LE7 6LV,Andrew.G.Lamb@trashymail.com,078 3780 5961,FALSE,
459,Bailey,McDonald,7 Caerfai Bay Road,THE BIRKS,AB32 0ZX,Bailey.M.McDonald@mailinator.com,070 4030 6381,FALSE,
460,Amber,Thorpe,96 St Omers Road,HOLBROOK,DE56 9VV,Amber.S.Thorpe@trashymail.com,078 2705 7067,FALSE,
461,Max,Rogers,6 Sea Road,LAMYATT,BA4 9BV,Max.A.Rogers@trashymail.com,077 3172 9521,FALSE,
462,Alicia,Wilson,68 rth Road,NETHERWOOD,KA18 7AA,Alicia.R.Wilson@spambob.com,070 3144 6891,FALSE,
463,Sienna,Barton,40 Boughton Rd,WHITSOME,TD11 8PJ,Sienna.M.Barton@spambob.com,077 0370 0000,FALSE,
464,Poppy,Page,79 Broomfield Place,STOULTON,WR7 4AE,Poppy.W.Page@dodgit.com,078 8264 0344,FALSE,
465,Rebecca,Howells,45 Ramsgate Rd,WILLIAN,SG6 3BR,Rebecca.M.Howells@spambob.com,077 1286 4980,FALSE,
466,Callum,Kirby,79 Wood Lane,BAINSHOLE,AB54 6DX,Callum.P.Kirby@pookmail.com,078 5181 9445,FALSE,
467,William,Naylor,49 Guildry Street,GAMSTON,NG2 0KP,William.E.Naylor@trashymail.com,077 7449 5498,FALSE,
468,Danielle,Robertson,79 Bootham Terrace,REDFORD,DD11 7HH,Danielle.N.Robertson@mailinator.com,070 4244 6766,FALSE,
469,Eve,Hooper,74 Oxford Rd,WORSTEAD,NR28 5ZU,Eve.T.Hooper@mailinator.com,079 2315 6309,TRUE,A
470,Sarah,Byrne,59 Duckpit Lane,UPPERMILL,OL3 7UZ,Sarah.H.Byrne@pookmail.com,078 7058 1375,FALSE,
471,Ethan,Cole,10 Prospect Hill,DRAKES CROSS,B47 3WN,Ethan.A.Cole@pookmail.com,070 2690 4962,FALSE,
472,Robert,ble,4 Front Street,KNYPERSLEY,ST8 2ZC,Robert.M.ble@spambob.com,078 7072 5844,FALSE,
473,Mohammad,Flynn,6 Essex Rd,TASTON,OX7 4XH,Mohammad.N.Flynn@trashymail.com,078 3920 8178,TRUE,C
474,Emily,Conlly,26 Winchester Rd,MICKLEHAM,RH5 1HR,Emily.J.Conlly@pookmail.com,079 7944 6623,FALSE,
475,Jonathan,Naylor,81 Coast Rd,KIRKBY UNDERWOOD,PE10 8CT,Jonathan.C.Naylor@dodgit.com,077 5567 6839,FALSE,
476,William,Holden,20 High St,THORPE ST ANDREW,NR7 2JR,William.L.Holden@pookmail.com,078 6441 5451,FALSE,
477,Christopher,Stevenson,55 Park Avenue,LEADEN RODING,CM6 3XN,Christopher.L.Stevenson@spambob.com,079 5472 3008,FALSE,
478,Nicole,Mellor,45 Botley Road,MIDDLEWOOD GREEN,IP14 9DD,Nicole.H.Mellor@trashymail.com,070 3691 9400,FALSE,
479,Morgan,Potts,15 Emerson Road,KIRKBRIDE,CA5 7BU,Morgan.M.Potts@trashymail.com,070 2794 9476,FALSE,
480,Isaac,Clarke,90 Newmarket Road,HAXTED,TN8 5VO,Isaac.L.Clarke@trashymail.com,078 7279 7861,FALSE,
481,Noah,Thompson,12 Clasper Way,HEVER,TN8 1JW,ah.D.Thompson@spambob.com,079 5056 8861,FALSE,
482,Kai,Reylds,41 Castledore Road,TUTNALL,B60 1HJ,Kai.H.Reylds@trashymail.com,070 7967 3763,FALSE,
483,Liam,Thornton,83 Hull Road,PADDOCKHOLE,DG11 6HY,Liam.M.Thornton@dodgit.com,078 5986 1177,FALSE,
484,Isabelle,Perry,16 Gloddaeth Street,BILLINGBOROUGH,NG34 3LV,Isabelle.D.Perry@pookmail.com,078 5849 8759,FALSE,
485,Declan,Ingram,98 Guild Street,LONDON,SE17 8QX,Declan.H.Ingram@trashymail.com,077 7305 0104,FALSE,
486,Henry,Lloyd,25 Scotsburn Rd,TALYBONT,SY24 2AA,Henry.D.Lloyd@trashymail.com,070 7412 7628,FALSE,
487,Tom,Ryan,77 Colorado Way,RHOSSILI,SA3 2YI,Tom.S.Ryan@spambob.com,078 5828 7133,TRUE,A
488,Dominic,Clarke,63 rth Road,NETHER HEADON,DN22 2GN,Dominic.H.Clarke@pookmail.com,070 1799 7054,FALSE,
489,Jake,Baker,95 Peachfield Road,CHALE,PO38 0QH,Jake.K.Baker@dodgit.com,070 1181 4720,FALSE,
490,Amy,Duffy,63 Henley Road,BOWNESS-ON-SOLWAY,CA5 8WJ,Amy.S.Duffy@dodgit.com,079 3478 6256,FALSE,
491,Corey,Price,20 Horsefair Green,OLD SWARLAND,NE65 8DV,Corey.S.Price@trashymail.com,077 1600 9844,FALSE,
492,Jude,Francis,20 Kent Street,CROSS HILLS,BD20 7HG,Jude.A.Francis@spambob.com,077 5896 1563,FALSE,
493,Eva,Sims,56 Cefn Road,FARLEIGH WALLOP,RG25 3NH,Eva.K.Sims@dodgit.com,070 1575 7410,FALSE,
494,Emily,Peacock,31 Seafield Street,LLANYBRI,SA33 4EM,Emily.J.Peacock@dodgit.com,070 8858 7824,FALSE,
495,Kate,Wyatt,58 Freezeland Lane,CRAGGIE,KW8 4IT,Kate.P.Wyatt@mailinator.com,077 0693 1362,FALSE,
496,Emma,Hughes,74 Rhosddu Rd,FFAIR-RHOS,SY25 8HR,Emma.M.Hughes@pookmail.com,077 1253 1185,FALSE,
497,Matthew,Middleton,91 Fox Lane,BOGHEAD,KA18 1UH,Matthew.M.Middleton@dodgit.com,077 8197 8488,FALSE,
498,Samuel,Robson,55 Caradon Hill,TYLWCH,LD6 4NI,Samuel.L.Robson@trashymail.com,070 0768 2109,FALSE,
499,Olivia,Peacock,53 Guildry Street,GAMBLESBY,CA10 8ER,Olivia.C.Peacock@spambob.com,077 5776 2521,FALSE,
500,Jonathan,Page,31 Cunnery Rd,MALVERN WELLS,WR14 0KD,Jonathan.K.Page@pookmail.com,077 3823 7832,FALSE,
501,Ellie,Wilson,10 Caerfai Bay Road,TEWKESBURY,GL20 3SX,Ellie.B.Wilson@mailinator.com,070 6407 1498,FALSE,
502,Lewis,Hayward,15 Scrimshire Lane,ASTON,S30 0HW,Lewis.J.Hayward@mailinator.com,078 0917 5132,FALSE,
503,Paige,Carr,93 Wern Ddu Lane,LURGASHALL,GU28 4OO,Paige.D.Carr@dodgit.com,077 3780 8631,TRUE,C
504,Lara,Hawkins,66 Uxbridge Road,SLIGACHAN,IV47 6HH,Lara.C.Hawkins@trashymail.com,070 7054 6325,FALSE,
505,Scarlett,Marshall,99 Dunmow Road,GRISHIPOLL,PA78 7ZC,Scarlett.L.Marshall@pookmail.com,078 0198 8036,FALSE,
506,Owen,Webster,37 Chapel Lane,ARNGIBBON,FK8 9YE,Owen.E.Webster@trashymail.com,077 0121 0169,FALSE,
507,Isabelle,King,37 Fraserburgh Rd,LINCOLN,LN2 7RH,Isabelle.K.King@pookmail.com,077 0442 9135,FALSE,
508,Holly,Johnson,54 Redcliffe Way,WOOLLEY,PE18 6HN,Holly.L.Johnson@dodgit.com,077 8929 8855,FALSE,
509,Corey,Cooper,90 Asfordby Rd,AIRIGH-DRISHAIG,IV54 8UN,Corey.E.Cooper@spambob.com,070 6150 3381,FALSE,
510,Aaron,Garner,18 George Street,BRUISYARD STREET,IP13 5IJ,Aaron.P.Garner@pookmail.com,079 3023 0972,FALSE,
511,Nathan,Farrell,69 Circle Way,CADELEIGH,EX16 3VY,Nathan.E.Farrell@spambob.com,078 4947 6449,FALSE,
512,Finley,Russell,34 Worthy Lane,MARYPORT,DG9 9NH,Finley.L.Russell@spambob.com,078 1433 9001,FALSE,
513,Molly,Farrell,67 Fraserburgh Rd,LINDORES,KY14 3MM,Molly.L.Farrell@dodgit.com,078 8120 3733,FALSE,
514,Ethan,Cook,77 Huntly Street,BARTESTREE,HR1 3BA,Ethan.Z.Cook@mailinator.com,070 2150 2977,FALSE,
515,Madison,Haynes,19 Scotsburn Rd,SYERSTON,NG23 6AX,Madison.G.Haynes@trashymail.com,079 0957 7233,FALSE,
516,Callum,Walters,60 Princes Street,ROGIET,NP6 8PK,Callum.A.Walters@dodgit.com,070 1749 5722,FALSE,
517,Georgia,Short,91 Walwyn Rd,CHARTERHOUSE,BS18 5WQ,Georgia.L.Short@trashymail.com,077 6449 8901,FALSE,
518,Matilda,Hunt,77 Broomfield Place,STOW BARDOLPH,PE34 2SU,Matilda.F.Hunt@dodgit.com,078 2293 4583,FALSE,
519,Maya,Abbott,22 Holgate Rd,RADCOT,OX18 0CG,Maya.C.Abbott@pookmail.com,070 7393 3998,FALSE,
520,Michael,Tyler,93 Nenthead Road,HIGHER WHATCOMBE,DT11 9NF,Michael.A.Tyler@dodgit.com,077 7027 8427,FALSE,
521,Abby,Ford,74 Park Terrace,GILDERSOME,LS27 8EN,Abby.K.Ford@spambob.com,078 2908 4748,FALSE,
522,Kai,Read,18 Rhosddu Rd,FINEGAND,PH10 7CE,Kai.L.Read@trashymail.com,079 2504 6772,FALSE,
523,Anna,Davidson,83 Rhosddu Rd,FINGERPOST,DY14 4IX,Anna.J.Davidson@spambob.com,070 4847 6275,FALSE,
524,Zachary,Wilson,23 Harrogate Road,RUSTON,YO13 9CG,Zachary.K.Wilson@mailinator.com,078 8560 5134,FALSE,
525,Leo,Wilkins,55 Clasper Way,HEYTESBURY,BA12 0NJ,Leo.F.Wilkins@spambob.com,079 3089 7616,FALSE,
526,Cameron,Webb,65 Park End St,BROOKTHORPE,GL4 7PL,Cameron.K.Webb@spambob.com,079 8151 8651,FALSE,
527,Harriet,Butler,18 Southern Way,RTH KYME,LN4 1VA,Harriet.G.Butler@pookmail.com,077 5305 3830,FALSE,
528,Joseph,Lambert,55 St Maurices Road,PRESTON,DT3 3GM,Joseph.M.Lambert@trashymail.com,079 7354 0928,FALSE,
529,Finlay,Bolton,13 Ivy Lane,WARBOYS,PE17 2QE,Finlay.M.Bolton@mailinator.com,077 4928 9904,FALSE,
530,Summer,Holt,51 Lammas Street,GREAT EDSTONE,YO62 5HI,Summer.E.Holt@pookmail.com,077 3454 4849,FALSE,
531,Sophie,Alexander,77 rthgate Street,BIDDISHAM,BS26 7RS,Sophie.L.Alexander@trashymail.com,079 1241 6542,FALSE,
532,Billy,Rogers,30 Kingsway rth,HOLLYBUSH,HR8 5CN,Billy.E.Rogers@dodgit.com,070 8845 8484,FALSE,
533,Lewis,Lees,13 Park End St,BROMLEY,BR1 3QL,Lewis.M.Lees@dodgit.com,077 1677 5632,FALSE,
534,Joshua,Patel,20 Great Western Road,LORBOTTLE HALL,NE65 7ID,Joshua.F.Patel@spambob.com,078 5246 3343,FALSE,
535,Finlay,Miles,61 Great Western Road,LONGR,SY5 5DV,Finlay.S.Miles@trashymail.com,070 6520 9517,FALSE,
536,Hollie,Leach,60 Front St,HEMPRIGGS HOUSE,KW1 5EI,Hollie.L.Leach@pookmail.com,070 5908 8664,FALSE,
537,Ben,Berry,46 Mar Way,GREAT HARWOOD,BB6 9HC,Ben.R.Berry@spambob.com,078 3216 3414,FALSE,
538,Adam,George,63 Hexham Road,INVERSHIEL,IV40 1RK,Adam.G.George@pookmail.com,079 5133 9572,FALSE,
539,Morgan,Ball,59 Duckpit Lane,UPTON,CH49 9SI,Morgan.S.Ball@dodgit.com,078 4497 6572,FALSE,
540,Luca,Browne,14 Sea Road,LANDFORD,SP5 3QU,Luca.I.Browne@trashymail.com,079 4111 8238,FALSE,
541,Emily,Rowe,23 Golf Road,SWAYFIELD,NG33 2SI,Emily.E.Rowe@dodgit.com,070 8268 3508,FALSE,
542,Ruby,Dodd,50 Souterhead Road,LOW MOOR,BB7 8LQ,Ruby.J.Dodd@dodgit.com,077 4169 4909,FALSE,
543,Evan,Hooper,19 St Dunstans Street,WATERLOOVILLE,PO7 2PL,Evan.R.Hooper@spambob.com,079 2330 4355,FALSE,
544,Elizabeth,Ingram,5 Earls Avenue,WHITELEY BANK,PO38 1RG,Elizabeth.C.Ingram@pookmail.com,079 8591 6287,FALSE,
545,Melissa,Singh,97 Neville Street,HYDE LEA,ST18 6FK,Melissa.O.Singh@trashymail.com,079 7404 0380,FALSE,
546,Eve,Kemp,34 Ivy Lane,WALTON,TF6 0OO,Eve.H.Kemp@spambob.com,079 1878 3427,FALSE,
547,Oscar,Griffiths,31 Russell Rd,SHEPTON MONTAGUE,BA7 2FZ,Oscar.G.Griffiths@pookmail.com,077 4798 9248,FALSE,
548,Ava,Wilkinson,4 Berkeley Rd,STOWFORD,EX20 4GW,Ava.J.Wilkinson@mailinator.com,078 0033 8832,FALSE,
549,Harriet,rris,23 Glandovey Terrace,TREMATON,PL12 1YI,Harriet.J.rris@dodgit.com,070 6536 3435,FALSE,
550,Tegan,Turnbull,8 Sutton Wick Lane,BRIDGETOWN,PL15 9AY,Tegan.S.Turnbull@pookmail.com,078 2033 2767,FALSE,
551,Paige,Bowen,18 Bridge Street,GOLDIELEA,DG2 4MU,Paige.L.Bowen@mailinator.com,078 5378 4347,FALSE,
552,Ryan,Vaughan,63 Winchester Rd,MEY,KW14 8RN,Ryan.S.Vaughan@spambob.com,079 0060 3543,FALSE,
553,Charlie,Harding,8 Argyll Street,ST QUIVOX,KA9 2FT,Charlie.I.Harding@dodgit.com,070 0393 6121,FALSE,
554,Joel,Daniels,28 Whitchurch Road,ENGLEFIELD GREEN,TW20 2RR,Joel.A.Daniels@pookmail.com,078 1219 4631,FALSE,
555,Oliver,Ferguson,48 Great rth Road,ALTICRY,DG8 7DH,Oliver.T.Ferguson@spambob.com,077 6107 1153,FALSE,
556,Joshua,Fuller,14 Park End St,BROOM'S GREEN,GL18 5SM,Joshua.D.Fuller@pookmail.com,078 1255 9703,FALSE,
557,Phoebe,Kirk,31 Southend Avenue,BLACKSHAW HEAD,HX7 4UD,Phoebe.L.Kirk@trashymail.com,078 2466 9831,FALSE,
558,Gracie,Crawford,98 High St,THRYBERGH,S65 7ZW,Gracie.A.Crawford@trashymail.com,079 0814 9967,FALSE,
559,Joshua,Jarvis,43 Asfordby Rd,AIRNTULLY,PH1 8SG,Joshua.S.Jarvis@pookmail.com,070 0618 0022,TRUE,D
560,Georgina,Morley,19 Farburn Terrace,LITTLE GLEMHAM,IP13 9RC,Georgina.J.Morley@pookmail.com,078 2445 4291,FALSE,
561,Sophie,Jones,95 Cunnery Rd,MAINS OF THORNTON,AB30 3UV,Sophie.N.Jones@trashymail.com,079 6716 2403,FALSE,
562,Freya,Webb,62 Seafield Place,FOUR MARKS,GU34 7NB,Freya.M.Webb@trashymail.com,070 0124 4238,FALSE,
563,Harriet,McLean,27 Asfordby Rd,ALDERTON,GL20 8ZE,Harriet.W.McLean@mailinator.com,079 0533 4217,FALSE,
564,Erin,Hargreaves,9 Newgate Street,IVYCHURCH,TN29 0CD,Erin.S.Hargreaves@trashymail.com,077 2170 4994,FALSE,
565,Aidan,Stevens,13 Abingdon Road,BRAMSHAW,SO43 6LF,Aidan.S.Stevens@trashymail.com,078 3556 0993,FALSE,
566,Mohammad,Marsh,66 Long Street,MILTON,DD8 2QV,Mohammad.A.Marsh@spambob.com,070 3484 3717,FALSE,
567,Corey,West,84 George Street,BROXTED,CM6 8LO,Corey.P.West@pookmail.com,078 5550 5078,FALSE,
568,Mia,Sullivan,22 Sandyhill Rd,FULKING,BN5 3CD,Mia.H.Sullivan@pookmail.com,070 7455 4599,FALSE,
569,Kian,Dyer,41 St James Boulevard,HORSE BRIDGE,ST9 8IW,Kian.A.Dyer@mailinator.com,070 2405 8328,FALSE,
570,James,Harper,54 Thornton St,HURLINESS,KW16 4AI,James.M.Harper@dodgit.com,077 2144 8219,FALSE,
571,Zara,Chan,87 Mill Lane,CORNISH HALL END,CM7 8GD,Zara.G.Chan@dodgit.com,078 7120 1240,FALSE,
572,Laura,Tomlinson,81 Sutton Wick Lane,BRINKWORTH,SN15 4IV,Laura.T.Tomlinson@trashymail.com,070 8085 8576,FALSE,
573,Evie,Kirk,24 Boroughbridge Road,BISHOP AUCKLAND,DL14 1GD,Evie.J.Kirk@trashymail.com,070 1425 5128,FALSE,
574,Poppy,Flynn,21 Kent Street,CROSS ASH,NP7 4DO,Poppy.A.Flynn@spambob.com,077 5862 3404,FALSE,
575,Chloe,Walton,14 Mar Way,GREAT GLEMHAM,IP17 2AP,Chloe.T.Walton@spambob.com,079 6597 8767,FALSE,
576,Jodie,Fleming,1 Park Row,EDITH WESTON,LE15 0JW,Jodie.A.Fleming@mailinator.com,078 2471 5503,FALSE,
577,Taylor,Kay,70 High Street,ASHELDHAM,CM0 1SI,Taylor.A.Kay@mailinator.com,077 3769 3249,FALSE,
578,Kiera,Hardy,21 Ploughley Rd,TOFT,PE10 9XZ,Kiera.C.Hardy@spambob.com,078 8429 9226,FALSE,
579,Demi,Watson,92 Boroughbridge Road,BIRMINGHAM,B4 9PA,Demi.C.Watson@pookmail.com,070 1875 8981,FALSE,
580,Riley,Dennis,80 Felix Lane,SHOTWICK,CH1 8FQ,Riley.A.Dennis@dodgit.com,077 2256 2001,FALSE,
581,Mason,Boyle,49 Castledore Road,TWYFORD,LE14 8YC,Mason.E.Boyle@mailinator.com,077 3955 8703,FALSE,
582,Jay,Wade,94 Ponteland Rd,HOVERINGHAM,NG14 1ID,Jay.H.Wade@trashymail.com,077 4716 1180,FALSE,
583,Sean,Chadwick,30 Shore Street,STOKE,PO11 5JA,Sean.L.Chadwick@mailinator.com,079 1784 5782,FALSE,
584,Sophia,Daly,8 Walden Road,GREINTON,TA7 1OX,Sophia.P.Daly@pookmail.com,077 1303 4101,FALSE,
585,Kyle,Arld,64 Mar Way,GREAT SUTTON,SY8 8JU,Kyle.S.Arld@dodgit.com,077 2464 2310,FALSE,
586,Danielle,Walton,81 Sutton Wick Lane,BRIGHTON,BN2 2CU,Danielle.O.Walton@trashymail.com,077 1114 3427,FALSE,
587,Bailey,Webb,90 Cloch Rd,ST IVES,PE17 6WN,Bailey.J.Webb@dodgit.com,079 1127 6164,FALSE,
588,Hayden,Bibi,50 Boughton Rd,WICK,BH6 5XZ,Hayden.M.Bibi@mailinator.com,078 5225 0395,FALSE,
589,Joshua,Carter,81 Redcliffe Way,WOOLFARDISWORTHY,EX39 7PB,Joshua.E.Carter@spambob.com,070 7185 3610,FALSE,
590,Katherine,Law,44 Henley Road,BOWLING BANK,LL13 1ER,Katherine.J.Law@spambob.com,077 3978 0937,FALSE,
591,Gabriel,Brennan,51 Temple Way,WITHAM,CM8 1UW,Gabriel.I.Brennan@dodgit.com,079 0239 7607,FALSE,
592,Alisha,Townsend,51 London Road,CONCHRA,IV40 0LV,Alisha.C.Townsend@trashymail.com,070 2889 6607,FALSE,
593,Phoebe,Hardy,35 Rhosddu Rd,FFAIRFACH,SA19 0QD,Phoebe.T.Hardy@pookmail.com,078 3750 7087,FALSE,
594,Aaliyah,Dawson,68 Shore Street,STOKE ORCHARD,GL52 4JY,Aaliyah.J.Dawson@spambob.com,078 3626 6720,FALSE,
595,Louie,Vincent,44 East Street,MARKBEECH,TN8 3PW,Louie.C.Vincent@pookmail.com,070 5577 8586,FALSE,
596,Aaliyah,Fletcher,37 Kendell Street,SHARNFORD,LE10 4FV,Aaliyah.E.Fletcher@mailinator.com,079 8949 0085,TRUE,C
597,Kieran,Johnston,50 Cloch Rd,ST MARTINS,PH2 5MR,Kieran.M.Johnston@mailinator.com,077 2827 8866,FALSE,
598,Georgia,Iqbal,35 London Road,COMBE MOOR,LD8 9XR,Georgia.S.Iqbal@trashymail.com,070 5157 8547,FALSE,
599,Declan,Elliott,49 Trehafod Road,BUIRGH,HS3 3LC,Declan.A.Elliott@spambob.com,070 3783 3991,FALSE,
600,Mia,Young,16 Eastbourne Rd,COLDEN COMMON,SO21 8MH,Mia.J.Young@pookmail.com,077 1604 0826,FALSE,
601,Millie,Whitehead,67 High Street,ASHE,RG25 2WH,Millie.A.Whitehead@trashymail.com,077 4134 8752,FALSE,
602,Kyle,Fry,31 Ings Lane,DAVA,PH26 7GE,Kyle.A.Fry@mailinator.com,070 2641 7141,FALSE,
603,Zara,Campbell,36 Berkeley Rd,STREET,BA16 9FB,Zara.B.Campbell@spambob.com,077 4208 0893,FALSE,
604,Ethan,Cole,94 Boughton Rd,WHITSON,NP6 4BT,Ethan.I.Cole@spambob.com,070 5218 1531,FALSE,
605,Shann,Gibson,30 Bootham Crescent,RIDDELL,TD6 7RZ,Shann.M.Gibson@trashymail.com,078 6266 0822,FALSE,
606,Sam,Houghton,10 Seafield Street,LLECHRYD,NP2 1PC,Sam.L.Houghton@spambob.com,079 8820 8333,FALSE,
607,Hollie,Doyle,6 Lincoln Green Lane,CHURCH END,CV10 8PN,Hollie.L.Doyle@dodgit.com,079 1671 8649,FALSE,
608,Logan,Parsons,18 Tonbridge Rd,CONISBY,PA49 0PP,Logan.S.Parsons@dodgit.com,079 1942 1190,FALSE,
609,Kian,Davis,48 Prospect Hill,DRIBY,LN13 0MF,Kian.S.Davis@spambob.com,079 6048 9295,FALSE,
610,Leon,Harding,52 Gloucester Road,CLACKMANNAN,FK10 3IM,Leon.J.Harding@mailinator.com,079 1495 8745,FALSE,
611,Sarah,Perkins,75 Cefn Road,FARLOW,DY14 8YS,Sarah.S.Perkins@trashymail.com,078 1826 2752,FALSE,
612,Naomi,Rice,11 Constitution St,LLANGOED,LL58 6SK,Naomi.E.Rice@dodgit.com,078 3993 2074,FALSE,
613,Kiera,Parsons,88 Emerson Road,KIRKBURN,EH45 2LN,Kiera.J.Parsons@trashymail.com,070 3166 7268,FALSE,
614,Eloise,Lee,81 Davids Lane,STRONTIAN,PH36 4ED,Eloise.A.Lee@spambob.com,077 7653 6855,FALSE,
615,Ruby,Banks,85 Ivy Lane,WARENTON,NE70 1HT,Ruby.G.Banks@spambob.com,078 6894 0058,FALSE,
616,Sean,Hamilton,73 Worthy Lane,MAXTON,CT17 4JD,Sean.C.Hamilton@trashymail.com,078 1852 7638,FALSE,
617,Sarah,Fry,4 Canterbury Road,UPTON ST LEONARDS,GL4 9HJ,Sarah.J.Fry@spambob.com,077 2265 4116,FALSE,
618,Liam,Short,81 Stamford Road,ANSTEY,LE7 1HA,Liam.E.Short@mailinator.com,079 0448 1940,FALSE,
619,Cerys,O'Conr,27 Pendwyallt Road,BURRADON,NE65 8ZG,Cerys.E.O'Conr@trashymail.com,070 8853 1201,FALSE,
620,Liam,Humphries,91 Layburn Court,TOTEGAN,KW14 0WH,Liam.F.Humphries@mailinator.com,077 4303 9767,TRUE,D
621,Ella,Robson,97 Preston Rd,MORBORNE,PE7 2KG,Ella.O.Robson@dodgit.com,070 5879 1557,FALSE,
622,Tilly,Able,67 Southend Avenue,BLACK PILL,SA3 1TC,Tilly.A.ble@trashymail.com,070 1785 7307,FALSE,
623,Shann,Campbell,26 Copthorne Way,CAMUSNAGAUL,IV23 6SU,Shann.C.Campbell@mailinator.com,078 5283 0743,FALSE,
624,Evan,O'Sullivan,58 Holburn Lane,HEATON MOOR,SK4 2NM,Evan.K.O'Sullivan@mailinator.com,070 5567 0639,FALSE,
625,Declan,Pollard,73 Pier Road,STANWELL,TW19 7MD,Declan.M.Pollard@mailinator.com,079 0094 4122,FALSE,
626,Rebecca,Akhtar,25 High St,THREE CROSSES,SA4 4CV,Rebecca.A.Akhtar@trashymail.com,070 2557 7492,FALSE,
627,Oliver,Arld,71 Bridge Street,GOOLE,DN14 6MD,Oliver.E.Arld@spambob.com,070 0536 6675,FALSE,
628,Kate,Osborne,16 South Western Terrace,MILTON,PH8 6CR,Kate.J.Osborne@mailinator.com,079 2221 3220,FALSE,
629,Finlay,Godfrey,12 Front St,HENNY STREET,CO10 7RZ,Finlay.E.Godfrey@dodgit.com,077 4470 3953,FALSE,
630,Sofia,O'Donnell,28 Netherpark Crescent,STIFFORD'S BRIDGE,WR13 4GY,Sofia.F.O'Donnell@mailinator.com,078 7178 0899,FALSE,
631,Josh,Glover,61 Iolaire Road,NEW FRYSTON,WF10 4KX,Josh.I.Glover@pookmail.com,070 3102 4491,TRUE,C
632,Tegan,Naylor,29 Thames Street,BONEHILL,B78 0AU,Tegan.G.Naylor@trashymail.com,077 7781 9140,FALSE,
633,Brandon,Hayward,5 Uxbridge Road,SMALL HYTHE,TN30 5MQ,Brandon.L.Hayward@spambob.com,078 7339 5543,FALSE,
634,Georgina,Iqbal,99 Boat Lane,RESCOBIE,DD8 2SP,Georgina.J.Iqbal@pookmail.com,077 1562 2811,FALSE,
635,Charles,Wilkins,1 Kingsway rth,HOLT END,GU34 7DM,Charles.S.Wilkins@trashymail.com,077 5992 4427,FALSE,
636,Courtney,Hill,42 Spilman Street,GRAINSBY,DN36 0UE,Courtney.M.Hill@trashymail.com,079 4829 1170,FALSE,
637,Mason,Marsh,87 Emerson Road,KINROSSIE,PH2 4NJ,Mason.S.Marsh@trashymail.com,077 3216 1852,TRUE,A
638,Harley,Daniels,99 Gordon Terrace,BASHLEY,BH25 0SV,Harley.S.Daniels@pookmail.com,070 8771 9601,FALSE,
639,Zachary,Leach,35 Hindhead Road,EARL'S CROOME,WR8 4EL,Zachary.N.Leach@pookmail.com,077 5843 9325,FALSE,
640,Ruby,Warner,26 Trinity Crescent,WHARTON,HR6 1HZ,Ruby.J.Warner@spambob.com,077 6046 0591,TRUE,C
641,Finley,Russell,53 Graham Road,CHEW MAGNA,BS18 6FN,Finley.S.Russell@trashymail.com,079 3777 9426,FALSE,
642,Georgia,Watts,69 Cheriton Rd,WEST ORCHARD,SP7 8AF,Georgia.C.Watts@dodgit.com,079 2472 9729,TRUE,B
643,Brooke,Nelson,69 Main St,ACHNAHA,PH36 5RW,Brooke.G.Nelson@mailinator.com,078 5248 5719,FALSE,
