Eng_No,Title,Name,Last_Name,Region,Street,Town,Postcode,Gas,Electric,Aircon,Course_Ref,Course,Tutor,Start_Date,Duration,Location
EN01,Mr,Charlie,Stevens,North,47 Coast Rd,KIRKBY,TS9 9IM,Yes,Yes,Yes,,,,,,
EN02,Mr,Zachary,Wilson,Midlands,13 Colorado Way,RICHMOND UPON THAMES,TW10 7SR,Yes,Yes,Yes,,,,,,
EN03,Ms,Madison,Middleton,East,73 Pier Road,STANWELL,TW19 7MD,Yes,Yes,No,AC1E,Basic air conditioning servicing,Ms Wright,15-May-20,3,Peterborough offices
EN04,Mr,Finlay,Bruce,West,28 Whitchurch Road,ENGLEFIELD GREEN,TW20 2RR,Yes,Yes,No,AC1W,Basic air conditioning servicing,Mr Payne,18-May-20,3,Peterborough offices
EN05,Miss,Ellie,Akhtar,North,66 Stone St,CRANFORD,TW5 4BJ,Yes,Yes,Yes,,,,,,
EN06,Miss,Faith,Stevenson,Midlands,75 Hart Road,NORTHOLT,UB5 6DB,No,Yes,Yes,,,,,,
EN07,Miss,Lucy,Patterson,Midlands,65 Holburn Lane,HELSBY,WA6 6OD,No,Yes,Yes,,,,,,
EN08,Mrs,Courtney,Martin,West,55 Roman Rd,LEDSTON,WF10 1PB,No,Yes,Yes,,,,,,
EN09,Ms,Summer,Holt,North,61 Iolaire Road,NEW FRYSTON,WF10 4KX,No,Yes,Yes,,,,,,
EN10,Mr,Harvey,Turner,North,47 Rowland Rd,OSSETT,WF5 8UM,Yes,Yes,No,AC1N,Basic air conditioning servicing,Ms Wright,15-May-20,3,Peterborough offices
EN11,Mr,Edward,Ashton,East,10 Helland Bridge,UP HOLLAND,WN8 9PI,Yes,Yes,No,AC1E,Basic air conditioning servicing,Ms Wright,15-May-20,3,Peterborough offices
EN12,Mr,Tom,Bates,West,28 Netherpark Crescent,STIFFORD'S BRIDGE,WR13 4GY,No,Yes,No,AC1W,Basic air conditioning servicing,Mr Payne,18-May-20,3,Peterborough offices
EN13,Miss,Lydia,Powell,North,31 Cunnery Rd,MALVERN WELLS,WR14 0KD,No,Yes,No,AC1N,Basic air conditioning servicing,Ms Wright,15-May-20,3,Peterborough offices
EN14,Mr,Henry,Chan,South,56 Rowland Rd,ORLETON,WR6 8FW,Yes,Yes,No,AC1S,Basic air conditioning servicing,Ms Wright,15-May-20,3,Peterborough offices
EN15,Mr,Declan,Pollard,West,79 Broomfield Place,STOULTON,WR7 4AE,Yes,Yes,No,AC1W,Basic air conditioning servicing,Mr Payne,18-May-20,3,Peterborough offices
EN16,Mr,Joel,Daniels,West,35 Hindhead Road,EARL'S CROOME,WR8 4EL,Yes,Yes,No,AC1W,Basic air conditioning servicing,Mr Payne,18-May-20,3,Peterborough offices
EN17,Ms,Ella,McKenzie,North,18 Caxton Place,BUSHBURY,WV10 9WQ,Yes,Yes,No,AC1N,Basic air conditioning servicing,Ms Wright,15-May-20,3,Peterborough offices
EN18,Mr,Andrew,Wilson,North,23 Harrogate Road,RUSTON,YO13 9CG,Yes,Yes,No,AC1N,Basic air conditioning servicing,Ms Wright,15-May-20,3,Peterborough offices
EN19,Ms,Kate,Owen,North,31 Bouverie Road,WETWANG,YO25 4XU,Yes,Yes,No,AC1N,Basic air conditioning servicing,Ms Wright,15-May-20,3,Peterborough offices
EN20,Mr,Owen,Barry,West,78 Town Lane,SOUTH CLIFFE,YO4 6ZA,Yes,Yes,No,AC1W,Basic air conditioning servicing,Mr Payne,18-May-20,3,Peterborough offices
EN21,Mr,Josh,Glover,North,93 Northgate Street,BIELBY,YO42 5CY,Yes,Yes,Yes,,,,,,
EN22,Miss,Yasmin,Peacock,Midlands,16 Bouverie Road,WESTOW,YO6 3YP,Yes,Yes,Yes,,,,,,
EN23,Mr,Joel,Wilkinson,Midlands,81 Friar Street,CLAXTON,YO6 8EL,Yes,Yes,Yes,,,,,,
EN24,Miss,Sofia,O'Donnell,West,61 Freezeland Lane,COXWOLD,YO61 6AW,Yes,Yes,Yes,,,,,,
EN25,Mr,Jonathan,Page,North,51 Lammas Street,GREAT EDSTONE,YO62 5HI,Yes,Yes,Yes,,,,,,
EN26,Miss,Lauren,Williams,Midlands,27 Hertingfordbury Rd,NEWGORD,ZE2 1PF,Yes,Yes,Yes,,,,,,
