VIN,Model,Power,Engine Size,Cost Price,Colour,Port,Country,Distributor,Dispatched
361A15423004,Micro,G,600,850,Silver,Brest,France,FMD SA,-1
361A15423010,Micro,G,600,850,Silver,Brest,France,FMD SA,-1
361A15423011,Micro,G,600,850,Blue,Harwich,UK,UKMI PLC,-1
361A15423012,Micro,G,600,850,White,Brest,France,FMD SA,-1
361A15423013,Micro,G,600,850,White,Rotterdam,Holland,NMD ,0
361A15423015,Micro,G,600,850,Gold,Brest,France,FMD SA,-1
361A15423018,Micro,G,600,850,Red,Hamburg,Germany,BMD AG,0
361B15423007,Micro,G,600,850,Green,Harwich,UK,UKMI PLC,-1
361B15423011,Micro,G,600,850,Blue,Rotterdam,Holland,NMD ,-1
361B15423013,Micro,G,600,850,Gold,Hamburg,Germany,BMD AG,-1
361B15423014,Micro,G,600,850,Blue,Brest,France,FMD SA,-1
361B15423019,Micro,G,600,850,White,Vigo,Spain,EMD SA,-1
361C15423001,Micro,G,600,850,White,Vigo,Spain,EMD SA,-1
361C15423003,Micro,G,600,850,Green,Vigo,Spain,EMD SA,0
361C15423004,Micro,G,600,850,Blue,Rotterdam,Holland,NMD ,-1
361C15423010,Micro,G,600,850,Red,Harwich,UK,UKMI PLC,-1
361C15423011,Micro,G,600,850,Gold,Harwich,UK,UKMI PLC,-1
361C15423012,Micro,G,600,850,Green,Rotterdam,Holland,NMD ,0
361C15423020,Micro,G,600,850,Gold,Rotterdam,Holland,NMD ,-1
362A15423004,Micro,G,600,850,Silver,Brest,France,FMD SA,-1
362A15423009,Micro,G,600,850,Red,Harwich,UK,UKMI PLC,-1
362A15423016,Micro,G,600,850,Silver,Harwich,UK,UKMI PLC,-1
362A15423017,Micro,G,600,850,Silver,Rotterdam,Holland,NMD ,0
362A15423020,Micro,G,600,850,Blue,Brest,France,FMD SA,-1
362B15423012,Micro,G,600,850,Silver,Hamburg,Germany,BMD AG,-1
362B15423014,Micro,G,600,850,Green,Rotterdam,Holland,NMD ,-1
362B15423015,Micro,G,600,850,Silver,Rotterdam,Holland,NMD ,0
362C15423017,Micro,G,600,850,Blue,Vigo,Spain,EMD SA,0
363A15423010,Micro,G,600,850,Green,Rotterdam,Holland,NMD ,-1
363A15423011,Micro,G,600,850,Blue,Hamburg,Germany,BMD AG,0
363A15423016,Micro,G,600,850,Blue,Rotterdam,Holland,NMD ,-1
363A15423020,Micro,G,600,850,White,Rotterdam,Holland,NMD ,0
363B15423001,Micro,G,600,850,Blue,Harwich,UK,UKMI PLC,-1
363B15423007,Micro,G,600,850,Gold,Brest,France,FMD SA,-1
363B15423014,Micro,G,600,850,Silver,Rotterdam,Holland,NMD ,-1
363B15423016,Micro,G,600,850,Gold,Rotterdam,Holland,NMD ,0
363B15423017,Micro,G,600,850,Gold,Brest,France,FMD SA,-1
363B15423019,Micro,G,600,850,White,Rotterdam,Holland,NMD ,-1
363B15423020,Micro,G,600,850,Silver,Brest,France,FMD SA,-1
363C15423009,Micro,G,600,850,White,Brest,France,FMD SA,-1
363C15423019,Micro,G,600,850,White,Rotterdam,Holland,NMD ,-1
364A15423003,Micro,G,600,850,Red,Hamburg,Germany,BMD AG,-1
364A15423008,Micro,G,600,850,Blue,Vigo,Spain,EMD SA,-1
364A15423009,Micro,G,600,850,Blue,Hamburg,Germany,BMD AG,-1
364A15423014,Micro,G,600,850,Green,Vigo,Spain,EMD SA,-1
364A15423016,Micro,G,600,850,Green,Brest,France,FMD SA,-1
364A15423020,Micro,G,600,850,Blue,Rotterdam,Holland,NMD ,-1
364B15423002,Micro,G,600,850,Green,Harwich,UK,UKMI PLC,-1
364B15423010,Micro,G,600,850,Silver,Hamburg,Germany,BMD AG,0
364B15423014,Micro,G,600,850,Blue,Harwich,UK,UKMI PLC,-1
364C15423004,Micro,G,600,850,Gold,Vigo,Spain,EMD SA,-1
364C15423011,Micro,G,600,850,Red,Vigo,Spain,EMD SA,-1
364C15423018,Micro,G,600,850,Red,Brest,France,FMD SA,-1
364C15423019,Micro,G,600,850,Silver,Vigo,Spain,EMD SA,-1
365A15423009,Micro,G,600,850,Green,Vigo,Spain,EMD SA,0
365A15423017,Micro,G,600,850,White,Vigo,Spain,EMD SA,-1
365A15423020,Micro,G,600,850,White,Rotterdam,Holland,NMD ,-1
365B15423015,Micro,G,600,850,Red,Hamburg,Germany,BMD AG,0
365B15423019,Micro,G,600,850,Green,Vigo,Spain,EMD SA,0
365B15423020,Micro,G,600,850,Gold,Hamburg,Germany,BMD AG,-1
365C15423001,Micro,G,600,850,Red,Vigo,Spain,EMD SA,0
365C15423004,Micro,G,600,850,Silver,Harwich,UK,UKMI PLC,-1
365C15423011,Micro,G,600,850,Green,Rotterdam,Holland,NMD ,0
365C15423019,Micro,G,600,850,Silver,Hamburg,Germany,BMD AG,0
366A15423001,Micro,G,600,850,Gold,Rotterdam,Holland,NMD ,-1
366B15423001,Micro,G,600,850,Blue,Vigo,Spain,EMD SA,0
366B15423002,Micro,G,600,850,Red,Harwich,UK,UKMI PLC,-1
366B15423004,Micro,G,600,850,Red,Rotterdam,Holland,NMD ,0
366B15423014,Micro,G,600,850,White,Rotterdam,Holland,NMD ,-1
366B15423017,Micro,G,600,850,Gold,Brest,France,FMD SA,0
366C15423003,Micro,G,600,850,Red,Vigo,Spain,EMD SA,-1
366C15423004,Micro,G,600,850,White,Rotterdam,Holland,NMD ,0
366C15423007,Micro,G,600,850,Red,Brest,France,FMD SA,-1
366C15423020,Micro,G,600,850,Blue,Harwich,UK,UKMI PLC,-1
367A15423001,Micro,G,600,850,Gold,Vigo,Spain,EMD SA,-1
367A15423002,Micro,G,600,850,White,Hamburg,Germany,BMD AG,-1
367A15423005,Micro,G,600,850,Green,Vigo,Spain,EMD SA,0
367A15423015,Micro,G,600,850,Silver,Vigo,Spain,EMD SA,-1
367A15423019,Micro,G,600,850,Gold,Brest,France,FMD SA,-1
367B15423001,Micro,G,600,850,Red,Brest,France,FMD SA,-1
367B15423004,Micro,G,600,850,Silver,Hamburg,Germany,BMD AG,0
367B15423005,Micro,G,600,850,Red,Brest,France,FMD SA,0
367B15423009,Micro,G,600,850,Red,Hamburg,Germany,BMD AG,-1
367B15423014,Micro,G,600,850,Blue,Rotterdam,Holland,NMD ,-1
367B15423015,Micro,G,600,850,Green,Brest,France,FMD SA,-1
367B15423017,Micro,G,600,850,Red,Rotterdam,Holland,NMD ,0
367B15423018,Micro,G,600,850,Green,Hamburg,Germany,BMD AG,-1
367B15423019,Micro,G,600,850,Green,Harwich,UK,UKMI PLC,-1
367C15423018,Micro,G,600,850,Silver,Hamburg,Germany,BMD AG,0
367C15423019,Micro,G,600,850,White,Rotterdam,Holland,NMD ,0
367C15423020,Micro,G,600,850,Gold,Vigo,Spain,EMD SA,-1
371A15423005,Micro,G,600,850,Red,Harwich,UK,UKMI PLC,-1
371A15423014,Micro,G,600,850,White,Harwich,UK,UKMI PLC,-1
371A15423018,Micro,G,600,850,White,Brest,France,FMD SA,0
371B15423008,Micro,G,600,850,Silver,Vigo,Spain,EMD SA,-1
371B15423018,Micro,G,600,850,Blue,Hamburg,Germany,BMD AG,0
371B15423019,Micro,G,600,850,Green,Hamburg,Germany,BMD AG,-1
371C15423005,Micro,G,600,850,Gold,Brest,France,FMD SA,-1
371C15423009,Micro,G,600,850,Blue,Rotterdam,Holland,NMD ,-1
372A15423010,Micro,G,600,850,White,Vigo,Spain,EMD SA,0
372A15423013,Micro,G,600,850,Silver,Brest,France,FMD SA,-1
372A15423019,Micro,G,600,850,Silver,Rotterdam,Holland,NMD ,0
372B15423004,Micro,G,600,850,White,Hamburg,Germany,BMD AG,-1
372B15423006,Micro,G,600,850,Red,Vigo,Spain,EMD SA,-1
372B15423020,Micro,G,600,850,Silver,Harwich,UK,UKMI PLC,-1
372C15423002,Micro,G,600,850,Gold,Hamburg,Germany,BMD AG,-1
372C15423003,Micro,G,600,850,Silver,Harwich,UK,UKMI PLC,-1
372C15423005,Micro,G,600,850,Blue,Hamburg,Germany,BMD AG,0
372C15423020,Micro,G,600,850,White,Hamburg,Germany,BMD AG,0
373A15423003,Micro,G,600,850,Green,Harwich,UK,UKMI PLC,-1
373B15423006,Micro,G,600,850,Silver,Vigo,Spain,EMD SA,0
373B15423007,Micro,G,600,850,Red,Hamburg,Germany,BMD AG,0
373B15423010,Micro,G,600,850,White,Rotterdam,Holland,NMD ,0
373B15423020,Micro,G,600,850,Blue,Hamburg,Germany,BMD AG,-1
373C15423005,Micro,G,600,850,Blue,Rotterdam,Holland,NMD ,0
373C15423007,Micro,G,600,850,Blue,Hamburg,Germany,BMD AG,0
373C15423010,Micro,G,600,850,White,Brest,France,FMD SA,-1
373C15423019,Micro,G,600,850,Blue,Vigo,Spain,EMD SA,-1
374A15423002,Micro,G,600,850,Blue,Brest,France,FMD SA,0
374A15423003,Micro,G,600,850,Red,Rotterdam,Holland,NMD ,0
374A15423011,Micro,G,600,850,Blue,Harwich,UK,UKMI PLC,-1
374A15423015,Micro,G,600,850,Silver,Vigo,Spain,EMD SA,0
374A15423016,Micro,G,600,850,Green,Hamburg,Germany,BMD AG,0
374B15423004,Micro,G,600,850,Silver,Rotterdam,Holland,NMD ,0
374B15423006,Micro,G,600,850,Green,Brest,France,FMD SA,0
374B15423018,Micro,G,600,850,Silver,Brest,France,FMD SA,-1
374C15423003,Micro,G,600,850,Red,Vigo,Spain,EMD SA,0
374C15423004,Micro,G,600,850,White,Rotterdam,Holland,NMD ,-1
374C15423005,Micro,G,600,850,Red,Rotterdam,Holland,NMD ,-1
374C15423015,Micro,G,600,850,Green,Rotterdam,Holland,NMD ,-1
374C15423016,Micro,G,600,850,Blue,Harwich,UK,UKMI PLC,-1
374C15423017,Micro,G,600,850,Silver,Harwich,UK,UKMI PLC,-1
375A15423005,Micro,G,600,850,Blue,Harwich,UK,UKMI PLC,-1
375A15423008,Micro,G,600,850,Blue,Vigo,Spain,EMD SA,0
375B15423003,Micro,G,600,850,Red,Brest,France,FMD SA,0
375B15423009,Micro,G,600,850,Blue,Brest,France,FMD SA,-1
375B15423010,Micro,G,600,850,Blue,Brest,France,FMD SA,-1
375B15423020,Micro,G,600,850,Gold,Hamburg,Germany,BMD AG,-1
375C15423001,Micro,G,600,850,Blue,Hamburg,Germany,BMD AG,0
375C15423003,Micro,G,600,850,Blue,Hamburg,Germany,BMD AG,-1
375C15423006,Micro,G,600,850,Silver,Vigo,Spain,EMD SA,-1
376A15423001,Micro,G,600,850,Gold,Harwich,UK,UKMI PLC,-1
376A15423007,Micro,G,600,850,White,Hamburg,Germany,BMD AG,0
376A15423018,Micro,G,600,850,Green,Harwich,UK,UKMI PLC,-1
376A15423020,Micro,G,600,850,Silver,Harwich,UK,UKMI PLC,-1
376B15423004,Micro,G,600,850,Red,Hamburg,Germany,BMD AG,-1
376B15423007,Micro,G,600,850,Gold,Rotterdam,Holland,NMD ,0
376B15423019,Micro,G,600,850,White,Harwich,UK,UKMI PLC,0
376B15423020,Micro,G,600,850,Red,Harwich,UK,UKMI PLC,0
376C15423005,Micro,G,600,850,Green,Harwich,UK,UKMI PLC,0
376C15423008,Micro,G,600,850,White,Harwich,UK,UKMI PLC,0
376C15423009,Micro,G,600,850,Red,Harwich,UK,UKMI PLC,0
376C15423012,Micro,G,600,850,Green,Vigo,Spain,EMD SA,-1
376C15423020,Micro,G,600,850,Green,Rotterdam,Holland,NMD ,0
377A15423006,Micro,G,600,850,Red,Vigo,Spain,EMD SA,-1
377A15423016,Micro,G,600,850,Green,Hamburg,Germany,BMD AG,0
377A15423020,Micro,G,600,850,White,Brest,France,FMD SA,-1
377B15423003,Micro,G,600,850,Blue,Harwich,UK,UKMI PLC,0
377B15423020,Micro,G,600,850,Red,Rotterdam,Holland,NMD ,-1
377C15423001,Micro,G,600,850,Gold,Rotterdam,Holland,NMD ,-1
377C15423004,Micro,G,600,850,White,Vigo,Spain,EMD SA,0
377C15423006,Micro,G,600,850,Gold,Harwich,UK,UKMI PLC,0
377C15423007,Micro,G,600,850,Gold,Rotterdam,Holland,NMD ,-1
377C15423014,Micro,G,600,850,Red,Vigo,Spain,EMD SA,-1
377C15423018,Micro,G,600,850,Red,Harwich,UK,UKMI PLC,0
361A15423003,MicroB,G,500,750,Gold,Harwich,UK,UKMI PLC,-1
361A15423008,MicroB,G,500,750,Green,Vigo,Spain,EMD SA,0
361B15423008,MicroB,G,500,750,Gold,Harwich,UK,UKMI PLC,-1
361B15423017,MicroB,G,500,750,Red,Vigo,Spain,EMD SA,-1
361B15423020,MicroB,G,500,750,Gold,Brest,France,FMD SA,-1
361C15423014,MicroB,G,500,750,Blue,Rotterdam,Holland,NMD ,0
361C15423019,MicroB,G,500,750,Silver,Vigo,Spain,EMD SA,0
362A15423010,MicroB,G,500,750,Red,Brest,France,FMD SA,-1
362A15423018,MicroB,G,500,750,Blue,Vigo,Spain,EMD SA,-1
362B15423003,MicroB,G,500,750,Gold,Hamburg,Germany,BMD AG,-1
362B15423017,MicroB,G,500,750,White,Vigo,Spain,EMD SA,0
362B15423018,MicroB,G,500,750,Red,Brest,France,FMD SA,-1
362C15423004,MicroB,G,500,750,Green,Vigo,Spain,EMD SA,-1
362C15423006,MicroB,G,500,750,Red,Rotterdam,Holland,NMD ,0
362C15423008,MicroB,G,500,750,Blue,Vigo,Spain,EMD SA,0
362C15423012,MicroB,G,500,750,Red,Rotterdam,Holland,NMD ,-1
363A15423007,MicroB,G,500,750,Silver,Vigo,Spain,EMD SA,0
363A15423009,MicroB,G,500,750,Silver,Vigo,Spain,EMD SA,-1
363B15423004,MicroB,G,500,750,Red,Harwich,UK,UKMI PLC,-1
363B15423005,MicroB,G,500,750,Green,Vigo,Spain,EMD SA,0
363B15423009,MicroB,G,500,750,Gold,Harwich,UK,UKMI PLC,-1
363B15423010,MicroB,G,500,750,Red,Hamburg,Germany,BMD AG,-1
363C15423001,MicroB,G,500,750,White,Brest,France,FMD SA,-1
363C15423006,MicroB,G,500,750,Blue,Vigo,Spain,EMD SA,-1
363C15423012,MicroB,G,500,750,White,Brest,France,FMD SA,-1
363C15423016,MicroB,G,500,750,Green,Vigo,Spain,EMD SA,-1
363C15423017,MicroB,G,500,750,Gold,Hamburg,Germany,BMD AG,0
364A15423010,MicroB,G,500,750,Silver,Rotterdam,Holland,NMD ,-1
364A15423011,MicroB,G,500,750,White,Brest,France,FMD SA,-1
364A15423019,MicroB,G,500,750,Green,Hamburg,Germany,BMD AG,-1
364B15423004,MicroB,G,500,750,Blue,Rotterdam,Holland,NMD ,-1
364B15423006,MicroB,G,500,750,Gold,Vigo,Spain,EMD SA,0
364B15423016,MicroB,G,500,750,Gold,Harwich,UK,UKMI PLC,-1
364B15423018,MicroB,G,500,750,Blue,Vigo,Spain,EMD SA,-1
364B15423020,MicroB,G,500,750,Red,Harwich,UK,UKMI PLC,-1
364C15423005,MicroB,G,500,750,Blue,Harwich,UK,UKMI PLC,-1
364C15423012,MicroB,G,500,750,Green,Hamburg,Germany,BMD AG,0
364C15423014,MicroB,G,500,750,Silver,Hamburg,Germany,BMD AG,0
365A15423011,MicroB,G,500,750,Red,Harwich,UK,UKMI PLC,-1
365A15423012,MicroB,G,500,750,Red,Brest,France,FMD SA,-1
365B15423002,MicroB,G,500,750,Silver,Harwich,UK,UKMI PLC,-1
365B15423010,MicroB,G,500,750,Red,Harwich,UK,UKMI PLC,-1
365B15423011,MicroB,G,500,750,Silver,Hamburg,Germany,BMD AG,-1
365B15423018,MicroB,G,500,750,Red,Hamburg,Germany,BMD AG,0
365C15423007,MicroB,G,500,750,Red,Brest,France,FMD SA,-1
365C15423010,MicroB,G,500,750,White,Rotterdam,Holland,NMD ,0
365C15423012,MicroB,G,500,750,White,Brest,France,FMD SA,-1
365C15423013,MicroB,G,500,750,White,Hamburg,Germany,BMD AG,0
365C15423015,MicroB,G,500,750,Silver,Harwich,UK,UKMI PLC,-1
366A15423009,MicroB,G,500,750,Green,Harwich,UK,UKMI PLC,-1
366A15423016,MicroB,G,500,750,Gold,Vigo,Spain,EMD SA,-1
366A15423018,MicroB,G,500,750,Blue,Vigo,Spain,EMD SA,-1
366A15423019,MicroB,G,500,750,Green,Rotterdam,Holland,NMD ,0
366B15423012,MicroB,G,500,750,Gold,Rotterdam,Holland,NMD ,0
366B15423016,MicroB,G,500,750,Red,Hamburg,Germany,BMD AG,-1
366C15423001,MicroB,G,500,750,Silver,Rotterdam,Holland,NMD ,0
367A15423006,MicroB,G,500,750,Green,Harwich,UK,UKMI PLC,-1
367A15423009,MicroB,G,500,750,Blue,Rotterdam,Holland,NMD ,-1
367A15423011,MicroB,G,500,750,Gold,Harwich,UK,UKMI PLC,-1
367A15423016,MicroB,G,500,750,White,Hamburg,Germany,BMD AG,-1
367B15423010,MicroB,G,500,750,Blue,Vigo,Spain,EMD SA,0
367B15423013,MicroB,G,500,750,Gold,Harwich,UK,UKMI PLC,-1
367B15423016,MicroB,G,500,750,Gold,Hamburg,Germany,BMD AG,0
367C15423002,MicroB,G,500,750,Red,Hamburg,Germany,BMD AG,0
367C15423007,MicroB,G,500,750,Green,Hamburg,Germany,BMD AG,0
367C15423009,MicroB,G,500,750,White,Hamburg,Germany,BMD AG,-1
367C15423010,MicroB,G,500,750,White,Harwich,UK,UKMI PLC,-1
367C15423013,MicroB,G,500,750,Green,Hamburg,Germany,BMD AG,-1
367C15423014,MicroB,G,500,750,White,Hamburg,Germany,BMD AG,0
371A15423002,MicroB,G,500,750,Blue,Hamburg,Germany,BMD AG,0
371A15423003,MicroB,G,500,750,Gold,Vigo,Spain,EMD SA,0
371A15423007,MicroB,G,500,750,White,Rotterdam,Holland,NMD ,0
371A15423010,MicroB,G,500,750,White,Brest,France,FMD SA,-1
371A15423019,MicroB,G,500,750,Red,Vigo,Spain,EMD SA,0
371B15423009,MicroB,G,500,750,White,Vigo,Spain,EMD SA,0
371B15423013,MicroB,G,500,750,White,Brest,France,FMD SA,0
371B15423015,MicroB,G,500,750,Green,Harwich,UK,UKMI PLC,-1
371B15423017,MicroB,G,500,750,Gold,Vigo,Spain,EMD SA,0
371B15423020,MicroB,G,500,750,Silver,Vigo,Spain,EMD SA,0
371C15423002,MicroB,G,500,750,Silver,Hamburg,Germany,BMD AG,0
371C15423003,MicroB,G,500,750,Red,Vigo,Spain,EMD SA,0
371C15423011,MicroB,G,500,750,Gold,Brest,France,FMD SA,0
371C15423012,MicroB,G,500,750,Gold,Harwich,UK,UKMI PLC,-1
371C15423013,MicroB,G,500,750,Green,Hamburg,Germany,BMD AG,-1
371C15423019,MicroB,G,500,750,White,Hamburg,Germany,BMD AG,-1
371C15423020,MicroB,G,500,750,White,Harwich,UK,UKMI PLC,-1
372A15423005,MicroB,G,500,750,Gold,Rotterdam,Holland,NMD ,-1
372A15423011,MicroB,G,500,750,Blue,Harwich,UK,UKMI PLC,-1
372A15423020,MicroB,G,500,750,Red,Rotterdam,Holland,NMD ,0
372B15423010,MicroB,G,500,750,Gold,Brest,France,FMD SA,-1
372B15423011,MicroB,G,500,750,White,Rotterdam,Holland,NMD ,0
372C15423010,MicroB,G,500,750,White,Vigo,Spain,EMD SA,0
372C15423012,MicroB,G,500,750,Green,Rotterdam,Holland,NMD ,0
372C15423013,MicroB,G,500,750,Green,Rotterdam,Holland,NMD ,0
373A15423007,MicroB,G,500,750,Silver,Harwich,UK,UKMI PLC,-1
373A15423011,MicroB,G,500,750,Silver,Rotterdam,Holland,NMD ,0
373B15423002,MicroB,G,500,750,Green,Hamburg,Germany,BMD AG,0
373B15423003,MicroB,G,500,750,Silver,Hamburg,Germany,BMD AG,0
373B15423013,MicroB,G,500,750,White,Rotterdam,Holland,NMD ,0
373C15423008,MicroB,G,500,750,Gold,Brest,France,FMD SA,-1
373C15423012,MicroB,G,500,750,Gold,Vigo,Spain,EMD SA,0
373C15423018,MicroB,G,500,750,Green,Vigo,Spain,EMD SA,0
374A15423008,MicroB,G,500,750,Green,Harwich,UK,UKMI PLC,-1
374A15423009,MicroB,G,500,750,Gold,Vigo,Spain,EMD SA,0
374B15423005,MicroB,G,500,750,Silver,Rotterdam,Holland,NMD ,-1
374B15423019,MicroB,G,500,750,Green,Harwich,UK,UKMI PLC,-1
374C15423009,MicroB,G,500,750,Gold,Hamburg,Germany,BMD AG,-1
374C15423014,MicroB,G,500,750,Silver,Harwich,UK,UKMI PLC,-1
374C15423018,MicroB,G,500,750,Silver,Harwich,UK,UKMI PLC,-1
375A15423002,MicroB,G,500,750,White,Vigo,Spain,EMD SA,-1
375A15423004,MicroB,G,500,750,Green,Rotterdam,Holland,NMD ,-1
375A15423009,MicroB,G,500,750,Blue,Vigo,Spain,EMD SA,-1
375A15423014,MicroB,G,500,750,White,Brest,France,FMD SA,-1
375A15423017,MicroB,G,500,750,Silver,Harwich,UK,UKMI PLC,-1
375A15423018,MicroB,G,500,750,Red,Brest,France,FMD SA,-1
375B15423007,MicroB,G,500,750,Red,Hamburg,Germany,BMD AG,-1
375B15423011,MicroB,G,500,750,Blue,Brest,France,FMD SA,-1
375B15423014,MicroB,G,500,750,White,Harwich,UK,UKMI PLC,-1
375B15423016,MicroB,G,500,750,Green,Rotterdam,Holland,NMD ,0
375C15423004,MicroB,G,500,750,Green,Hamburg,Germany,BMD AG,-1
375C15423011,MicroB,G,500,750,Green,Hamburg,Germany,BMD AG,0
375C15423017,MicroB,G,500,750,Silver,Hamburg,Germany,BMD AG,-1
376A15423004,MicroB,G,500,750,Gold,Vigo,Spain,EMD SA,-1
376A15423013,MicroB,G,500,750,Gold,Vigo,Spain,EMD SA,-1
376B15423001,MicroB,G,500,750,Blue,Rotterdam,Holland,NMD ,-1
376B15423009,MicroB,G,500,750,Blue,Hamburg,Germany,BMD AG,0
376B15423013,MicroB,G,500,750,Gold,Hamburg,Germany,BMD AG,-1
376B15423015,MicroB,G,500,750,White,Brest,France,FMD SA,0
376C15423001,MicroB,G,500,750,Green,Harwich,UK,UKMI PLC,0
376C15423007,MicroB,G,500,750,Silver,Brest,France,FMD SA,-1
376C15423017,MicroB,G,500,750,Silver,Rotterdam,Holland,NMD ,0
376C15423019,MicroB,G,500,750,Silver,Hamburg,Germany,BMD AG,0
377A15423007,MicroB,G,500,750,White,Hamburg,Germany,BMD AG,0
377A15423015,MicroB,G,500,750,White,Harwich,UK,UKMI PLC,0
377B15423002,MicroB,G,500,750,Green,Hamburg,Germany,BMD AG,0
377B15423011,MicroB,G,500,750,Green,Hamburg,Germany,BMD AG,0
377B15423018,MicroB,G,500,750,White,Hamburg,Germany,BMD AG,-1
377C15423005,MicroB,G,500,750,White,Hamburg,Germany,BMD AG,0
377C15423009,MicroB,G,500,750,Silver,Vigo,Spain,EMD SA,-1
361A15423002,MicroEco,E,N/A,1300,Silver,Harwich,UK,UKMI PLC,-1
361A15423006,MicroEco,E,N/A,1300,Silver,Rotterdam,Holland,NMD ,-1
361A15423007,MicroEco,E,N/A,1300,White,Harwich,UK,UKMI PLC,-1
361A15423014,MicroEco,E,N/A,1300,Gold,Vigo,Spain,EMD SA,-1
361B15423002,MicroEco,E,N/A,1300,Silver,Vigo,Spain,EMD SA,-1
361B15423005,MicroEco,E,N/A,1300,Green,Hamburg,Germany,BMD AG,-1
361B15423009,MicroEco,E,N/A,1300,Blue,Rotterdam,Holland,NMD ,-1
361B15423016,MicroEco,E,N/A,1300,Red,Rotterdam,Holland,NMD ,-1
361B15423018,MicroEco,E,N/A,1300,Red,Brest,France,FMD SA,-1
361C15423005,MicroEco,E,N/A,1300,White,Vigo,Spain,EMD SA,-1
361C15423015,MicroEco,E,N/A,1300,Gold,Brest,France,FMD SA,-1
361C15423016,MicroEco,E,N/A,1300,Green,Rotterdam,Holland,NMD ,0
362A15423001,MicroEco,E,N/A,1300,Blue,Vigo,Spain,EMD SA,-1
362A15423002,MicroEco,E,N/A,1300,Silver,Brest,France,FMD SA,-1
362B15423001,MicroEco,E,N/A,1300,Red,Rotterdam,Holland,NMD ,0
362B15423002,MicroEco,E,N/A,1300,Green,Harwich,UK,UKMI PLC,-1
362B15423008,MicroEco,E,N/A,1300,Blue,Brest,France,FMD SA,-1
362C15423010,MicroEco,E,N/A,1300,Silver,Vigo,Spain,EMD SA,0
362C15423019,MicroEco,E,N/A,1300,White,Harwich,UK,UKMI PLC,-1
363A15423003,MicroEco,E,N/A,1300,Green,Hamburg,Germany,BMD AG,-1
363A15423004,MicroEco,E,N/A,1300,Gold,Brest,France,FMD SA,-1
363A15423005,MicroEco,E,N/A,1300,Red,Vigo,Spain,EMD SA,-1
363A15423008,MicroEco,E,N/A,1300,Gold,Hamburg,Germany,BMD AG,0
363A15423014,MicroEco,E,N/A,1300,Silver,Vigo,Spain,EMD SA,0
363A15423015,MicroEco,E,N/A,1300,Gold,Vigo,Spain,EMD SA,0
363B15423003,MicroEco,E,N/A,1300,Red,Hamburg,Germany,BMD AG,-1
363B15423011,MicroEco,E,N/A,1300,Green,Brest,France,FMD SA,-1
363C15423007,MicroEco,E,N/A,1300,Blue,Rotterdam,Holland,NMD ,0
363C15423008,MicroEco,E,N/A,1300,Green,Vigo,Spain,EMD SA,-1
363C15423010,MicroEco,E,N/A,1300,Blue,Vigo,Spain,EMD SA,0
363C15423013,MicroEco,E,N/A,1300,Gold,Harwich,UK,UKMI PLC,-1
363C15423020,MicroEco,E,N/A,1300,Green,Harwich,UK,UKMI PLC,-1
364A15423001,MicroEco,E,N/A,1300,Green,Vigo,Spain,EMD SA,-1
364A15423002,MicroEco,E,N/A,1300,Blue,Harwich,UK,UKMI PLC,-1
364A15423004,MicroEco,E,N/A,1300,White,Hamburg,Germany,BMD AG,0
364A15423005,MicroEco,E,N/A,1300,Gold,Rotterdam,Holland,NMD ,0
364A15423007,MicroEco,E,N/A,1300,Silver,Brest,France,FMD SA,-1
364A15423012,MicroEco,E,N/A,1300,White,Rotterdam,Holland,NMD ,0
364B15423003,MicroEco,E,N/A,1300,Red,Harwich,UK,UKMI PLC,-1
364B15423008,MicroEco,E,N/A,1300,Silver,Rotterdam,Holland,NMD ,0
364B15423009,MicroEco,E,N/A,1300,White,Vigo,Spain,EMD SA,-1
364B15423015,MicroEco,E,N/A,1300,Gold,Brest,France,FMD SA,-1
364B15423017,MicroEco,E,N/A,1300,Green,Rotterdam,Holland,NMD ,-1
364C15423001,MicroEco,E,N/A,1300,Red,Brest,France,FMD SA,-1
364C15423002,MicroEco,E,N/A,1300,Gold,Rotterdam,Holland,NMD ,0
364C15423006,MicroEco,E,N/A,1300,Red,Vigo,Spain,EMD SA,0
364C15423009,MicroEco,E,N/A,1300,Green,Harwich,UK,UKMI PLC,-1
364C15423010,MicroEco,E,N/A,1300,Gold,Vigo,Spain,EMD SA,0
365A15423003,MicroEco,E,N/A,1300,Green,Vigo,Spain,EMD SA,-1
365A15423004,MicroEco,E,N/A,1300,Silver,Vigo,Spain,EMD SA,-1
365A15423008,MicroEco,E,N/A,1300,Blue,Harwich,UK,UKMI PLC,-1
365A15423010,MicroEco,E,N/A,1300,Gold,Vigo,Spain,EMD SA,-1
365A15423014,MicroEco,E,N/A,1300,Green,Rotterdam,Holland,NMD ,-1
365A15423015,MicroEco,E,N/A,1300,Silver,Rotterdam,Holland,NMD ,-1
365A15423016,MicroEco,E,N/A,1300,Blue,Rotterdam,Holland,NMD ,-1
365A15423018,MicroEco,E,N/A,1300,Gold,Rotterdam,Holland,NMD ,0
365B15423004,MicroEco,E,N/A,1300,Green,Vigo,Spain,EMD SA,-1
365B15423008,MicroEco,E,N/A,1300,Red,Harwich,UK,UKMI PLC,-1
365B15423012,MicroEco,E,N/A,1300,Green,Harwich,UK,UKMI PLC,-1
365B15423014,MicroEco,E,N/A,1300,Blue,Vigo,Spain,EMD SA,0
365C15423005,MicroEco,E,N/A,1300,Silver,Harwich,UK,UKMI PLC,-1
366A15423004,MicroEco,E,N/A,1300,Red,Hamburg,Germany,BMD AG,0
366A15423010,MicroEco,E,N/A,1300,Silver,Vigo,Spain,EMD SA,-1
366A15423013,MicroEco,E,N/A,1300,Gold,Harwich,UK,UKMI PLC,-1
366A15423015,MicroEco,E,N/A,1300,Gold,Hamburg,Germany,BMD AG,-1
366B15423003,MicroEco,E,N/A,1300,White,Rotterdam,Holland,NMD ,-1
366B15423005,MicroEco,E,N/A,1300,Silver,Hamburg,Germany,BMD AG,-1
366B15423007,MicroEco,E,N/A,1300,White,Hamburg,Germany,BMD AG,-1
366B15423010,MicroEco,E,N/A,1300,Green,Rotterdam,Holland,NMD ,-1
366B15423011,MicroEco,E,N/A,1300,Green,Rotterdam,Holland,NMD ,-1
366B15423015,MicroEco,E,N/A,1300,Green,Vigo,Spain,EMD SA,-1
366C15423006,MicroEco,E,N/A,1300,White,Vigo,Spain,EMD SA,-1
366C15423008,MicroEco,E,N/A,1300,Gold,Brest,France,FMD SA,-1
366C15423009,MicroEco,E,N/A,1300,Gold,Brest,France,FMD SA,-1
366C15423011,MicroEco,E,N/A,1300,Silver,Harwich,UK,UKMI PLC,-1
366C15423013,MicroEco,E,N/A,1300,Blue,Brest,France,FMD SA,-1
366C15423018,MicroEco,E,N/A,1300,Blue,Brest,France,FMD SA,-1
366C15423019,MicroEco,E,N/A,1300,Gold,Rotterdam,Holland,NMD ,0
367A15423003,MicroEco,E,N/A,1300,Blue,Rotterdam,Holland,NMD ,0
367A15423007,MicroEco,E,N/A,1300,Red,Rotterdam,Holland,NMD ,0
367A15423020,MicroEco,E,N/A,1300,Gold,Brest,France,FMD SA,-1
367B15423002,MicroEco,E,N/A,1300,Silver,Vigo,Spain,EMD SA,0
367B15423008,MicroEco,E,N/A,1300,Silver,Harwich,UK,UKMI PLC,-1
367B15423020,MicroEco,E,N/A,1300,Silver,Vigo,Spain,EMD SA,0
371A15423004,MicroEco,E,N/A,1300,Blue,Hamburg,Germany,BMD AG,0
371B15423003,MicroEco,E,N/A,1300,Green,Hamburg,Germany,BMD AG,-1
371B15423005,MicroEco,E,N/A,1300,Blue,Harwich,UK,UKMI PLC,-1
371B15423007,MicroEco,E,N/A,1300,Blue,Rotterdam,Holland,NMD ,-1
371B15423016,MicroEco,E,N/A,1300,Blue,Harwich,UK,EMD SA,-1
371C15423007,MicroEco,E,N/A,1300,Gold,Rotterdam,Holland,NMD ,-1
371C15423016,MicroEco,E,N/A,1300,Green,Vigo,Spain,EMD SA,0
372A15423003,MicroEco,E,N/A,1300,Red,Brest,France,FMD SA,-1
372A15423006,MicroEco,E,N/A,1300,Silver,Brest,France,FMD SA,0
372A15423007,MicroEco,E,N/A,1300,Blue,Brest,France,FMD SA,-1
372A15423009,MicroEco,E,N/A,1300,White,Vigo,Spain,EMD SA,0
372A15423012,MicroEco,E,N/A,1300,White,Brest,France,FMD SA,0
372A15423014,MicroEco,E,N/A,1300,Silver,Hamburg,Germany,BMD AG,-1
372A15423015,MicroEco,E,N/A,1300,Green,Brest,France,FMD SA,-1
372A15423018,MicroEco,E,N/A,1300,Red,Brest,France,FMD SA,0
372B15423009,MicroEco,E,N/A,1300,Red,Vigo,Spain,EMD SA,0
372B15423017,MicroEco,E,N/A,1300,Gold,Brest,France,FMD SA,0
372C15423006,MicroEco,E,N/A,1300,Gold,Hamburg,Germany,BMD AG,0
372C15423007,MicroEco,E,N/A,1300,Red,Brest,France,FMD SA,-1
372C15423019,MicroEco,E,N/A,1300,Silver,Vigo,Spain,EMD SA,0
373A15423002,MicroEco,E,N/A,1300,Silver,Rotterdam,Holland,NMD ,-1
373A15423006,MicroEco,E,N/A,1300,Silver,Brest,France,FMD SA,0
373A15423008,MicroEco,E,N/A,1300,Blue,Rotterdam,Holland,NMD ,-1
373A15423009,MicroEco,E,N/A,1300,Green,Harwich,UK,UKMI PLC,-1
373A15423010,MicroEco,E,N/A,1300,White,Harwich,UK,UKMI PLC,-1
373A15423015,MicroEco,E,N/A,1300,White,Harwich,UK,UKMI PLC,-1
373A15423017,MicroEco,E,N/A,1300,Gold,Brest,France,FMD SA,-1
373B15423001,MicroEco,E,N/A,1300,White,Rotterdam,Holland,NMD ,-1
373B15423004,MicroEco,E,N/A,1300,Silver,Rotterdam,Holland,NMD ,-1
373B15423009,MicroEco,E,N/A,1300,Red,Harwich,UK,EMD SA,-1
373B15423017,MicroEco,E,N/A,1300,Green,Brest,France,FMD SA,0
373B15423018,MicroEco,E,N/A,1300,Red,Hamburg,Germany,BMD AG,-1
373C15423001,MicroEco,E,N/A,1300,Red,Brest,France,FMD SA,-1
373C15423002,MicroEco,E,N/A,1300,Blue,Rotterdam,Holland,NMD ,-1
373C15423003,MicroEco,E,N/A,1300,Red,Brest,France,FMD SA,-1
373C15423004,MicroEco,E,N/A,1300,Blue,Brest,France,FMD SA,-1
373C15423014,MicroEco,E,N/A,1300,Silver,Hamburg,Germany,BMD AG,-1
373C15423020,MicroEco,E,N/A,1300,Silver,Hamburg,Germany,BMD AG,0
374A15423001,MicroEco,E,N/A,1300,Blue,Harwich,UK,EMD SA,-1
374A15423005,MicroEco,E,N/A,1300,Blue,Vigo,Spain,EMD SA,0
374A15423010,MicroEco,E,N/A,1300,Red,Hamburg,Germany,BMD AG,0
374A15423012,MicroEco,E,N/A,1300,Red,Vigo,Spain,EMD SA,0
374B15423003,MicroEco,E,N/A,1300,Green,Harwich,UK,UKMI PLC,-1
374B15423010,MicroEco,E,N/A,1300,Red,Rotterdam,Holland,NMD ,-1
374B15423011,MicroEco,E,N/A,1300,White,Hamburg,Germany,BMD AG,-1
374B15423014,MicroEco,E,N/A,1300,Blue,Rotterdam,Holland,NMD ,0
374C15423006,MicroEco,E,N/A,1300,Gold,Hamburg,Germany,BMD AG,-1
374C15423008,MicroEco,E,N/A,1300,White,Rotterdam,Holland,NMD ,-1
374C15423010,MicroEco,E,N/A,1300,Red,Rotterdam,Holland,NMD ,-1
374C15423011,MicroEco,E,N/A,1300,Silver,Brest,France,FMD SA,0
374C15423012,MicroEco,E,N/A,1300,White,Harwich,UK,UKMI PLC,-1
374C15423013,MicroEco,E,N/A,1300,White,Rotterdam,Holland,NMD ,0
375A15423010,MicroEco,E,N/A,1300,Silver,Hamburg,Germany,BMD AG,0
375A15423011,MicroEco,E,N/A,1300,Blue,Harwich,UK,UKMI PLC,-1
375A15423012,MicroEco,E,N/A,1300,Gold,Rotterdam,Holland,NMD ,-1
375A15423015,MicroEco,E,N/A,1300,White,Hamburg,Germany,BMD AG,0
375A15423019,MicroEco,E,N/A,1300,Blue,Rotterdam,Holland,NMD ,-1
375B15423001,MicroEco,E,N/A,1300,Silver,Harwich,UK,UKMI PLC,-1
375B15423006,MicroEco,E,N/A,1300,Silver,Harwich,UK,EMD SA,-1
375B15423008,MicroEco,E,N/A,1300,Blue,Rotterdam,Holland,NMD ,0
375B15423018,MicroEco,E,N/A,1300,Blue,Rotterdam,Holland,NMD ,0
375C15423007,MicroEco,E,N/A,1300,Gold,Harwich,UK,EMD SA,-1
375C15423014,MicroEco,E,N/A,1300,White,Hamburg,Germany,BMD AG,-1
376A15423003,MicroEco,E,N/A,1300,Green,Harwich,UK,EMD SA,-1
376A15423008,MicroEco,E,N/A,1300,Blue,Hamburg,Germany,BMD AG,-1
376A15423017,MicroEco,E,N/A,1300,Silver,Harwich,UK,EMD SA,-1
376B15423008,MicroEco,E,N/A,1300,Silver,Harwich,UK,EMD SA,0
376B15423010,MicroEco,E,N/A,1300,Gold,Hamburg,Germany,BMD AG,0
376B15423011,MicroEco,E,N/A,1300,Blue,Harwich,UK,UKMI PLC,0
376B15423016,MicroEco,E,N/A,1300,Red,Vigo,Spain,EMD SA,0
376C15423003,MicroEco,E,N/A,1300,Green,Rotterdam,Holland,NMD ,0
376C15423004,MicroEco,E,N/A,1300,Gold,Harwich,UK,EMD SA,-1
376C15423006,MicroEco,E,N/A,1300,Green,Rotterdam,Holland,NMD ,-1
376C15423014,MicroEco,E,N/A,1300,Gold,Rotterdam,Holland,NMD ,-1
376C15423015,MicroEco,E,N/A,1300,Gold,Harwich,UK,EMD SA,-1
377A15423009,MicroEco,E,N/A,1300,Red,Harwich,UK,UKMI PLC,0
377A15423010,MicroEco,E,N/A,1300,White,Vigo,Spain,EMD SA,0
377A15423012,MicroEco,E,N/A,1300,White,Hamburg,Germany,BMD AG,-1
377A15423014,MicroEco,E,N/A,1300,Red,Hamburg,Germany,BMD AG,0
377A15423018,MicroEco,E,N/A,1300,White,Hamburg,Germany,BMD AG,-1
377B15423006,MicroEco,E,N/A,1300,Green,Harwich,UK,UKMI PLC,0
377B15423009,MicroEco,E,N/A,1300,White,Harwich,UK,EMD SA,-1
377B15423012,MicroEco,E,N/A,1300,Red,Rotterdam,Holland,NMD ,0
377B15423013,MicroEco,E,N/A,1300,Green,Hamburg,Germany,BMD AG,0
377C15423002,MicroEco,E,N/A,1300,Green,Rotterdam,Holland,NMD ,-1
377C15423016,MicroEco,E,N/A,1300,Blue,Rotterdam,Holland,NMD ,-1
361A15423005,MicroSE,H,900,1200,White,Brest,France,FMD SA,-1
361A15423009,MicroSE,H,900,1200,Green,Hamburg,Germany,BMD AG,0
361A15423016,MicroSE,H,900,1200,Green,Brest,France,FMD SA,-1
361A15423017,MicroSE,H,900,1200,Blue,Vigo,Spain,EMD SA,-1
361B15423004,MicroSE,H,900,1200,White,Harwich,UK,UKMI PLC,-1
361B15423006,MicroSE,H,900,1200,Silver,Vigo,Spain,EMD SA,-1
361B15423010,MicroSE,H,900,1200,Green,Brest,France,FMD SA,-1
361B15423012,MicroSE,H,900,1200,White,Harwich,UK,UKMI PLC,-1
361B15423015,MicroSE,H,900,1200,Gold,Vigo,Spain,EMD SA,-1
361C15423006,MicroSE,H,900,1200,Blue,Hamburg,Germany,BMD AG,0
361C15423008,MicroSE,H,900,1200,Green,Hamburg,Germany,BMD AG,0
361C15423009,MicroSE,H,900,1200,Gold,Brest,France,FMD SA,-1
361C15423017,MicroSE,H,900,1200,Green,Harwich,UK,UKMI PLC,-1
361C15423018,MicroSE,H,900,1200,Red,Harwich,UK,UKMI PLC,-1
362A15423005,MicroSE,H,900,1200,Gold,Harwich,UK,UKMI PLC,-1
362A15423006,MicroSE,H,900,1200,White,Harwich,UK,UKMI PLC,-1
362A15423007,MicroSE,H,900,1200,Gold,Brest,France,FMD SA,-1
362A15423015,MicroSE,H,900,1200,Red,Brest,France,FMD SA,-1
362A15423019,MicroSE,H,900,1200,Green,Hamburg,Germany,BMD AG,0
362B15423004,MicroSE,H,900,1200,Silver,Hamburg,Germany,BMD AG,-1
362B15423007,MicroSE,H,900,1200,Red,Vigo,Spain,EMD SA,0
362B15423009,MicroSE,H,900,1200,Red,Brest,France,FMD SA,-1
362B15423010,MicroSE,H,900,1200,Blue,Hamburg,Germany,BMD AG,0
362B15423020,MicroSE,H,900,1200,White,Vigo,Spain,EMD SA,0
362C15423003,MicroSE,H,900,1200,Green,Rotterdam,Holland,NMD ,0
362C15423005,MicroSE,H,900,1200,Red,Vigo,Spain,EMD SA,0
362C15423007,MicroSE,H,900,1200,Silver,Hamburg,Germany,BMD AG,-1
362C15423011,MicroSE,H,900,1200,White,Rotterdam,Holland,NMD ,0
362C15423013,MicroSE,H,900,1200,White,Harwich,UK,UKMI PLC,-1
362C15423014,MicroSE,H,900,1200,Gold,Rotterdam,Holland,NMD ,-1
362C15423015,MicroSE,H,900,1200,White,Harwich,UK,UKMI PLC,-1
362C15423016,MicroSE,H,900,1200,Gold,Hamburg,Germany,BMD AG,0
362C15423020,MicroSE,H,900,1200,White,Hamburg,Germany,BMD AG,0
363A15423002,MicroSE,H,900,1200,Blue,Hamburg,Germany,BMD AG,0
363A15423012,MicroSE,H,900,1200,Blue,Rotterdam,Holland,NMD ,-1
363B15423006,MicroSE,H,900,1200,Red,Vigo,Spain,EMD SA,-1
363B15423013,MicroSE,H,900,1200,Silver,Vigo,Spain,EMD SA,0
363B15423015,MicroSE,H,900,1200,Green,Rotterdam,Holland,NMD ,0
363C15423004,MicroSE,H,900,1200,Blue,Vigo,Spain,EMD SA,-1
363C15423005,MicroSE,H,900,1200,Red,Brest,France,FMD SA,-1
363C15423011,MicroSE,H,900,1200,Red,Harwich,UK,UKMI PLC,-1
363C15423014,MicroSE,H,900,1200,Gold,Hamburg,Germany,BMD AG,0
364A15423006,MicroSE,H,900,1200,Silver,Rotterdam,Holland,NMD ,0
364A15423015,MicroSE,H,900,1200,Red,Rotterdam,Holland,NMD ,0
364A15423017,MicroSE,H,900,1200,Gold,Brest,France,FMD SA,-1
364A15423018,MicroSE,H,900,1200,Blue,Brest,France,FMD SA,-1
364B15423001,MicroSE,H,900,1200,Red,Rotterdam,Holland,NMD ,-1
364B15423005,MicroSE,H,900,1200,White,Rotterdam,Holland,NMD ,0
364B15423011,MicroSE,H,900,1200,White,Vigo,Spain,EMD SA,-1
364B15423013,MicroSE,H,900,1200,Red,Brest,France,FMD SA,-1
364C15423003,MicroSE,H,900,1200,White,Vigo,Spain,EMD SA,0
364C15423007,MicroSE,H,900,1200,Silver,Vigo,Spain,EMD SA,-1
364C15423008,MicroSE,H,900,1200,Silver,Hamburg,Germany,BMD AG,-1
364C15423017,MicroSE,H,900,1200,Red,Rotterdam,Holland,NMD ,0
364C15423020,MicroSE,H,900,1200,Blue,Rotterdam,Holland,NMD ,0
365A15423001,MicroSE,H,900,1200,Blue,Hamburg,Germany,BMD AG,0
365A15423006,MicroSE,H,900,1200,White,Hamburg,Germany,BMD AG,0
365A15423007,MicroSE,H,900,1200,Blue,Brest,France,FMD SA,-1
365B15423001,MicroSE,H,900,1200,Green,Vigo,Spain,EMD SA,0
365B15423003,MicroSE,H,900,1200,Red,Harwich,UK,UKMI PLC,-1
365B15423005,MicroSE,H,900,1200,Green,Brest,France,FMD SA,-1
365B15423013,MicroSE,H,900,1200,Red,Brest,France,FMD SA,-1
365B15423016,MicroSE,H,900,1200,Gold,Brest,France,FMD SA,-1
365C15423002,MicroSE,H,900,1200,Gold,Harwich,UK,UKMI PLC,-1
365C15423006,MicroSE,H,900,1200,White,Harwich,UK,UKMI PLC,-1
365C15423008,MicroSE,H,900,1200,Blue,Hamburg,Germany,BMD AG,-1
365C15423016,MicroSE,H,900,1200,Red,Brest,France,FMD SA,0
366A15423002,MicroSE,H,900,1200,White,Vigo,Spain,EMD SA,-1
366A15423007,MicroSE,H,900,1200,Red,Hamburg,Germany,BMD AG,0
366A15423008,MicroSE,H,900,1200,White,Brest,France,FMD SA,0
366A15423014,MicroSE,H,900,1200,White,Harwich,UK,UKMI PLC,-1
366A15423017,MicroSE,H,900,1200,Silver,Rotterdam,Holland,NMD ,-1
366B15423006,MicroSE,H,900,1200,Blue,Hamburg,Germany,BMD AG,0
366B15423008,MicroSE,H,900,1200,Gold,Harwich,UK,UKMI PLC,-1
366B15423009,MicroSE,H,900,1200,Gold,Hamburg,Germany,BMD AG,-1
366B15423018,MicroSE,H,900,1200,Gold,Harwich,UK,UKMI PLC,-1
366C15423002,MicroSE,H,900,1200,Silver,Brest,France,FMD SA,-1
366C15423010,MicroSE,H,900,1200,Red,Harwich,UK,UKMI PLC,-1
366C15423014,MicroSE,H,900,1200,Gold,Brest,France,FMD SA,0
366C15423015,MicroSE,H,900,1200,Green,Hamburg,Germany,BMD AG,-1
366C15423016,MicroSE,H,900,1200,White,Vigo,Spain,EMD SA,0
366C15423017,MicroSE,H,900,1200,Blue,Rotterdam,Holland,NMD ,0
367A15423004,MicroSE,H,900,1200,Green,Rotterdam,Holland,NMD ,0
367A15423012,MicroSE,H,900,1200,Blue,Rotterdam,Holland,NMD ,-1
367A15423014,MicroSE,H,900,1200,Red,Rotterdam,Holland,NMD ,0
367A15423017,MicroSE,H,900,1200,White,Harwich,UK,UKMI PLC,-1
367B15423007,MicroSE,H,900,1200,Green,Vigo,Spain,EMD SA,-1
367B15423012,MicroSE,H,900,1200,Gold,Vigo,Spain,EMD SA,0
367C15423001,MicroSE,H,900,1200,Green,Rotterdam,Holland,NMD ,-1
367C15423003,MicroSE,H,900,1200,Blue,Harwich,UK,UKMI PLC,-1
367C15423004,MicroSE,H,900,1200,White,Hamburg,Germany,BMD AG,-1
367C15423005,MicroSE,H,900,1200,White,Brest,France,FMD SA,0
367C15423016,MicroSE,H,900,1200,Green,Rotterdam,Holland,NMD ,-1
367C15423017,MicroSE,H,900,1200,Green,Hamburg,Germany,BMD AG,-1
371A15423001,MicroSE,H,900,1200,Gold,Hamburg,Germany,BMD AG,0
371A15423009,MicroSE,H,900,1200,Silver,Hamburg,Germany,BMD AG,0
371A15423015,MicroSE,H,900,1200,Green,Brest,France,FMD SA,0
371A15423016,MicroSE,H,900,1200,Silver,Hamburg,Germany,BMD AG,-1
371A15423017,MicroSE,H,900,1200,Silver,Rotterdam,Holland,NMD ,-1
371B15423001,MicroSE,H,900,1200,Gold,Harwich,UK,UKMI PLC,-1
371B15423004,MicroSE,H,900,1200,Blue,Vigo,Spain,EMD SA,0
371B15423014,MicroSE,H,900,1200,Silver,Brest,France,FMD SA,0
371C15423006,MicroSE,H,900,1200,Silver,Vigo,Spain,EMD SA,-1
371C15423014,MicroSE,H,900,1200,Silver,Harwich,UK,UKMI PLC,-1
371C15423018,MicroSE,H,900,1200,Gold,Vigo,Spain,EMD SA,-1
372A15423016,MicroSE,H,900,1200,Red,Vigo,Spain,EMD SA,-1
372A15423017,MicroSE,H,900,1200,White,Harwich,UK,UKMI PLC,-1
372B15423001,MicroSE,H,900,1200,Silver,Brest,France,FMD SA,0
372B15423002,MicroSE,H,900,1200,Green,Hamburg,Germany,BMD AG,0
372B15423003,MicroSE,H,900,1200,Blue,Harwich,UK,UKMI PLC,-1
372B15423005,MicroSE,H,900,1200,Red,Harwich,UK,UKMI PLC,-1
372B15423012,MicroSE,H,900,1200,Red,Hamburg,Germany,BMD AG,0
372B15423014,MicroSE,H,900,1200,Gold,Brest,France,FMD SA,0
372B15423015,MicroSE,H,900,1200,White,Harwich,UK,UKMI PLC,-1
372B15423018,MicroSE,H,900,1200,Silver,Vigo,Spain,EMD SA,0
372B15423019,MicroSE,H,900,1200,Blue,Hamburg,Germany,BMD AG,0
372C15423004,MicroSE,H,900,1200,Green,Harwich,UK,UKMI PLC,-1
372C15423009,MicroSE,H,900,1200,Blue,Brest,France,FMD SA,0
372C15423015,MicroSE,H,900,1200,Gold,Harwich,UK,UKMI PLC,-1
372C15423017,MicroSE,H,900,1200,Blue,Harwich,UK,UKMI PLC,-1
372C15423018,MicroSE,H,900,1200,Green,Harwich,UK,UKMI PLC,-1
373A15423001,MicroSE,H,900,1200,Gold,Hamburg,Germany,BMD AG,0
373A15423004,MicroSE,H,900,1200,Green,Vigo,Spain,EMD SA,0
373A15423013,MicroSE,H,900,1200,White,Rotterdam,Holland,NMD ,0
373A15423014,MicroSE,H,900,1200,Green,Rotterdam,Holland,NMD ,-1
373A15423016,MicroSE,H,900,1200,Silver,Vigo,Spain,EMD SA,0
373B15423011,MicroSE,H,900,1200,Blue,Rotterdam,Holland,NMD ,0
373B15423015,MicroSE,H,900,1200,White,Harwich,UK,UKMI PLC,-1
373C15423011,MicroSE,H,900,1200,White,Brest,France,FMD SA,-1
373C15423013,MicroSE,H,900,1200,Red,Harwich,UK,UKMI PLC,-1
373C15423015,MicroSE,H,900,1200,Gold,Hamburg,Germany,BMD AG,0
374A15423004,MicroSE,H,900,1200,Gold,Rotterdam,Holland,NMD ,-1
374A15423013,MicroSE,H,900,1200,Red,Rotterdam,Holland,NMD ,-1
374A15423014,MicroSE,H,900,1200,White,Brest,France,FMD SA,0
374A15423017,MicroSE,H,900,1200,Green,Hamburg,Germany,BMD AG,-1
374A15423018,MicroSE,H,900,1200,Green,Rotterdam,Holland,NMD ,0
374A15423019,MicroSE,H,900,1200,Red,Harwich,UK,UKMI PLC,-1
374A15423020,MicroSE,H,900,1200,Green,Harwich,UK,UKMI PLC,-1
374B15423007,MicroSE,H,900,1200,White,Rotterdam,Holland,NMD ,0
374B15423013,MicroSE,H,900,1200,Green,Vigo,Spain,EMD SA,-1
374B15423015,MicroSE,H,900,1200,Silver,Brest,France,FMD SA,0
374B15423016,MicroSE,H,900,1200,Silver,Harwich,UK,UKMI PLC,-1
374C15423001,MicroSE,H,900,1200,Green,Harwich,UK,UKMI PLC,-1
374C15423007,MicroSE,H,900,1200,Red,Vigo,Spain,EMD SA,0
374C15423019,MicroSE,H,900,1200,Gold,Harwich,UK,UKMI PLC,-1
375A15423001,MicroSE,H,900,1200,White,Vigo,Spain,EMD SA,-1
375A15423016,MicroSE,H,900,1200,White,Rotterdam,Holland,NMD ,0
375B15423017,MicroSE,H,900,1200,Green,Vigo,Spain,EMD SA,-1
375C15423005,MicroSE,H,900,1200,White,Vigo,Spain,EMD SA,-1
375C15423009,MicroSE,H,900,1200,White,Brest,France,FMD SA,0
375C15423010,MicroSE,H,900,1200,Green,Rotterdam,Holland,NMD ,0
375C15423012,MicroSE,H,900,1200,Blue,Vigo,Spain,EMD SA,0
375C15423016,MicroSE,H,900,1200,Red,Vigo,Spain,EMD SA,0
375C15423019,MicroSE,H,900,1200,Green,Vigo,Spain,EMD SA,0
375C15423020,MicroSE,H,900,1200,White,Hamburg,Germany,BMD AG,0
376A15423002,MicroSE,H,900,1200,White,Brest,France,FMD SA,-1
376A15423010,MicroSE,H,900,1200,Silver,Harwich,UK,UKMI PLC,-1
376A15423011,MicroSE,H,900,1200,Gold,Hamburg,Germany,BMD AG,0
376A15423015,MicroSE,H,900,1200,Red,Hamburg,Germany,BMD AG,0
376A15423016,MicroSE,H,900,1200,White,Brest,France,FMD SA,-1
376B15423002,MicroSE,H,900,1200,Red,Harwich,UK,UKMI PLC,-1
376B15423003,MicroSE,H,900,1200,Gold,Rotterdam,Holland,NMD ,0
376B15423012,MicroSE,H,900,1200,Red,Hamburg,Germany,BMD AG,-1
376B15423014,MicroSE,H,900,1200,Gold,Hamburg,Germany,BMD AG,-1
376B15423017,MicroSE,H,900,1200,Blue,Harwich,UK,UKMI PLC,0
376C15423011,MicroSE,H,900,1200,Red,Rotterdam,Holland,NMD ,-1
376C15423013,MicroSE,H,900,1200,Blue,Hamburg,Germany,BMD AG,-1
376C15423016,MicroSE,H,900,1200,Gold,Rotterdam,Holland,NMD ,-1
376C15423018,MicroSE,H,900,1200,Red,Vigo,Spain,EMD SA,-1
377A15423001,MicroSE,H,900,1200,Gold,Harwich,UK,UKMI PLC,0
377A15423002,MicroSE,H,900,1200,Silver,Vigo,Spain,EMD SA,0
377A15423003,MicroSE,H,900,1200,Green,Harwich,UK,UKMI PLC,0
377A15423004,MicroSE,H,900,1200,Green,Harwich,UK,UKMI PLC,0
377A15423008,MicroSE,H,900,1200,Blue,Brest,France,FMD SA,-1
377A15423017,MicroSE,H,900,1200,Red,Hamburg,Germany,BMD AG,0
377A15423019,MicroSE,H,900,1200,Silver,Hamburg,Germany,BMD AG,0
377B15423008,MicroSE,H,900,1200,Silver,Harwich,UK,UKMI PLC,0
377B15423010,MicroSE,H,900,1200,Blue,Rotterdam,Holland,NMD ,-1
377B15423014,MicroSE,H,900,1200,Red,Harwich,UK,UKMI PLC,0
377B15423017,MicroSE,H,900,1200,White,Vigo,Spain,EMD SA,0
377C15423012,MicroSE,H,900,1200,Blue,Brest,France,FMD SA,-1
377C15423013,MicroSE,H,900,1200,Gold,Rotterdam,Holland,NMD ,-1
377C15423015,MicroSE,H,900,1200,Green,Hamburg,Germany,BMD AG,-1
377C15423017,MicroSE,H,900,1200,White,Rotterdam,Holland,NMD ,-1
377C15423020,MicroSE,H,900,1200,Gold,Harwich,UK,UKMI PLC,0
361A15423001,MicroZed,D,1200,1100,Blue,Brest,France,FMD SA,-1
361A15423019,MicroZed,D,1200,1100,Green,Hamburg,Germany,BMD AG,-1
361A15423020,MicroZed,D,1200,1100,Gold,Brest,France,FMD SA,-1
361B15423001,MicroZed,D,1200,1100,Red,Brest,France,FMD SA,-1
361B15423003,MicroZed,D,1200,1100,Green,Hamburg,Germany,BMD AG,-1
361C15423002,MicroZed,D,1200,1100,Gold,Vigo,Spain,EMD SA,0
361C15423007,MicroZed,D,1200,1100,Silver,Harwich,UK,UKMI PLC,-1
361C15423013,MicroZed,D,1200,1100,Green,Rotterdam,Holland,NMD ,0
362A15423003,MicroZed,D,1200,1100,Blue,Vigo,Spain,EMD SA,0
362A15423008,MicroZed,D,1200,1100,Gold,Vigo,Spain,EMD SA,0
362A15423011,MicroZed,D,1200,1100,Gold,Brest,France,FMD SA,-1
362A15423012,MicroZed,D,1200,1100,Silver,Brest,France,FMD SA,-1
362A15423013,MicroZed,D,1200,1100,Red,Harwich,UK,UKMI PLC,-1
362A15423014,MicroZed,D,1200,1100,Gold,Brest,France,FMD SA,-1
362B15423005,MicroZed,D,1200,1100,Red,Brest,France,FMD SA,-1
362B15423006,MicroZed,D,1200,1100,Silver,Hamburg,Germany,BMD AG,0
362B15423011,MicroZed,D,1200,1100,Blue,Rotterdam,Holland,NMD ,-1
362B15423013,MicroZed,D,1200,1100,White,Vigo,Spain,EMD SA,-1
362B15423016,MicroZed,D,1200,1100,Blue,Vigo,Spain,EMD SA,0
362B15423019,MicroZed,D,1200,1100,Gold,Brest,France,FMD SA,-1
362C15423001,MicroZed,D,1200,1100,Blue,Vigo,Spain,EMD SA,-1
362C15423002,MicroZed,D,1200,1100,Red,Brest,France,FMD SA,-1
362C15423009,MicroZed,D,1200,1100,Green,Rotterdam,Holland,NMD ,-1
362C15423018,MicroZed,D,1200,1100,Blue,Harwich,UK,UKMI PLC,-1
363A15423001,MicroZed,D,1200,1100,Green,Harwich,UK,UKMI PLC,-1
363A15423006,MicroZed,D,1200,1100,White,Brest,France,FMD SA,-1
363A15423013,MicroZed,D,1200,1100,Green,Hamburg,Germany,BMD AG,0
363A15423017,MicroZed,D,1200,1100,Green,Brest,France,FMD SA,-1
363A15423018,MicroZed,D,1200,1100,Gold,Brest,France,FMD SA,-1
363A15423019,MicroZed,D,1200,1100,Gold,Hamburg,Germany,BMD AG,0
363B15423002,MicroZed,D,1200,1100,Blue,Harwich,UK,UKMI PLC,-1
363B15423008,MicroZed,D,1200,1100,Gold,Vigo,Spain,EMD SA,0
363B15423012,MicroZed,D,1200,1100,White,Harwich,UK,UKMI PLC,-1
363B15423018,MicroZed,D,1200,1100,Red,Vigo,Spain,EMD SA,-1
363C15423002,MicroZed,D,1200,1100,Red,Vigo,Spain,EMD SA,0
363C15423003,MicroZed,D,1200,1100,White,Vigo,Spain,EMD SA,-1
363C15423015,MicroZed,D,1200,1100,White,Brest,France,FMD SA,-1
363C15423018,MicroZed,D,1200,1100,White,Hamburg,Germany,BMD AG,-1
364A15423013,MicroZed,D,1200,1100,Blue,Rotterdam,Holland,NMD ,-1
364B15423007,MicroZed,D,1200,1100,Green,Harwich,UK,UKMI PLC,-1
364B15423012,MicroZed,D,1200,1100,Blue,Hamburg,Germany,BMD AG,0
364B15423019,MicroZed,D,1200,1100,Red,Harwich,UK,UKMI PLC,-1
364C15423013,MicroZed,D,1200,1100,Blue,Vigo,Spain,EMD SA,-1
364C15423015,MicroZed,D,1200,1100,Green,Brest,France,FMD SA,-1
364C15423016,MicroZed,D,1200,1100,Blue,Harwich,UK,UKMI PLC,-1
365A15423002,MicroZed,D,1200,1100,Red,Rotterdam,Holland,NMD ,0
365A15423005,MicroZed,D,1200,1100,Green,Rotterdam,Holland,NMD ,0
365A15423013,MicroZed,D,1200,1100,Silver,Hamburg,Germany,BMD AG,0
365A15423019,MicroZed,D,1200,1100,Silver,Vigo,Spain,EMD SA,0
365B15423006,MicroZed,D,1200,1100,Gold,Harwich,UK,UKMI PLC,-1
365B15423007,MicroZed,D,1200,1100,Green,Vigo,Spain,EMD SA,-1
365B15423009,MicroZed,D,1200,1100,White,Vigo,Spain,EMD SA,-1
365B15423017,MicroZed,D,1200,1100,Red,Brest,France,FMD SA,0
365C15423003,MicroZed,D,1200,1100,Blue,Rotterdam,Holland,NMD ,0
365C15423009,MicroZed,D,1200,1100,Red,Hamburg,Germany,BMD AG,0
365C15423014,MicroZed,D,1200,1100,Gold,Hamburg,Germany,BMD AG,0
365C15423017,MicroZed,D,1200,1100,White,Rotterdam,Holland,NMD ,0
365C15423018,MicroZed,D,1200,1100,White,Harwich,UK,UKMI PLC,-1
365C15423020,MicroZed,D,1200,1100,Red,Brest,France,FMD SA,0
366A15423003,MicroZed,D,1200,1100,Blue,Rotterdam,Holland,NMD ,-1
366A15423005,MicroZed,D,1200,1100,Silver,Rotterdam,Holland,NMD ,0
366A15423006,MicroZed,D,1200,1100,Blue,Brest,France,FMD SA,-1
366A15423011,MicroZed,D,1200,1100,Red,Vigo,Spain,EMD SA,0
366A15423012,MicroZed,D,1200,1100,Green,Harwich,UK,UKMI PLC,-1
366A15423020,MicroZed,D,1200,1100,Green,Harwich,UK,UKMI PLC,-1
366B15423013,MicroZed,D,1200,1100,White,Brest,France,FMD SA,0
366B15423019,MicroZed,D,1200,1100,Red,Harwich,UK,UKMI PLC,-1
366B15423020,MicroZed,D,1200,1100,Silver,Harwich,UK,UKMI PLC,-1
366C15423005,MicroZed,D,1200,1100,Silver,Hamburg,Germany,BMD AG,-1
366C15423012,MicroZed,D,1200,1100,White,Hamburg,Germany,BMD AG,-1
367A15423008,MicroZed,D,1200,1100,White,Vigo,Spain,EMD SA,0
367A15423010,MicroZed,D,1200,1100,Silver,Harwich,UK,UKMI PLC,-1
367A15423013,MicroZed,D,1200,1100,Blue,Brest,France,FMD SA,0
367A15423018,MicroZed,D,1200,1100,Silver,Vigo,Spain,EMD SA,-1
367B15423003,MicroZed,D,1200,1100,Blue,Vigo,Spain,EMD SA,-1
367B15423006,MicroZed,D,1200,1100,Gold,Hamburg,Germany,BMD AG,0
367B15423011,MicroZed,D,1200,1100,White,Rotterdam,Holland,NMD ,0
367C15423006,MicroZed,D,1200,1100,Blue,Rotterdam,Holland,NMD ,0
367C15423008,MicroZed,D,1200,1100,Gold,Rotterdam,Holland,NMD ,-1
367C15423011,MicroZed,D,1200,1100,Green,Vigo,Spain,EMD SA,-1
367C15423012,MicroZed,D,1200,1100,White,Harwich,UK,UKMI PLC,-1
367C15423015,MicroZed,D,1200,1100,Silver,Vigo,Spain,EMD SA,-1
371A15423006,MicroZed,D,1200,1100,Red,Harwich,UK,UKMI PLC,-1
371A15423008,MicroZed,D,1200,1100,Gold,Vigo,Spain,EMD SA,0
371A15423011,MicroZed,D,1200,1100,Red,Hamburg,Germany,BMD AG,-1
371A15423012,MicroZed,D,1200,1100,Gold,Vigo,Spain,EMD SA,-1
371A15423013,MicroZed,D,1200,1100,Gold,Vigo,Spain,EMD SA,0
371A15423020,MicroZed,D,1200,1100,Green,Brest,France,FMD SA,0
371B15423002,MicroZed,D,1200,1100,Green,Harwich,UK,UKMI PLC,-1
371B15423006,MicroZed,D,1200,1100,Silver,Rotterdam,Holland,NMD ,0
371B15423010,MicroZed,D,1200,1100,Green,Harwich,UK,UKMI PLC,-1
371B15423011,MicroZed,D,1200,1100,Blue,Vigo,Spain,EMD SA,0
371B15423012,MicroZed,D,1200,1100,White,Hamburg,Germany,BMD AG,-1
371C15423001,MicroZed,D,1200,1100,Gold,Rotterdam,Holland,NMD ,-1
371C15423004,MicroZed,D,1200,1100,Silver,Vigo,Spain,EMD SA,-1
371C15423008,MicroZed,D,1200,1100,Green,Brest,France,FMD SA,0
371C15423010,MicroZed,D,1200,1100,Silver,Brest,France,FMD SA,-1
371C15423015,MicroZed,D,1200,1100,White,Hamburg,Germany,BMD AG,-1
371C15423017,MicroZed,D,1200,1100,Silver,Harwich,UK,UKMI PLC,-1
372A15423001,MicroZed,D,1200,1100,White,Brest,France,FMD SA,-1
372A15423002,MicroZed,D,1200,1100,White,Vigo,Spain,EMD SA,-1
372A15423004,MicroZed,D,1200,1100,Blue,Hamburg,Germany,BMD AG,-1
372A15423008,MicroZed,D,1200,1100,White,Brest,France,FMD SA,-1
372B15423007,MicroZed,D,1200,1100,Silver,Vigo,Spain,EMD SA,-1
372B15423008,MicroZed,D,1200,1100,Silver,Hamburg,Germany,BMD AG,-1
372B15423013,MicroZed,D,1200,1100,Gold,Rotterdam,Holland,NMD ,0
372B15423016,MicroZed,D,1200,1100,Blue,Brest,France,FMD SA,0
372C15423001,MicroZed,D,1200,1100,Green,Vigo,Spain,EMD SA,0
372C15423008,MicroZed,D,1200,1100,White,Vigo,Spain,EMD SA,0
372C15423011,MicroZed,D,1200,1100,Gold,Brest,France,FMD SA,0
372C15423014,MicroZed,D,1200,1100,Blue,Vigo,Spain,EMD SA,0
372C15423016,MicroZed,D,1200,1100,Red,Brest,France,FMD SA,0
373A15423005,MicroZed,D,1200,1100,Silver,Brest,France,FMD SA,-1
373A15423012,MicroZed,D,1200,1100,Gold,Vigo,Spain,EMD SA,0
373A15423018,MicroZed,D,1200,1100,White,Harwich,UK,UKMI PLC,-1
373A15423019,MicroZed,D,1200,1100,Blue,Harwich,UK,UKMI PLC,-1
373A15423020,MicroZed,D,1200,1100,Green,Harwich,UK,UKMI PLC,-1
373B15423005,MicroZed,D,1200,1100,Red,Hamburg,Germany,BMD AG,0
373B15423008,MicroZed,D,1200,1100,Red,Brest,France,FMD SA,-1
373B15423012,MicroZed,D,1200,1100,White,Brest,France,FMD SA,-1
373B15423014,MicroZed,D,1200,1100,Blue,Hamburg,Germany,BMD AG,0
373B15423016,MicroZed,D,1200,1100,Silver,Harwich,UK,UKMI PLC,-1
373B15423019,MicroZed,D,1200,1100,Green,Rotterdam,Holland,NMD ,-1
373C15423006,MicroZed,D,1200,1100,Silver,Vigo,Spain,EMD SA,-1
373C15423009,MicroZed,D,1200,1100,Silver,Rotterdam,Holland,NMD ,0
373C15423016,MicroZed,D,1200,1100,Red,Rotterdam,Holland,NMD ,-1
373C15423017,MicroZed,D,1200,1100,Red,Rotterdam,Holland,NMD ,0
374A15423006,MicroZed,D,1200,1100,Blue,Brest,France,FMD SA,0
374A15423007,MicroZed,D,1200,1100,Green,Rotterdam,Holland,NMD ,0
374B15423001,MicroZed,D,1200,1100,Green,Rotterdam,Holland,NMD ,-1
374B15423002,MicroZed,D,1200,1100,Red,Harwich,UK,UKMI PLC,-1
374B15423008,MicroZed,D,1200,1100,Blue,Rotterdam,Holland,NMD ,0
374B15423009,MicroZed,D,1200,1100,Green,Vigo,Spain,EMD SA,0
374B15423012,MicroZed,D,1200,1100,Green,Hamburg,Germany,BMD AG,0
374B15423017,MicroZed,D,1200,1100,Green,Hamburg,Germany,BMD AG,-1
374B15423020,MicroZed,D,1200,1100,Red,Rotterdam,Holland,NMD ,-1
374C15423002,MicroZed,D,1200,1100,Red,Brest,France,FMD SA,-1
374C15423020,MicroZed,D,1200,1100,Gold,Vigo,Spain,EMD SA,-1
375A15423003,MicroZed,D,1200,1100,Gold,Brest,France,FMD SA,0
375A15423006,MicroZed,D,1200,1100,Red,Harwich,UK,UKMI PLC,-1
375A15423007,MicroZed,D,1200,1100,Blue,Rotterdam,Holland,NMD ,0
375A15423013,MicroZed,D,1200,1100,White,Hamburg,Germany,BMD AG,0
375A15423020,MicroZed,D,1200,1100,Red,Brest,France,FMD SA,-1
375B15423002,MicroZed,D,1200,1100,Silver,Harwich,UK,UKMI PLC,-1
375B15423004,MicroZed,D,1200,1100,Gold,Rotterdam,Holland,NMD ,0
375B15423005,MicroZed,D,1200,1100,White,Harwich,UK,UKMI PLC,-1
375B15423012,MicroZed,D,1200,1100,Red,Vigo,Spain,EMD SA,-1
375B15423013,MicroZed,D,1200,1100,Blue,Rotterdam,Holland,NMD ,0
375B15423015,MicroZed,D,1200,1100,Green,Rotterdam,Holland,NMD ,-1
375B15423019,MicroZed,D,1200,1100,Silver,Brest,France,FMD SA,0
375C15423002,MicroZed,D,1200,1100,Red,Rotterdam,Holland,NMD ,0
375C15423008,MicroZed,D,1200,1100,Blue,Harwich,UK,UKMI PLC,-1
375C15423013,MicroZed,D,1200,1100,Blue,Harwich,UK,UKMI PLC,-1
375C15423015,MicroZed,D,1200,1100,Blue,Hamburg,Germany,BMD AG,-1
375C15423018,MicroZed,D,1200,1100,White,Rotterdam,Holland,NMD ,0
376A15423005,MicroZed,D,1200,1100,Red,Brest,France,FMD SA,-1
376A15423006,MicroZed,D,1200,1100,Green,Hamburg,Germany,BMD AG,-1
376A15423009,MicroZed,D,1200,1100,White,Hamburg,Germany,BMD AG,0
376A15423012,MicroZed,D,1200,1100,White,Rotterdam,Holland,NMD ,0
376A15423014,MicroZed,D,1200,1100,Silver,Harwich,UK,UKMI PLC,-1
376A15423019,MicroZed,D,1200,1100,Red,Harwich,UK,UKMI PLC,-1
376B15423005,MicroZed,D,1200,1100,White,Harwich,UK,UKMI PLC,0
376B15423006,MicroZed,D,1200,1100,White,Rotterdam,Holland,NMD ,0
376B15423018,MicroZed,D,1200,1100,Red,Vigo,Spain,EMD SA,-1
377A15423005,MicroZed,D,1200,1100,White,Hamburg,Germany,BMD AG,-1
377A15423011,MicroZed,D,1200,1100,White,Harwich,UK,UKMI PLC,0
377A15423013,MicroZed,D,1200,1100,Blue,Harwich,UK,UKMI PLC,0
377B15423001,MicroZed,D,1200,1100,Green,Harwich,UK,UKMI PLC,0
377B15423004,MicroZed,D,1200,1100,Silver,Vigo,Spain,EMD SA,0
377B15423005,MicroZed,D,1200,1100,Silver,Rotterdam,Holland,NMD ,-1
377B15423007,MicroZed,D,1200,1100,Green,Harwich,UK,UKMI PLC,0
377B15423015,MicroZed,D,1200,1100,White,Hamburg,Germany,BMD AG,-1
377B15423016,MicroZed,D,1200,1100,Gold,Hamburg,Germany,BMD AG,-1
377B15423019,MicroZed,D,1200,1100,White,Hamburg,Germany,BMD AG,-1
377C15423003,MicroZed,D,1200,1100,Blue,Brest,France,FMD SA,-1
377C15423008,MicroZed,D,1200,1100,Green,Rotterdam,Holland,NMD ,0
377C15423011,MicroZed,D,1200,1100,Blue,Hamburg,Germany,BMD AG,0
377C15423019,MicroZed,D,1200,1100,Gold,Harwich,UK,UKMI PLC,0
