PayNumber,Name1,Name2,BranchCode,JobCode
SIM0001,Siddharth,Sughandi,4,54
SIM0002,Adheesh,Jain,1,50
SIM0003,Mohammed,Gupta,1,51
SIM0004,Chantal,Sellan,1,51
SIM0005,Ruksana,Singh,1,51
SIM0006,Mohammed,Soni,1,51
SIM0007,Shruti,Malviya,4,7
SIM0008,Dhruv,Chitnis,2,14
SIM0009,Vinet,Motwani,2,14
SIM0010,Shashank,Ratwani,6,58
SIM0011,Ritu,Pokhrel,1,53
SIM0012,Akshay,Ratwani,1,53
SIM0013,Mohamed,Hafez,2,14
SIM0014,Victoria,Nankani,2,14
SIM0015,Ranjit,Patel,3,27
SIM0016,Kush,Sughandi,1,46
SIM0017,Majid,Hegde,2,14
SIM0018,Dhruv,Motwani,1,46
SIM0019,Teng,Liu,14,14
SIM0020,Dhruv,Malviya,1,32
SIM0021,Sagar,Ratwani,7,27
SIM0022,Kratika,Agrawal,1,32
SIM0023,Shruti,Singh,1,71
SIM0024,Siddharth,Khatod,5,10
SIM0025,Tomas,Weiss,3,27
SIM0026,Uttara,Jain,14,14
SIM0027,Kratika,Menon,14,97
SIM0028,Sagar,Dhiman,1,65
SIM0029,Dewang,Anand,1,83
SIM0030,Taran,Gupta,2,14
SIM0031,Fatima,Parille,3,27
SIM0032,Dhruv,Sellan,7,26
SIM0033,Aditya,Sharma,1,80
SIM0034,Mohammed,Morzaria,14,14
SIM0035,Bautista ,Morea,3,27
SIM0036,Adel,Amer,2,14
SIM0037,Jamal,Patel,1,81
SIM0038,Gaston,Di Vizio,3,27
SIM0039,Surbhi,Ahmad,1,83
SIM0040,Vinet,Kelotra,3,27
SIM0041,Michael,Seng,2,14
SIM0042,Juan,Amen,3,27
SIM0043,Siddharth,Shah,1,99
SIM0044,Siddharth,Bansal,4,79
SIM0045,Gourank,Nainani,1,99
SIM0046,Yamila,Pavia,3,27
SIM0047,Sama,Dhiman,2,14
SIM0048,Ritu,Anand,7,25
SIM0049,Ahmed,Gharib,3,26
SIM0050,Majid,Nainani,4,86
SIM0051,Mohamed,Radwan,2,12
SIM0052,Sukan,Patel,3,25
SIM0053,Nripesh,Shoaib,1,43
SIM0054,Diego,Pastero,3,32
SIM0055,Arjeet,Chauhan,1,18
SIM0056,Gourank,Ahktar,8,18
SIM0057,Ken,Hirasaka,2,12
SIM0058,Nedeem,Pokhrel,2,12
SIM0059,Ankur,Kari,2,32
SIM0060,Marcos,Marco,3,46
SIM0061,Tina,Patidar,2,32
SIM0062,Kush,Patel,7,32
SIM0063,Mohamed,Gad,2,4
SIM0064,Keshav,Srivatsan,3,43
SIM0065,Keshav,Kelotra,1,85
SIM0066,Tanvi,Kashani,1,47
SIM0067,Shashank,Khatri,1,27
SIM0068,Nripesh,Kelotra,7,31
SIM0069,Majid,Afana,3,32
SIM0070,Ankur,Ratwani,1,55
SIM0071,Gourank,Sultan,2,106
SIM0072,Yamila,Bansal,2,107
SIM0073,Sama,Nainani,2,108
SIM0074,Ritu,Pavia,2,109
SIM0075,Ahmed,Bedi,2,107
SIM0076,Majid,Singh,2,107
SIM0077,Mohamed,Patel,2,108
SIM0078,Sukan,Ghandi,2,108
SIM0079,Nripesh,Gupta,2,109
SIM0080,Diego,Surit,1,5
SIM0081,Arjeet,Menasan,1,5
SIM0082,Gourank,Dev,1,18
SIM0083,Ken,Pokhrel,1,46
SIM0084,Nedeem,Kari,1,5
SIM0085,Ankur,Ashwani,1,7
SIM0086,Kush,Akhtar,1,4
SIM0087,Mohamed,Avatar,1,46
SIM0088,Keshav,Khuznetsov,14,130
SIM0089,Keshav,Khan,1,5
SIM0090,Tanvi,Surit,1,5
SIM0091,Shashank,Banjarat,1,5
SIM0092,Vikram,Bedi,1,5
SIM0093,Sukrit,Khan,2,46
SIM0094,Sukan,Pokhrel,3,31
SIM0095,Sachin,Kari,3,46
SIM0096,Sukrit,Dev,2,14
SIM0097,Amir,Khan,2,14
SIM0098,Mohamed,Ravi,2,11
SIM0099,Mohamed,Solanki,2,14
SIM0100,Shahad,Sharif,2,14
