Weighting,,,,,,,
0.853,1.02,1.08,,,,,

Reference,Name1,Name2,OfficeCode,Office,JobCode,Rate,Salary
SIM00693J0032,Majid,Afana,,,,,
SIM00221J0032,Kratika,Agrawal,,,,,
SIM00568J0018,Gourank,Ahktar,,,,,
SIM00391J0083,Surbhi,Ahmad,,,,,
SIM00861J004,Kush,Akhtar,,,,,
SIM00487JTT025,Ritu,Anand,,,,,
SIM00851J007,Ankur,Ashwani,,,,,
SIM00911J005,Shashank,Banjarat,,,,,
SIM00444JKLTE079,Siddharth,Bansal,,,,,
SIM00722JTX107,Yamila,Bansal,,,,,
SIM00921J005,Vikram,Bedi,,,,,
SIM00551J0018,Arjeet,Chauhan,,,,,
SIM00821J0018,Gourank,Dev
SIM00281J0065,Sagar,Dhiman
SIM00632J004,Mohamed,Gad
SIM00782J00108,Sukan,Ghandi
SIM00493J0026,Ahmed,Gharib
SIM00031J0051,Mohammed,Gupta
SIM00792JJQA109,Nripesh,Gupta
SIM00132J0014,Mohamed,Hafez
SIM00021JSS050,Adheesh,Jain
SIM00592J0032,Ankur,Kari
SIM00953J0046,Sachin,Kari
SIM00661J0047,Tanvi,Kashani
SIM00651J0085,Keshav,Kelotra
SIM00687J0031,Nripesh,Kelotra
SIM00932J0046,Sukrit,Khan
SIM00245J0010,Siddharth,Khatod
SIM00671J0027,Shashank,Khatri
SIM00201J0032,Dhruv,Malviya
SIM00074J007,Shruti,Malviya
SIM00603J0046,Marcos,Marco
SIM00181J0046,Dhruv,Motwani
SIM00092JAS014,Vinet,Motwani
SIM00451J0099,Gourank,Nainani
SIM00504J0086,Majid,Nainani
SIM00543J0032,Diego,Pastero
SIM00371J0081,Jamal,Patel
SIM00627J0032,Kush,Patel
SIM00153J0027,Ranjit,Patel
SIM00523J0025,Sukan,Patel
SIM00612J0032,Tina,Patidar
SIM00742JDEW109,Ritu,Pavia
SIM00463J0027,Yamila,Pavia
SIM00111J0053,Ritu,Pokhrel
SIM00943J0031,Sukan,Pokhrel
SIM00512J0012,Mohamed,Radwan
SIM00701J0055,Ankur,Ratwani
SIM00217J0027,Sagar,Ratwani
SIM00106J0058,Shashank,Ratwani
SIM00982J0011,Mohamed,Ravi
SIM00327J0026,Dhruv,Sellan
SIM00331J0080,Aditya,Sharma
SIM00531J0043,Nripesh,Shoaib
SIM00231J0071,Shruti,Singh
SIM00061J0051,Mohammed,Soni
SIM00643JDFSA043,Keshav,Srivatsan
SIM00161J0046,Kush,Sughandi
SIM00014J0054,Siddharth,Sughandi
SIM00712JMM106,Gourank,Sultan
