Job,Description,Rate
2,Systems Analyst,229600
4,Project Manager,123000
5,Programmer,82000
7,Web Master,90200
10,Branch Manager,164000
11,Production Manager,205000
12,Production Supervisor,92250
14,Production,45100
18,Managing Director,348500
25,Sales Manager,205000
26,Assistant Sales Manager,114800
27,Sales Assistant,36900
31,Maintenance Manager,102500
32,Maintenance,57400
43,Company Secretary,225500
46,Financial Director,266500
47,Accounts assistant,57400
50,Human Resources Manager,143500
51,Human Resources Department,69700
53,Human Resources Consultant,90200
54,Catering Manager,73800
55,Financial Director,266500
58,Accountant,176300
65,Sales Director,266500
70,Corporate Marketing Manager,90200
71,Marketing,65600
79,Market Research Assistant,33620
80,Office manager,73800
81,Finance Clerk,59450
82,Data Entry Clerk,35260
83,Secretary,32800
85,Personal Assistant,49200
86,Typing pool,22550
97,Driver,24600
99,Temporary staff,17220
106,Research and Development Manager,205000
107,Research Scientist,196800
108,Product Development,94300
109,Development Engineer,104550
110,Development Technician,66420
130,Area Manager,131200
140,Accounts Clerk,30750
141,Account Manager,114800
145,Test Driver,55760
151,Operational Director,266500
