Student id,Option Module,IDCT01,IDSD02,IDBO03,IDBC04,IDTSOPT1,IDPGOPT2,IDIMOPT3,IDECOPT4,IDACOPT5
11cs156,IDTSOPT1,y,y,y,y,y,,,,
11cs157,IDECOPT4,,,y,y,,,,y,
11cs158,IDACOPT5,,,y,y,,,,,y
11cs159,IDIMOPT3,y,y,y,y,,,y,,
11cs160,IDACOPT5,y,y,y,y,,,,,y
11cs161,IDTSOPT1,y,y,y,y,y,,,,
11cs163,IDTSOPT1,y,y,y,y,y,,,,
11cs164,IDTSOPT1,y,y,y,y,y,,,,
11cs165,IDPGOPT2,y,y,y,y,,y,,,
11cs167,IDECOPT4,y,y,,y,,,,y,
11cs168,IDIMOPT3,y,y,y,y,,,y,,
11cs170,IDTSOPT1,y,y,y,y,y,,,,
11cs171,IDPGOPT2,,y,,y,,y,,,
11cs172,IDPGOPT2,y,y,y,y,,y,,,
11cs174,IDIMOPT3,y,y,y,y,,,y,,
11cs175,IDIMOPT3,y,y,y,y,,,y,,
11cs176,IDTSOPT1,y,y,y,y,y,,,,
11cs177,IDECOPT4,y,y,y,y,,,,y,
11cs178,IDACOPT5,y,y,y,y,,,,,y
11cs180,IDIMOPT3,y,y,y,y,,,y,,
