Appointment_ID,Appointment_Time,Appointment_Date,Vet_Name,Owner_ID,Owner_Name,Owner_Email,Pet_Name,Type_of_Pet
101,09:00,01/02/2016,Amy,001JJ,Joseph Jones,joseph@jones.com,Charlie,Dog
102,09:30,01/02/2016,Daniel,001SP,Samantha Peterson,samantha@peterson.com,Boo Boo,Dog
103,10:30,01/02/2016,Amy,0001RS,Rita Smith,rita@smith.com,Coco,Cat
104,13:30,01/02/2016,William,001SM,Svetlana Mirinov,svetlana@mirinov.com,Skittles,Hamster
105,15:00,01/02/2016,Daniel,001AJ,Asha Jones,asha@jones.com,Benjy,Dog
106,15:30,01/02/2016,Amy,001LK,Leela Kaur,leela@kaur.com,JoJo,Cat
107,16:30,01/02/2016,William,001JR,Jennifer Richardson,jennifer@richardson.com,Jessy,Dog
108,09:00,02/02/2016,William,001JB,Jeremy Beaumont,jeremy@beaumont.com,Twinkle,Horse
109,10:00,02/02/2016,Daniel,001DA,David Adam,david@adam.com,Fluffy,Rabbit
110,11:30,02/02/2016,Amy,001JD,Johanna Duchamps,johanna@duchamps.com,Dennis,Guinea pig
111,13:00,02/02/2016,Daniel,001PA,Paolo Acosta,paolo@acosta.com,Pickles,Horse
112,14:30,02/02/2016,Amy,001DK,Deeraj Khan,deeraj@khan.com,Olly,Cat
113,15:30,02/02/2016,William,001TB,Thomas Blanco,thomas@blanco.com,Sparkles,Rabbit
114,16:30,02/02/2016,Daniel,001KA,Kate Ainsworth,kate@ainsworth.com,Daisy,Cat
115,09:00,03/02/2016,Amy,001LL,Ling Lu,ling@lu.com,Rufus,Dog
116,09:30,03/02/2016,William,001HA,Hannah Alexander,hannah@alexander.com,Rudy,Dog
117,10:30,03/02/2016,Amy,001AB,Anna Bauer,anna@bauer.com,Pepper,Hamster
118,11:30,03/02/2016,Daniel,001CA,Claus Archer,claus@archer.com,Thumper,Rabbit
119,14:00,03/02/2016,William,001FE,Franz Ellis,franz@ellis.com,Zico,Parrot
120,15:00,03/02/2016,Amy,001JH,Jonathan Hobbs,jonathan@hobbs.com,Robbie,Guinea pig
