Hire_ID,Hire_Date,Hire_Cost,Salesman_ID,Salesman_FirstName,Customer_ID,Customer_FirstName,Customer_LastName,Customer_Email,Car_Reg,Car_Make,Car_Model
,02/03/2016,$100,001JS,James,001JJ,Joseph,Jones,joseph@jones.com,MA14 UPT,Toyota,Yaris
,01/04/2016,$125,001JS,James,001SP,Samantha,Peterson,samantha@peterson.com,MRP 123,Vauxhall,Vectra
,03/04/2016,$250,001AW,Andrew,0001RS,Rita,Smith,rita@smith.com,AWE 777,Aston Martin,DB9
,05/04/2016,$100,001MA,Maria,001SM,Svetlana,Mirinov,svetlana@mirinov.com,MA14 UPT,Toyota,Yaris
,10/04/2016,$175,001JS,James,001AJ,Asha,Jones,asha@jones.com,ER 9876,BMW,3 series
,12/04/2016,$125,001SI,Steffi,001LK,Leela,Kaur,leela@kaur.com,MRP 123,Vauxhall,Vectra
,20/04/2016,$100,001AW,Andrew,001JR,Jennifer,Richardson,jennifer@richardson.com,MA14 UPT,Toyota,Yaris
,25/04/2016,$135,001PN,Pasan,001JB,Jeremy,Beaumont,jeremy@beaumont.com,MA61 ABC,Mercedes,A class
,30/04/2016,$150,001SI,Steffi,001DA,David,Adam,david@adam.com,KA 0022,Kia,Sportage
,03/05/2016,$125,001JS,James,001JD,Johanna,Duchamps,johanna@duchamps.com,MRP 123,Vauxhall,Vectra
,10/05/2016,$135,001AW,Andrew,001PA,Paolo,Acosta,paolo@acosta.com,MA61 ABC,Mercedes,A class
,16/05/2016,$175,001MA,Maria,001DK,Deeraj,Khan,deeraj@khan.com,ER 9876,BMW,3 series
,22/05/2016,$150,001PN,Pasan,001TB,Thomas,Blanco,thomas@blanco.com,KA 0022,Kia,Sportage
,24/05/2016,$135,001AW,Andrew,001KA,Kate,Ainsworth,kate@ainsworth.com,MA61 ABC,Mercedes,A class
,28/05/2016,$100,001JS,James,001LL,Ling,Lu,ling@lu.com,MA14 UPT,Toyota,Yaris
,01/06/2016,$250,001AA,Amala,001HA,Hannah,Alexander,hannah@alexander.com,AWE 777,Aston Martin,DB9
,08/06/2016,$100,001JS,James,001AB,Anna,Bauer,anna@bauer.com,MA14 UPT,Toyota,Yaris
,13/06/2016,$175,001AA,Amala,001CA,Claus,Archer,claus@archer.com,ER 9876,BMW,3 series
,16/06/2016,$125,001MA,Maria,001FE,Franz,Ellis,franz@ellis.com,MRP 123,Vauxhall,Vectra
,20/06/2016,$135,001SI,Steffi,001JH,Jonathan,Hobbs,jonathan@hobbs.com,MA61 ABC,Mercedes,A class
