First_Name,Family_Name,Birth_Date,Vacancy,Vacancy_ID,Level,Employer,Sector,Framework,Start_Date,End_Date,Wage
Nathan,Davidson,18/01/2001,AAT Accounts Apprenticeship,TT454445,Higher,Barkers Accounting,454,Accounting,17/09/2018,14/09/2020,129.85
Catherine,Bell,28/04/2002,Food and Beverage Service Apprentice,TT583327,Intermediate,Park Royal Hotel,583,Hospitality,24/09/2018,21/09/2020,95.55
Zenib,Bibi,09/09/2000,Apprentice Lettings Negotiator,TT500134,Intermediate,Rayment Estate Agents Ltd,500,Property Services,17/09/2018,14/09/2020,110.55
Luis,Hernandez,26/01/2001,Apprentice Nursery Nurse,TT445083,Intermediate,Rainbow Day Nursery,445,Children and Young Peoples Workforce,01/10/2018,28/09/2020,95.55
Muhammed,Khan,12/12/2002,Apprentice Pharmacy Assistant,TT480089,Intermediate,Orford Pharmacy,480,Health and Pharmacy Services,17/09/2018,14/09/2020,120.95
Nathan,Wilson,01/04/2001,Digital Marketing Apprentice,TT579298,Advanced,Dreamscape Web Services,579,Social Media and Digital Marketing,01/10/2018,28/09/2020,185.55
Ruby,Gathard,03/03/2001,Food Production and Cooking Apprentice,TT582324,Intermediate,Highly Blessed Limited,582,Catering and Professional Chefs,24/09/2018,21/09/2020,115.59
Jessica,Rowlands,23/01/2000,Heavy Vehicle Technician Apprentice,TT436350,Advanced,Link Logistics Ltd,436,Vehicle Maintenance and Repair,10/09/2018,07/09/2020,109.25
Alex,Munro,05/08/2000,Web Developer Apprentice,TT418440,Intermediate,Green House Media Ltd,418,IT and Software and Web & Telecoms Professionals,17/09/2018,14/09/2020,115.25
Kerry,Inglis,14/01/2001,Web Developer Apprentice ,TT418441,Advanced,Software Imaging Technology Limited,418,IT and Software and Web & Telecoms Professionals,17/09/2018,14/09/2020,145.75
