Subject_Name,Subject_ID,Framework_Developer,Sector_Area
Agriculture,528,Lantra,Agriculture and Horticulture and Animal Care
Animal Care,439,Lantra,Agriculture and Horticulture and Animal Care
Environmental Conservation,524,Lantra,Agriculture and Horticulture and Animal Care
Equine,511,Lantra,Agriculture and Horticulture and Animal Care
Farriery,526,Lantra,Agriculture and Horticulture and Animal Care
Fencing,530,Lantra,Agriculture and Horticulture and Animal Care
Fish Husbandry and Fish Management,568,Lantra,Agriculture and Horticulture and Animal Care
Floristry,523,Lantra,Agriculture and Horticulture and Animal Care
Game and Wildlife Management,438,Lantra,Agriculture and Horticulture and Animal Care
Horticulture,527,Lantra,Agriculture and Horticulture and Animal Care
Land-based Engineering,525,Lantra,Agriculture and Horticulture and Animal Care
Nursing Assistants in a Veterinary Environment,569,Lantra,Agriculture and Horticulture and Animal Care
Trees and Timber,531,Lantra,Agriculture and Horticulture and Animal Care
Veterinary Nursing,529,Lantra,Agriculture and Horticulture and Animal Care
Animal Technology,598,Lantra,Agriculture and Horticulture and Animal Care
Advertising and Marketing Communications,586,Creative Skillset,Arts and Media and Publishing
Broadcast Production,610,Creative Skillset,Arts and Media and Publishing
Broadcasting Technology,605,Creative Skillset,Arts and Media and Publishing
Community Arts,492,Creative and Cultural,Arts and Media and Publishing
Costume and Wardrobe,493,Creative and Cultural,Arts and Media and Publishing
Craft and Technical Roles in Film and Television,621,Creative Skillset,Arts and Media and Publishing
Creative and Digital Media,449,Creative Skillset,Arts and Media and Publishing
Creative Craft Practitioner,624,Creative and Cultural,Arts and Media and Publishing
Cultural and Heritage Venue operations,495,Creative and Cultural,Arts and Media and Publishing
Design,497,Creative and Cultural,Arts and Media and Publishing
Digital Learning Design,636,Creative and Cultural,Arts and Media and Publishing
Interactive Design and Development,622,Creative Skillset,Arts and Media and Publishing
Journalism,599,Creative Skillset,Arts and Media and Publishing
Live Events and Promotion,491,Creative and Cultural,Arts and Media and Publishing
Music Business,496,Creative and Cultural,Arts and Media and Publishing
Photo Imaging,448,Creative Skillset,Arts and Media and Publishing
Sound Recording and Engineering and Studio Facilities,609,Creative and Cultural,Arts and Media and Publishing
Technical Theatre and Lighting and Sound and Stage,494,Creative and Cultural,Arts and Media and Publishing
Automative Clay Modelling,639,Financial Skills Partnership,Business Administration and Law
Banking,590,Financial Skills Partnership,Business Administration and Law
Criminal Investigation,614,Skills for Justice,Business Administration and Law
Insurance,589,Financial Skills Partnership,Business Administration and Law
Accounting,454,Financial Skills Partnership,Business and Administration and Law
Bookkeeping,452,Financial Skills Partnership,Business and Administration and Law
Business and Administration,490,Skills CFA,Business and Administration and Law
Business and Innovation and Growth,581,Skills CFA,Business and Administration and Law
Business and Professional Administration,620,Skills CFA,Business and Administration and Law
Contact Centre Operations,489,Skills CFA,Business and Administration and Law
Contact Centre Operations Management,619,Skills CFA,Business and Administration and Law
Customer Service,488,Skills CFA,Business and Administration and Law
Enterprise,552,Skills CFA,Business and Administration and Law
Fundraising,557,Skills CFA,Business and Administration and Law
Human Resource Management,574,Skills CFA,Business and Administration and Law
Legal Services,565,Skills for Justice,Business and Administration and Law
Management,487,Skills CFA,Business and Administration and Law
Marketing,486,Skills CFA,Business and Administration and Law
Payroll,451,Financial Skills Partnership,Business and Administration and Law
Professional Services,575,Financial Skills Partnership,Business and Administration and Law
Project Management,573,Skills CFA,Business and Administration and Law
Providing Financial Services,455,Financial Skills Partnership,Business and Administration and Law
Public Relations,572,Skills CFA,Business and Administration and Law
Recruitment,594,Skills CFA,Business and Administration and Law
Sales and Telesales,485,Skills CFA,Business and Administration and Law
Social Media and Digital Marketing,579,Skills CFA,Business and Administration and Law
Volunteer Management,558,Skills CFA,Business and Administration and Law
Building Energy Management Systems,554,Summit Skills,Construction and Planning and the Built Environment
Building Services Engineering Technology and Project Management,543,Summit Skills,Construction and Planning and the Built Environment
Construction Building,522,Construction Skills,Construction and Planning and the Built Environment
Construction Civil Engineering,520,Construction Skills,Construction and Planning and the Built Environment
Construction Management,612,Construction Skills,Construction and Planning and the Built Environment
Construction Specialist,519,Construction Skills,Construction and Planning and the Built Environment
Construction Technical and Professional,521,Construction Skills,Construction and Planning and the Built Environment
Domestic Heating,516,Summit Skills,Construction and Planning and the Built Environment
Heating and Ventilating,515,Summit Skills,Construction and Planning and the Built Environment
Plumbing and Heating,512,Summit Skills,Construction and Planning and the Built Environment
Refrigeration and Air Conditioning,514,Summit Skills,Construction and Planning and the Built Environment
Surveying,532,Asset Skills,Construction and Planning and the Built Environment
Learning and Development,541,LSIS,Education and Training
Learning Support,592,LSIS,Education and Training
Professional Development for Work Based Learning Practitioners,591,Skills for Justice (prev LSIS),Education and Training
Supporting Teaching and Learning in Physical Education,613,SkillsActive,Education and Training
Supporting Teaching and Learning in Schools,420,Skills for Justice,Education and Training
Advanced Diagnostics and Management Principles,627,IMI,Engineering and Manufacturing Technologies
Aviation Operations on the Ground,405,People 1st for GoSkills,Engineering and Manufacturing Technologies
Bus and Coach Engineering and Maintenance,431,People 1st for GoSkills,Engineering and Manufacturing Technologies
Ceramics Manufacturing,469,Pro Skills,Engineering and Manufacturing Technologies
Combined Manufacturing Processes,546,Pro Skills,Engineering and Manufacturing Technologies
Composite Engineering,596,Semta,Engineering and Manufacturing Technologies
Consumer Electrical and Electronic Products,587,Summit Skills,Engineering and Manufacturing Technologies
Driving Goods Vehicles,441,Skills for Logistics,Engineering and Manufacturing Technologies
Electrotechnical,513,Summit Skills,Engineering and Manufacturing Technologies
Engineering Construction,517,ECITB,Engineering and Manufacturing Technologies
Engineering Construction,564,ECITB,Engineering and Manufacturing Technologies
Engineering Environmental Technologies,604,Semta,Engineering and Manufacturing Technologies
Engineering Manufacture,539,Semta,Engineering and Manufacturing Technologies
Explosives and Storage and Maintenance,607,Cogent,Engineering and Manufacturing Technologies
Extractives and Mineral Processing Occupations,553,Pro Skills,Engineering and Manufacturing Technologies
Fashion and Textiles: Technical,585,Creative Skillset,Engineering and Manufacturing Technologies
Food and Drink,403,Improve,Engineering and Manufacturing Technologies
Furniture and Furnishing and Interiors Manufacturing,551,Pro Skills,Engineering and Manufacturing Technologies
Furniture and Furnishings and interiors Manufacturing,635,Pro Skills,Engineering and Manufacturing Technologies
Glass Industry,502,Pro Skills,Engineering and Manufacturing Technologies
Improving Operational Performance,504,Semta,Engineering and Manufacturing Technologies
Jewellery and Manufacturing and Silversmithing and Allied Trades,629,Creative and Cultural,Engineering and Manufacturing Technologies
Jewellery and Silversmithing and Allied Trades,548,Creative and Cultural,Engineering and Manufacturing Technologies
Laboratory and Science Technicians,506,Semta,Engineering and Manufacturing Technologies
Manufacturing Engineering,550,Semta,Engineering and Manufacturing Technologies
Maritime Occupations,560,Skills for Logistics,Engineering and Manufacturing Technologies
Metal Processing and Allied Operations,597,Semta,Engineering and Manufacturing Technologies
Mineral Products Technology,593,Pro Skills,Engineering and Manufacturing Technologies
Multi-Skilled Vehicle Collision Repair,606,IMI,Engineering and Manufacturing Technologies
Nuclear Working,426,Cogent,Engineering and Manufacturing Technologies
Operations and Quality Improvement,562,Semta,Engineering and Manufacturing Technologies
Passenger Carrying Vehicle Driving,430,People 1st for GoSkills,Engineering and Manufacturing Technologies
Polymer Processing Operations,424,Cogent,Engineering and Manufacturing Technologies
Print and Printed Packaging,542,Pro Skills,Engineering and Manufacturing Technologies
Process Manufacturing,425,Cogent,Engineering and Manufacturing Technologies
Production of Coatings,503,Pro Skills,Engineering and Manufacturing Technologies
Professional Aviation Pilot Practice,615,People 1st for GoSkills,Engineering and Manufacturing Technologies
Rail Engineering (Track),428,People 1st for GoSkills,Engineering and Manufacturing Technologies
Rail Infrastructure Engineering,545,People 1st for GoSkills,Engineering and Manufacturing Technologies
Rail Services,429,People 1st for GoSkills,Engineering and Manufacturing Technologies
Rail Traction and Rolling Stock Engineering,544,People 1st for GoSkills,Engineering and Manufacturing Technologies
Signmaking,416,Cogent,Engineering and Manufacturing Technologies
Smart Meter Installations (Dual Fuel),570,EU Skills ,Engineering and Manufacturing Technologies
Sustainable Resource Management,505,EU Skills ,Engineering and Manufacturing Technologies
Sustainable Resource Operations and Management,618,EU Skills ,Engineering and Manufacturing Technologies
The Gas Industry,446,EU Skills ,Engineering and Manufacturing Technologies
The Power Industry,427,EU Skills ,Engineering and Manufacturing Technologies
The Water Industry,535,EU Skills ,Engineering and Manufacturing Technologies
Vehicle Body and Paint,434,IMI,Engineering and Manufacturing Technologies
Vehicle Fitting,437,IMI,Engineering and Manufacturing Technologies
Vehicle Maintenance and Repair,436,IMI,Engineering and Manufacturing Technologies
Vehicle Parts,433,IMI,Engineering and Manufacturing Technologies
Vehicle Restoration,634,IMI,Engineering and Manufacturing Technologies
Wood and Timber Processing and Merchants Industry,576,Pro Skills,Engineering and Manufacturing Technologies
Care Leadership and Management,584,Skills for Care and Development,Health and Public Services and Care
Children and Young Peoples Workforce,445,Skills for Care and Development,Health and Public Services and Care
Community Safety,617,Skills for Justice,Health and Public Services and Care
Courts and Tribunal and Prosecution Administration,406,Skills for Justice,Health and Public Services and Care
Custodial Care,410,Skills for Justice,Health and Public Services and Care
Emergency Fire Service Operations,409,Skills for Justice,Health and Public Services and Care
Employment Related Services,536,Skills for Justice (prev LSIS),Health and Public Services and Care
Health - Allied Health Profession Support,478,Skills for Health,Health and Public Services and Care
Health - Assistant Practitioner,602,Skills for Health,Health and Public Services and Care
Health - Clinical Healthcare Support,473,Skills for Health,Health and Public Services and Care
Health - Dental Nursing,479,Skills for Health,Health and Public Services and Care
Health - Emergency Care,476,Skills for Health,Health and Public Services and Care
Health - Healthcare Support Services,474,Skills for Health,Health and Public Services and Care
Health - Maternity and Paediatric Support,475,Skills for Health,Health and Public Services and Care
Health - Optical Retail,471,Skills for Health,Health and Public Services and Care
Health - Pathology Support,470,Skills for Health,Health and Public Services and Care
Health - Perioperative Support,477,Skills for Health,Health and Public Services and Care
Health - Pharmacy Services,480,Skills for Health,Health and Public Services and Care
Health and Social Care,444,Skills for Care and Development,Health and Public Services and Care
Health Informatics,567,Skills for Health,Health and Public Services and Care
HM Forces,537,Skills for Justice,Health and Public Services and Care
Housing,499,Asset Skills,Health and Public Services and Care
Intelligence Analysis,603,Skills for Justice,Health and Public Services and Care
Intelligence Operations,637,Skills for Justice,Health and Public Services and Care
Legal Advice,601,Skills for Justice,Health and Public Services and Care
Libraries and Archives and Records and IM Services,450,LSIS,Health and Public Services and Care
Local Taxation and Benefits,549,Asset Skills,Health and Public Services and Care
Locksmithing,571,Skills for Security,Health and Public Services and Care
Policing,407,Skills for Justice,Health and Public Services and Care
Providing Security Services,440,Skills for Security,Health and Public Services and Care
Security Systems,421,Skills for Security,Health and Public Services and Care
Youth Work,447,Skills for Justice,Health and Public Services and Care
Information Security,611,E Skills,Information and Communication Technology
IT and Software and Web and Telecoms Professionals,418,E Skills,Information and Communication Technology
IT Application Specialist,419,E Skills,Information and Communication Technology
Activity Leadership,460,SkillsActive,Leisure and Travel and Tourism
Coaching,561,SkillsActive,Leisure and Travel and Tourism
Exercise and Fitness,462,SkillsActive,Leisure and Travel and Tourism
Leisure Operations and Leisure Management,466,SkillsActive,Leisure and Travel and Tourism
Outdoor Programmes,464,SkillsActive,Leisure and Travel and Tourism
Playwork,456,SkillsActive,Leisure and Travel and Tourism
Spectator Safety,458,SkillsActive,Leisure and Travel and Tourism
Sporting Excellence,465,SkillsActive,Leisure and Travel and Tourism
Sports Development,467,SkillsActive,Leisure and Travel and Tourism
Travel Services,408,People 1st,Leisure and Travel and Tourism
Barbering,507,SkillsActive/Habia,Retail and Commercial Enterprise
Beauty Therapy,422,SkillsActive/Habia,Retail and Commercial Enterprise
Catering and Professional Chefs,582,People 1st,Retail and Commercial Enterprise
Cleaning and Environmental Support Services,498,Asset Skills,Retail and Commercial Enterprise
Commercial Moving,415,Skills for Logistics,Retail and Commercial Enterprise
Express Logistics,577,Skills for Logistics ,Retail and Commercial Enterprise
Facilities Management,501,Asset Skills,Retail and Commercial Enterprise
Fashion and Textiles,423,Creative Skillset,Retail and Commercial Enterprise
Funeral Operations and Services,578,Skillsmart Retail,Retail and Commercial Enterprise
Hairdressing,508,SkillsActive/Habia,Retail and Commercial Enterprise
Hospitality,583,People 1st,Retail and Commercial Enterprise
Hospitality Management,580,Skills CFA,Retail and Commercial Enterprise
International Trade and Logistics Operations,413,Skills for Logistics,Retail and Commercial Enterprise
Licensed Hospitality,404,People 1st,Retail and Commercial Enterprise
Logistics Operations,442,Skills for Logistics,Retail and Commercial Enterprise
Mail and Package Distribution,411,Skills for Logistics,Retail and Commercial Enterprise
Nail Services,509,SkillsActive/Habia,Retail and Commercial Enterprise
Property Services,500,Asset Skills,Retail and Commercial Enterprise
Retail,443,Skillsmart Retail,Retail and Commercial Enterprise
Retail Management,608,Skillsmart Retail,Retail and Commercial Enterprise
Spa Therapy,510,SkillsActive/Habia,Retail and Commercial Enterprise
Supply Chain Management,566,Skills for Logistics,Retail and Commercial Enterprise
Trade Business Services,616,People 1st,Retail and Commercial Enterprise
Traffic Office,412,Skills for Logistics,Retail and Commercial Enterprise
Vehicle Sales,435,IMI,Retail and Commercial Enterprise
Warehousing and Storage,414,Skills for Logistics,Retail and Commercial Enterprise
Life Sciences and Chemical Science Professionals,563,Cogent,Science and Mathematics 
