Book,Author,Group,Month,Day,Date,Time,Venue,Notes
Anything Is Possible,Elizabeth Strout,Adult,January,Wednesday,12-Feb-20,20:00,Community Library Meeting Room,Local author Patsy Fletcher will be in attendance
Bone Gap,Laura Ruby,Teen,December,Friday,17-Jan-20,16:00,Community Centre Meeting Room,Details of our Winter Reading Challenge will be announced
Just Listen,Sarah Dessen,Teen,January,Friday,14-Feb-20,16:00,Community Centre Meeting Room,Details on becoming a library volunteer and reading or digital buddy for library users
Mr Stink,David Walliams,Tween,January,Saturday,15-Feb-20,10:00,School Library,Communicating through picture card activity
The Baltimore Boys,Joel Dicker,Adult,December,Wednesday,15-Jan-20,19:30,Community Library Meeting Room,15% book discount in local bookstore for all Tawara Book Club members throughout December
The Girl on the Train,Paula Hawkins,Adult,February,Tuesday,10-Mar-20,19:30,Community Centre Meeting Room,Due to the Community Library refurbishment the day and venue has been changed
The Ice Palace,Robert Swindells,Tween,February,Saturday,14-Mar-20,10:00,School Library,Launch of the 2020 young author competition
The Magic Finger,Roald Dahl,Tween,December,Saturday,18-Jan-20,10:00,School Library,Details of our Winter Reading Challenge will be announced
The Walls Around Us,Nova Ren Suma,Teen,February,Friday,13-Mar-20,16:00,Community Centre Meeting Room,Launch of the 2020 young author competition
