VIN,Model,Power,Engine_size,Price,Colour,Discount_applied,Location,Date_sold,Sales_person,Sold
361A15423001,MicroZed,D,1200,11000,Blue,0,Paris,01/12/2011,Gerard,-1
361A15423007,MicroEco,E,N/A,13000,White,0.05,London,01/12/2011,Grant,-1
361A15423017,MicroSE,H,900,12000,Blue,0.05,Madrid,01/12/2011,Sanchez,-1
361B15423010,MicroSE,H,900,12000,Green,0.2,Paris,01/12/2011,Gerard,-1
361B15423020,MicroB,G,500,7500,Gold,0.2,Paris,01/12/2011,Galdos,-1
361C15423007,MicroZed,D,1200,11000,Silver,0.05,London,01/12/2011,Grant,-1
361C15423017,MicroSE,H,900,12000,Green,0.05,London,01/12/2011,Jones,-1
362A15423009,Micro,G,600,8500,Red,0.15,London,01/12/2011,Houlier,-1
362B15423001,MicroEco,E,N/A,13000,Red,0,Rotterdam,01/12/2011,Hanssen ,-1
361A15423002,MicroEco,E,N/A,13000,Silver,0.05,London,02/12/2011,Jones,-1
361A15423008,MicroB,G,500,7500,Green,0.1,Madrid,02/12/2011,Sanchez,-1
361A15423018,Micro,G,600,8500,Red,0.1,Hamburg,02/12/2011,Freiburg,-1
361B15423011,Micro,G,600,8500,Blue,0,Rotterdam,02/12/2011,Hanssen ,-1
361C15423001,Micro,G,600,8500,White,0,Madrid,02/12/2011,Sanchez,-1
361C15423008,MicroSE,H,900,12000,Green,0.1,Hamburg,02/12/2011,Freiburg,-1
361A15423003,MicroB,G,500,7500,Gold,0.1,London,03/12/2011,Houlier,-1
361A15423009,MicroSE,H,900,12000,Green,0.15,Hamburg,03/12/2011,Borg,-1
361A15423019,MicroZed,D,1200,11000,Green,0.15,Hamburg,03/12/2011,Borg,-1
361B15423012,MicroSE,H,900,12000,White,0.05,London,03/12/2011,Jones,-1
361C15423002,MicroZed,D,1200,11000,Gold,0.05,Madrid,03/12/2011,Marcos,-1
361C15423009,MicroSE,H,900,12000,Gold,0.15,Paris,03/12/2011,Gerard,-1
361A15423004,Micro,G,600,8500,Silver,0.15,Paris,04/12/2011,Algier,-1
361A15423010,Micro,G,600,8500,Silver,0.2,Paris,04/12/2011,Galdos,-1
361A15423020,MicroZed,D,1200,11000,Gold,0.2,Paris,04/12/2011,Freire,-1
361B15423013,Micro,G,600,8500,Gold,0.1,Hamburg,04/12/2011,Kandinsky,-1
361C15423003,Micro,G,600,8500,Green,0.1,Madrid,04/12/2011,Sanchez,-1
361C15423010,Micro,G,600,8500,Red,0.2,London,04/12/2011,Houlier,-1
361A15423005,MicroSE,H,900,12000,White,0.2,Paris,05/12/2011,Gerard,-1
361A15423011,Micro,G,600,8500,Blue,0,London,05/12/2011,Jones,-1
361B15423001,MicroZed,D,1200,11000,Red,0,Paris,05/12/2011,Gerard,-1
361B15423014,Micro,G,600,8500,Blue,0.15,Paris,05/12/2011,Algier,-1
361A15423006,MicroEco,E,N/A,13000,Silver,0,Rotterdam,06/12/2011,Hanssen ,-1
361A15423012,Micro,G,600,8500,White,0.05,Paris,06/12/2011,Gerard,-1
361B15423002,MicroEco,E,N/A,13000,Silver,0.05,Madrid,06/12/2011,Villalobos,-1
361B15423005,MicroEco,E,N/A,13000,Green,0.2,Hamburg,06/12/2011,Borg,-1
361B15423015,MicroSE,H,900,12000,Gold,0.2,Madrid,06/12/2011,Machado,-1
361A15423013,Micro,G,600,8500,White,0.1,Rotterdam,07/12/2011,Hanssen ,-1
361B15423003,MicroZed,D,1200,11000,Green,0.1,Hamburg,07/12/2011,Bentos,-1
361B15423006,MicroSE,H,900,12000,Silver,0,Madrid,07/12/2011,Sanchez,-1
361B15423016,MicroEco,E,N/A,13000,Red,0,Rotterdam,07/12/2011,Bondieu,-1
361C15423011,Micro,G,600,8500,Gold,0,London,07/12/2011,Grant,-1
361C15423013,MicroZed,D,1200,11000,Green,0.1,Rotterdam,07/12/2011,Hanssen ,-1
362A15423005,MicroSE,H,900,12000,Gold,0.2,London,07/12/2011,Jones,-1
362A15423017,Micro,G,600,8500,Silver,0.05,Rotterdam,07/12/2011,Bondieu,-1
361A15423014,MicroEco,E,N/A,13000,Gold,0.15,Madrid,08/12/2011,Marcos,-1
361B15423004,MicroSE,H,900,12000,White,0.15,London,08/12/2011,Houlier,-1
361B15423007,Micro,G,600,8500,Green,0.05,London,08/12/2011,Jones,-1
361B15423017,MicroB,G,500,7500,Red,0.05,Madrid,08/12/2011,Sanchez,-1
361C15423004,Micro,G,600,8500,Blue,0.15,Rotterdam,08/12/2011,Hanssen ,-1
361C15423012,Micro,G,600,8500,Green,0.05,Rotterdam,08/12/2011,Geldorf,-1
361C15423014,MicroB,G,500,7500,Blue,0.15,Rotterdam,08/12/2011,Hanssen ,-1
362A15423006,MicroSE,H,900,12000,White,0,London,08/12/2011,Houlier,-1
362A15423018,MicroB,G,500,7500,Blue,0.1,Madrid,08/12/2011,Sanchez,-1
361A15423015,Micro,G,600,8500,Gold,0.2,Paris,09/12/2011,Gallegos,-1
361B15423008,MicroB,G,500,7500,Gold,0.1,London,09/12/2011,Houlier,-1
361B15423018,MicroEco,E,N/A,13000,Red,0.1,Paris,09/12/2011,Gerard,-1
361C15423005,MicroEco,E,N/A,13000,White,0.2,Madrid,09/12/2011,Villalobos,-1
361C15423015,MicroEco,E,N/A,13000,Gold,0.2,Paris,09/12/2011,Gallegos,-1
362A15423007,MicroSE,H,900,12000,Gold,0.05,Paris,09/12/2011,Gerard,-1
362A15423019,MicroSE,H,900,12000,Green,0.15,Hamburg,09/12/2011,Borg,-1
361A15423016,MicroSE,H,900,12000,Green,0,Paris,10/12/2011,Gerard,-1
361B15423009,MicroEco,E,N/A,13000,Blue,0.15,Rotterdam,10/12/2011,Pieterssen,-1
361B15423019,Micro,G,600,8500,White,0.15,Madrid,10/12/2011,Leon,-1
361C15423006,MicroSE,H,900,12000,Blue,0,Hamburg,10/12/2011,Borg,-1
361C15423016,MicroEco,E,N/A,13000,Green,0,Rotterdam,10/12/2011,Pieterssen,-1
362A15423008,MicroZed,D,1200,11000,Gold,0.1,Madrid,10/12/2011,Leon,-1
362A15423020,Micro,G,600,8500,Blue,0.2,Paris,10/12/2011,Gallegos,-1
371B15423002,MicroZed,D,1200,11000,Green,0.05,London,12/12/2011,Grant,-1
371B15423010,MicroZed,D,1200,11000,Green,0.2,London,12/12/2011,Grant,-1
371B15423012,MicroZed,D,1200,11000,White,0.05,Hamburg,12/12/2011,Borg,-1
371C15423001,MicroZed,D,1200,11000,Gold,0,Rotterdam,12/12/2011,Pieterssen,-1
371C15423004,MicroZed,D,1200,11000,Silver,0.15,Madrid,12/12/2011,Sanchez,-1
371C15423010,MicroZed,D,1200,11000,Silver,0.2,Paris,12/12/2011,Gerard,-1
371C15423015,MicroZed,D,1200,11000,White,0.2,Hamburg,12/12/2011,Freiburg,-1
371C15423017,MicroZed,D,1200,11000,Silver,0.05,London,12/12/2011,Jones,-1
372A15423001,MicroZed,D,1200,11000,White,0,Paris,12/12/2011,Algier,-1
372A15423002,MicroZed,D,1200,11000,White,0.05,Madrid,12/12/2011,Villalobos,-1
372A15423004,MicroZed,D,1200,11000,Blue,0.15,Hamburg,12/12/2011,Bentos,-1
372A15423008,MicroZed,D,1200,11000,White,0.1,Paris,12/12/2011,Gerard,-1
372B15423007,MicroZed,D,1200,11000,Silver,0.05,Madrid,12/12/2011,Sanchez,-1
372B15423008,MicroZed,D,1200,11000,Silver,0.1,Hamburg,12/12/2011,Borg,-1
373A15423005,MicroZed,D,1200,11000,Silver,0.2,Paris,12/12/2011,Gerard,-1
373A15423018,MicroZed,D,1200,11000,White,0.1,London,12/12/2011,Houlier,-1
373A15423019,MicroZed,D,1200,11000,Blue,0.15,London,12/12/2011,Grant,-1
373A15423020,MicroZed,D,1200,11000,Green,0.2,London,12/12/2011,Jones,-1
373B15423008,MicroZed,D,1200,11000,Red,0.1,Paris,12/12/2011,Gerard,-1
373B15423012,MicroZed,D,1200,11000,White,0.05,Paris,12/12/2011,Galdos,-1
373B15423016,MicroZed,D,1200,11000,Silver,0,London,12/12/2011,Houlier,-1
373B15423019,MicroZed,D,1200,11000,Green,0.15,Rotterdam,12/12/2011,Bondieu,-1
373C15423006,MicroZed,D,1200,11000,Silver,0,Madrid,12/12/2011,Sanchez,-1
371A15423014,Micro,G,600,8500,White,0.15,London,13/12/2011,Jones,-1
371A15423016,MicroSE,H,900,12000,Silver,0,Hamburg,13/12/2011,Borg,-1
371A15423017,MicroSE,H,900,12000,Silver,0.05,Rotterdam,13/12/2011,Hanssen ,-1
371B15423001,MicroSE,H,900,12000,Gold,0,London,13/12/2011,Jones,-1
371B15423003,MicroEco,E,N/A,13000,Green,0.1,Hamburg,13/12/2011,Bentos,-1
371B15423005,MicroEco,E,N/A,13000,Blue,0.2,London,13/12/2011,Jones,-1
371B15423007,MicroEco,E,N/A,13000,Blue,0.05,Rotterdam,13/12/2011,Hanssen ,-1
371B15423008,Micro,G,600,8500,Silver,0.1,Madrid,13/12/2011,Leon,-1
371B15423015,MicroB,G,500,7500,Green,0.2,London,13/12/2011,Jones,-1
371B15423016,MicroEco,E,N/A,13000,Blue,0,Madrid,13/12/2011,Sanchez,-1
371B15423019,Micro,G,600,8500,Green,0.15,Hamburg,13/12/2011,Kandinsky,-1
371C15423005,Micro,G,600,8500,Gold,0.2,Paris,13/12/2011,Gerard,-1
371C15423006,MicroSE,H,900,12000,Silver,0,Madrid,13/12/2011,Marcos,-1
371C15423007,MicroEco,E,N/A,13000,Gold,0.05,Rotterdam,13/12/2011,Hanssen ,-1
371C15423009,Micro,G,600,8500,Blue,0.15,Rotterdam,13/12/2011,Bondieu,-1
371C15423012,MicroB,G,500,7500,Gold,0.05,London,13/12/2011,Jones,-1
371C15423013,MicroB,G,500,7500,Green,0.1,Hamburg,13/12/2011,Borg,-1
371C15423014,MicroSE,H,900,12000,Silver,0.15,London,13/12/2011,Grant,-1
371C15423018,MicroSE,H,900,12000,Gold,0.1,Madrid,13/12/2011,Sanchez,-1
371C15423019,MicroB,G,500,7500,White,0.15,Hamburg,13/12/2011,Borg,-1
371C15423020,MicroB,G,500,7500,White,0.2,London,13/12/2011,Grant,-1
372A15423003,MicroEco,E,N/A,13000,Red,0.1,Paris,13/12/2011,Gerard,-1
372A15423005,MicroB,G,500,7500,Gold,0.2,Rotterdam,13/12/2011,Hanssen ,-1
372A15423007,MicroEco,E,N/A,13000,Blue,0.05,Paris,13/12/2011,Galdos,-1
372A15423011,MicroB,G,500,7500,Blue,0,London,13/12/2011,Jones,-1
372A15423013,Micro,G,600,8500,Silver,0.1,Paris,13/12/2011,Gallegos,-1
372A15423014,MicroEco,E,N/A,13000,Silver,0.15,Hamburg,13/12/2011,Borg,-1
372A15423015,MicroEco,E,N/A,13000,Green,0.2,Paris,13/12/2011,Gerard,-1
372A15423016,MicroSE,H,900,12000,Red,0,Madrid,13/12/2011,Sanchez,-1
372A15423017,MicroSE,H,900,12000,White,0.05,London,13/12/2011,Jones,-1
372B15423003,MicroSE,H,900,12000,Blue,0.1,London,13/12/2011,Houlier,-1
372B15423004,Micro,G,600,8500,White,0.15,Hamburg,13/12/2011,Kandinsky,-1
372B15423005,MicroSE,H,900,12000,Red,0.2,London,13/12/2011,Grant,-1
372B15423006,Micro,G,600,8500,Red,0,Madrid,13/12/2011,Machado,-1
372B15423010,MicroB,G,500,7500,Gold,0.2,Paris,13/12/2011,Freire,-1
372B15423015,MicroSE,H,900,12000,White,0.2,London,13/12/2011,Jones,-1
372B15423020,Micro,G,600,8500,Silver,0.2,London,13/12/2011,Grant,-1
372C15423002,Micro,G,600,8500,Gold,0.05,Hamburg,13/12/2011,Freiburg,-1
372C15423003,Micro,G,600,8500,Silver,0.1,London,13/12/2011,Jones,-1
372C15423004,MicroSE,H,900,12000,Green,0.15,London,13/12/2011,Houlier,-1
372C15423007,MicroEco,E,N/A,13000,Red,0.05,Paris,13/12/2011,Gerard,-1
372C15423015,MicroSE,H,900,12000,Gold,0.2,London,13/12/2011,Grant,-1
372C15423017,MicroSE,H,900,12000,Blue,0.05,London,13/12/2011,Houlier,-1
372C15423018,MicroSE,H,900,12000,Green,0.1,London,13/12/2011,Houlier,-1
373A15423003,Micro,G,600,8500,Green,0.1,London,13/12/2011,Grant,-1
373A15423007,MicroB,G,500,7500,Silver,0.05,London,13/12/2011,Jones,-1
373A15423008,MicroEco,E,N/A,13000,Blue,0.1,Rotterdam,13/12/2011,Hanssen ,-1
373A15423009,MicroEco,E,N/A,13000,Green,0.15,London,13/12/2011,Jones,-1
373A15423010,MicroEco,E,N/A,13000,White,0.2,London,13/12/2011,Houlier,-1
373A15423014,MicroSE,H,900,12000,Green,0.15,Rotterdam,13/12/2011,Hanssen ,-1
373A15423015,MicroEco,E,N/A,13000,White,0.2,London,13/12/2011,Houlier,-1
373A15423017,MicroEco,E,N/A,13000,Gold,0.05,Paris,13/12/2011,Algier,-1
373B15423001,MicroEco,E,N/A,13000,White,0,Rotterdam,13/12/2011,Pieterssen,-1
373B15423004,MicroEco,E,N/A,13000,Silver,0.15,Rotterdam,13/12/2011,Hanssen ,-1
373B15423009,MicroEco,E,N/A,13000,Red,0.15,Madrid,13/12/2011,Leon,-1
373B15423015,MicroSE,H,900,12000,White,0.2,London,13/12/2011,Jones,-1
373B15423018,MicroEco,E,N/A,13000,Red,0.1,Hamburg,13/12/2011,Borg,-1
373B15423020,Micro,G,600,8500,Blue,0.2,Hamburg,13/12/2011,Bentos,-1
373C15423001,MicroEco,E,N/A,13000,Red,0,Paris,13/12/2011,Gerard,-1
373C15423002,MicroEco,E,N/A,13000,Blue,0.05,Rotterdam,13/12/2011,Hanssen ,-1
373C15423003,MicroEco,E,N/A,13000,Red,0.1,Paris,13/12/2011,Gallegos,-1
373C15423004,MicroEco,E,N/A,13000,Blue,0.15,Paris,13/12/2011,Gerard,-1
373C15423008,MicroB,G,500,7500,Gold,0.1,Paris,13/12/2011,Freire,-1
373C15423010,Micro,G,600,8500,White,0.2,Paris,13/12/2011,Gerard,-1
373C15423011,MicroSE,H,900,12000,White,0,Paris,13/12/2011,Gerard,-1
373C15423013,MicroSE,H,900,12000,Red,0.1,London,13/12/2011,Jones,-1
373C15423014,MicroEco,E,N/A,13000,Silver,0.15,Hamburg,13/12/2011,Borg,-1
373C15423019,Micro,G,600,8500,Blue,0.15,Madrid,13/12/2011,Marcos,-1
374A15423001,MicroEco,E,N/A,13000,Blue,0,Madrid,13/12/2011,Sanchez,-1
374A15423004,MicroSE,H,900,12000,Gold,0.15,Rotterdam,13/12/2011,Hanssen ,-1
374A15423008,MicroB,G,500,7500,Green,0.1,London,13/12/2011,Jones,-1
374A15423011,Micro,G,600,8500,Blue,0,London,13/12/2011,Jones,-1
374A15423013,MicroSE,H,900,12000,Red,0.1,Rotterdam,13/12/2011,Hanssen ,-1
374A15423017,MicroSE,H,900,12000,Green,0.05,Hamburg,13/12/2011,Kandinsky,-1
374A15423019,MicroSE,H,900,12000,Red,0.15,London,13/12/2011,Jones,-1
374A15423020,MicroSE,H,900,12000,Green,0.2,London,13/12/2011,Grant,-1
374B15423001,MicroZed,D,1200,11000,Green,0,Rotterdam,13/12/2011,Pieterssen,-1
374B15423002,MicroZed,D,1200,11000,Red,0.05,London,13/12/2011,Houlier,-1
374B15423003,MicroEco,E,N/A,13000,Green,0.1,London,13/12/2011,Houlier,-1
374B15423005,MicroB,G,500,7500,Silver,0.2,Rotterdam,13/12/2011,Hanssen ,-1
374B15423010,MicroEco,E,N/A,13000,Red,0.2,Rotterdam,13/12/2011,Bondieu,-1
374B15423011,MicroEco,E,N/A,13000,White,0,Hamburg,13/12/2011,Borg,-1
374B15423013,MicroSE,H,900,12000,Green,0.1,Madrid,13/12/2011,Villalobos,-1
374B15423016,MicroSE,H,900,12000,Silver,0,London,13/12/2011,Jones,-1
374B15423017,MicroZed,D,1200,11000,Green,0.05,Hamburg,13/12/2011,Freiburg,-1
374B15423018,Micro,G,600,8500,Silver,0.1,Paris,13/12/2011,Algier,-1
374B15423019,MicroB,G,500,7500,Green,0.15,London,13/12/2011,Jones,-1
374B15423020,MicroZed,D,1200,11000,Red,0.2,Rotterdam,13/12/2011,Hanssen ,-1
374C15423001,MicroSE,H,900,12000,Green,0,London,13/12/2011,Jones,-1
374C15423002,MicroZed,D,1200,11000,Red,0.05,Paris,13/12/2011,Gerard,-1
374C15423005,Micro,G,600,8500,Red,0.2,Rotterdam,13/12/2011,Hanssen ,-1
374C15423006,MicroEco,E,N/A,13000,Gold,0,Hamburg,13/12/2011,Borg,-1
374C15423008,MicroEco,E,N/A,13000,White,0.1,Rotterdam,13/12/2011,Hanssen ,-1
374C15423009,MicroB,G,500,7500,Gold,0.15,Hamburg,13/12/2011,Bentos,-1
374C15423010,MicroEco,E,N/A,13000,Red,0.2,Rotterdam,13/12/2011,Pieterssen,-1
374C15423012,MicroEco,E,N/A,13000,White,0.05,London,13/12/2011,Grant,-1
374C15423014,MicroB,G,500,7500,Silver,0.15,London,13/12/2011,Jones,-1
374C15423015,Micro,G,600,8500,Green,0.2,Rotterdam,13/12/2011,Hanssen ,-1
374C15423016,Micro,G,600,8500,Blue,0,London,13/12/2011,Grant,-1
374C15423017,Micro,G,600,8500,Silver,0.05,London,13/12/2011,Jones,-1
374C15423018,MicroB,G,500,7500,Silver,0.1,London,13/12/2011,Houlier,-1
374C15423019,MicroSE,H,900,12000,Gold,0.15,London,13/12/2011,Grant,-1
374C15423020,MicroZed,D,1200,11000,Gold,0.2,Madrid,13/12/2011,Sanchez,-1
375A15423001,MicroSE,H,900,12000,White,0,Madrid,13/12/2011,Machado,-1
375A15423002,MicroB,G,500,7500,White,0.05,Madrid,13/12/2011,Sanchez,-1
375A15423004,MicroB,G,500,7500,Green,0.15,Rotterdam,13/12/2011,Bondieu,-1
375A15423005,Micro,G,600,8500,Blue,0.2,London,13/12/2011,Jones,-1
375A15423006,MicroZed,D,1200,11000,Red,0,London,13/12/2011,Houlier,-1
375A15423009,MicroB,G,500,7500,Blue,0.15,Madrid,13/12/2011,Leon,-1
375A15423011,MicroEco,E,N/A,13000,Blue,0,London,13/12/2011,Houlier,-1
375A15423012,MicroEco,E,N/A,13000,Gold,0.05,Rotterdam,13/12/2011,Hanssen ,-1
375A15423014,MicroB,G,500,7500,White,0.15,Paris,13/12/2011,Galdos,-1
375A15423017,MicroB,G,500,7500,Silver,0.05,London,13/12/2011,Grant,-1
375A15423018,MicroB,G,500,7500,Red,0.1,Paris,13/12/2011,Gerard,-1
375A15423020,MicroZed,D,1200,11000,Red,0.2,Paris,13/12/2011,Gallegos,-1
375B15423001,MicroEco,E,N/A,13000,Silver,0,London,13/12/2011,Grant,-1
375B15423002,MicroZed,D,1200,11000,Silver,0.05,London,13/12/2011,Jones,-1
375B15423005,MicroZed,D,1200,11000,White,0.2,London,13/12/2011,Grant,-1
375B15423006,MicroEco,E,N/A,13000,Silver,0,Madrid,13/12/2011,Sanchez,-1
375B15423007,MicroB,G,500,7500,Red,0.05,Hamburg,13/12/2011,Borg,-1
375B15423009,Micro,G,600,8500,Blue,0.15,Paris,13/12/2011,Gerard,-1
375B15423010,Micro,G,600,8500,Blue,0.2,Paris,13/12/2011,Freire,-1
375B15423011,MicroB,G,500,7500,Blue,0,Paris,13/12/2011,Gerard,-1
375B15423012,MicroZed,D,1200,11000,Red,0.05,Madrid,13/12/2011,Sanchez,-1
375B15423014,MicroB,G,500,7500,White,0.15,London,13/12/2011,Jones,-1
375B15423015,MicroZed,D,1200,11000,Green,0.2,Rotterdam,13/12/2011,Hanssen ,-1
375B15423017,MicroSE,H,900,12000,Green,0.05,Madrid,13/12/2011,Marcos,-1
375B15423020,Micro,G,600,8500,Gold,0.2,Hamburg,13/12/2011,Kandinsky,-1
375C15423003,Micro,G,600,8500,Blue,0.1,Hamburg,13/12/2011,Borg,-1
375C15423004,MicroB,G,500,7500,Green,0.15,Hamburg,13/12/2011,Freiburg,-1
375C15423005,MicroSE,H,900,12000,White,0.2,Madrid,13/12/2011,Sanchez,-1
375C15423006,Micro,G,600,8500,Silver,0,Madrid,13/12/2011,Villalobos,-1
375C15423007,MicroEco,E,N/A,13000,Gold,0.05,Madrid,13/12/2011,Sanchez,-1
375C15423008,MicroZed,D,1200,11000,Blue,0.1,London,13/12/2011,Houlier,-1
375C15423013,MicroZed,D,1200,11000,Blue,0.1,London,13/12/2011,Jones,-1
375C15423014,MicroEco,E,N/A,13000,White,0.15,Hamburg,13/12/2011,Borg,-1
375C15423015,MicroZed,D,1200,11000,Blue,0.2,Hamburg,13/12/2011,Bentos,-1
375C15423017,MicroB,G,500,7500,Silver,0.05,Hamburg,13/12/2011,Borg,-1
376A15423001,Micro,G,600,8500,Gold,0,London,13/12/2011,Jones,-1
376A15423002,MicroSE,H,900,12000,White,0.05,Paris,13/12/2011,Gerard,-1
376A15423003,MicroEco,E,N/A,13000,Green,0.1,Madrid,13/12/2011,Machado,-1
376A15423004,MicroB,G,500,7500,Gold,0.15,Madrid,13/12/2011,Sanchez,-1
376A15423005,MicroZed,D,1200,11000,Red,0.2,Paris,13/12/2011,Algier,-1
376A15423006,MicroZed,D,1200,11000,Green,0,Hamburg,13/12/2011,Kandinsky,-1
376A15423008,MicroEco,E,N/A,13000,Blue,0.1,Hamburg,13/12/2011,Borg,-1
376A15423010,MicroSE,H,900,12000,Silver,0.2,London,13/12/2011,Houlier,-1
376A15423013,MicroB,G,500,7500,Gold,0.1,Madrid,13/12/2011,Leon,-1
376A15423014,MicroZed,D,1200,11000,Silver,0.15,London,13/12/2011,Jones,-1
376A15423016,MicroSE,H,900,12000,White,0,Paris,13/12/2011,Gerard,-1
376A15423017,MicroEco,E,N/A,13000,Silver,0.05,Madrid,13/12/2011,Sanchez,-1
376A15423018,Micro,G,600,8500,Green,0.1,London,13/12/2011,Jones,-1
376A15423019,MicroZed,D,1200,11000,Red,0.15,London,13/12/2011,Jones,-1
376A15423020,Micro,G,600,8500,Silver,0.2,London,13/12/2011,Jones,-1
376B15423001,MicroB,G,500,7500,Blue,0,Rotterdam,13/12/2011,Pieterssen,-1
376B15423002,MicroSE,H,900,12000,Red,0.05,London,13/12/2011,Jones,-1
376B15423004,Micro,G,600,8500,Red,0.15,Hamburg,13/12/2011,Freiburg,-1
376B15423012,MicroSE,H,900,12000,Red,0.05,Hamburg,13/12/2011,Borg,-1
376B15423013,MicroB,G,500,7500,Gold,0.1,Hamburg,13/12/2011,Bentos,-1
376B15423014,MicroSE,H,900,12000,Gold,0.15,Hamburg,13/12/2011,Borg,-1
376B15423018,MicroZed,D,1200,11000,Red,0.1,Madrid,13/12/2011,Marcos,-1
376C15423004,MicroEco,E,N/A,13000,Gold,0.15,Madrid,13/12/2011,Sanchez,-1
376C15423006,MicroEco,E,N/A,13000,Green,0,Rotterdam,13/12/2011,Hanssen ,-1
376C15423007,MicroB,G,500,7500,Silver,0.05,Paris,13/12/2011,Galdos,-1
376C15423011,MicroSE,H,900,12000,Red,0,Rotterdam,13/12/2011,Bondieu,-1
376C15423012,Micro,G,600,8500,Green,0.05,Madrid,13/12/2011,Villalobos,-1
376C15423013,MicroSE,H,900,12000,Blue,0.1,Hamburg,13/12/2011,Kandinsky,-1
376C15423014,MicroEco,E,N/A,13000,Gold,0.15,Rotterdam,13/12/2011,Hanssen ,-1
376C15423015,MicroEco,E,N/A,13000,Gold,0.2,Madrid,13/12/2011,Sanchez,-1
376C15423018,MicroSE,H,900,12000,Red,0.1,Madrid,13/12/2011,Machado,-1
377A15423005,MicroZed,D,1200,11000,White,0.2,Hamburg,13/12/2011,Borg,-1
377A15423006,Micro,G,600,8500,Red,0,Madrid,13/12/2011,Sanchez,-1
377A15423008,MicroSE,H,900,12000,Blue,0.1,Paris,13/12/2011,Gerard,-1
377A15423012,MicroEco,E,N/A,13000,White,0.05,Hamburg,13/12/2011,Freiburg,-1
377A15423018,MicroEco,E,N/A,13000,White,0.1,Hamburg,13/12/2011,Borg,-1
377A15423020,Micro,G,600,8500,White,0.2,Paris,13/12/2011,Gallegos,-1
377B15423005,MicroZed,D,1200,11000,Silver,0.2,Rotterdam,13/12/2011,Hanssen ,-1
361C15423018,MicroSE,H,900,12000,Red,0.1,London,01/01/2012,Grant,-1
362A15423010,MicroB,G,500,7500,Red,0.2,Paris,01/01/2012,Gerard,-1
362B15423002,MicroEco,E,N/A,13000,Green,0.05,London,01/01/2012,Jones,-1
362B15423012,Micro,G,600,8500,Silver,0.05,Hamburg,01/01/2012,Freiburg,-1
362C15423002,MicroZed,D,1200,11000,Red,0.05,Paris,01/01/2012,Gerard,-1
362C15423003,MicroSE,H,900,12000,Green,0.1,Rotterdam,01/01/2012,Geldorf,-1
362C15423016,MicroSE,H,900,12000,Gold,0,Hamburg,01/01/2012,Bentos,-1
363A15423006,MicroZed,D,1200,11000,White,0,Paris,01/01/2012,Gerard,-1
363A15423016,Micro,G,600,8500,Blue,0,Rotterdam,01/01/2012,Hanssen ,-1
363C15423011,MicroSE,H,900,12000,Red,0,London,01/01/2012,Jones,-1
364B15423006,MicroB,G,500,7500,Gold,0,Madrid,01/01/2012,Sanchez,-1
361C15423019,MicroB,G,500,7500,Silver,0.15,Madrid,02/01/2012,Sanchez,-1
362A15423011,MicroZed,D,1200,11000,Gold,0,Paris,02/01/2012,Algier,-1
362B15423003,MicroB,G,500,7500,Gold,0.1,Hamburg,02/01/2012,Bentos,-1
362B15423013,MicroZed,D,1200,11000,White,0.1,Madrid,02/01/2012,Marcos,-1
362C15423017,Micro,G,600,8500,Blue,0.05,Madrid,02/01/2012,Sanchez,-1
363A15423007,MicroB,G,500,7500,Silver,0.05,Madrid,02/01/2012,Sanchez,-1
361C15423020,Micro,G,600,8500,Gold,0.2,Rotterdam,03/01/2012,Hanssen ,-1
362A15423012,MicroZed,D,1200,11000,Silver,0.05,Paris,03/01/2012,Gerard,-1
362B15423004,MicroSE,H,900,12000,Silver,0.15,Hamburg,03/01/2012,Borg,-1
362B15423014,Micro,G,600,8500,Green,0.15,Rotterdam,03/01/2012,Hanssen ,-1
362C15423004,MicroB,G,500,7500,Green,0.15,Madrid,03/01/2012,Sanchez,-1
362C15423018,MicroZed,D,1200,11000,Blue,0.1,London,03/01/2012,Jones,-1
363A15423008,MicroEco,E,N/A,13000,Gold,0.1,Hamburg,03/01/2012,Freiburg,-1
362A15423001,MicroEco,E,N/A,13000,Blue,0,Madrid,04/01/2012,Machado,-1
362A15423013,MicroZed,D,1200,11000,Red,0.1,London,04/01/2012,Grant,-1
362B15423005,MicroZed,D,1200,11000,Red,0.2,Paris,04/01/2012,Gerard,-1
362B15423015,Micro,G,600,8500,Silver,0.2,Rotterdam,04/01/2012,Hanssen ,-1
362C15423005,MicroSE,H,900,12000,Red,0.2,Madrid,04/01/2012,Leon,-1
362C15423019,MicroEco,E,N/A,13000,White,0.15,London,04/01/2012,Houlier,-1
363A15423009,MicroB,G,500,7500,Silver,0.15,Madrid,04/01/2012,Machado,-1
362A15423002,MicroEco,E,N/A,13000,Silver,0.05,Paris,05/01/2012,Gerard,-1
362A15423014,MicroZed,D,1200,11000,Gold,0.15,Paris,05/01/2012,Galdos,-1
362B15423006,MicroZed,D,1200,11000,Silver,0,Hamburg,05/01/2012,Kandinsky,-1
362B15423016,MicroZed,D,1200,11000,Blue,0,Madrid,05/01/2012,Sanchez,-1
362C15423006,MicroB,G,500,7500,Red,0,Rotterdam,05/01/2012,Hanssen ,-1
362C15423020,MicroSE,H,900,12000,White,0.2,Hamburg,05/01/2012,Borg,-1
363A15423010,Micro,G,600,8500,Green,0.2,Rotterdam,05/01/2012,Hanssen ,-1
362A15423003,MicroZed,D,1200,11000,Blue,0.1,Madrid,06/01/2012,Sanchez,-1
362A15423015,MicroSE,H,900,12000,Red,0.2,Paris,06/01/2012,Gerard,-1
362B15423007,MicroSE,H,900,12000,Red,0.05,Madrid,06/01/2012,Sanchez,-1
362B15423017,MicroB,G,500,7500,White,0.05,Madrid,06/01/2012,Villalobos,-1
362C15423007,MicroSE,H,900,12000,Silver,0.05,Hamburg,06/01/2012,Borg,-1
363A15423001,MicroZed,D,1200,11000,Green,0,London,06/01/2012,Grant,-1
363A15423011,Micro,G,600,8500,Blue,0,Hamburg,06/01/2012,Borg,-1
362A15423004,Micro,G,600,8500,Silver,0.15,Paris,07/01/2012,Freire,-1
362A15423016,Micro,G,600,8500,Silver,0,London,07/01/2012,Jones,-1
362B15423008,MicroEco,E,N/A,13000,Blue,0.1,Paris,07/01/2012,Freire,-1
362B15423018,MicroB,G,500,7500,Red,0.1,Paris,07/01/2012,Gerard,-1
362C15423008,MicroB,G,500,7500,Blue,0.1,Madrid,07/01/2012,Sanchez,-1
363A15423002,MicroSE,H,900,12000,Blue,0.05,Hamburg,07/01/2012,Kandinsky,-1
363A15423012,MicroSE,H,900,12000,Blue,0.05,Rotterdam,07/01/2012,Pieterssen,-1
362C15423012,MicroB,G,500,7500,Red,0.05,Rotterdam,07/01/2012,Geldorf,-1
362B15423009,MicroSE,H,900,12000,Red,0.15,Paris,08/01/2012,Gerard,-1
362B15423019,MicroZed,D,1200,11000,Gold,0.15,Paris,08/01/2012,Algier,-1
362C15423009,MicroZed,D,1200,11000,Green,0.15,Rotterdam,08/01/2012,Bondieu,-1
362C15423013,MicroSE,H,900,12000,White,0.1,London,08/01/2012,Jones,-1
363A15423003,MicroEco,E,N/A,13000,Green,0.1,Hamburg,08/01/2012,Borg,-1
363A15423013,MicroZed,D,1200,11000,Green,0.1,Hamburg,08/01/2012,Bentos,-1
362B15423010,MicroSE,H,900,12000,Blue,0.2,Hamburg,09/01/2012,Borg,-1
362B15423020,MicroSE,H,900,12000,White,0.2,Madrid,09/01/2012,Sanchez,-1
362C15423010,MicroEco,E,N/A,13000,Silver,0.2,Madrid,09/01/2012,Marcos,-1
362C15423014,MicroSE,H,900,12000,Gold,0.15,Rotterdam,09/01/2012,Hanssen ,-1
363A15423004,MicroEco,E,N/A,13000,Gold,0.15,Paris,09/01/2012,Galdos,-1
363A15423014,MicroEco,E,N/A,13000,Silver,0.15,Madrid,09/01/2012,Sanchez,-1
362C15423001,MicroZed,D,1200,11000,Blue,0,Madrid,10/01/2012,Machado,-1
362C15423011,MicroSE,H,900,12000,White,0,Rotterdam,10/01/2012,Hanssen ,-1
362C15423015,MicroSE,H,900,12000,White,0.2,London,10/01/2012,Grant,-1
363A15423005,MicroEco,E,N/A,13000,Red,0.2,Madrid,10/01/2012,Villalobos,-1
363A15423015,MicroEco,E,N/A,13000,Gold,0.2,Madrid,10/01/2012,Leon,-1
363C15423010,MicroEco,E,N/A,13000,Blue,0.2,Madrid,10/01/2012,Marcos,-1
364B15423005,MicroSE,H,900,12000,White,0.2,Rotterdam,10/01/2012,Hanssen ,-1
362B15423011,MicroZed,D,1200,11000,Blue,0,Rotterdam,10/01/2012,Geldorf,-1
363A15423017,MicroZed,D,1200,11000,Green,0.05,Paris,01/02/2012,Gallegos,-1
363B15423007,Micro,G,600,8500,Gold,0.05,Paris,01/02/2012,Freire,-1
363B15423017,Micro,G,600,8500,Gold,0.05,Paris,01/02/2012,Gerard,-1
363C15423012,MicroB,G,500,7500,White,0.05,Paris,01/02/2012,Gerard,-1
364A15423002,MicroEco,E,N/A,13000,Blue,0.05,London,01/02/2012,Jones,-1
364A15423012,MicroEco,E,N/A,13000,White,0.05,Rotterdam,01/02/2012,Geldorf,-1
364B15423007,MicroZed,D,1200,11000,Green,0.05,London,01/02/2012,Jones,-1
364B15423017,MicroEco,E,N/A,13000,Green,0.05,Rotterdam,01/02/2012,Hanssen ,-1
364C15423007,MicroSE,H,900,12000,Silver,0.05,Madrid,01/02/2012,Sanchez,-1
363A15423018,MicroZed,D,1200,11000,Gold,0.1,Paris,02/02/2012,Gerard,-1
363B15423008,MicroZed,D,1200,11000,Gold,0.1,Madrid,02/02/2012,Marcos,-1
363B15423018,MicroZed,D,1200,11000,Red,0.1,Madrid,02/02/2012,Villalobos,-1
363C15423013,MicroEco,E,N/A,13000,Gold,0.1,London,02/02/2012,Grant,-1
364A15423003,Micro,G,600,8500,Red,0.1,Hamburg,02/02/2012,Borg,-1
364A15423013,MicroZed,D,1200,11000,Blue,0.1,Rotterdam,02/02/2012,Hanssen ,-1
364B15423008,MicroEco,E,N/A,13000,Silver,0.1,Rotterdam,02/02/2012,Geldorf,-1
364B15423018,MicroB,G,500,7500,Blue,0.1,Madrid,02/02/2012,Sanchez,-1
364C15423008,MicroSE,H,900,12000,Silver,0.1,Hamburg,02/02/2012,Borg,-1
363A15423019,MicroZed,D,1200,11000,Gold,0.15,Hamburg,03/02/2012,Borg,-1
363B15423009,MicroB,G,500,7500,Gold,0.15,London,03/02/2012,Jones,-1
363B15423019,Micro,G,600,8500,White,0.15,Rotterdam,03/02/2012,Hanssen ,-1
363C15423014,MicroSE,H,900,12000,Gold,0.15,Hamburg,03/02/2012,Freiburg,-1
364A15423004,MicroEco,E,N/A,13000,White,0.15,Hamburg,03/02/2012,Kandinsky,-1
364A15423014,Micro,G,600,8500,Green,0.15,Madrid,03/02/2012,Machado,-1
364B15423009,MicroEco,E,N/A,13000,White,0.15,Madrid,03/02/2012,Leon,-1
364B15423019,MicroZed,D,1200,11000,Red,0.15,London,03/02/2012,Jones,-1
364C15423009,MicroEco,E,N/A,13000,Green,0.15,London,03/02/2012,Jones,-1
363A15423020,Micro,G,600,8500,White,0.2,Rotterdam,04/02/2012,Bondieu,-1
363B15423010,MicroB,G,500,7500,Red,0.2,Hamburg,04/02/2012,Borg,-1
363B15423020,Micro,G,600,8500,Silver,0.2,Paris,04/02/2012,Gerard,-1
363C15423015,MicroZed,D,1200,11000,White,0.2,Paris,04/02/2012,Gallegos,-1
364A15423005,MicroEco,E,N/A,13000,Gold,0.2,Rotterdam,04/02/2012,Hanssen ,-1
364A15423015,MicroSE,H,900,12000,Red,0.2,Rotterdam,04/02/2012,Hanssen ,-1
364B15423010,Micro,G,600,8500,Silver,0.2,Hamburg,04/02/2012,Borg,-1
364B15423020,MicroB,G,500,7500,Red,0.2,London,04/02/2012,Jones,-1
364C15423010,MicroEco,E,N/A,13000,Gold,0.2,Madrid,04/02/2012,Machado,-1
363B15423001,Micro,G,600,8500,Blue,0,London,05/02/2012,Jones,-1
363B15423011,MicroEco,E,N/A,13000,Green,0,Paris,05/02/2012,Gerard,-1
363C15423001,MicroB,G,500,7500,White,0,Paris,05/02/2012,Algier,-1
363C15423016,MicroB,G,500,7500,Green,0,Madrid,05/02/2012,Sanchez,-1
364A15423006,MicroSE,H,900,12000,Silver,0,Rotterdam,05/02/2012,Bondieu,-1
364A15423016,Micro,G,600,8500,Green,0,Paris,05/02/2012,Gerard,-1
364B15423011,MicroSE,H,900,12000,White,0,Madrid,05/02/2012,Sanchez,-1
364C15423001,MicroEco,E,N/A,13000,Red,0,Paris,05/02/2012,Gerard,-1
364C15423011,Micro,G,600,8500,Red,0,Madrid,05/02/2012,Sanchez,-1
363B15423002,MicroZed,D,1200,11000,Blue,0.05,London,06/02/2012,Jones,-1
363B15423012,MicroZed,D,1200,11000,White,0.05,London,06/02/2012,Grant,-1
363C15423002,MicroZed,D,1200,11000,Red,0.05,Madrid,06/02/2012,Sanchez,-1
363C15423017,MicroB,G,500,7500,Gold,0.05,Hamburg,06/02/2012,Borg,-1
364A15423007,MicroEco,E,N/A,13000,Silver,0.05,Paris,06/02/2012,Gerard,-1
364A15423017,MicroSE,H,900,12000,Gold,0.05,Paris,06/02/2012,Gerard,-1
364B15423012,MicroZed,D,1200,11000,Blue,0.05,Hamburg,06/02/2012,Bentos,-1
364C15423002,MicroEco,E,N/A,13000,Gold,0.05,Rotterdam,06/02/2012,Hanssen ,-1
364C15423012,MicroB,G,500,7500,Green,0.05,Hamburg,06/02/2012,Kandinsky,-1
363B15423003,MicroEco,E,N/A,13000,Red,0.1,Hamburg,07/02/2012,Kandinsky,-1
363B15423013,MicroSE,H,900,12000,Silver,0.1,Madrid,07/02/2012,Sanchez,-1
363C15423003,MicroZed,D,1200,11000,White,0.1,Madrid,07/02/2012,Machado,-1
363C15423018,MicroZed,D,1200,11000,White,0.1,Hamburg,07/02/2012,Bentos,-1
364A15423008,Micro,G,600,8500,Blue,0.1,Madrid,07/02/2012,Sanchez,-1
364A15423018,MicroSE,H,900,12000,Blue,0.1,Paris,07/02/2012,Algier,-1
364B15423013,MicroSE,H,900,12000,Red,0.1,Paris,07/02/2012,Gerard,-1
364C15423003,MicroSE,H,900,12000,White,0.1,Madrid,07/02/2012,Marcos,-1
364C15423013,MicroZed,D,1200,11000,Blue,0.1,Madrid,07/02/2012,Leon,-1
363B15423004,MicroB,G,500,7500,Red,0.15,London,08/02/2012,Grant,-1
363B15423014,Micro,G,600,8500,Silver,0.15,Rotterdam,08/02/2012,Hanssen ,-1
363C15423004,MicroSE,H,900,12000,Blue,0.15,Madrid,08/02/2012,Sanchez,-1
363C15423019,Micro,G,600,8500,White,0.15,Rotterdam,08/02/2012,Pieterssen,-1
364A15423009,Micro,G,600,8500,Blue,0.15,Hamburg,08/02/2012,Borg,-1
364A15423019,MicroB,G,500,7500,Green,0.15,Hamburg,08/02/2012,Freiburg,-1
364B15423014,Micro,G,600,8500,Blue,0.15,London,08/02/2012,Grant,-1
364C15423004,Micro,G,600,8500,Gold,0.15,Madrid,08/02/2012,Sanchez,-1
364C15423014,MicroB,G,500,7500,Silver,0.15,Hamburg,08/02/2012,Borg,-1
363B15423005,MicroB,G,500,7500,Green,0.2,Madrid,09/02/2012,Sanchez,-1
363C15423005,MicroSE,H,900,12000,Red,0.2,Paris,09/02/2012,Gerard,-1
363C15423020,MicroEco,E,N/A,13000,Green,0.2,London,09/02/2012,Houlier,-1
364A15423010,MicroB,G,500,7500,Silver,0.2,Rotterdam,09/02/2012,Hanssen ,-1
364A15423020,Micro,G,600,8500,Blue,0.2,Rotterdam,09/02/2012,Pieterssen,-1
364B15423015,MicroEco,E,N/A,13000,Gold,0.2,Paris,09/02/2012,Galdos,-1
364C15423005,MicroB,G,500,7500,Blue,0.2,London,09/02/2012,Grant,-1
364C15423015,MicroZed,D,1200,11000,Green,0.2,Paris,09/02/2012,Gallegos,-1
363B15423015,MicroSE,H,900,12000,Green,0.2,Rotterdam,09/02/2012,Geldorf,-1
363B15423006,MicroSE,H,900,12000,Red,0,Madrid,10/02/2012,Sanchez,-1
363B15423016,Micro,G,600,8500,Gold,0,Rotterdam,10/02/2012,Hanssen ,-1
364A15423001,MicroEco,E,N/A,13000,Green,0,Madrid,10/02/2012,Villalobos,-1
364A15423011,MicroB,G,500,7500,White,0,Paris,10/02/2012,Freire,-1
364B15423016,MicroB,G,500,7500,Gold,0,London,10/02/2012,Houlier,-1
364C15423006,MicroEco,E,N/A,13000,Red,0,Madrid,10/02/2012,Villalobos,-1
363C15423006,MicroB,G,500,7500,Blue,0,Madrid,01/03/2012,Leon,-1
364B15423001,MicroSE,H,900,12000,Red,0,Rotterdam,01/03/2012,Hanssen ,-1
364C15423016,MicroZed,D,1200,11000,Blue,0,London,01/03/2012,Jones,-1
365A15423006,MicroSE,H,900,12000,White,0,Hamburg,01/03/2012,Borg,-1
365A15423016,MicroEco,E,N/A,13000,Blue,0,Rotterdam,01/03/2012,Hanssen ,-1
365B15423006,MicroZed,D,1200,11000,Gold,0,London,01/03/2012,Houlier,-1
366A15423004,MicroEco,E,N/A,13000,Red,0.15,Hamburg,01/03/2012,Freiburg,-1
366A15423014,MicroSE,H,900,12000,White,0.15,London,01/03/2012,Jones,-1
366B15423004,Micro,G,600,8500,Red,0.15,Rotterdam,01/03/2012,Hanssen ,-1
367A15423002,Micro,G,600,8500,White,0.05,Hamburg,01/03/2012,Borg,-1
367A15423012,MicroSE,H,900,12000,Blue,0.05,Rotterdam,01/03/2012,Bondieu,-1
367B15423002,MicroEco,E,N/A,13000,Silver,0.05,Madrid,01/03/2012,Villalobos,-1
367C15423020,Micro,G,600,8500,Gold,0.2,Madrid,01/03/2012,Villalobos,-1
371A15423010,MicroB,G,500,7500,White,0.2,Paris,01/03/2012,Freire,-1
363C15423007,MicroEco,E,N/A,13000,Blue,0.05,Rotterdam,02/03/2012,Hanssen ,-1
364B15423002,Micro,G,600,8500,Green,0.05,London,02/03/2012,Jones,-1
364C15423017,MicroSE,H,900,12000,Red,0.05,Rotterdam,02/03/2012,Pieterssen,-1
365A15423007,MicroSE,H,900,12000,Blue,0.05,Paris,02/03/2012,Freire,-1
365A15423017,Micro,G,600,8500,White,0.05,Madrid,02/03/2012,Machado,-1
366A15423005,MicroZed,D,1200,11000,Silver,0.2,Rotterdam,02/03/2012,Hanssen ,-1
366A15423015,MicroEco,E,N/A,13000,Gold,0.2,Hamburg,02/03/2012,Bentos,-1
367A15423003,MicroEco,E,N/A,13000,Blue,0.1,Rotterdam,02/03/2012,Hanssen ,-1
367A15423013,MicroZed,D,1200,11000,Blue,0.1,Paris,02/03/2012,Gerard,-1
371A15423001,MicroSE,H,900,12000,Gold,0,Hamburg,02/03/2012,Bentos,-1
371A15423011,MicroZed,D,1200,11000,Red,0,Hamburg,02/03/2012,Freiburg,-1
363C15423008,MicroEco,E,N/A,13000,Green,0.1,Madrid,03/03/2012,Sanchez,-1
364B15423003,MicroEco,E,N/A,13000,Red,0.1,London,03/03/2012,Houlier,-1
364C15423018,Micro,G,600,8500,Red,0.1,Paris,03/03/2012,Gerard,-1
365A15423008,MicroEco,E,N/A,13000,Blue,0.1,London,03/03/2012,Jones,-1
365A15423018,MicroEco,E,N/A,13000,Gold,0.1,Rotterdam,03/03/2012,Pieterssen,-1
366A15423006,MicroZed,D,1200,11000,Blue,0,Paris,03/03/2012,Gerard,-1
366A15423016,MicroB,G,500,7500,Gold,0,Madrid,03/03/2012,Sanchez,-1
367A15423004,MicroSE,H,900,12000,Green,0.15,Rotterdam,03/03/2012,Hanssen ,-1
367A15423014,MicroSE,H,900,12000,Red,0.15,Rotterdam,03/03/2012,Hanssen ,-1
371A15423002,MicroB,G,500,7500,Blue,0.05,Hamburg,03/03/2012,Borg,-1
371A15423012,MicroZed,D,1200,11000,Gold,0.05,Madrid,03/03/2012,Sanchez,-1
363C15423009,Micro,G,600,8500,White,0.15,Paris,04/03/2012,Galdos,-1
364B15423004,MicroB,G,500,7500,Blue,0.15,Rotterdam,04/03/2012,Bondieu,-1
364C15423019,Micro,G,600,8500,Silver,0.15,Madrid,04/03/2012,Sanchez,-1
365A15423009,Micro,G,600,8500,Green,0.15,Madrid,04/03/2012,Villalobos,-1
365A15423019,MicroZed,D,1200,11000,Silver,0.15,Madrid,04/03/2012,Sanchez,-1
365C15423017,MicroZed,D,1200,11000,White,0.05,Rotterdam,04/03/2012,Hanssen ,-1
366A15423007,MicroSE,H,900,12000,Red,0.05,Hamburg,04/03/2012,Borg,-1
366A15423017,MicroSE,H,900,12000,Silver,0.05,Rotterdam,04/03/2012,Pieterssen,-1
366C15423015,MicroSE,H,900,12000,Green,0.2,Hamburg,04/03/2012,Kandinsky,-1
367A15423005,Micro,G,600,8500,Green,0.2,Madrid,04/03/2012,Sanchez,-1
367A15423015,Micro,G,600,8500,Silver,0.2,Madrid,04/03/2012,Marcos,-1
367C15423013,MicroB,G,500,7500,Green,0.1,Hamburg,04/03/2012,Kandinsky,-1
371A15423003,MicroB,G,500,7500,Gold,0.1,Madrid,04/03/2012,Sanchez,-1
364C15423020,MicroSE,H,900,12000,Blue,0.2,Rotterdam,05/03/2012,Hanssen ,-1
365A15423010,MicroEco,E,N/A,13000,Gold,0.2,Madrid,05/03/2012,Sanchez,-1
365A15423020,Micro,G,600,8500,White,0.2,Rotterdam,05/03/2012,Hanssen ,-1
365C15423018,MicroZed,D,1200,11000,White,0.1,London,05/03/2012,Jones,-1
366A15423008,MicroSE,H,900,12000,White,0.1,Paris,05/03/2012,Gerard,-1
366A15423018,MicroB,G,500,7500,Blue,0.1,Madrid,05/03/2012,Marcos,-1
366C15423016,MicroSE,H,900,12000,White,0,Madrid,05/03/2012,Sanchez,-1
367A15423006,MicroB,G,500,7500,Green,0,London,05/03/2012,Grant,-1
367A15423016,MicroB,G,500,7500,White,0,Hamburg,05/03/2012,Freiburg,-1
367C15423014,MicroB,G,500,7500,White,0.15,Hamburg,05/03/2012,Borg,-1
371A15423004,MicroEco,E,N/A,13000,Blue,0.15,Hamburg,05/03/2012,Kandinsky,-1
365A15423001,MicroSE,H,900,12000,Blue,0,Hamburg,06/03/2012,Freiburg,-1
365A15423011,MicroB,G,500,7500,Red,0,London,06/03/2012,Houlier,-1
365B15423001,MicroSE,H,900,12000,Green,0,Madrid,06/03/2012,Leon,-1
365C15423019,Micro,G,600,8500,Silver,0.15,Hamburg,06/03/2012,Borg,-1
366A15423009,MicroB,G,500,7500,Green,0.15,London,06/03/2012,Houlier,-1
366A15423019,MicroB,G,500,7500,Green,0.15,Rotterdam,06/03/2012,Hanssen ,-1
366C15423017,MicroSE,H,900,12000,Blue,0.05,Rotterdam,06/03/2012,Hanssen ,-1
367A15423007,MicroEco,E,N/A,13000,Red,0.05,Rotterdam,06/03/2012,Pieterssen,-1
367A15423017,MicroSE,H,900,12000,White,0.05,London,06/03/2012,Jones,-1
367C15423015,MicroZed,D,1200,11000,Silver,0.2,Madrid,06/03/2012,Sanchez,-1
371A15423005,Micro,G,600,8500,Red,0.2,London,06/03/2012,Houlier,-1
365A15423002,MicroZed,D,1200,11000,Red,0.05,Rotterdam,07/03/2012,Bondieu,-1
365A15423012,MicroB,G,500,7500,Red,0.05,Paris,07/03/2012,Gerard,-1
365B15423002,MicroB,G,500,7500,Silver,0.05,London,07/03/2012,Jones,-1
365C15423020,MicroZed,D,1200,11000,Red,0.2,Paris,07/03/2012,Freire,-1
366A15423010,MicroEco,E,N/A,13000,Silver,0.2,Madrid,07/03/2012,Sanchez,-1
366A15423020,MicroZed,D,1200,11000,Green,0.2,London,07/03/2012,Jones,-1
366C15423018,MicroEco,E,N/A,13000,Blue,0.1,Paris,07/03/2012,Gerard,-1
367A15423008,MicroZed,D,1200,11000,White,0.1,Madrid,07/03/2012,Sanchez,-1
367A15423018,MicroZed,D,1200,11000,Silver,0.1,Madrid,07/03/2012,Sanchez,-1
367C15423016,MicroSE,H,900,12000,Green,0,Rotterdam,07/03/2012,Hanssen ,-1
371A15423006,MicroZed,D,1200,11000,Red,0,London,07/03/2012,Grant,-1
365A15423003,MicroEco,E,N/A,13000,Green,0.1,Madrid,08/03/2012,Marcos,-1
365A15423013,MicroZed,D,1200,11000,Silver,0.1,Hamburg,08/03/2012,Bentos,-1
365B15423003,MicroSE,H,900,12000,Red,0.1,London,08/03/2012,Houlier,-1
366A15423001,Micro,G,600,8500,Gold,0,Rotterdam,08/03/2012,Hanssen ,-1
366A15423011,MicroZed,D,1200,11000,Red,0,Madrid,08/03/2012,Leon,-1
366B15423001,Micro,G,600,8500,Blue,0,Madrid,08/03/2012,Sanchez,-1
366C15423019,MicroEco,E,N/A,13000,Gold,0.15,Rotterdam,08/03/2012,Geldorf,-1
367A15423009,MicroB,G,500,7500,Blue,0.15,Rotterdam,08/03/2012,Hanssen ,-1
367A15423019,Micro,G,600,8500,Gold,0.15,Paris,08/03/2012,Algier,-1
367C15423017,MicroSE,H,900,12000,Green,0.05,Hamburg,08/03/2012,Freiburg,-1
371A15423007,MicroB,G,500,7500,White,0.05,Rotterdam,08/03/2012,Hanssen ,-1
365A15423004,MicroEco,E,N/A,13000,Silver,0.15,Madrid,09/03/2012,Sanchez,-1
365A15423014,MicroEco,E,N/A,13000,Green,0.15,Rotterdam,09/03/2012,Geldorf,-1
365B15423004,MicroEco,E,N/A,13000,Green,0.15,Madrid,09/03/2012,Sanchez,-1
366A15423002,MicroSE,H,900,12000,White,0.05,Madrid,09/03/2012,Machado,-1
366A15423012,MicroZed,D,1200,11000,Green,0.05,London,09/03/2012,Jones,-1
366B15423002,Micro,G,600,8500,Red,0.05,London,09/03/2012,Grant,-1
366C15423020,Micro,G,600,8500,Blue,0.2,London,09/03/2012,Grant,-1
367A15423010,MicroZed,D,1200,11000,Silver,0.2,London,09/03/2012,Grant,-1
367A15423020,MicroEco,E,N/A,13000,Gold,0.2,Paris,09/03/2012,Gerard,-1
367C15423018,Micro,G,600,8500,Silver,0.1,Hamburg,09/03/2012,Borg,-1
371A15423008,MicroZed,D,1200,11000,Gold,0.1,Madrid,09/03/2012,Machado,-1
367C15423019,Micro,G,600,8500,White,0.15,Rotterdam,10/03/2012,Geldorf,-1
365A15423005,MicroZed,D,1200,11000,Green,0.2,Rotterdam,10/03/2012,Hanssen ,-1
365A15423015,MicroEco,E,N/A,13000,Silver,0.2,Rotterdam,10/03/2012,Hanssen ,-1
365B15423005,MicroSE,H,900,12000,Green,0.2,Paris,10/03/2012,Gerard,-1
366A15423003,MicroZed,D,1200,11000,Blue,0.1,Rotterdam,10/03/2012,Hanssen ,-1
366A15423013,MicroEco,E,N/A,13000,Gold,0.1,London,10/03/2012,Jones,-1
366B15423003,MicroEco,E,N/A,13000,White,0.1,Rotterdam,10/03/2012,Bondieu,-1
367A15423001,Micro,G,600,8500,Gold,0,Madrid,10/03/2012,Leon,-1
367A15423011,MicroB,G,500,7500,Gold,0,London,10/03/2012,Jones,-1
367B15423001,Micro,G,600,8500,Red,0,Paris,10/03/2012,Galdos,-1
371A15423009,MicroSE,H,900,12000,Silver,0.15,Hamburg,10/03/2012,Borg,-1
365B15423007,MicroZed,D,1200,11000,Green,0.05,Madrid,01/04/2012,Sanchez,-1
365B15423017,MicroZed,D,1200,11000,Red,0.05,Paris,01/04/2012,Galdos,-1
365C15423007,MicroB,G,500,7500,Red,0.05,Paris,01/04/2012,Gerard,-1
366B15423005,MicroEco,E,N/A,13000,Silver,0.2,Hamburg,01/04/2012,Borg,-1
366B15423015,MicroEco,E,N/A,13000,Green,0.2,Madrid,01/04/2012,Villalobos,-1
366C15423005,MicroZed,D,1200,11000,Silver,0.2,Hamburg,01/04/2012,Bentos,-1
367B15423003,MicroZed,D,1200,11000,Blue,0.1,Madrid,01/04/2012,Sanchez,-1
367B15423013,MicroB,G,500,7500,Gold,0.1,London,01/04/2012,Grant,-1
367C15423003,MicroSE,H,900,12000,Blue,0.1,London,01/04/2012,Jones,-1
365B15423008,MicroEco,E,N/A,13000,Red,0.1,London,02/04/2012,Houlier,-1
365B15423018,MicroB,G,500,7500,Red,0.1,Hamburg,02/04/2012,Borg,-1
365C15423008,MicroSE,H,900,12000,Blue,0.1,Hamburg,02/04/2012,Borg,-1
366B15423006,MicroSE,H,900,12000,Blue,0,Hamburg,02/04/2012,Kandinsky,-1
366B15423016,MicroB,G,500,7500,Red,0,Hamburg,02/04/2012,Borg,-1
366C15423006,MicroEco,E,N/A,13000,White,0,Madrid,02/04/2012,Machado,-1
367B15423004,Micro,G,600,8500,Silver,0.15,Hamburg,02/04/2012,Borg,-1
367B15423014,Micro,G,600,8500,Blue,0.15,Rotterdam,02/04/2012,Hanssen ,-1
367C15423004,MicroSE,H,900,12000,White,0.15,Hamburg,02/04/2012,Borg,-1
365B15423009,MicroZed,D,1200,11000,White,0.15,Madrid,03/04/2012,Marcos,-1
365B15423019,Micro,G,600,8500,Green,0.15,Madrid,03/04/2012,Villalobos,-1
365C15423009,MicroZed,D,1200,11000,Red,0.15,Hamburg,03/04/2012,Bentos,-1
366B15423007,MicroEco,E,N/A,13000,White,0.05,Hamburg,03/04/2012,Borg,-1
366B15423017,Micro,G,600,8500,Gold,0.05,Paris,03/04/2012,Gerard,-1
366C15423007,Micro,G,600,8500,Red,0.05,Paris,03/04/2012,Gerard,-1
367B15423005,Micro,G,600,8500,Red,0.2,Paris,03/04/2012,Gerard,-1
367B15423015,Micro,G,600,8500,Green,0.2,Paris,03/04/2012,Gallegos,-1
367C15423005,MicroSE,H,900,12000,White,0.2,Paris,03/04/2012,Gerard,-1
365B15423010,MicroB,G,500,7500,Red,0.2,London,04/04/2012,Grant,-1
365B15423020,Micro,G,600,8500,Gold,0.2,Hamburg,04/04/2012,Freiburg,-1
365C15423010,MicroB,G,500,7500,White,0.2,Rotterdam,04/04/2012,Hanssen ,-1
366B15423008,MicroSE,H,900,12000,Gold,0.1,London,04/04/2012,Grant,-1
366B15423018,MicroSE,H,900,12000,Gold,0.1,London,04/04/2012,Jones,-1
366C15423008,MicroEco,E,N/A,13000,Gold,0.1,Paris,04/04/2012,Gallegos,-1
367B15423006,MicroZed,D,1200,11000,Gold,0,Hamburg,04/04/2012,Bentos,-1
367B15423016,MicroB,G,500,7500,Gold,0,Hamburg,04/04/2012,Kandinsky,-1
367C15423006,MicroZed,D,1200,11000,Blue,0,Rotterdam,04/04/2012,Hanssen ,-1
365C15423011,Micro,G,600,8500,Green,0,Rotterdam,05/04/2012,Geldorf,-1
365B15423011,MicroB,G,500,7500,Silver,0,Hamburg,05/04/2012,Borg,-1
365C15423001,Micro,G,600,8500,Red,0,Madrid,05/04/2012,Sanchez,-1
366B15423009,MicroSE,H,900,12000,Gold,0.15,Hamburg,05/04/2012,Freiburg,-1
366B15423019,MicroZed,D,1200,11000,Red,0.15,London,05/04/2012,Jones,-1
366C15423009,MicroEco,E,N/A,13000,Gold,0.15,Paris,05/04/2012,Gerard,-1
367B15423007,MicroSE,H,900,12000,Green,0.05,Madrid,05/04/2012,Machado,-1
367B15423017,Micro,G,600,8500,Red,0.05,Rotterdam,05/04/2012,Hanssen ,-1
367C15423007,MicroB,G,500,7500,Green,0.05,Hamburg,05/04/2012,Bentos,-1
365B15423012,MicroEco,E,N/A,13000,Green,0.05,London,06/04/2012,Grant,-1
365C15423002,MicroSE,H,900,12000,Gold,0.05,London,06/04/2012,Grant,-1
366B15423010,MicroEco,E,N/A,13000,Green,0.2,Rotterdam,06/04/2012,Geldorf,-1
365C15423012,MicroB,G,500,7500,White,0.05,Paris,06/04/2012,Gallegos,-1
366B15423020,MicroZed,D,1200,11000,Silver,0.2,London,06/04/2012,Grant,-1
366C15423010,MicroSE,H,900,12000,Red,0.2,London,06/04/2012,Jones,-1
367B15423008,MicroEco,E,N/A,13000,Silver,0.1,London,06/04/2012,Jones,-1
367B15423018,Micro,G,600,8500,Green,0.1,Hamburg,06/04/2012,Borg,-1
367C15423008,MicroZed,D,1200,11000,Gold,0.1,Rotterdam,06/04/2012,Bondieu,-1
365B15423013,MicroSE,H,900,12000,Red,0.1,Paris,07/04/2012,Algier,-1
365C15423003,MicroZed,D,1200,11000,Blue,0.1,Rotterdam,07/04/2012,Bondieu,-1
365C15423013,MicroB,G,500,7500,White,0.1,Hamburg,07/04/2012,Borg,-1
366B15423011,MicroEco,E,N/A,13000,Green,0,Rotterdam,07/04/2012,Hanssen ,-1
366C15423001,MicroB,G,500,7500,Silver,0,Rotterdam,07/04/2012,Hanssen ,-1
366C15423011,MicroEco,E,N/A,13000,Silver,0,London,07/04/2012,Houlier,-1
367B15423009,Micro,G,600,8500,Red,0.15,Hamburg,07/04/2012,Borg,-1
367B15423019,Micro,G,600,8500,Green,0.15,London,07/04/2012,Houlier,-1
367C15423009,MicroB,G,500,7500,White,0.15,Hamburg,07/04/2012,Borg,-1
365B15423014,MicroEco,E,N/A,13000,Blue,0.15,Madrid,08/04/2012,Sanchez,-1
365C15423004,Micro,G,600,8500,Silver,0.15,London,08/04/2012,Houlier,-1
365C15423014,MicroZed,D,1200,11000,Gold,0.15,Hamburg,08/04/2012,Kandinsky,-1
366B15423012,MicroB,G,500,7500,Gold,0.05,Rotterdam,08/04/2012,Hanssen ,-1
366C15423002,MicroSE,H,900,12000,Silver,0.05,Paris,08/04/2012,Galdos,-1
366C15423012,MicroZed,D,1200,11000,White,0.05,Hamburg,08/04/2012,Borg,-1
367B15423010,MicroB,G,500,7500,Blue,0.2,Madrid,08/04/2012,Sanchez,-1
367B15423020,MicroEco,E,N/A,13000,Silver,0.2,Madrid,08/04/2012,Sanchez,-1
367C15423010,MicroB,G,500,7500,White,0.2,London,08/04/2012,Jones,-1
365B15423015,Micro,G,600,8500,Red,0.2,Hamburg,09/04/2012,Kandinsky,-1
365C15423005,MicroEco,E,N/A,13000,Silver,0.2,London,09/04/2012,Grant,-1
365C15423015,MicroB,G,500,7500,Silver,0.2,London,09/04/2012,Jones,-1
366B15423013,MicroZed,D,1200,11000,White,0.1,Paris,09/04/2012,Algier,-1
366C15423003,Micro,G,600,8500,Red,0.1,Madrid,09/04/2012,Sanchez,-1
366C15423013,MicroEco,E,N/A,13000,Blue,0.1,Paris,09/04/2012,Freire,-1
367C15423001,MicroSE,H,900,12000,Green,0,Rotterdam,09/04/2012,Pieterssen,-1
367C15423011,MicroZed,D,1200,11000,Green,0,Madrid,09/04/2012,Marcos,-1
367B15423011,MicroZed,D,1200,11000,White,0,Rotterdam,09/04/2012,Geldorf,-1
365B15423016,MicroSE,H,900,12000,Gold,0,Paris,10/04/2012,Gerard,-1
365C15423006,MicroSE,H,900,12000,White,0,London,10/04/2012,Jones,-1
365C15423016,MicroSE,H,900,12000,Red,0,Paris,10/04/2012,Gerard,-1
366B15423014,Micro,G,600,8500,White,0.15,Rotterdam,10/04/2012,Pieterssen,-1
366C15423004,Micro,G,600,8500,White,0.15,Rotterdam,10/04/2012,Bondieu,-1
366C15423014,MicroSE,H,900,12000,Gold,0.15,Paris,10/04/2012,Gerard,-1
367B15423012,MicroSE,H,900,12000,Gold,0.05,Madrid,10/04/2012,Leon,-1
367C15423002,MicroB,G,500,7500,Red,0.05,Hamburg,10/04/2012,Freiburg,-1
367C15423012,MicroZed,D,1200,11000,White,0.05,London,10/04/2012,Houlier,-1
371A15423013,MicroZed,D,1200,11000,Gold,0,Madrid,,,0
371A15423015,MicroSE,H,900,12000,Green,0,Paris,,,0
371A15423018,Micro,G,600,8500,White,0,Paris,,,0
371A15423019,MicroB,G,500,7500,Red,0,Madrid,,,0
371A15423020,MicroZed,D,1200,11000,Green,0,Paris,,,0
371B15423004,MicroSE,H,900,12000,Blue,0,Madrid,,,0
371B15423006,MicroZed,D,1200,11000,Silver,0,Rotterdam,,,0
371B15423009,MicroB,G,500,7500,White,0,Madrid,,,0
371B15423011,MicroZed,D,1200,11000,Blue,0,Madrid,,,0
371B15423013,MicroB,G,500,7500,White,0,Paris,,,0
371B15423014,MicroSE,H,900,12000,Silver,0,Paris,,,0
371B15423017,MicroB,G,500,7500,Gold,0,Madrid,,,0
371B15423018,Micro,G,600,8500,Blue,0,Hamburg,,,0
371B15423020,MicroB,G,500,7500,Silver,0,Madrid,,,0
371C15423002,MicroB,G,500,7500,Silver,0,Hamburg,,,0
371C15423003,MicroB,G,500,7500,Red,0,Madrid,,,0
371C15423008,MicroZed,D,1200,11000,Green,0,Paris,,,0
371C15423011,MicroB,G,500,7500,Gold,0,Paris,,,0
371C15423016,MicroEco,E,N/A,13000,Green,0,Madrid,,,0
372A15423006,MicroEco,E,N/A,13000,Silver,0,Paris,,,0
372A15423009,MicroEco,E,N/A,13000,White,0,Madrid,,,0
372A15423010,Micro,G,600,8500,White,0,Madrid,,,0
372A15423012,MicroEco,E,N/A,13000,White,0,Paris,,,0
372A15423018,MicroEco,E,N/A,13000,Red,0,Paris,,,0
372A15423019,Micro,G,600,8500,Silver,0,Rotterdam,,,0
372A15423020,MicroB,G,500,7500,Red,0,Rotterdam,,,0
372B15423001,MicroSE,H,900,12000,Silver,0,Paris,,,0
372B15423002,MicroSE,H,900,12000,Green,0,Hamburg,,,0
372B15423009,MicroEco,E,N/A,13000,Red,0,Madrid,,,0
372B15423011,MicroB,G,500,7500,White,0,Rotterdam,,,0
372B15423012,MicroSE,H,900,12000,Red,0,Hamburg,,,0
372B15423013,MicroZed,D,1200,11000,Gold,0,Rotterdam,,,0
372B15423014,MicroSE,H,900,12000,Gold,0,Paris,,,0
372B15423016,MicroZed,D,1200,11000,Blue,0,Paris,,,0
372B15423017,MicroEco,E,N/A,13000,Gold,0,Paris,,,0
372B15423018,MicroSE,H,900,12000,Silver,0,Madrid,,,0
372B15423019,MicroSE,H,900,12000,Blue,0,Hamburg,,,0
372C15423001,MicroZed,D,1200,11000,Green,0,Madrid,,,0
372C15423005,Micro,G,600,8500,Blue,0,Hamburg,,,0
372C15423006,MicroEco,E,N/A,13000,Gold,0,Hamburg,,,0
372C15423008,MicroZed,D,1200,11000,White,0,Madrid,,,0
372C15423009,MicroSE,H,900,12000,Blue,0,Paris,,,0
372C15423010,MicroB,G,500,7500,White,0,Madrid,,,0
372C15423011,MicroZed,D,1200,11000,Gold,0,Paris,,,0
372C15423012,MicroB,G,500,7500,Green,0,Rotterdam,,,0
372C15423013,MicroB,G,500,7500,Green,0,Rotterdam,,,0
372C15423014,MicroZed,D,1200,11000,Blue,0,Madrid,,,0
372C15423016,MicroZed,D,1200,11000,Red,0,Paris,,,0
372C15423019,MicroEco,E,N/A,13000,Silver,0,Madrid,,,0
372C15423020,Micro,G,600,8500,White,0,Hamburg,,,0
373A15423001,MicroSE,H,900,12000,Gold,0,Hamburg,,,0
373A15423002,MicroEco,E,N/A,13000,Silver,0.05,Rotterdam,,,0
373A15423004,MicroSE,H,900,12000,Green,0,Madrid,,,0
373A15423006,MicroEco,E,N/A,13000,Silver,0,Paris,,,0
373A15423011,MicroB,G,500,7500,Silver,0,Rotterdam,,,0
373A15423012,MicroZed,D,1200,11000,Gold,0,Madrid,,,0
373A15423013,MicroSE,H,900,12000,White,0,Rotterdam,,,0
373A15423016,MicroSE,H,900,12000,Silver,0,Madrid,,,0
373B15423002,MicroB,G,500,7500,Green,0,Hamburg,,,0
373B15423003,MicroB,G,500,7500,Silver,0,Hamburg,,,0
373B15423005,MicroZed,D,1200,11000,Red,0,Hamburg,,,0
373B15423006,Micro,G,600,8500,Silver,0,Madrid,,,0
373B15423007,Micro,G,600,8500,Red,0,Hamburg,,,0
373B15423010,Micro,G,600,8500,White,0,Rotterdam,,,0
373B15423011,MicroSE,H,900,12000,Blue,0,Rotterdam,,,0
373B15423013,MicroB,G,500,7500,White,0,Rotterdam,,,0
373B15423014,MicroZed,D,1200,11000,Blue,0,Hamburg,,,0
373B15423017,MicroEco,E,N/A,13000,Green,0,Paris,,,0
373C15423005,Micro,G,600,8500,Blue,0,Rotterdam,,,0
373C15423007,Micro,G,600,8500,Blue,0,Hamburg,,,0
373C15423009,MicroZed,D,1200,11000,Silver,0,Rotterdam,,,0
373C15423012,MicroB,G,500,7500,Gold,0,Madrid,,,0
373C15423015,MicroSE,H,900,12000,Gold,0,Hamburg,,,0
373C15423016,MicroSE,D,1200,11000,Red,0,Rotterdam,,,0
373C15423017,MicroZed,D,1200,11000,Red,0,Rotterdam,,,0
373C15423018,MicroB,G,500,7500,Green,0,Madrid,,,0
373C15423020,MicroEco,E,N/A,13000,Silver,0,Hamburg,,,0
374A15423002,Micro,G,600,8500,Blue,0,Paris,,,0
374A15423003,Micro,G,600,8500,Red,0,Rotterdam,,,0
374A15423005,MicroEco,E,N/A,13000,Blue,0,Madrid,,,0
374A15423006,MicroZed,D,1200,11000,Blue,0,Paris,,,0
374A15423007,MicroZed,D,1200,11000,Green,0,Rotterdam,,,0
374A15423009,MicroB,G,500,7500,Gold,0,Madrid,,,0
374A15423010,MicroEco,E,N/A,13000,Red,0,Hamburg,,,0
374A15423012,MicroEco,E,N/A,13000,Red,0,Madrid,,,0
374A15423014,MicroSE,H,900,12000,White,0,Paris,,,0
374A15423015,Micro,G,600,8500,Silver,0,Madrid,,,0
374A15423016,Micro,G,600,8500,Green,0,Hamburg,,,0
374A15423018,MicroSE,H,900,12000,Green,0,Rotterdam,,,0
374B15423004,Micro,G,600,8500,Silver,0,Rotterdam,,,0
374B15423006,Micro,G,600,8500,Green,0,Paris,,,0
374B15423007,MicroSE,H,900,12000,White,0,Rotterdam,,,0
374B15423008,MicroZed,D,1200,11000,Blue,0,Rotterdam,,,0
374B15423009,MicroZed,D,1200,11000,Green,0,Madrid,,,0
374B15423012,MicroZed,D,1200,11000,Green,0,Hamburg,,,0
374B15423014,MicroEco,E,N/A,13000,Blue,0,Rotterdam,,,0
374B15423015,MicroSE,H,900,12000,Silver,0,Paris,,,0
374C15423003,Micro,G,600,8500,Red,0,Madrid,,,0
374C15423004,Micro,G,600,8500,White,0.15,Rotterdam,,,0
374C15423007,MicroSE,H,900,12000,Red,0,Madrid,,,0
374C15423011,MicroEco,E,N/A,13000,Silver,0,Paris,,,0
374C15423013,MicroEco,E,N/A,13000,White,0,Rotterdam,,,0
375A15423003,MicroZed,D,1200,11000,Gold,0,Paris,,,0
375A15423007,MicroZed,D,1200,11000,Blue,0,Rotterdam,,,0
375A15423008,Micro,G,600,8500,Blue,0,Madrid,,,0
375A15423010,MicroEco,E,N/A,13000,Silver,0,Hamburg,,,0
375A15423013,MicroZed,D,1200,11000,White,0,Hamburg,,,0
375A15423015,MicroEco,E,N/A,13000,White,0,Hamburg,,,0
375A15423016,MicroSE,H,900,12000,White,0,Rotterdam,,,0
375A15423019,MicroEco,E,N/A,13000,Blue,0.15,Rotterdam,,,0
375B15423003,Micro,G,600,8500,Red,0,Paris,,,0
375B15423004,MicroZed,D,1200,11000,Gold,0,Rotterdam,,,0
375B15423008,MicroEco,E,N/A,13000,Blue,0,Rotterdam,,,0
375B15423013,MicroZed,D,1200,11000,Blue,0,Rotterdam,,,0
375B15423016,MicroB,G,500,7500,Green,0,Rotterdam,,,0
375B15423018,MicroEco,E,N/A,13000,Blue,0,Rotterdam,,,0
375B15423019,MicroZed,D,1200,11000,Silver,0,Paris,,,0
375C15423001,Micro,G,600,8500,Blue,0,Hamburg,,,0
375C15423002,MicroZed,D,1200,11000,Red,0,Rotterdam,,,0
375C15423009,MicroSE,H,900,12000,White,0,Paris,,,0
375C15423010,MicroSE,H,900,12000,Green,0,Rotterdam,,,0
375C15423011,MicroB,G,500,7500,Green,0,Hamburg,,,0
375C15423012,MicroSE,H,900,12000,Blue,0,Madrid,,,0
375C15423016,MicroSE,H,900,12000,Red,0,Madrid,,,0
375C15423018,MicroZed,D,1200,11000,White,0,Rotterdam,,,0
375C15423019,MicroSE,H,900,12000,Green,0,Madrid,,,0
375C15423020,MicroSE,H,900,12000,White,0,Hamburg,,,0
376A15423007,Micro,G,600,8500,White,0,Hamburg,,,0
376A15423009,MicroZed,D,1200,11000,White,0,Hamburg,,,0
376A15423011,MicroSE,H,900,12000,Gold,0,Hamburg,,,0
376A15423012,MicroZed,D,1200,11000,White,0,Rotterdam,,,0
376A15423015,MicroSE,H,900,12000,Red,0,Hamburg,,,0
376B15423003,MicroSE,H,900,12000,Gold,0,Rotterdam,,,0
376B15423005,MicroZed,D,1200,11000,White,0,London,,,0
376B15423006,MicroZed,D,1200,11000,White,0,Rotterdam,,,0
376B15423007,Micro,G,600,8500,Gold,0,Rotterdam,,,0
376B15423008,MicroEco,E,N/A,13000,Silver,0,Madrid,,,0
376B15423009,MicroB,G,500,7500,Blue,0,Hamburg,,,0
376B15423010,MicroEco,E,N/A,13000,Gold,0,Hamburg,,,0
376B15423011,MicroEco,E,N/A,13000,Blue,0,London,,,0
376B15423015,MicroB,G,500,7500,White,0,Paris,,,0
376B15423016,MicroEco,E,N/A,13000,Red,0,Madrid,,,0
376B15423017,MicroSE,H,900,12000,Blue,0,London,,,0
376B15423019,Micro,G,600,8500,White,0,London,,,0
376B15423020,Micro,G,600,8500,Red,0,London,,,0
376C15423001,MicroB,G,500,7500,Green,0,London,,,0
376C15423002,MicroZed,D,1200,11000,Blue,0,Paris,,,0
376C15423003,MicroEco,E,N/A,13000,Green,0,Rotterdam,,,0
376C15423005,Micro,G,600,8500,Green,0,London,,,0
376C15423008,Micro,G,600,8500,White,0,London,,,0
376C15423009,Micro,G,600,8500,Red,0,London,,,0
376C15423010,MicroSE,H,900,12000,Red,0,Paris,,,0
376C15423016,MicroSE,H,900,12000,Gold,0,Rotterdam,,,0
376C15423017,MicroB,G,500,7500,Silver,0,Rotterdam,,,0
376C15423019,MicroB,G,500,7500,Silver,0,Hamburg,,,0
376C15423020,Micro,G,600,8500,Green,0,Rotterdam,,,0
377A15423001,MicroSE,H,900,12000,Gold,0,London,,,0
377A15423002,MicroSE,H,900,12000,Silver,0,Madrid,,,0
377A15423003,MicroSE,H,900,12000,Green,0,London,,,0
377A15423004,MicroSE,H,900,12000,Green,0,London,,,0
377A15423007,MicroB,G,500,7500,White,0,Hamburg,,,0
377A15423009,MicroEco,E,N/A,13000,Red,0,London,,,0
377A15423010,MicroEco,E,N/A,13000,White,0,Madrid,,,0
377A15423011,MicroZed,D,1200,11000,White,0,London,,,0
377A15423013,MicroZed,D,1200,11000,Blue,0,London,,,0
377A15423014,MicroEco,E,N/A,13000,Red,0,Hamburg,,,0
377A15423015,MicroB,G,500,7500,White,0,London,,,0
377A15423016,Micro,G,600,8500,Green,0,Hamburg,,,0
377A15423017,MicroSE,H,900,12000,Red,0,Hamburg,,,0
377A15423019,MicroSE,H,900,12000,Silver,0,Hamburg,,,0
377B15423001,MicroZed,D,1200,11000,Green,0,London,,,0
377B15423002,MicroB,G,500,7500,Green,0,Hamburg,,,0
377B15423003,Micro,G,600,8500,Blue,0,London,,,0
377B15423004,MicroZed,D,1200,11000,Silver,0,Madrid,,,0
377B15423006,MicroEco,E,N/A,13000,Green,0,London,,,0
377B15423007,MicroZed,D,1200,11000,Green,0,London,,,0
377B15423008,MicroSE,H,900,12000,Silver,0,London,,,0
377B15423009,MicroEco,E,N/A,13000,White,0,Madrid,,,0
377B15423010,MicroSE,H,900,12000,Blue,0,Rotterdam,,,0
377B15423011,MicroB,G,500,7500,Green,0,Hamburg,,,0
377B15423012,MicroEco,E,N/A,13000,Red,0,Rotterdam,,,0
377B15423013,MicroEco,E,N/A,13000,Green,0,Hamburg,,,0
377B15423014,MicroSE,H,900,12000,Red,0,London,,,0
377B15423015,MicroZed,D,1200,11000,White,0,Hamburg,,,0
377B15423016,MicroZed,D,1200,11000,Gold,0,Hamburg,,,0
377B15423017,MicroSE,H,900,12000,White,0,Madrid,,,0
377B15423018,MicroB,G,500,7500,White,0,Hamburg,,,0
377B15423019,MicroZed,D,1200,11000,White,0,Hamburg,,,0
377B15423020,Micro,G,600,8500,Red,0,Rotterdam,,,0
377C15423001,Micro,G,600,8500,Gold,0,Rotterdam,,,0
377C15423002,MicroEco,E,N/A,13000,Green,0,Rotterdam,,,0
377C15423003,MicroZed,D,1200,11000,Blue,0,Paris,,,0
377C15423004,Micro,G,600,8500,White,0,Madrid,,,0
377C15423005,MicroB,G,500,7500,White,0,Hamburg,,,0
377C15423006,Micro,G,600,8500,Gold,0,London,,,0
377C15423007,Micro,G,600,8500,Gold,0,Rotterdam,,,0
377C15423008,MicroZed,D,1200,11000,Green,0,Rotterdam,,,0
377C15423009,MicroB,G,500,7500,Silver,0,Madrid,,,0
377C15423010,Micro,G,600,8500,Red,0,Paris,,,0
377C15423011,MicroZed,D,1200,11000,Blue,0,Hamburg,,,0
377C15423012,MicroSE,H,900,12000,Blue,0,Paris,,,0
377C15423013,MicroSE,H,900,12000,Gold,0,Rotterdam,,,0
377C15423014,Micro,G,600,8500,Red,0,Madrid,,,0
377C15423015,MicroSE,H,900,12000,Green,0,Hamburg,,,0
377C15423016,MicroEco,E,N/A,13000,Blue,0,Rotterdam,,,0
377C15423017,MicroSE,H,900,12000,White,0,Rotterdam,,,0
