Category,Cat_Code,Year_Band,Ability,Gender
U12,UN11NM,Under 12,Novice,Male
U12,UN11NF,Under 12,Novice,Female
Juvenile,JV12OM,13 to 14,Open,Male
Juvenile,JV12OF,13 to 14,Open,Female
Youth,YU13OM,15 to 16,Open,Male
Youth,YU13OF,15 to 16,Open,Female
Junior,JN14OM,17 to 18,Open,Male
Junior,JN14OF,17 to 18,Open,Female
Senior,SN15NM,19 to 29,Novice,Male
Senior,SN15SM,19 to 29,Sport,Male
Senior,SN15XM,19 to 29,Expert,Male
Senior,SN15LM,19 to 29,Elite,Male
Senior,SN15NF,19 to 29,Novice,Female
Senior,SN15SF,19 to 29,Sport,Female
Senior,SN15XF,19 to 29,Expert,Female
Senior,SN15LF,19 to 29,Elite,Female
Master,MT16PM,30 to 39,Proficient,Male
Master,MT16PF,30 to 39,Proficient,Female
Veteran,VT17PM,40 to 49,Proficient,Male
Veteran,VT17PF,40 to 49,Proficient,Female
Grand Veteran,GV18PM,50 to 59,Proficient,Male
Grand Veteran,GV18PF,50 to 59,Proficient,Female
Super Veteran,SV19PM,60 and over,Proficient,Male
Super Veteran,SV19PF,60 and over,Proficient,Female
