Title,First_Name,Last_Name,Street,Area,Postcode,Race_Type,Type_ID,Category,Ability,Practice_Run,Race_Start,Club
Ms,Ella,Jarvis,49 Cambridge Road,Marston,OX3 6LF,Cross Country Olympic,XCO,Youth,Open,09:30,13:15,Endurance Cycles
Mr,Salim,Khoury,76 Hawkley Drive,Thame,OX9 3LP,Endurance,XCM,Juvenile,Open,09:40,11:15,Velocity Bikers
Mr,Jorge,Lopez,91 Lincoln Green Lane,Matlock,DE4 7ZF,Eliminator,XCE,Senior,Elite,10:00,12:00,Flying Cyclops
Ms,Yasmin,Talbot,12 Fernleigh Place,Plymouth,PL6 4AB,Eliminator,XCE,Senior,Novice,10:00,12:00,Camel Cycling
Mr,Henry,Burrows,95 Chinnor Road,Ipswich,IP8 8LM,Four Cross Racing,4X,Grand Veteran,Proficient,09:50,12:30,Velocity Bikes
Mrs,Toni,Fernandez,14 Gilbert Crescent,Kings Lynn,CB24 7TE,Four Cross Racing,4X,Senior,Novice,09:50,12:30,Mountain Kings
Mr,Olaf,Balcerzak,31 West Quay Road,Clacton,CO22 5RE,Endurance,XCM,Senior,Elite,09:40,11:15,Cyclemeisters
Mrs,Charlotte,Cox,9 Abingdon Road,Winkfield,SL4 8PW,Cross Country Olympic,XCO,Senior,Sport,09:30,13:15,Tawara Bike Buddies
Mrs,Safiya,Gamal,21 Hazlewood Road,Ipswich,IP7 3FT,Cross Country Olympic,XCO,Master,Proficient,09:30,13:15,Flying Cyclops
Miss,Ruby,Harris,57 Whitchurch Road,Tarporley,CW11 8TE,Cross Country Olympic,XCO,Senior,Expert,09:30,13:15,Spin Sisters
Mr,Sebastian,Carter,32 Felix Lane,Farmborough,BA2 4FL,Individual Downhill,DHI,Senior,Sport,08:30,14:00,Tawara Bike Buddies
Mr,Tomas,Jacobs,17 Terrick Street,Leighton Buzzard,LU7 8EL,Individual Downhill,DHI,Senior,Sport,09:30,14:00,Trail Blazers
Miss,Ghena,Saleh,8 Woodhall Gate,Colchester,CO2 8WS,Individual Downhill,DHI,Junior,Open,09:30,14:00,Synergy Racing
