Code,Course_Title ,Faculty code,Faculty,Level_code,Level,Full_Time?
AG-AB-1,Agricultural Business Management,Ag,,BSc,,-1
AG-AG-1,Agriculture,Ag,,BSc,,-1
AG-AS-3,Animal Science,Ag,,BSc,,-1
AR-AA-2,Art,Ar,,BA,,-1
AR-AE-1,Art & English Literature,Ar,,BA,,-1
AR-AF-3,Art & Film and Theatre,Ar,,BA,,-1
AR-AH-2,Art & History of Art,Ar,,BA,,-1
AR-AP-2,Art & Philosophy,Ar,,BA,,-1
AR-AS-2,Art & Psychology,Ar,,BA,,-1
AR-AA-3,Ancient Art,Ar,,MA,,-1
AR-FT-4,Film & Theatre,Ar,,BA,,-1
AR-TT-3,Film Theatre or Television,Ar,,MA,,-1
AR-FA-1,Fine Art,Ar,,BA,,-1
AR-GC-3,Graphic Communication,Ar,,BA,,-1
AR-TA-1,Theatre Arts Education and Deaf Studies,Ar,,BA,,-1
CO-AC-3,Applied Computer Science,Co,,BSc,,-1
CO-AB-3,Applied Informatics - Biodiversity Informatics,Co,,MSc,,-1
CO-CI-4,Applied Informatics - Construction Informatics,Co,,MSc,,-1
CO-AT-4,Applied Information Technology,Co,,BSc,,-1
CO-AI-2,Artificial Intelligence and Cybernetics,Co,,BSc,,-1
CO-AC-4,Artificial Intelligence and Cybernetics,Co,,MEng,,-1
CO-CS-2,Computer Science,Co,,BSc,,-1
CO-CY-2,Cybernetics,Co,,MEng,,-1
CO-CZ-3,Cybernetics,Co,,MSc,,-1
CO-DS-3,Digital Signal Processing and Communications,Co,,MSc,,-1
CO-EE-3,Electronic Engineering,Co,,BEng,,-1
CO-EF-3,Electronic Engineering,Co,,MEng,,-1
CO-IA-4,Informatics ,Co,,MSc,,0
CO-IR-3,Informatics by Research,Co,,MSc,,-1
CO-ID-4,Information Design,Co,,MA,,-1
CO-IM-3,Information Management and Systems,Co,,MSc,,-1
CO-IT-1,Information Technology,Co,,BSc,,-1
CO-IB-3,Intelligent Buildings,Co,,MSc,,-1
CO-PM-2,Project Management,Co,,MSc,,-1
CO-PN-1,Project Management,Co,,MSc,,0
CO-RO-3,Robotics,Co,,BSc,,-1
CO-RP-1,Robotics,Co,,MEng,,-1
CN-BS-3,Building Surveying,Cn,,BSc,,-1
CN-BE-4,Built Environment Management,Cn,,BSc,,-1
CN-CC-1,Construction Cost Management,Cn,,MSc,,-1
CN-CM-3,Construction Management,Cn,,BSc,,-1
CN-CN-3,Construction Management,Cn,,MSc,,-1
CN-QS-4,Quantity Surveying,Cn,,BSc,,-1
EC-AB-4,Accounting and Business,Ec,,BA,,-1
EC-AE-3,Accounting and Economics,Ec,,BA,,-1
EC-AE-2,Accounting and Economics ,Ec,,BSc,,-1
EC-AF-1,Accounting and Financial Management,Ec,,MSc,,-1
EC-AM-4,Accounting and Management,Ec,,BA,,-1
EC-BW-4,Banking and Finance in Emerging Economies,Ec,,MSc,,-1
EC-BX-3,Banking and Financial Systems in the Global Economy,Ec,,MSc,,-1
EC-BA-3,Business Analysis,Ec,,MSc,,-1
EC-BR-1,Business and Management Research,Ec,,MSc,,-1
EC-BM-3,Business and Management,Ec,,BA,,-1
EC-BN-1,Business and Management,Ec,,BA,,0
EC-BO-4,Business and Management in Emerging Markets,Ec,,MA,,-1
EC-BE-4,Business Economics,Ec,,BA,,-1
EC-BF-2,Business Economics,Ec,,BSc,,-1
EC-BG-1,Business Economics,Ec,,MSc,,-1
EC-BI-2,Business Information Management,Ec,,MSc,,-1
EC-BS-1,Business Statistics and Marketing,Ec,,BSc,,-1
EC-BT-2,Business Technology Consulting,Ec,,MSc,,-1
EC-CF-1,Consumer Behaviour & marketing,Ec,,BSc,,-1
EC-CP-2,Corporate Finance,Ec,,MSc,,-1
EC-DF-2,Development Finance,Ec,,MSc,,-1
EC-DP-2,Development Planning,Ec,,MSc,,-1
EC-DQ-4,Development Policy Practice and Process,Ec,,MSc,,-1
EC-DR-4,Developmental Psychopathology,Ec,,MA,,-1
EC-ED-3,Economic Development in Emerging markets,Ec,,MSc,,-1
EC-EA-3,Economics,Ec,,BA,,-1
EC-EB-1,Economics,Ec,,BSc,,-1
EC-EE-3,Economics & Econometrics,Ec,,BSc,,-1
EC-FI-2,Finance and Investment banking,Ec,,BSc,,-1
EC-FE-4,Financial Engineering,Ec,,MSc,,-1
EC-FR-1,Financial Research,Ec,,MSc,,-1
EC-FM-2,Financial Risk Management,Ec,,MSc,,-1
EC-FF-4,Food Economics and marketing,Ec,,MSc,,-1
EC-FB-4,Food marketing & Business Economics,Ec,,BSc,,-1
EC-IF-1,International Banking and Financial Services,Ec,,MSc,,-1
EC-IB-3,International Business,Ec,,MSc,,-1
EC-IE-2,International Business and Economic Development,Ec,,MSc,,-1
EC-IG-1,International Business and Finance,Ec,,MSc,,-1
EC-ID-2,International Economic Development,Ec,,MSc,,-1
EC-IH-2,International Finance and Economic Development,Ec,,MSc,,-1
EC-IM-2,International Management and Accounting,Ec,,MSc,,-1
EC-IR-4,International Relations & Economics,Ec,,BA,,-1
EC-IS-3,International Securities Investment and banking,Ec,,MSc,,-1
EC-IT-3,International Shipping and Finance,Ec,,MSc,,-1
EC-IP-3,Investment and Finance in Property,Ec,,BSc,,-1
EC-II-1,Investment banking and Islamic Finance,Ec,,MSc,,-1
EC-IN-3,Investment Management,Ec,,MSc,,-1
EC-MI-4,Management with Information Technology,Ec,,BSc,,-1
EC-MM-3,Marketing and International Management,Ec,,MSc,,-1
EC-RE-1,Real Estate,Ec,,BSc,,-1
EC-RF-1,Real Estate,Ec,,MSc,,-1
EC-RG-3,Real Estate,Ec,,MSc,,0
EC-RH-4,Real Estate Economics,Ec,,MSc,,-1
EC-RI-4,Real Estate Finance,Ec,,MSc,,-1
EC-RJ-3,Real Estate Finance & Investment,Ec,,MSc,,-1
EC-RK-2,Real Estate Investment & Finance,Ec,,MSc,,-1
EC-RL-1,Rural Land and Business Management,Ec,,MSc,,-1
EC-SD-4,Social Development and Sustainable Livelihoods,Ec,,MA,,-1
EC-EI-1,Economics of International Business and Finance,Ec,,MSc,,-1
EN-EA-4,English,En,,BA,,0
EN-EB-1,English,En,,MA,,-1
EN-EL-4,English Language,En,,BA,,-1
EN-EM-2,English Language,En,,BA,,0
EN-EN-1,English Language and Literature,En,,BA,,-1
EN-ET-1,English Language Teaching,En,,MA,,-1
EN-EO-2,English Literature,En,,BA,,-1
EN-EE-4,English Literature and European Literature and Culture,En,,BA,,-1
EN-EF-3,English Literature and Film & Theatre,En,,BA,,-1
EN-EG-4,English Literature and German,En,,BA,,-1
EN-ER-1,English Literature and International Relations,En,,BA,,-1
EN-EI-2,English Literature and Italian,En,,BA,,-1
EN-EP-2,English Literature and Politics,En,,BA,,-1
EN-EF-4,English Literature with French,En,,BA,,-1
EN-MC-1,Modern and Contemporary Writing,En,,MA,,-1
FR-FE-2,French and Economics,Fr,,BA,,-1
FR-FN-3,French and English Literature,Fr,,BA,,-1
FR-FG-1,French and German,Fr,,BA,,-1
FR-FH-2,French and History,Fr,,BA,,-1
FR-FA-3,French and History of Art,Fr,,BA,,-1
FR-FR-2,French and International Relations,Fr,,BA,,-1
FR-FI-2,French and Italian,Fr,,BA,,-1
FR-FM-3,French and Management Studies,Fr,,BA,,-1
FR-FS-1,French Studies,Fr,,BA,,-1
FR-FT-2,French Studies,Fr,,BA,,0
FR-FL-3,French Studies and English Language,Fr,,BA,,-1
FR-FP-1,French Studies and Politics,Fr,,BA,,-1
GG-CC-2,Climate Change and Development,Gg,,MSc,,-1
GG-GE-1,Geoarchaeology,Gg,,MSc,,-1
GG-GF-1,Geography and Economics,Gg,,BSc,,-1
GG-HP-4,Human and Physical Geography,Gg,,BSc,,-1
GG-HG-4,Human Geography,Gg,,BSc,,-1
GG-MC-1,Meteorology and Climate,Gg,,BSc,,-1
GG-PG-4,Physical Geography,Gg,,BSc,,-1
GG-UP-4,Urban Planning and Development,Gg,,BSc,,-1
GE-GR-3,German & International Relations,Ge,,BA,,-1
GE-GE-2,German and Economics,Ge,,BA,,-1
GE-GH-4,German and History,Ge,,BA,,-1
GE-GA-1,German and History of Art,Ge,,BA,,-1
GE-GI-2,German and Italian,Ge,,BA,,-1
GE-GP-3,German and Politics,Ge,,BA,,-1
GE-GM-3,German and Management Studies,Ge,,BA,,-1
GE-GS-1,German Studies,Ge,,BA,,-1
GE-GT-2,German Studies,Ge,,BA,,0
GE-GE-3,German Studies and English Language,Ge,,BA,,-1
HI-AH-4,Ancient History,Hi,,BA,,-1
HI-AA-4,Ancient History & Archaeology,Hi,,BA,,-1
HI-HA-3,Ancient History and History,Hi,,BA,,-1
HI-AW-3,Archaeology,Hi,,BA,,-1
HI-AX-3,Archaeology,Hi,,BA,,0
HI-AY-4,Archaeology,Hi,,BSc,,-1
HI-AZ-1,Archaeology,Hi,,MA,,-1
HI-AC-4,Archaeology & Classical Studies,Hi,,BA,,-1
HI-AH-2,Archaeology & History,Hi,,BA,,-1
HI-AI-3,Archaeology & Italian,Hi,,BA,,-1
HI-CR-2,City of Rome,Hi,,MA,,-1
HI-CM-3,Classical and Medieval Studies,Hi,,BA,,-1
HI-CS-1,Classical Studies,Hi,,BA,,-1
HI-CE-1,Classical Studies and English Literature,Hi,,BA,,-1
HI-CA-2,Classical Studies and History of Art,Hi,,BA,,-1
HI-CT-2,Classical Tradition,Hi,,MA,,-1
HI-CB-2,Classics,Hi,,BA,,-1
HI-CC-4,Classics,Hi,,BA,,0
HI-CD-4,Classics,Hi,,MA,,-1
HI-EC-4,European Cultures and Histories,Hi,,BA,,-1
HI-HX-2,History,Hi,,BA,,-1
HI-HY-4,History,Hi,,BA,,0
HI-HE-2,History and Economics,Hi,,BA,,-1
HI-HL-4,History and English Literature,Hi,,BA,,-1
HI-HI-2,History and International Relations,Hi,,BA,,-1
HI-HH-2,History and Philosophy,Hi,,BA,,-1
HI-HP-3,History and Politics,Hi,,BA,,-1
HI-HA-1,History of Art,Hi,,BA,,-1
HI-HB-1,History of Art,Hi,,BA,,0
HI-HC-3,History of Art & English Literature,Hi,,BA,,-1
HI-HD-4,History of Art and Architecture,Hi,,MA,,-1
HI-HH-3,History of Art and History,Hi,,BA,,-1
HI-MA-3,Medieval Archaeology,Hi,,MA,,-1
HI-MS-4,Medieval Studies,Hi,,MA,,-1
HI-MT-1,Medieval Studies,Hi,,MA,,0
HI-MH-3,Military History and Strategic Studies,Hi,,MA,,-1
HI-MI-1,Modern History,Hi,,MA,,-1
HI-MJ-2,Modern History,Hi,,MA,,0
HI-MK-1,Modern History,Hi,,MSc,,0
HI-ML-2,Modern Italian History,Hi,,MA,,-1
HI-NC-4,NineteentH-Century Literature and Culture,Hi,,MA,,-1
HI-RA-3,Research in Archaeology,Hi,,MA,,-1
IT-IC-3,Italian and Classical Studies,It,,BA,,-1
IT-IE-1,Italian and Econmics,It,,BA,,-1
IT-IH-3,Italian and History,It,,BA,,-1
IT-IA-2,Italian and History of Art,It,,BA,,-1
IT-II-1,Italian and International Relations,It,,BA,,-1
IT-IP-3,Italian and Politics,It,,BA,,-1
IT-IM-4,Italian and Management Studies,It,,BA,,-1
IT-IS-3,Italian Studies,It,,BA,,-1
IT-IT-1,Italian Studies,It,,BA,,0
IT-IL-4,Italian Studies and English Language,It,,BA,,-1
LA-AL-3,Advanced Legal Studies,La,,LLM,,-1
LA-EU-2,European Union Law,La,,LLM,,-1
LA-IC-3,International Commercial Law,La,,LLM,,-1
LA-IF-2,International Corporate Finance,La,,LLM,,-1
LA-IR-4,International Financial Regulation,La,,LLM,,-1
LA-IL-3,International Law and World Order,La,,LLM,,-1
LA-LA-2,Law,La,,LLB,,-1
LA-LL-4,Law with Legal Studies in Europe,La,,LLB,,-1
MA-CM-2,Computational mathematics,Ma,,BSc,,-1
MA-MA-4,Mathematics,Ma,,MMath,,-1
MA-MB-3,Mathematics,Ma,,BSc,,-1
MA-MC-4,Mathematics,Ma,,MMath,,0
MA-MP-4,Mathematics and Psychology,Ma,,BSc,,-1
MA-MS-2,Mathematics and Statistics mathematics and Applied Statistics,Ma,,BSc,,-1
MA-SA-2,Statistics / Applied Statistics,Ma,,BSc,,-1
PH-EV-2,Ethics Value & Philosophy,Ph,,BA,,-1
PH-PX-4,Philosophy,Ph,,BA,,-1
PH-PY-3,Philosophy,Ph,,BA,,0
PH-PZ-3,Philosophy,Ph,,MA,,-1
PH-PC-4,Philosophy and Classical Studies,Ph,,BA,,-1
PH-PE-4,Philosophy and English Literature,Ph,,BA,,-1
PH-PF-1,Philosophy and French,Ph,,BA,,-1
PH-PG-3,Philosophy and German,Ph,,BA,,-1
PH-PR-4,Philosophy and International Relations,Ph,,BA,,-1
PH-PI-2,Philosophy and Italian,Ph,,BA,,-1
PH-PP-1,Philosophy and Politics,Ph,,BA,,-1
PO-PE-1,Politics & Economics,Po,,BA,,-1
PO-PR-1,Politics & International Relations,Po,,BA,,-1
PS-PS-2,Psychology,Ps,,BSc,,-1
PS-PB-4,Psychology & Biology,Ps,,BSc,,-1
PS-PP-4,Psychology and Philosophy,Ps,,BA,,-1
PS-PC-1,Psychology Childhood and Ageing,Ps,,BSc,,-1
PS-PM-2,Psychology Mental and Physical Health,Ps,,BSc,,-1
PS-RP-4,Research Methods in Psychology,Ps,,MSc,,-1
SC-AD-4,Agricultural Development Economics,Sc,,MSc,,-1
SC-AE-1,Agricultural Economics,Sc,,MSc,,-1
SC-AD-3,Agriculture and Development,Sc,,MSc,,-1
SC-BC-1,Biochemistry,Sc,,BSc,,-1
SC-BS-3,Biological Sciences,Sc,,BSc,,-1
SC-BI-3,Biological Sciences with Industrial Experience,Sc,,BSc,,-1
SC-BT-2,Biomedical Sciences,Sc,,BSc,,-1
SC-BX-3,Biometry,Sc,,MSc,,-1
SC-CR-2,Chemical Research,Sc,,MSc,,-1
SC-CA-4,Chemistry,Sc,,BSc,,-1
SC-CB-4,Chemistry,Sc,,MChem,,-1
SC-CC-1,Chemistry with a Year in Industry,Sc,,BSc,,-1
SC-CD-2,Chemistry with a Year in Industry,Sc,,MChem,,-1
SC-CE-4,Chemistry with Education,Sc,,BSc,,-1
SC-CF-1,Chemistry with Forensic Analysis,Sc,,BSc,,-1
SC-CG-4,Chemistry with Forensic Analysis,Sc,,MChem,,-1
SC-CM-1,Chemistry with Medicinal Chemistry ,Sc,,MChem,,-1
SC-CN-1,Cognitive Neuroscience,Sc,,MA,,-1
SC-DA-2,Data Assimilation and Inverse Modelling in Geosciences,Sc,,MA,,-1
SC-EC-3,Environmental and Countryside Management,Sc,,BSc,,-1
SC-EP-4,Environmental Pollution,Sc,,MSc,,-1
SC-ES-2,Environmental Science,Sc,,MEnvSci,,0
SC-ET-1,Environmental Science ,Sc,,MEnvSci,,-1
SC-EE-4,Environmental Science with Professional Experience,Sc,,BSc,,-1
SC-FS-3,Food Science,Sc,,BSc,,-1
SC-FT-2,Food Science,Sc,,MSc,,-1
SC-FB-2,Food Science with Business,Sc,,BSc,,-1
SC-FT-3,Food Technology and Bioprocessing,Sc,,BSc,,-1
SC-HO-2,Horticulture,Sc,,MSc,,-1
SC-LM-3,Land Management,Sc,,BSc,,-1
SC-MI-2,Microbiology,Sc,,BSc,,-1
SC-NL-2,Neuroscience of Language,Sc,,MSc,,-1
SC-NF-3,Nutrition and Food Science,Sc,,BSc,,-1
SC-NC-2,Nutrition with Food Consumer Sciences,Sc,,BSc,,-1
SC-PH-2,Pharmacy,Sc,,MPharm,,-1
SC-PD-1,Plant Diversity,Sc,,MSc,,-1
SC-RE-3,Renewable Energy,Sc,,MSc,,-1
SC-RA-4,Research Agricultural and Food Economics,Sc,,MSc,,-1
SC-SE-2,Soils and Environmental Pollution,Sc,,MSc,,-1
SC-SI-4,Species Identification and Survey Skills,Sc,,MSc,,-1
SC-WM-2,Wildlife Management and Conservation,Sc,,MSc,,-1
SC-ZO-4,Zoology,Sc,,BSc,,-1
