Customer Id,GivenName,Surname,StreetAddress,City,PostCode,EmailAddress,TelephoneNumber,CCType,CCNumber,CVV2,CCExpires
214,Lydia,Sykes,59 Exning Road,HARFORD,PL21 7XC,Lydia.M.Sykes@trashymail.com,079 5199 5552,Visa,4716803241108790,211,01/03/2013
215,Finlay,White,22 Whatlington Road,COULTRA,KY15 4YA,Finlay.N.White@spambob.com,077 0703 2848,Visa,4929710631412740,521,01/06/2013
216,Noah,Pope,39 Vicar Lane,SANDY LANE,BD15 6QL,Noah.F.Pope@mailinator.com,078 6440 7800,Visa,4716245093051890,322,01/08/2010
217,Ewan,Mason,38 Sloe Lane,CROUCH,TN15 4AK,Ewan.S.Mason@spambob.com,070 7427 1580,Visa,4485479662986490,846,01/12/2013
218,Jay,Francis,83 Wenlock Terrace,PERT,AB30 9ZO,Jay.D.Francis@spambob.com,070 6195 8891,Visa,4716969882242720,394,01/05/2010
219,Erin,Taylor,59 Warren St,WEST FARNDON,NN11 0AU,Erin.C.Taylor@dodgit.com,078 7226 4832,Visa,4485459294590580,482,01/01/2014
220,Amber,Ford,63 Thames Street,BOLTON LOW HOUSES,CA7 4TW,Amber.T.Ford@mailinator.com,077 1934 0672,Visa,4716531186439560,140,01/11/2011
221,Anthony,Wyatt,41 Park Place,CASSINGTON,OX8 4WK,Anthony.M.Wyatt@dodgit.com,077 5405 3369,Visa,4485641208579250,140,01/11/2011
222,Jack,Naylor,11 Seafield Place,FORNCETT ST MARY,NR16 6KQ,Jack.S.Naylor@trashymail.com,077 8772 9363,Visa,4929563061664760,285,01/08/2013
223,Lewis,Lord,48 Fox Lane,BODORGAN,LL62 6KQ,Lewis.J.Lord@mailinator.com,079 6664 5229,Visa,4716726996502130,259,01/03/2014
224,Connor,Chamberlain,43 Traill Street,ROTHERSTHORPE,NN7 8BM,Connor.L.Chamberlain@mailinator.com,078 3398 3220,Visa,4929323950642810,94,01/06/2013
225,Owen,Wright,43 Chapel Lane,ARRAD FOOT,LA12 0DA,Owen.A.Wright@trashymail.com,070 5285 1898,Visa,4716692713058410,647,01/09/2010
226,Katherine,Griffin,3 Baldock Street,NEWTON ABBOT,TQ12 7UM,Katherine.A.Griffin@pookmail.com,070 1211 5952,Visa,4929655715567180,264,01/03/2013
227,Peter,Williams,87 Withers Close,ALDWINCLE,NN14 5UC,Peter.C.Williams@mailinator.com,070 4665 6756,Visa,4716982238987630,22,01/02/2013
228,Scarlett,Hardy,39 Wrexham Road,FAWKHAM GREEN,DA3 9KE,Scarlett.K.Hardy@pookmail.com,078 5248 8893,Visa,4929783262393100,590,01/03/2011
229,Jake,Abbott,71 Hexham Road,IVELET,DL11 6FZ,Jake.C.Abbott@trashymail.com,078 7099 6775,Visa,4929745602427470,322,01/04/2014
230,Morgan,John,43 East Street,MARDEN,HR1 1MV,Morgan.N.John@mailinator.com,079 8160 9651,Visa,4716576613344270,731,01/10/2014
231,Morgan,Stevens,9 Manor Close,DODDISCOMBSLEIGH,EX6 8OU,Morgan.L.Stevens@trashymail.com,079 6903 5627,Visa,4485995279394950,177,01/09/2012
232,Isabelle,McLean,96 Scrimshire Lane,ATHELNEY,TA7 3OO,Isabelle.G.McLean@spambob.com,078 2713 1749,Visa,4485168062994470,4,01/03/2012
233,Max,Collier,98 Great Western Road,LONGWORTH,OX13 5ZE,Max.R.Collier@dodgit.com,079 2468 6469,Visa,4485986148655460,92,01/08/2012
234,Ella,McKenzie,66 Stone St,CRANFORD,TW5 4BJ,Ella.A.McKenzie@pookmail.com,070 1719 6783,Visa,4716878651399680,375,01/06/2010
235,Isabella,Gibbs,69 Tonbridge Rd,COPPENHALL MOSS,CW1 2ZN,Isabella.D.Gibbs@pookmail.com,077 5054 8532,Visa,4716793291290970,723,01/09/2014
236,Jack,Whitehouse,62 Golf Road,SWALWELL,NE16 5KS,Jack.B.Whitehouse@trashymail.com,078 6485 8510,Visa,4929912885268420,8,01/01/2011
237,Ethan,Baxter,72 Jubilee Drive,CASTLETON,CF3 0RC,Ethan.K.Baxter@trashymail.com,078 5561 4696,Visa,4716269237541000,696,01/03/2012
238,Charlie,Simmons,38 Park Terrace,GLADESTRY,HR5 9YN,Charlie.D.Simmons@trashymail.com,078 3439 7172,Visa,4485848320412760,730,01/08/2012
239,Harley,Carr,24 Lairg Road,NEWBOROUGH,DE13 8RN,Harley.V.Carr@spambob.com,078 6358 9334,Visa,4485639757498870,166,01/01/2010
240,Brandon,Bevan,20 Main St,ACCRINGTON,BB5 1MX,Brandon.E.Bevan@pookmail.com,070 8740 4329,Visa,4716810005962760,599,01/09/2012
241,Samantha,Jennings,77 Preston Rd,MORRISTON,KA19 8MT,Samantha.A.Jennings@trashymail.com,070 6781 0022,Visa,4929635614396300,615,01/02/2014
242,Spencer,Butcher,31 Roker Terrace,LANGLEY PARK,DH7 5UU,Spencer.Z.Butcher@spambob.com,079 5611 9572,Visa,4716803141041310,929,01/12/2011
243,Thomas,Winter,89 Haslemere Road,EASTFIELD,ML7 4KG,Thomas.F.Winter@pookmail.com,070 6101 3553,Visa,4929314266843840,665,01/04/2010
244,Yasmin,Peacock,47 Rowland Rd,OSSETT,WF5 8UM,Yasmin.M.Peacock@spambob.com,070 5761 6306,Visa,4929734588019540,307,01/12/2014
245,Sebastian,Law,24 Jedburgh Road,LEVENCORROCH,KA27 3UI,Sebastian.S.Law@pookmail.com,077 0504 6356,Visa,4929523062549350,500,01/03/2013
246,Alfie,Thomas,61 Shore Street,STITHIANS,TR3 3LG,Alfie.B.Thomas@trashymail.com,079 1347 1904,Visa,4716269826740500,686,01/11/2014
247,Finley,Mills,41 Brynglas Road,GLENRISDELL,PA29 6PX,Finley.E.Mills@trashymail.com,077 3817 0693,Visa,4716687558182540,318,01/09/2011
248,Katherine,Stokes,40 Duckpit Lane,UPPER HORSEBRIDGE,BN27 7PO,Katherine.L.Stokes@spambob.com,077 4504 8544,Visa,4929562406785280,311,01/08/2010
249,Evan,Kemp,78 South Crescent,LYDEARD ST LAWRENCE,TA4 8UW,Evan.F.Kemp@pookmail.com,070 7630 3448,Visa,4716364202735950,394,01/12/2010
250,Louise,Burton,79 Hampton Court Rd,SPITTAL,TD15 2FQ,Louise.L.Burton@spambob.com,079 3962 9790,Visa,4929205664228950,20,01/11/2013
251,Lydia,Powell,47 Coast Rd,KIRKBY,TS9 9IM,Lydia.O.Powell@mailinator.com,079 1457 4246,Visa,4929506221101230,286,01/06/2012
252,Oliver,Haynes,71 Great North Road,ALTHAM,BB5 5EW,Oliver.A.Haynes@trashymail.com,079 7236 6313,Visa,4716164844106700,849,01/08/2011
253,Henry,Davison,16 Souterhead Road,LOSTWITHIEL,PL22 6HN,Henry.E.Davison@dodgit.com,078 7153 8251,Visa,4716088343067560,371,01/01/2013
254,Charlie,Scott,76 Trinity Crescent,WHADDON,MK17 6YX,Charlie.L.Scott@trashymail.com,077 3282 6578,Visa,4716494608220500,910,01/10/2014
255,Isabelle,Holloway,5 Boat Lane,RESOLIS,IV7 3AL,Isabelle.R.Holloway@dodgit.com,070 5294 3121,Visa,4485970902575400,280,01/05/2010
256,Faith,Hammond,12 Simone Weil Avenue,WAUN Y CLYN,SA17 7TB,Faith.M.Hammond@dodgit.com,078 5237 6534,Visa,4485301773659150,168,01/11/2010
257,Molly,Pickering,38 Earls Avenue,WHITESTAUNTON,TA20 3LG,Molly.T.Pickering@mailinator.com,077 4211 0322,Visa,4929614936287470,215,01/01/2014
258,Corey,Ball,10 Marlborough Crescent,SOUTHGATE,PE31 8MJ,Corey.R.Ball@mailinator.com,078 1576 0068,Visa,4485711927676800,343,01/10/2011
259,Isobel,Higgins,93 Preston Rd,MORDON,TS21 4EQ,Isobel.R.Higgins@mailinator.com,077 5738 8326,Visa,4485398878940040,819,01/06/2013
260,Hollie,Davison,91 Station Rd,PURSE CAUNDLE,DT9 7GF,Hollie.E.Davison@pookmail.com,070 7092 5812,Visa,4929280049109090,499,01/06/2011
261,Maisie,Stewart,76 Pendwyallt Road,BURTON,NE69 8FV,Maisie.J.Stewart@trashymail.com,077 3085 2112,Visa,4485838532066420,391,01/09/2013
262,Chelsea,Doyle,61 Great North Road,AMBLECOTE,DY8 6IE,Chelsea.R.Doyle@spambob.com,079 8773 6743,Visa,4716382829594820,155,01/08/2011
263,Louise,Stewart,45 Church Way,BRADFIELD ST GEORGE,IP30 7NE,Louise.J.Stewart@spambob.com,070 0940 5905,Visa,4929320880486840,692,01/09/2013
264,Nathan,Waters,68 Ivy Lane,WALSTON,ML11 0JR,Nathan.A.Waters@spambob.com,077 6834 1521,Visa,4929831151939810,489,01/06/2010
265,Michael,Kemp,19 Roman Rd,LEDAIG,PA37 4OE,Michael.R.Kemp@dodgit.com,070 0262 5667,Visa,4929719857542370,528,01/01/2012
266,Hannah,Fleming,75 Ballifeary Road,BAMBER BRIDGE,PR5 0TU,Hannah.B.Fleming@trashymail.com,070 2287 0252,Visa,4716805743536450,909,01/07/2012
267,Christopher,Morton,82 Ash Lane,YNYSBOETH,CF45 7ZI,Christopher.N.Morton@trashymail.com,078 5093 2575,Visa,4485578222629640,279,01/06/2012
268,Danielle,Holmes,1 Baldock Street,NEWTON ON TRENT,LN1 7MF,Danielle.T.Holmes@trashymail.com,078 4397 1816,Visa,4716938966859280,539,01/03/2010
269,Hannah,Norton,85 Buckingham Rd,THORNHILL,CF83 2QI,Hannah.A.Norton@pookmail.com,079 4358 0376,Visa,4485166312277620,163,01/03/2010
270,Nicole,Lee,27 Holburn Lane,HEBDEN GREEN,CW7 2IK,Nicole.D.Lee@dodgit.com,070 8772 6122,Visa,4929846790536720,491,01/11/2010
271,Holly,Reid,5 Temple Way,WISTON,ML12 7CY,Holly.E.Reid@pookmail.com,078 1756 8897,Visa,4485889818296040,434,01/01/2014
272,Henry,Robson,16 Fraserburgh Rd,LEYSDOWN-ON-SEA,ME12 6VW,Henry.D.Robson@dodgit.com,079 3715 6169,Visa,4716210886504350,241,01/08/2013
273,Aaron,Saunders,61 Hendford Hill,MOULSOE,MK16 5CH,Aaron.J.Saunders@trashymail.com,077 1051 0307,Visa,4716141356533740,201,01/11/2012
274,Eve,Garner,20 Manor Close,DODINGTON ASH,BS37 2DP,Eve.J.Garner@mailinator.com,079 8893 2378,Visa,4929274508794840,982,01/11/2010
275,Eloise,Little,23 Ponsmere Road,ZENNOR,TR26 9OP,Eloise.D.Little@spambob.com,078 7753 8177,Visa,4716529272557570,657,01/07/2010
276,Madison,Simmons,50 Boroughbridge Road,BISHOP MIDDLEHAM,DL17 9IJ,Madison.L.Simmons@trashymail.com,078 1437 6023,Visa,4716958276395140,812,01/01/2012
277,Toby,Hewitt,74 Boat Lane,REPPS,NR29 4RA,Toby.L.Hewitt@pookmail.com,078 4701 2074,Visa,4716467531262900,935,01/08/2011
278,Finlay,Bruce,78 Town Lane,SOUTH CLIFFE,YO4 6ZA,Finlay.L.Bruce@dodgit.com,070 4195 2404,Visa,4929169314261020,260,01/10/2012
279,Hayden,Gibson,47 Roman Rd,LECKFORD,SO20 3WW,Hayden.P.Gibson@spambob.com,078 5769 4692,Visa,4716812330042240,369,01/12/2012
280,Yasmin,Power,93 Kent Street,CROSS INN,CF72 2OC,Yasmin.J.Power@pookmail.com,078 1155 7004,Visa,4716263505357990,815,01/08/2010
281,Natasha,Cross,74 Park Place,CASTERTON,LA6 2UR,Natasha.A.Cross@trashymail.com,079 5855 1952,Visa,4929857106993680,500,01/11/2010
282,Logan,Dennis,16 Whitchurch Road,ENSAY,PA75 9HV,Logan.A.Dennis@mailinator.com,070 1978 2140,Visa,4929062959170760,485,01/12/2012
283,Kayleigh,Bishop,50 Seafield Place,FOSSDALE,DL8 3PP,Kayleigh.T.Bishop@trashymail.com,078 5411 9244,Visa,4485146196180580,286,01/08/2014
284,Hayden,Barrett,1 Union Terrace,LOCKERLEY,SO51 7TX,Hayden.L.Barrett@trashymail.com,070 6559 1238,Visa,4929036154589080,268,01/08/2013
285,Grace,Bishop,47 Stamford Road,ANDERSON,DT11 8BC,Grace.K.Bishop@spambob.com,079 6695 3960,Visa,4716957233000420,517,01/07/2014
286,Brandon,Mitchell,98 Academy Street,BERWICK ST JAMES,SP3 0JJ,Brandon.S.Mitchell@mailinator.com,077 0510 3289,Visa,4485325684424560,536,01/06/2013
287,Nathan,Walsh,57 Well Lane,PARKFORD,DD8 7HU,Nathan.M.Walsh@mailinator.com,078 5218 3252,Visa,4485293812334290,283,01/02/2010
288,Scott,Clements,10 Bath Rd,WOLDINGHAM,CR3 4BY,Scott.P.Clements@trashymail.com,070 3296 3482,Visa,4929243653696010,525,01/04/2011
289,Georgia,Archer,65 Roman Rd,LEIGH,SY5 4ML,Georgia.R.Archer@dodgit.com,078 3581 2580,Visa,4485160612069360,238,01/08/2012
290,Aaron,Rhodes,11 Glandovey Terrace,TRESINNEY,PL32 9XJ,Aaron.E.Rhodes@dodgit.com,078 0065 0838,Visa,4716250953292050,84,01/04/2014
291,Jasmine,Richards,51 Cunnery Rd,MANCHESTER,M1 7NI,Jasmine.B.Richards@dodgit.com,077 6218 7285,Visa,4929935650166180,863,01/01/2012
292,Hayden,Nash,71 Ings Lane,DELNY,IV18 6AR,Hayden.C.Nash@trashymail.com,079 6053 0774,Visa,4485512617300300,810,01/10/2014
293,Melissa,Hope,55 Fordham Rd,HALLWORTHY,PL32 1TA,Melissa.M.Hope@pookmail.com,070 3801 1183,Visa,4716928101097220,504,01/10/2012
294,Faith,Stevenson,16 Bouverie Road,WESTOW,YO6 3YP,Faith.H.Stevenson@pookmail.com,077 2191 9047,Visa,4716515395560170,298,01/02/2013
295,Connor,Dean,30 Sutton Wick Lane,BRINGTON,PE18 4OJ,Connor.G.Dean@mailinator.com,078 7742 0620,Visa,4929072358145810,197,01/04/2011
296,Amy,Birch,12 Trehafod Road,BUDE,EX23 7MO,Amy.S.Birch@dodgit.com,078 3627 2654,Visa,4929209971103480,342,01/09/2013
297,Chloe,Alexander,91 High St,THURNBY,LE7 6JI,Chloe.R.Alexander@mailinator.com,070 3430 3118,Visa,4929809512658910,313,01/09/2010
298,Brooke,Francis,1 Bouverie Road,WETTENHALL,CW7 6CT,Brooke.L.Francis@trashymail.com,078 0923 4937,Visa,4716248717474980,317,01/01/2011
299,Lewis,Goddard,78 Stroude Road,SIMPRIM,TD12 7XN,Lewis.T.Goddard@trashymail.com,070 5128 1899,Visa,4485435958225910,545,01/04/2010
300,Robert,Lawson,41 Berkeley Rd,STRATFORD TONY,SP5 8FG,Robert.E.Lawson@spambob.com,070 3179 6652,Visa,4485031311955540,493,01/08/2011
301,Lucas,Bates,52 Graham Road,CHERITON,SA3 7AM,Lucas.A.Bates@trashymail.com,078 5290 2116,Visa,4929208487668920,72,01/12/2010
302,Lucy,Chan,14 Prince Consort Road,KELSAY,PA47 3TC,Lucy.J.Chan@mailinator.com,078 7644 2743,Visa,4485254568497330,856,01/02/2012
303,Laura,Potter,48 Neville Street,IMPINGTON,CB4 6UZ,Laura.T.Potter@dodgit.com,078 2662 5367,Visa,4716126983785030,117,01/11/2012
304,Reece,Barnes,41 Newport Road,CARISBROOKE,PO30 1PX,Reece.C.Barnes@dodgit.com,077 4504 7773,Visa,4485950899632460,253,01/08/2011
305,Harriet,Sims,56 Canterbury Road,URCHANY,IV12 4HS,Harriet.D.Sims@pookmail.com,070 0911 8116,Visa,4716517141056980,177,01/04/2010
306,Michael,Willis,78 Helland Bridge,UPPER HACKNEY,DE4 2IU,Michael.A.Willis@spambob.com,079 0979 1769,Visa,4485768238124560,116,01/07/2011
307,Aaron,Morris,79 Hampton Court Rd,SOUTHORPE,PE9 1QH,Aaron.M.Morris@spambob.com,077 6742 5279,Visa,4716166434120930,48,01/05/2010
308,Harvey,Moran,59 Main Road,AUCHENDOLLY,DG7 4FZ,Harvey.E.Moran@spambob.com,070 5245 0966,Visa,4716021436771700,202,01/01/2014
309,Mollie,Iqbal,4 Long Street,MILLINGTON,YO4 5MC,Mollie.P.Iqbal@spambob.com,079 5626 0247,Visa,4716737628844210,42,01/09/2013
310,Owen,Wyatt,5 Colorado Way,RHYD-YR-ONNEN,LL36 1LW,Owen.L.Wyatt@spambob.com,079 4257 3934,Visa,4716780377951610,642,01/01/2012
311,Chloe,White,36 Huntly Street,BARRAHORMID,PA31 8JL,Chloe.J.White@dodgit.com,078 7835 1699,Visa,4485759028606630,844,01/03/2012
312,Grace,Frost,58 Southlands Road,PONTNEWYNYDD,NP4 3QY,Grace.J.Frost@trashymail.com,078 2210 1945,Visa,4716083256124340,451,01/07/2010
313,Louise,Perkins,90 Old Edinburgh Road,BELMONT,BL7 9VS,Louise.O.Perkins@trashymail.com,079 1021 6384,Visa,4929325043854930,289,01/02/2012
314,Charlie,Manning,78 Greyfriars Road,CAPEL PARC,LL68 7WC,Charlie.D.Manning@pookmail.com,077 0501 9500,Visa,4929737507942840,609,01/06/2010
315,Riley,Chapman,27 Iffley Road,BROADOAK,SA32 4ZW,Riley.C.Chapman@dodgit.com,077 5630 2998,Visa,4929062125019850,620,01/09/2013
316,Edward,Ashton,10 Broomfield Place,STONYBRECK,ZE2 7CI,Edward.S.Ashton@pookmail.com,078 0114 7231,Visa,4929239488385600,606,01/06/2013
317,Victoria,Taylor,55 St Omers Road,HOCKLEY,SS5 3OB,Victoria.D.Taylor@spambob.com,077 0834 2029,Visa,4716690837843180,753,01/08/2011
318,Naomi,Chamberlain,74 Brynglas Road,GLENLEE,DD9 3JW,Naomi.A.Chamberlain@trashymail.com,070 0073 3289,Visa,4485189664211960,12,01/01/2013
319,Erin,Kerr,10 South Street,MONCREIFFE,PH2 5AV,Erin.T.Kerr@mailinator.com,070 2961 7150,Visa,4716955644702850,816,01/09/2013
320,Lola,Mellor,69 Caradon Hill,TYWYN,LL36 4UR,Lola.L.Mellor@trashymail.com,070 3962 5256,Visa,4929574955231610,576,01/11/2014
321,Abbie,Alexander,30 Grenoble Road,BRAYSHAW,BD23 4SL,Abbie.H.Alexander@pookmail.com,079 3486 8889,Visa,4716093172713280,764,01/11/2010
322,Alfie,Saunders,12 Old Edinburgh Road,BEECH HILL,RG7 8KQ,Alfie.L.Saunders@dodgit.com,070 4751 0765,Visa,4929173538994590,921,01/03/2010
323,Naomi,Lees,14 Prospect Hill,DRAYTON,DY9 7ZM,Naomi.L.Lees@trashymail.com,070 8419 3271,Visa,4929286002117290,191,01/05/2012
324,Jake,Parsons,58 Fox Lane,BOGFIELDS,AB33 9HI,Jake.S.Parsons@trashymail.com,079 4772 1692,MasterCard,5102975030220020,980,01/09/2013
325,Charlotte,Godfrey,29 St Maurices Road,PRESSEN,TD12 0DB,Charlotte.E.Godfrey@dodgit.com,070 2938 1473,Visa,4929368968666070,700,01/04/2013
326,Ellis,Curtis,93 Jubilee Drive,CATLOW,BB10 5ZS,Ellis.S.Curtis@trashymail.com,070 1803 8232,Visa,4929784751239730,29,01/04/2013
327,Alicia,Richardson,33 Broad Street,LOWER FROYLE,GU34 6EH,Alicia.W.Richardson@pookmail.com,070 5378 6001,Visa,4485777699367840,490,01/06/2014
328,Ben,Nelson,52 Iolaire Road,NEW BYTH,AB53 2IT,Ben.I.Nelson@trashymail.com,079 6623 5145,Visa,4929700643519460,518,01/02/2014
329,Harvey,John,68 Caradon Hill,TYNRIBBIE,PA38 4OU,Harvey.M.John@pookmail.com,079 4112 8239,Visa,4929363607987940,781,01/11/2014
330,Aidan,Wong,47 Newport Road,CARNYORTH,TR19 6AL,Aidan.V.Wong@spambob.com,078 6635 9940,Visa,4929230325921700,891,01/12/2012
331,Owen,Doyle,16 Harehills Lane,ROWLEY,HU20 2UI,Owen.L.Doyle@mailinator.com,077 5362 6257,Visa,4716211894972130,584,01/05/2011
332,Rachel,Wells,6 Prince Consort Road,KENSALEYRE,IV51 4XN,Rachel.O.Wells@pookmail.com,077 4919 7315,Visa,4716584660451450,559,01/05/2011
333,Thomas,Murphy,79 Marlborough Crescent,SOUTH OXHEY,WD1 1ZZ,Thomas.R.Murphy@trashymail.com,077 7740 9861,Visa,4929056460951410,465,01/09/2011
334,Madeleine,Sinclair,61 Grenoble Road,BRAY SHOP,PL17 1JE,Madeleine.B.Sinclair@trashymail.com,078 5096 8359,Visa,4485400004113380,951,01/01/2014
335,Harriet,Jenkins,36 Bootham Terrace,RAYDON,IP7 3OE,Harriet.E.Jenkins@spambob.com,077 8545 5122,Visa,4485739328466050,718,01/04/2010
336,Natasha,O'Sullivan,46 Whatlington Road,COTHAM,BS6 7CE,Natasha.K.O'Sullivan@dodgit.com,079 3284 4934,Visa,4716711482915310,940,01/03/2011
337,Sam,Miller,54 Nenthead Road,HIGH HARROGATE,HG1 7ZK,Sam.T.Miller@pookmail.com,079 7901 0977,Visa,4485671098102810,718,01/08/2010
338,Amelia,Power,13 Prospect Hill,DRAYCOTT IN THE MOORS,ST10 2KL,Amelia.T.Power@dodgit.com,070 0037 4273,Visa,4485578507758410,17,01/08/2011
339,Luke,Murray,6 St Andrews Lane,DALCHRUIN,PH6 3EP,Luke.H.Murray@mailinator.com,078 4825 6668,Visa,4485398705661000,440,01/06/2014
340,Emma,Pollard,53 Prestwick Road,INCHRORY,AB37 2KN,Emma.E.Pollard@pookmail.com,078 4099 9528,Visa,4929878589504510,771,01/03/2012
341,Jack,Morris,87 Stroude Road,SKEGBY,NG17 7ZC,Jack.O.Morris@trashymail.com,078 3397 6272,Visa,4485439088226610,347,01/11/2010
342,Ruby,Ross,27 South Western Terrace,MITCHAM,CR4 2FU,Ruby.C.Ross@spambob.com,079 4188 1266,Visa,4716439278849170,564,01/07/2013
343,William,Kirby,54 Tonbridge Rd,CONINGTON,CB3 1HR,William.G.Kirby@mailinator.com,077 1039 8282,Visa,4485362461738020,693,01/01/2013
344,Shannon,Moran,40 Bootham Terrace,REDBURN,IV16 3FJ,Shannon.L.Moran@trashymail.com,079 4375 5690,Visa,4716030708044380,988,01/04/2011
345,Patrick,Adams,96 Overton Circle,LIVERTON,TS13 2PC,Patrick.D.Adams@dodgit.com,070 3264 5872,Visa,4929730822541310,472,01/01/2014
346,Imogen,Byrne,63 Prestwick Road,INNERGELLIE,KY10 7KA,Imogen.K.Byrne@pookmail.com,077 5390 3226,Visa,4716847260329340,816,01/07/2012
347,Toby,Dunn,82 Tadcaster Rd,PIGDON,NE61 2YZ,Toby.S.Dunn@mailinator.com,070 7248 0137,Visa,4929168761840110,719,01/12/2010
348,Harrison,Bray,68 Guildford Rd,EAST KNAPTON,YO17 1CS,Harrison.I.Bray@spambob.com,078 0699 5850,Visa,4485236738969620,272,01/06/2013
349,Aaliyah,Stewart,6 Roman Rd,LEGSBY,LN8 6ZY,Aaliyah.B.Stewart@pookmail.com,078 0251 5245,Visa,4929857626181780,271,01/08/2010
350,Jade,Joyce,93 South Crescent,LYMBRIDGE GREEN,TN25 7QS,Jade.B.Joyce@trashymail.com,079 4688 4990,Visa,4485253801696360,17,01/12/2013
351,Owen,Barry,55 Roman Rd,LEDSTON,WF10 1PB,Owen.A.Barry@mailinator.com,077 3022 8765,Visa,4485989348326580,185,01/05/2014
352,Riley,Leonard,18 Lincoln Green Lane,CHRISHALL,SG8 3JM,Riley.S.Leonard@pookmail.com,078 0661 6026,Visa,4929249400510070,68,01/04/2010
353,Megan,North,8 Duckpit Lane,UPTON,DN21 4RV,Megan.W.North@pookmail.com,079 3221 0907,Visa,4929967722193090,491,01/12/2012
354,Freya,Harris,79 Friar Street,CLATTER,SY17 2YE,Freya.E.Harris@mailinator.com,070 5233 5073,Visa,4929252993105120,451,01/04/2010
355,Elizabeth,Gray,97 Long Street,MILLTOWN OF ABERDALGIE,PH2 9UJ,Elizabeth.K.Gray@trashymail.com,077 2540 3299,Visa,4716650707575100,84,01/03/2014
356,Melissa,Davison,99 Ballifeary Road,BALLOGIE,AB34 9DD,Melissa.R.Davison@pookmail.com,078 5115 4894,Visa,4716440189710150,961,01/06/2010
357,Joshua,Lawrence,95 Caerfai Bay Road,TEMPLE GUITING,GL54 0BO,Joshua.C.Lawrence@spambob.com,077 8132 6708,MasterCard,5110034315601140,268,01/11/2011
358,Elise,Townsend,31 Park Avenue,LEAKE COMMON SIDE,PE22 6XC,Elise.J.Townsend@pookmail.com,077 8163 6464,Visa,4716050112354230,798,01/11/2013
359,Tilly,Gill,65 Ockham Road,EAST MOLESEY,KT8 4OG,Tilly.H.Gill@dodgit.com,078 6025 7473,Visa,4485935752681960,248,01/09/2011
360,Oliver,Chan,21 Long Street,MILL HOUSES,LA2 1NG,Oliver.T.Chan@trashymail.com,077 0418 3416,Visa,4929923718210640,54,01/12/2011
361,Sophie,Middleton,36 Holburn Lane,HEBDEN,BD23 9XR,Sophie.J.Middleton@dodgit.com,077 2142 1139,Visa,4929772719214000,904,01/12/2014
362,Katie,Hart,76 Annfield Rd,BEDHAMPTON,PO9 2NK,Katie.E.Hart@spambob.com,070 8801 0157,Visa,4716743606937110,78,01/11/2014
363,Alex,Arnold,31 Lamphey Road,THONG,DA12 8XK,Alex.C.Arnold@mailinator.com,070 4564 8083,Visa,4929206085859220,998,01/06/2012
364,Thomas,Quinn,38 Ploughley Rd,TOCKINGTON,BS12 9CE,Thomas.J.Quinn@pookmail.com,079 6428 2055,Visa,4929332309639240,322,01/12/2010
365,Lucy,Patterson,81 Friar Street,CLAXTON,YO6 8EL,Lucy.J.Patterson@pookmail.com,077 1948 1930,Visa,4929882384683710,878,01/10/2013
366,Harvey,Hall,74 Redcliffe Way,WOOLSTONE,SN7 0CN,Harvey.C.Hall@dodgit.com,077 7581 7951,Visa,4929188571969290,652,01/03/2010
367,Jacob,Banks,23 Ploughley Rd,TINWALD,DG1 2UI,Jacob.M.Banks@spambob.com,070 8288 3700,Visa,4716339097089260,559,01/01/2011
368,Courtney,Marshall,28 Duckpit Lane,UPPER MITTON,DY13 6NN,Courtney.K.Marshall@mailinator.com,079 6307 1325,Visa,4929714082720430,149,01/11/2013
369,Corey,Hooper,43 St Dunstans Street,WATERSIDE,KA6 2GF,Corey.N.Hooper@mailinator.com,079 4929 9005,Visa,4929733280250900,774,01/08/2013
370,Joe,Coates,67 Ramsgate Rd,WILBY,IP21 9FA,Joe.L.Coates@dodgit.com,077 0374 2851,Visa,4716956455595590,301,01/05/2011
371,Mia,Austin,95 Park Row,EDINBURGH,EH7 6CM,Mia.K.Austin@spambob.com,079 3886 4332,Visa,4929857302117640,603,01/09/2013
372,Hollie,Horton,99 Ramsgate Rd,WILLOUGHTON,DN21 2OJ,Hollie.B.Horton@pookmail.com,079 4482 7102,Visa,4716147040020510,137,01/06/2012
373,Emily,Mitchell,94 Carriers Road,CREETING ST MARY,IP6 7NG,Emily.R.Mitchell@mailinator.com,077 1397 7052,Visa,4716706128692620,728,01/11/2010
374,Laura,Lowe,14 Hexham Road,IRONBRIDGE,TF8 1AR,Laura.E.Lowe@spambob.com,079 2605 0533,Visa,4929720927807410,145,01/09/2011
375,Christopher,Johnson,60 Circle Way,CALFSOUND,KW17 6KZ,Christopher.S.Johnson@trashymail.com,079 2619 0725,Visa,4716869453988000,65,01/10/2013
376,Scarlett,Patterson,58 Overton Circle,LITTLE STANNEY,CH2 6XO,Scarlett.G.Patterson@spambob.com,077 7293 1045,Visa,4716271266604860,319,01/11/2011
377,Laura,Kelly,91 Davids Lane,STRONE,PH33 6AS,Laura.L.Kelly@spambob.com,079 1758 3320,Visa,4485036894094850,664,01/01/2014
378,Anna,Bennett,40 Whatlington Road,COURT-AT-STREET,CT21 3LS,Anna.T.Bennett@mailinator.com,070 0697 0154,Visa,4716420729539800,411,01/12/2014
379,Robert,Garner,70 Huntly Street,BARROCK,KW14 0SL,Robert.A.Garner@dodgit.com,070 3283 0325,Visa,4929006777254280,605,01/05/2014
380,Elliot,Flynn,80 Trinity Crescent,WHALTON,NE61 7AU,Elliot.I.Flynn@spambob.com,079 7228 8218,Visa,4929297478554620,412,01/06/2012
381,Charles,Singh,14 Ilchester Road,MULLION,TR12 8UR,Charles.E.Singh@spambob.com,077 6158 9084,Visa,4929573298947810,423,01/04/2013
382,Billy,Mitchell,8 Park Place,CARSTAIRS,ML11 1NI,Billy.E.Mitchell@mailinator.com,070 7335 3197,Visa,4929199885312610,780,01/09/2014
383,Logan,Clements,49 Traill Street,ROPLEY SOKE,SO24 8FP,Logan.S.Clements@pookmail.com,079 8224 1986,Visa,4716794162463200,738,01/11/2011
384,Anna,Carter,69 Ermin Street,WYCOMB,LE14 6UQ,Anna.P.Carter@spambob.com,070 3724 6088,MasterCard,5102977654331250,956,01/05/2010
385,Luke,Harding,77 Stone St,CRASTER,NE66 6HY,Luke.L.Harding@mailinator.com,079 8013 5141,Visa,4716798532688370,65,01/02/2010
386,Samantha,Frost,99 Jedburgh Road,LETTERSHAWS,ML12 2CQ,Samantha.D.Frost@mailinator.com,077 3151 7869,Visa,4716386561142860,660,01/07/2014
387,Isaac,Austin,39 Winchester Rd,MERROW,GU1 0UO,Isaac.C.Austin@dodgit.com,079 2106 7429,Visa,4485720109022580,920,01/04/2011
388,William,James,27 Baldock Street,NEWTONMORE,PH20 8HN,William.A.James@spambob.com,070 4083 5079,Visa,4716882014586500,433,01/09/2012
389,Erin,Thornton,9 Roman Rd,LECKGRUINART,PA44 9VW,Erin.K.Thornton@dodgit.com,070 0518 9055,Visa,4485750986840120,613,01/05/2012
390,Henry,Chan,13 Colorado Way,RICHMOND UPON THAMES,TW10 7SR,Henry.R.Chan@spambob.com,070 0879 7677,Visa,4929079610846180,394,01/11/2014
391,William,Nicholls,45 Nottingham Rd,ABERCRYCHAN,SA20 9RZ,William.H.Nicholls@trashymail.com,079 5425 8613,Visa,4929144496010670,359,01/01/2010
392,Toby,Vincent,51 Thompsons Lane,MEIKLE WARTLE,AB51 7ZU,Toby.E.Vincent@mailinator.com,079 5916 2837,Visa,4485631861357540,94,01/07/2013
393,Lydia,Storey,85 St Andrews Lane,DALE PARK,BN18 9GG,Lydia.T.Storey@pookmail.com,077 3815 0815,Visa,4929543308410660,905,01/04/2012
394,Aidan,Brooks,24 Asfordby Rd,ALDFIELD,HG4 8AM,Aidan.E.Brooks@pookmail.com,070 1317 8421,Visa,4485950702868360,134,01/03/2010
395,Harrison,Leonard,73 Front Street,KNOWL WALL,ST4 3LQ,Harrison.L.Leonard@dodgit.com,079 3853 2929,Visa,4485529230754920,286,01/07/2012
396,Tom,Shaw,36 Prestwick Road,INISTRYNICH,PA33 2DI,Tom.G.Shaw@pookmail.com,077 4854 5932,Visa,4485372484878140,895,01/11/2014
397,Anna,Connor,44 Winchester Rd,MICHAELCHURCH,HR2 0UF,Anna.T.Connor@dodgit.com,079 1276 8030,Visa,4929075739666910,418,01/05/2013
398,Eleanor,Edwards,68 Preston Rd,MORFA GLAS,SA11 6NU,Eleanor.N.Edwards@spambob.com,079 8612 6560,Visa,4716025703380850,414,01/02/2014
399,Henry,Miles,75 Fosse Way,ARDHALLOW,PA23 4GG,Henry.L.Miles@mailinator.com,078 0260 8579,Visa,4716423013815380,846,01/11/2012
400,Joshua,Cook,36 Hounslow Rd,SNITTERFIELD,CV37 0WB,Joshua.E.Cook@pookmail.com,070 6144 1550,Visa,4716335964207500,634,01/05/2011
401,Nicole,Cross,98 Canterbury Road,URAFIRTH,ZE2 4QJ,Nicole.M.Cross@pookmail.com,070 2794 0186,Visa,4929723059010340,666,01/07/2010
402,Declan,Humphries,78 Neville Street,HYTHE,CT21 8DU,Declan.O.Humphries@pookmail.com,079 7706 7064,Visa,4716369442794040,144,01/08/2012
403,Sienna,Mann,3 Souterhead Road,LOSTOCK GREEN,CW9 6LC,Sienna.M.Mann@spambob.com,070 5837 3382,Visa,4929950151446470,462,01/10/2012
404,Naomi,Matthews,90 Witney Way,KITWOOD,SO24 8FK,Naomi.M.Matthews@pookmail.com,079 2192 1434,Visa,4485407652290230,862,01/02/2011
405,Charlie,Pritchard,49 Stroud Rd,ODCOMBE,BA22 0HL,Charlie.A.Pritchard@trashymail.com,070 7445 1007,Visa,4485952293246230,868,01/08/2010
406,Archie,Wood,93 Friar Street,CLIFFE,ME3 9XD,Archie.L.Wood@mailinator.com,079 1717 6401,Visa,4929472944225990,539,01/10/2014
407,Lauren,Jarvis,86 Felix Lane,SHOTWICK,CH1 6ZY,Lauren.L.Jarvis@mailinator.com,079 7819 1574,Visa,4485457014077600,292,01/12/2010
408,Megan,Campbell,53 Shore Street,STOCKERSTON,LE15 9UL,Megan.C.Campbell@mailinator.com,070 2861 4614,Visa,4716659181105110,481,01/03/2014
409,Jude,Davidson,93 Buckingham Rd,THORNTON-LE-MOOR,DL7 4BT,Jude.C.Davidson@pookmail.com,077 3827 8269,Visa,4716079076495170,238,01/01/2011
410,Abby,O'Donnell,48 Stamford Road,APPLETREEHALL,TD9 1WN,Abby.S.O'Donnell@mailinator.com,079 2911 8671,Visa,4485932084477570,979,01/12/2010
411,Kayleigh,Newton,42 Abingdon Road,BRAN END,CM6 3ZS,Kayleigh.M.Newton@dodgit.com,078 3224 5593,Visa,4929204917600910,608,01/09/2012
412,Libby,West,67 Jesmond Rd,KILMALIEU,PH33 1ML,Libby.A.West@dodgit.com,079 0628 6095,Visa,4929846611325390,22,01/04/2012
413,Peter,Bailey,62 Chapel Lane,ARMINGHALL,NR14 8QF,Peter.E.Bailey@mailinator.com,070 5557 3640,Visa,4929282442526010,234,01/04/2013
414,Cerys,White,72 Main Road,AUDLEY,ST7 7YD,Cerys.J.White@mailinator.com,079 1368 8831,Visa,4716459245428710,1,01/03/2010
415,Madison,Warner,19 Fore St,TROUGHEND,NE19 5FB,Madison.B.Warner@mailinator.com,070 8694 2467,MasterCard,5102538798891390,818,01/09/2012
416,Matthew,Swift,38 Well Lane,PARKHILL,PH10 0YG,Matthew.E.Swift@trashymail.com,070 1942 8838,Visa,4929849559802680,519,01/09/2011
417,Amelie,Joyce,4 Annfield Rd,BEDBURN,DL13 0CN,Amelie.N.Joyce@mailinator.com,070 5010 1669,Visa,4716512506678910,114,01/11/2011
418,Kieran,Elliott,82 Telford Street,BANNOCKBURN,FK7 9AD,Kieran.R.Elliott@dodgit.com,078 2435 5342,Visa,4716505116052210,573,01/03/2010
419,Jacob,Kent,54 Lincoln Green Lane,CHOLSTREY,HR6 9TI,Jacob.E.Kent@mailinator.com,070 6662 1607,Visa,4929466349890650,738,01/08/2013
420,Samuel,Turner,43 Cefn Road,FARDEN,SY8 9GY,Samuel.N.Turner@dodgit.com,079 1320 5640,Visa,4716997821429410,900,01/04/2011
421,Alexander,Savage,15 Buckingham Rd,THORNHILL,CF83 4FX,Alexander.H.Savage@pookmail.com,079 4330 8200,MasterCard,5102045713403180,407,01/09/2014
422,Abbie,Day,65 Northgate Street,BETTWS EVAN,SA38 1YW,Abbie.D.Day@mailinator.com,077 1160 6538,Visa,4929445450905660,775,01/01/2014
423,Thomas,Willis,84 Thompsons Lane,MELLOR BROOK,BB2 4QW,Thomas.M.Willis@trashymail.com,078 1545 1436,Visa,4716822997643200,508,01/04/2012
424,Jonathan,Thomson,33 Hull Road,PALE,LL23 2SV,Jonathan.Z.Thomson@pookmail.com,079 3696 1133,Visa,4485973165854560,409,01/01/2012
425,Freddie,Connolly,12 Walden Road,GREAT WRATTING,CB9 0UF,Freddie.S.Connolly@dodgit.com,078 2005 9069,Visa,4485155332381340,200,01/09/2013
426,William,Hughes,81 South Street,MONXTON,SP11 0ST,William.L.Hughes@spambob.com,079 0339 4553,Visa,4929701218556460,568,01/03/2010
427,Phoebe,Hargreaves,73 Simone Weil Avenue,WELL END,SL8 4PZ,Phoebe.D.Hargreaves@dodgit.com,077 0823 4050,Visa,4485954778148360,834,01/07/2010
428,Tyler,Bradshaw,9 Long Street,MILE ELM,SN11 6EP,Tyler.A.Bradshaw@mailinator.com,070 4658 2650,Visa,4485641629251210,696,01/01/2010
429,Imogen,Lamb,48 Cloch Rd,ST HELIER,JE1 8RK,Imogen.A.Lamb@dodgit.com,079 1807 6631,Visa,4485457618455590,759,01/04/2010
430,Jasmine,Tyler,46 Neville Street,ICKLETON,CB10 6AF,Jasmine.D.Tyler@dodgit.com,079 5899 4560,Visa,4485939485454310,730,01/01/2010
431,Sarah,Vincent,27 Botley Road,MIDDLETON GREEN,ST10 7CZ,Sarah.R.Vincent@trashymail.com,078 5280 5525,Visa,4929048913424370,835,01/04/2010
432,Mohammed,Butcher,85 Withers Close,ALDONS,KA26 7PW,Mohammed.M.Butcher@trashymail.com,070 0941 0205,Visa,4929415327632520,771,01/05/2014
433,Ruby,Bond,69 Overton Circle,LITTLETON DREW,SN14 5QD,Ruby.B.Bond@mailinator.com,079 3203 2244,Visa,4929851022957040,673,01/02/2011
434,Aidan,Power,48 Baldock Street,NEWTON STACEY,SO20 8SB,Aidan.O.Power@dodgit.com,078 2690 2613,Visa,4485849492544540,103,01/05/2013
435,Tom,Bates,5 Coast Rd,KIRKBY,TS9 2TS,Tom.A.Bates@spambob.com,079 2711 0067,Visa,4485635070494370,40,01/01/2014
436,Alexander,Poole,21 Sandyhill Rd,FULLER STREET,CM3 9IR,Alexander.A.Poole@spambob.com,078 4503 6713,Visa,4716754548031170,256,01/09/2011
437,Nicole,Thompson,84 Simone Weil Avenue,WEELEY HEATH,CO16 0IL,Nicole.S.Thompson@trashymail.com,078 1738 0980,Visa,4485592724599950,975,01/01/2012
438,Brandon,Rogers,89 Great North Road,AMBLESIDE,LA22 2TK,Brandon.M.Rogers@trashymail.com,079 8798 3331,Visa,4485817252502780,877,01/08/2014
439,Declan,Gregory,56 Southlands Road,PONTLLYFNI,LL54 4ZM,Declan.E.Gregory@spambob.com,079 8047 1875,Visa,4716439114349470,490,01/09/2013
440,Alisha,Dickinson,97 Overton Circle,LITTLEWORTH,WR5 2US,Alisha.L.Dickinson@mailinator.com,078 4770 3726,Visa,4929480641568020,661,01/02/2014
441,Ellie,Akhtar,93 Northgate Street,BIELBY,YO42 5CY,Ellie.H.Akhtar@dodgit.com,070 3817 0987,Visa,4485774760351910,316,01/01/2011
442,Archie,Davey,5 Bootham Crescent,RING'S END,PE13 4AN,Archie.S.Davey@pookmail.com,070 3577 0108,Visa,4716723794627370,644,01/06/2013
443,Daniel,Barber,39 South Crescent,LYDHAM,SY9 8NF,Daniel.Z.Barber@trashymail.com,078 5093 4810,Visa,4716843255990660,72,01/12/2013
444,Harrison,Harrison,95 Park Place,CASTLE CARY,BA7 5HC,Harrison.L.Harrison@spambob.com,078 3673 4036,Visa,4485999162856270,6,01/06/2010
445,Abigail,Andrews,74 St Maurices Road,PRIEST HUTTON,LA6 0RL,Abigail.L.Andrews@spambob.com,079 0387 4496,Visa,4716276172826170,227,01/06/2013
446,Lucas,Woodward,62 Ilchester Road,MUIE,IV28 1GD,Lucas.C.Woodward@spambob.com,078 1716 9162,Visa,4929130702429030,59,01/09/2011
447,Nathan,Ali,85 Brackley Road,TILNEY ST LAWRENCE,PE34 9CI,Nathan.L.Ali@trashymail.com,077 1777 0679,Visa,4716732003754360,573,01/05/2012
448,Amber,Smith,44 Tadcaster Rd,PINXTON,NG16 6WW,Amber.R.Smith@pookmail.com,070 2146 3477,Visa,4929619084508700,443,01/10/2013
449,Corey,Chan,48 Wade Lane,SALTERFORTH,BB8 8VW,Corey.J.Chan@mailinator.com,070 2970 1012,Visa,4485182762437700,510,01/11/2014
450,Abigail,Bruce,72 Fulford Road,PENTRE GWYNFRYN,LL45 8DO,Abigail.H.Bruce@pookmail.com,078 5933 3430,Visa,4485078637012220,562,01/10/2011
451,Cameron,Stokes,63 Consett Rd,HILL DYKE,PE22 5VW,Cameron.E.Stokes@trashymail.com,070 0586 9342,Visa,4716068809969630,134,01/05/2011
452,Maya,Rowley,24 Malcolm Rd,LLANFENDIGAID,LL36 3CO,Maya.S.Rowley@pookmail.com,079 3347 6748,MasterCard,5102745347440600,586,01/07/2010
453,Luke,Ingram,1 Worthy Lane,MATSON,GL4 1QK,Luke.M.Ingram@spambob.com,077 1573 5300,Visa,4929458913829700,93,01/08/2012
454,Brandon,Atkins,48 Folkestone Road,WINFARTHING,IP22 9FX,Brandon.S.Atkins@pookmail.com,070 4307 9878,Visa,4485076012244590,941,01/07/2010
455,Harley,Bruce,97 Petworth Rd,EAGLESFIELD,CA13 5NS,Harley.A.Bruce@dodgit.com,079 2326 3366,Visa,4929191959350350,479,01/11/2011
456,Madeleine,Connor,74 Broad Street,LOWER WIELD,SO24 7JD,Madeleine.A.Connor@dodgit.com,078 5045 4256,Visa,4716559753527510,979,01/02/2012
457,Josh,Reeves,67 Cambridge Road,NORTH ANSTON,S31 7CG,Josh.J.Reeves@dodgit.com,070 3507 6899,Visa,4929824836986120,345,01/08/2011
458,Michael,Fry,20 Fore St,TRIMDON GRANGE,TS29 9WW,Michael.A.Fry@dodgit.com,077 8616 3012,Visa,4716524372152110,553,01/01/2011
459,Kate,Ryan,27 Felix Lane,SHOTTISHAM,IP12 7VY,Kate.S.Ryan@trashymail.com,078 5912 2852,Visa,4716339847259290,65,01/08/2012
460,Naomi,Bray,39 Stroud Rd,OLD BUCKENHAM,NR17 3XF,Naomi.S.Bray@mailinator.com,077 7261 0703,Visa,4485687177201190,391,01/06/2013
461,Keira,Foster,85 Folkestone Road,WINCHAM,CW9 4SX,Keira.T.Foster@mailinator.com,079 8712 3959,Visa,4929543111867710,869,01/03/2013
462,Abbie,Collins,13 North Promenade,DOUGLASTOWN,DD8 8CJ,Abbie.R.Collins@dodgit.com,079 7091 5972,Visa,4929486772162640,276,01/11/2012
463,Archie,Duncan,34 St Denys Road,PORTOBELLO,EH15 0DJ,Archie.K.Duncan@dodgit.com,078 2967 7780,Visa,4716725587249780,262,01/02/2014
464,Phoebe,Kent,24 Prospect Hill,DRE-FACH,SA40 0CM,Phoebe.J.Kent@trashymail.com,070 4166 8722,Visa,4716900833234980,824,01/09/2013
465,Gabriel,Murray,3 Kingsway North,HOLDEN,BB7 3AG,Gabriel.R.Murray@trashymail.com,077 2774 9901,Visa,4485620704604690,374,01/11/2012
466,Matthew,Osborne,28 Earls Avenue,WHITMINSTER,GL2 5SZ,Matthew.V.Osborne@dodgit.com,078 6521 1429,Visa,4716640728991060,448,01/02/2010
467,Kiera,Herbert,51 Roker Terrace,LANGRICK,PE22 8DZ,Kiera.B.Herbert@trashymail.com,078 5178 2855,Visa,4716721023802160,99,01/09/2012
468,Connor,Dean,23 Hendford Hill,MOULTON,NN3 9BC,Connor.K.Dean@dodgit.com,078 2248 3787,Visa,4485734865443810,779,01/08/2013
469,Nathan,Rees,12 Canterbury Road,VIEWPARK,G71 8XB,Nathan.M.Rees@trashymail.com,079 7146 9129,Visa,4485041520961020,150,01/02/2011
470,Alisha,Newman,79 Greyfriars Road,CAPEL DEWI,SA44 6UO,Alisha.E.Newman@pookmail.com,070 4194 9176,Visa,4929187798916320,808,01/11/2013
471,Isabelle,Storey,16 South Western Terrace,MILTON,NG22 1EP,Isabelle.S.Storey@pookmail.com,070 3371 1674,Visa,4929440837646310,395,01/06/2010
472,Maya,Fox,70 Jubilee Drive,CASTLESIDE,DH8 2KA,Maya.S.Fox@trashymail.com,079 8060 1185,Visa,4716646110272440,678,01/05/2010
473,Leo,Fox,53 Front St,HENLEY,TA10 9HU,Leo.M.Fox@spambob.com,078 2042 9138,Visa,4716627452871340,866,01/07/2011
474,Aidan,Craig,46 Ramsgate Rd,WILLISHAM,IP8 1QM,Aidan.R.Craig@spambob.com,079 2574 3700,Visa,4716059762269770,513,01/06/2014
475,Millie,Joyce,84 Church Way,BRADFIELD ST GEORGE,IP30 0FN,Millie.L.Joyce@pookmail.com,079 3983 2940,Visa,4485980392476920,55,01/10/2010
476,Sienna,Field,11 Hindhead Road,EAST BUDLEIGH,EX9 7UX,Sienna.K.Field@spambob.com,077 4081 4152,Visa,4716015713287860,777,01/07/2013
477,Georgina,McDonald,65 Wartnaby Road,ADEL,LS16 2FL,Georgina.J.McDonald@dodgit.com,078 1535 8973,Visa,4485433962739100,920,01/03/2010
478,Sophia,Howarth,45 Botley Road,MIDDLE TYSOE,CV35 8BF,Sophia.L.Howarth@spambob.com,078 1235 8596,Visa,4716978497355080,992,01/09/2012
479,Georgina,Lord,63 Broad Street,LOWER SEAGRY,SN15 6HT,Georgina.K.Lord@pookmail.com,077 1265 3122,Visa,4716264254277730,504,01/02/2013
480,Tom,Atkins,98 Roman Rd,LEIGH,SY5 4LW,Tom.L.Atkins@trashymail.com,079 7871 0349,Visa,4716543971644690,166,01/05/2010
481,Niamh,Ross,10 Consett Rd,HILLOWTON,DG7 4AI,Niamh.M.Ross@trashymail.com,077 7086 4550,Visa,4716716331479150,814,01/05/2013
482,Jasmine,Potts,23 Layburn Court,TRECWN,SA62 3RC,Jasmine.L.Potts@dodgit.com,077 3241 2584,Visa,4929794130102830,464,01/02/2014
483,Olivia,Pratt,94 Bishopgate Street,SEAFIELD,KA7 9BF,Olivia.B.Pratt@spambob.com,078 4524 2183,Visa,4485672481588790,545,01/06/2012
484,Leo,Akhtar,13 Rhosddu Rd,FIFE KEITH,AB55 1IZ,Leo.B.Akhtar@trashymail.com,079 6844 3311,Visa,4485942609844010,910,01/11/2014
485,Millie,Shah,51 Glandovey Terrace,TRENT PARK,EN4 1WA,Millie.H.Shah@pookmail.com,078 3872 9580,Visa,4485154230067620,136,01/01/2011
486,Dylan,Sykes,33 Ponteland Rd,HOUTON,KW17 7DR,Dylan.T.Sykes@mailinator.com,077 5021 4963,Visa,4716218203604860,148,01/08/2010
487,Elise,Poole,67 George Street,BROUBSTER,KW14 2QW,Elise.F.Poole@trashymail.com,079 8110 3915,Visa,4929519815537460,69,01/04/2013
488,Toby,Harris,72 Ramsgate Rd,WILNECOTE,B77 0ZE,Toby.M.Harris@trashymail.com,070 3452 5684,Visa,4929308189573080,249,01/03/2012
489,Joel,Rose,9 Cloch Rd,ST MARTIN,TR12 4HT,Joel.E.Rose@mailinator.com,077 0180 9791,Visa,4929955089129930,530,01/08/2012
490,Summer,Walker,52 Constitution St,LLANSANFFRAID GLAN CONWY,LL28 0NG,Summer.G.Walker@pookmail.com,079 2439 4734,Visa,4485378281912860,284,01/10/2012
491,Kiera,White,12 Ploughley Rd,TODWICK,S31 0PR,Kiera.E.White@spambob.com,077 4963 4957,Visa,4929795607690580,853,01/08/2014
492,Madeleine,Bevan,2 High Street,ASHILL,IP25 5HK,Madeleine.J.Bevan@dodgit.com,079 7765 3374,Visa,4485117706805450,60,01/08/2013
493,Andrew,Griffiths,1 Shire Oak Road,SAWLEY,BB7 4EX,Andrew.E.Griffiths@spambob.com,070 5309 8579,Visa,4929244321680050,273,01/02/2011
494,Scarlett,Coles,47 Clasper Way,HICKLING GREEN,NR12 6IZ,Scarlett.E.Coles@trashymail.com,070 1089 3878,Visa,4716664220063870,99,01/01/2012
495,Lewis,Scott,23 Jedburgh Road,LETTERS,IV23 5BP,Lewis.L.Scott@mailinator.com,077 6851 3180,Visa,4485404472694870,565,01/10/2013
496,Ruby,Fuller,77 Tadcaster Rd,PIPEWELL,NN14 3RX,Ruby.B.Fuller@pookmail.com,070 3307 0974,Visa,4716741935504340,999,01/01/2012
497,Jonathan,Clayton,19 Eastbourne Rd,COLDHARBOUR,RH5 7GJ,Jonathan.C.Clayton@spambob.com,079 7556 7910,Visa,4929072788153250,932,01/10/2011
498,Georgia,Dobson,50 Traill Street,ROSTON,DE6 9KP,Georgia.B.Dobson@spambob.com,078 3653 1533,Visa,4929681634144620,461,01/05/2014
499,Oscar,Giles,51 Gordon Terrace,BAUGH,PA77 8CE,Oscar.A.Giles@trashymail.com,070 2085 5076,Visa,4716232157473160,503,01/12/2012
500,Finley,Duffy,92 Cunnery Rd,MALDON,CM9 6TA,Finley.L.Duffy@dodgit.com,079 0566 0811,Visa,4485489894366450,409,01/11/2014
501,Charlie,Stevens,18 Caxton Place,BUSHBURY,WV10 9WQ,Charlie.M.Stevens@mailinator.com,078 5229 5709,Visa,4485553219373500,574,01/03/2011
502,Melissa,Daly,72 Fore St,TROUSTAN,PA22 3XG,Melissa.S.Daly@dodgit.com,070 1371 3577,Visa,4716092428073530,529,01/04/2010
503,Jay,Sinclair,35 Boat Lane,RELUBBUS,TR20 8WT,Jay.I.Sinclair@mailinator.com,077 8831 2811,Visa,4485065096541650,326,01/06/2011
504,Lewis,Marshall,52 Felix Lane,SIBSEY,PE22 5AI,Lewis.B.Marshall@mailinator.com,077 8093 6968,Visa,4485039714238020,325,01/09/2014
505,Erin,Ferguson,21 Holburn Lane,HEIGHTS OF BRAE,IV14 8RR,Erin.K.Ferguson@dodgit.com,079 6625 3103,Visa,4485574752922460,255,01/01/2013
506,Natasha,Summers,42 Union Terrace,LOCHEND,IV3 1EL,Natasha.H.Summers@trashymail.com,079 6298 0390,Visa,4485290706943700,758,01/03/2014
507,Elise,Fowler,20 Southern Way,NORTH DAWN,KW17 0MU,Elise.N.Fowler@pookmail.com,079 5471 8260,Visa,4929510934953440,826,01/07/2013
508,Eva,Martin,2 Hindhead Road,EAST CLANDON,GU4 7UJ,Eva.K.Martin@mailinator.com,079 0672 1269,Visa,4929569277011610,579,01/03/2014
509,Harvey,Turner,27 Hertingfordbury Rd,NEWGORD,ZE2 1PF,Harvey.E.Turner@trashymail.com,079 2664 4468,Visa,4716369088738450,598,01/11/2010
510,Skye,Dickinson,5 Roman Rd,LEECE,LA12 4ZI,Skye.R.Dickinson@dodgit.com,077 3891 3765,Visa,4716884448692090,371,01/01/2013
511,Natasha,Johnson,90 South Crescent,LYNE OF SKENE,AB32 3VR,Natasha.S.Johnson@pookmail.com,079 3771 7031,Visa,4485953748919410,802,01/11/2013
512,Sebastian,Perkins,26 Golf Road,SWAFFHAM,PE37 7OH,Sebastian.R.Perkins@spambob.com,077 3284 7494,Visa,4716968350102450,231,01/04/2010
513,Madison,Middleton,31 Bouverie Road,WETWANG,YO25 4XU,Madison.L.Middleton@dodgit.com,079 2303 4490,Visa,4716314770049140,46,01/02/2013
514,Jude,Buckley,18 Colorado Way,RHOSGOCH,LD2 9JU,Jude.B.Buckley@pookmail.com,077 1042 5008,Visa,4716601706621430,643,01/09/2010
515,Tegan,Holland,59 Osborne Road,KILTON,TA5 0RQ,Tegan.R.Holland@mailinator.com,077 2979 0696,Visa,4716308523688640,864,01/07/2013
516,Summer,Bryant,69 Petworth Rd,DUTHIL,PH23 9FU,Summer.B.Bryant@dodgit.com,078 0310 4726,Visa,4485754391757140,470,01/05/2014
517,Harley,Newton,2 Golf Road,SUTTON-IN-CRAVEN,BD20 6EV,Harley.M.Newton@mailinator.com,079 3821 1458,Visa,4485491062410200,212,01/06/2014
518,Aaliyah,Ferguson,16 York Road,OVERTON,LL13 0FW,Aaliyah.A.Ferguson@trashymail.com,070 8623 8584,Visa,4716895002596740,915,01/09/2013
519,Alexandra,Thornton,30 Petworth Rd,DYFFRYN CEIDRYCH,SA19 9KP,Alexandra.B.Thornton@spambob.com,078 5436 1731,Visa,4929596649300380,589,01/06/2011
520,Andrew,Wilson,75 Hart Road,NORTHOLT,UB5 6DB,Andrew.L.Wilson@pookmail.com,077 7508 0523,Visa,4716428762976870,363,01/09/2011
521,Peter,Mitchell,13 Scarcroft Road,PORTHMEOR,TR20 4OG,Peter.J.Mitchell@trashymail.com,077 6581 2603,Visa,4716424070007300,327,01/06/2012
522,Olivia,Crawford,10 Shore Street,STOKE CANON,EX5 9QG,Olivia.L.Crawford@mailinator.com,078 1970 9102,Visa,4716217744874500,588,01/03/2014
523,Harriet,Lees,22 Park Terrace,GILSTON,EH38 0ZV,Harriet.J.Lees@trashymail.com,077 4012 7706,Visa,4716423053471780,770,01/03/2014
524,Ethan,Hayes,7 North Promenade,DOUGALSTON,G62 6KI,Ethan.T.Hayes@trashymail.com,078 4400 0536,Visa,4716853330791760,566,01/05/2014
525,Sophie,James,94 Park End St,BROOMEDGE,WA13 4XY,Sophie.S.James@dodgit.com,077 8543 7283,Visa,4929464543619850,592,01/08/2013
526,Joshua,Lucas,76 Mill Lane,CORNHILL,AB45 2ZX,Joshua.H.Lucas@spambob.com,077 7390 0305,Visa,4485857007698630,940,01/12/2010
527,Joe,Doyle,43 Ploughley Rd,TOFT HILL,DL14 7OI,Joe.N.Doyle@spambob.com,079 8549 1296,Visa,4929720450156520,503,01/07/2010
528,Hannah,Duffy,9 Folkestone Road,WINSTER,DE4 3DS,Hannah.M.Duffy@mailinator.com,079 7967 9451,Visa,4929710362601410,26,01/09/2010
529,Mohammad,Metcalfe,86 Thirsk Road,BLAIRYDRYNE,AB31 6RH,Mohammad.C.Metcalfe@trashymail.com,077 8629 1632,Visa,4929719834019010,854,01/11/2012
530,Henry,Barlow,95 Seafield Place,FORSBROOK,ST11 2RA,Henry.I.Barlow@dodgit.com,077 8438 8863,Visa,4485113514516750,921,01/02/2013
531,Tia,Kelly,60 Petworth Rd,EAGLESHAM,G76 8PO,Tia.S.Kelly@pookmail.com,079 5719 9921,Visa,4716448527947900,317,01/04/2013
532,Mollie,Simmons,85 Fraserburgh Rd,LIDLINGTON,MK43 2AB,Mollie.M.Simmons@spambob.com,078 6109 5010,Visa,4716356285679770,749,01/08/2012
533,Rhys,Higgins,97 Roman Rd,LEDICOT,HR6 3EK,Rhys.A.Higgins@mailinator.com,077 8466 8374,Visa,4716560050534880,832,01/11/2012
534,Kayleigh,Stone,64 Boughton Rd,WICKFORD,SS12 0FP,Kayleigh.E.Stone@dodgit.com,079 8404 2970,Visa,4929232829180640,894,01/10/2012
535,Harley,Douglas,75 Worthy Lane,MEAL BANK,LA9 9LQ,Harley.C.Douglas@pookmail.com,078 6566 5560,Visa,4929169122601920,815,01/08/2011
536,Daniel,Baker,2 Stamford Road,ARDANSTUR,PA34 6CW,Daniel.A.Baker@trashymail.com,077 8721 9509,Visa,4929773620401630,750,01/01/2012
537,Alfie,Stanley,37 Withers Close,ALMINGTON,TF9 7QB,Alfie.K.Stanley@trashymail.com,070 5155 8557,Visa,4716935965065550,730,01/05/2010
538,Tyler,Warren,32 Guild Street,LONDON,EC2P 7KZ,Tyler.Z.Warren@mailinator.com,077 6674 8550,Visa,4929946251295740,129,01/11/2012
539,Brooke,Allan,16 Fordham Rd,HAIGHTON GREEN,PR2 1VQ,Brooke.E.Allan@dodgit.com,079 2035 6485,Visa,4485532093674730,953,01/06/2012
540,Tom,Kent,94 Annfield Rd,BEARNOCK,IV3 5YO,Tom.J.Kent@pookmail.com,077 8378 8717,Visa,4929018826380530,540,01/05/2010
541,Dominic,Doyle,21 Peachfield Road,CEFNEITHIN,SA14 7AC,Dominic.F.Doyle@dodgit.com,077 0913 0328,Visa,4929743559848690,849,01/03/2011
542,Demi,Byrne,46 Ross Road,MARTIN,SP6 3XY,Demi.B.Byrne@trashymail.com,078 6362 9104,Visa,4716796321559700,826,01/07/2014
543,Henry,Anderson,61 George Street,BROWNHILL,AB41 0BO,Henry.L.Anderson@spambob.com,079 8208 3923,Visa,4929174172290460,459,01/09/2014
544,Dylan,Whitehouse,57 Prince Consort Road,KELVEDON HATCH,CM15 8EI,Dylan.M.Whitehouse@spambob.com,077 1267 4146,Visa,4485909567447070,621,01/05/2010
545,Patrick,Walters,36 Iffley Road,BRIZE NORTON,OX18 4QM,Patrick.E.Walters@pookmail.com,077 5724 6673,Visa,4929145905415480,594,01/08/2012
546,Jacob,Webster,69 Folkestone Road,WILTON,TA1 4WM,Jacob.J.Webster@mailinator.com,079 7113 5925,Visa,4929844207132750,864,01/01/2013
547,Nicole,Sinclair,45 Boroughbridge Road,BIRKWOOD,ML11 8ZK,Nicole.I.Sinclair@pookmail.com,070 3778 1575,Visa,4485287489587000,574,01/05/2013
548,Jodie,Brooks,89 Buckingham Rd,THORNYLEE,TD1 6JE,Jodie.I.Brooks@mailinator.com,070 0900 2053,Visa,4716918996616660,460,01/02/2011
549,Lilly,Bull,75 Monks Way,TORRISDALE,KW14 7YQ,Lilly.F.Bull@dodgit.com,070 6429 5471,Visa,4485254585631100,836,01/06/2011
550,Liam,Connor,16 Golf Road,SUTTON-UNDER-BRAILES,CV36 3OL,Liam.K.Connor@trashymail.com,079 7597 2763,Visa,4716049886620080,657,01/06/2011
551,Eve,Watson,13 Graham Road,CHERITON CROSS,EX6 7GL,Eve.R.Watson@dodgit.com,079 8065 1875,Visa,4716878342553590,244,01/12/2013
552,Aimee,Sykes,86 Temple Way,WITHAM ON THE HILL,PE10 9TQ,Aimee.J.Sykes@trashymail.com,079 5472 2088,Visa,4716891218190560,311,01/09/2011
553,Katherine,Slater,36 Shire Oak Road,SCALASAIG,PA61 9II,Katherine.D.Slater@mailinator.com,070 4872 4521,Visa,4929857244371720,729,01/08/2013
554,Bailey,Alexander,55 Main St,ABY,LN13 3ET,Bailey.M.Alexander@mailinator.com,078 0630 8993,Visa,4716695552806230,541,01/04/2013
555,Reece,Nicholls,9 Sea Road,LAMBFELL MOAR,IM4 0IO,Reece.E.Nicholls@trashymail.com,070 1941 3267,Visa,4929219229472190,795,01/04/2013
556,Zachary,George,93 Colorado Way,RICCARTON,KA1 1XD,Zachary.L.George@spambob.com,070 2138 3657,Visa,4485037235887210,696,01/01/2012
557,Ryan,Scott,86 Hounslow Rd,SNARFORD,LN8 2JH,Ryan.T.Scott@pookmail.com,078 8763 3606,Visa,4716119802891930,43,01/04/2013
558,Paige,Barton,60 Holburn Lane,HEBDEN GREEN,CW7 5ZM,Paige.J.Barton@dodgit.com,077 8252 3109,Visa,4716009314335320,527,01/03/2014
559,Isobel,Burgess,76 Layburn Court,TOWN STREET,IP27 4JJ,Isobel.T.Burgess@pookmail.com,078 8290 6832,Visa,4929302735377930,406,01/09/2012
560,Georgia,Bentley,84 Russell Rd,SHIPTON,GL54 8OV,Georgia.R.Bentley@mailinator.com,078 0555 8219,Visa,4929341927402720,451,01/12/2011
561,Kiera,Connor,19 Well Lane,PEARSIE,DD8 7RB,Kiera.D.Connor@mailinator.com,078 1449 0841,Visa,4485303685620920,957,01/02/2013
562,Kai,Wong,43 Henley Road,BOWSDEN,TD15 7KR,Kai.K.Wong@spambob.com,070 1448 1080,Visa,4716126316919440,671,01/06/2013
563,Matilda,Chadwick,5 Shire Oak Road,SCOTSTON,AB30 2RB,Matilda.T.Chadwick@pookmail.com,077 3727 7353,Visa,4485712188786140,873,01/02/2010
564,Chelsea,Black,82 Hart Road,NORTHEND,CV33 4FN,Chelsea.D.Black@dodgit.com,079 2902 0526,Visa,4485272415042580,390,01/04/2014
565,Benjamin,Hardy,73 Seaford Road,CUMMERSDALE,CA2 6ZM,Benjamin.L.Hardy@pookmail.com,078 2519 2790,Visa,4485391095304870,891,01/01/2010
566,Louie,Fraser,78 Ross Road,MARKS TEY,CO6 9JD,Louie.L.Fraser@spambob.com,077 0017 0636,Visa,4485612367360200,296,01/03/2014
567,Jake,Powell,33 Hindhead Road,EARLISH,IV51 5KW,Jake.H.Powell@trashymail.com,079 2904 2857,Visa,4929263897426360,919,01/12/2011
568,George,Finch,93 Peachfield Road,CERNE ABBAS,DT2 1ZM,George.S.Finch@trashymail.com,078 1339 8616,Visa,4485862915516700,360,01/10/2012
569,Nicole,French,45 Bath Rd,WOLFHAMPCOTE,CV23 3AW,Nicole.M.French@trashymail.com,070 1574 4878,Visa,4929395097937520,162,01/09/2012
570,Charlotte,Blake,89 Spilman Street,GRAMSDAL,HS7 6VL,Charlotte.M.Blake@mailinator.com,078 6294 3435,Visa,4929847239719220,185,01/12/2011
571,Chloe,Williamson,52 Foregate Street,CLYNDERWEN,SA66 0QG,Chloe.J.Williamson@trashymail.com,078 8927 1480,Visa,4929185519925240,797,01/10/2010
572,Mohammed,McDonald,95 Earls Avenue,WHITECHURCH,SA41 6GO,Mohammed.C.McDonald@dodgit.com,077 4728 4510,Visa,4929329868323210,784,01/12/2010
573,Sebastian,Bartlett,18 Tadcaster Rd,PILLATON,PL12 8NN,Sebastian.A.Bartlett@pookmail.com,078 8860 9105,Visa,4929885003388160,510,01/08/2010
574,Naomi,Murphy,32 Neville Street,IFIELD,RH11 8BA,Naomi.M.Murphy@mailinator.com,070 6917 1302,Visa,4929788846414010,774,01/04/2014
575,Leon,Clark,8 Ponteland Rd,HUCCLECOTE,GL3 3TZ,Leon.T.Clark@mailinator.com,078 8787 2387,Visa,4716458504755670,873,01/08/2014
576,Lucy,Cooke,88 Roman Rd,LEE,EX34 4GP,Lucy.A.Cooke@spambob.com,079 8435 1067,Visa,4716198775702720,51,01/05/2013
577,Sean,Pugh,45 Foregate Street,COED-Y-PAEN,NP4 5UY,Sean.A.Pugh@spambob.com,079 3908 7067,Visa,4716196922382040,960,01/06/2014
578,Reece,Barnes,68 Newgate Street,JOHNSHAVEN,DD10 6FS,Reece.L.Barnes@spambob.com,078 5553 0309,Visa,4929406327824370,799,01/03/2012
579,Tilly,Hall,35 St Omers Road,HIXON,ST18 0LW,Tilly.E.Hall@mailinator.com,079 3329 3132,Visa,4485187563144040,8,01/10/2014
580,Summer,Johnston,47 Fulford Road,PENTEWAN,PL26 8DG,Summer.H.Johnston@pookmail.com,079 3688 8546,Visa,4716451549627540,495,01/08/2012
581,Reece,Peacock,18 South Crescent,LYMINSTER,BN17 1KL,Reece.M.Peacock@spambob.com,077 8038 5420,Visa,4716376215960010,608,01/07/2012
582,Jacob,O'Brien,8 Iffley Road,BROADBRIDGE,PO18 0BQ,Jacob.T.O'Brien@pookmail.com,077 3329 7632,Visa,4929607308459120,231,01/11/2011
583,Victoria,Jarvis,68 High St,THURLBEAR,TA3 0CN,Victoria.M.Jarvis@dodgit.com,077 1876 3067,Visa,4485042903302980,535,01/01/2010
584,Michael,Holland,39 Helland Bridge,UP CERNE,DT2 6PB,Michael.S.Holland@mailinator.com,070 6045 4340,Visa,4485090583745930,496,01/05/2011
585,Joseph,Hartley,15 Quay Street,NATEBY,CA17 0VS,Joseph.L.Hartley@spambob.com,070 5273 6807,Visa,4485846061967870,844,01/11/2011
586,Zoe,Howarth,52 Farburn Terrace,LITTLE LONDON,PE12 5IV,Zoe.C.Howarth@mailinator.com,078 6785 1797,Visa,4485536607319160,623,01/04/2012
587,Logan,Hutchinson,13 Circle Way,CAIRNORRIE,AB41 0ZD,Logan.K.Hutchinson@trashymail.com,077 1214 4615,Visa,4716087086702720,985,01/10/2013
588,Ava,Cooke,48 Great North Road,ANDERBY,PE24 8QM,Ava.T.Cooke@dodgit.com,079 2525 1993,Visa,4929518347362210,630,01/03/2013
589,Elizabeth,Townsend,36 Overton Circle,LITTLEBOROUGH,OL15 1LT,Elizabeth.K.Townsend@dodgit.com,079 6903 1411,Visa,4716637429080810,657,01/05/2010
590,Gracie,Morris,12 Seafield Street,LLYSFAEN,LL29 2SR,Gracie.C.Morris@pookmail.com,079 8298 1326,Visa,4716286089681900,178,01/02/2013
591,Mohammed,Miller,23 Boat Lane,REYNALTON,SA68 9BR,Mohammed.A.Miller@dodgit.com,077 3177 5770,Visa,4716998314279100,731,01/11/2012
592,Rachel,Parkinson,50 Lincoln Green Lane,CHURCHILL,DY10 1TE,Rachel.J.Parkinson@mailinator.com,078 5252 5975,Visa,4929372031651960,445,01/05/2011
593,Freddie,Vincent,67 Broad Street,LOWNIE MOOR,DD8 2NR,Freddie.D.Vincent@pookmail.com,079 8528 1891,Visa,4485554655282480,941,01/04/2014
594,Cameron,Tucker,30 Scrimshire Lane,ASTON,SY8 3OU,Cameron.L.Tucker@mailinator.com,070 5159 9731,Visa,4485565074756690,789,01/03/2012
595,Niamh,Holland,29 Ballifeary Road,BALNAHARD,PA61 7NS,Niamh.A.Holland@trashymail.com,077 4405 6335,Visa,4716039964820330,926,01/05/2013
596,Georgia,Wong,21 London Road,COMPTON BEAUCHAMP,SN6 5RQ,Georgia.S.Wong@trashymail.com,077 8235 4815,Visa,4716865805392420,811,01/11/2010
597,Jordan,Dean,45 Boat Lane,REDHILL,NG5 4LD,Jordan.O.Dean@dodgit.com,079 6798 7414,Visa,4716139511644420,261,01/08/2012
598,Sophia,Parkes,90 Brackley Road,TILLYBIRLOCH,AB51 3AS,Sophia.L.Parkes@trashymail.com,078 3911 6455,Visa,4929487012433290,631,01/05/2010
599,Georgina,Dale,81 Prestwick Road,INVERALLOCHY,AB43 2UQ,Georgina.A.Dale@pookmail.com,070 7283 3626,Visa,4929330775023830,381,01/10/2013
600,Corey,Joyce,29 Eastbourne Rd,COLD ASHTON,SN14 3HO,Corey.H.Joyce@spambob.com,079 1817 0220,Visa,4716517940930980,686,01/12/2011
601,Niamh,Sykes,28 Sea Road,LAMONBY,CA11 2RJ,Niamh.A.Sykes@pookmail.com,079 8400 0276,Visa,4716255594856650,644,01/04/2012
602,Lara,Summers,48 Walden Road,GRENDON GREEN,HR6 3LD,Lara.J.Summers@dodgit.com,079 7543 6409,Visa,4716836487022670,449,01/11/2014
603,Matthew,Long,68 Coast Rd,KIRKTON,KW13 9TL,Matthew.H.Long@trashymail.com,079 4516 4353,Visa,4485631582637640,501,01/08/2010
604,Taylor,O'Connor,90 Sutton Wick Lane,BRIDGEND,PA31 7GS,Taylor.E.O'Connor@trashymail.com,078 5746 8870,Visa,4485925440513840,560,01/10/2010
605,Joel,Wilkinson,10 Helland Bridge,UP HOLLAND,WN8 9PI,Joel.S.Wilkinson@dodgit.com,077 4320 2945,Visa,4485936720122760,771,01/04/2014
606,Joshua,Pugh,97 Nith Street,GLAN-YR-AFON,LL21 7TT,Joshua.M.Pugh@trashymail.com,077 6230 6891,Visa,4485494632099130,834,01/09/2013
607,Isobel,Lamb,95 Farburn Terrace,LITTLE RIBSTON,LS22 2YL,Isobel.L.Lamb@dodgit.com,070 7349 9855,Visa,4485738602393730,718,01/02/2014
608,Jayden,Martin,48 Scarcroft Road,POPHAM,SO21 9PD,Jayden.L.Martin@spambob.com,079 7688 6166,Visa,4716517664394440,159,01/04/2012
609,Libby,Gould,41 Lammas Street,GREAT ALTCAR,L37 9BQ,Libby.L.Gould@dodgit.com,070 1530 6952,Visa,4485971825384970,714,01/03/2010
610,Finley,Osborne,52 Hounslow Rd,SNETTISHAM,PE31 2CL,Finley.C.Osborne@mailinator.com,077 5031 5462,Visa,4485448129052740,555,01/05/2014
611,Connor,Evans,30 Nottingham Rd,ABBOTS BICKINGTON,EX22 8YO,Connor.S.Evans@dodgit.com,079 7298 9261,Visa,4485126643033030,448,01/12/2010
612,Scott,Higgins,12 Main Road,AUCHENRIVOCK,DG14 2MG,Scott.K.Higgins@trashymail.com,078 7300 1213,Visa,4716679151663220,139,01/08/2014
613,Lydia,Johnston,4 Dunmow Road,GRINDLEY,ST14 8NP,Lydia.K.Johnston@pookmail.com,079 8203 3727,Visa,4485763193474030,51,01/07/2011
614,Jodie,Marsden,69 Iolaire Road,NEW FERRY,L62 4DJ,Jodie.R.Marsden@trashymail.com,079 6634 7447,Visa,4716326069245660,496,01/12/2014
615,Matthew,Williamson,99 Terrick Rd,EGLWYSWRW,SA41 2FH,Matthew.E.Williamson@trashymail.com,079 0517 5681,Visa,4485042290969710,821,01/12/2011
616,Louise,Holmes,32 Warren St,WEST BYFLEET,KT14 6MS,Louise.I.Holmes@pookmail.com,077 7876 0985,Visa,4485599080469830,918,01/12/2014
617,Samantha,Glover,79 South Crescent,LYDHAM,SY9 6WQ,Samantha.A.Glover@trashymail.com,078 5395 7862,Visa,4485842988872450,211,01/05/2010
618,Courtney,Martin,61 Freezeland Lane,COXWOLD,YO61 6AW,Courtney.I.Martin@dodgit.com,079 6696 1705,Visa,4716065559933120,133,01/02/2014
619,Harriet,Parkes,16 Ivy Lane,WARENTON,NE70 1WT,Harriet.S.Parkes@mailinator.com,070 8761 9453,Visa,4485456089796340,877,01/12/2011
620,Nicholas,Dennis,67 Gordon Terrace,BASFORD GREEN,ST13 1AX,Nicholas.K.Dennis@trashymail.com,078 1302 1743,Visa,4929383608953650,457,01/12/2012
621,Peter,Griffin,39 Osborne Road,KILVINGTON,NG13 7ZG,Peter.A.Griffin@pookmail.com,070 8376 6092,Visa,4929282164202520,78,01/08/2012
622,Declan,Jarvis,9 Exning Road,HANLITH,BD23 8LZ,Declan.F.Jarvis@spambob.com,078 4980 2276,Visa,4485821710249560,577,01/10/2014
623,Declan,Vaughan,87 Ploughley Rd,TINTERN PARVA,NP6 8HW,Declan.I.Vaughan@mailinator.com,079 5599 9534,Visa,4485194968332250,811,01/09/2011
624,Rosie,Webster,56 Consett Rd,HILLEND,KY11 4FP,Rosie.R.Webster@trashymail.com,079 6883 2030,Visa,4929024379358500,76,01/08/2011
625,Bradley,Davis,3 Bouverie Road,WESTONBIRT,GL8 5RH,Bradley.A.Davis@trashymail.com,078 0448 0361,Visa,4716309602015440,782,01/11/2010
626,Ellis,Alexander,94 Abbey Row,NORWICH,NR2 8MH,Ellis.S.Alexander@mailinator.com,078 8438 8944,MasterCard,5102969168978890,212,01/10/2010
627,Jennifer,Richardson,3 Newgate Street,KEAL COTES,PE23 7KE,Jennifer.C.Richardson@trashymail.com,078 2494 8495,Visa,4485316544231140,444,01/09/2011
628,Scarlett,Khan,42 Iolaire Road,NEW ADDINGTON,CR0 5MF,Scarlett.L.Khan@spambob.com,077 7085 1113,Visa,4485238752142730,866,01/08/2010
629,Aimee,Fitzgerald,20 Newgate Street,KEELE,ST5 2KB,Aimee.N.Fitzgerald@pookmail.com,078 3242 9321,Visa,4929014542880060,158,01/06/2012
630,Faith,Read,96 Scotswood Road,HOMERSFIELD,IP20 7CR,Faith.W.Read@pookmail.com,079 1292 0159,MasterCard,5102985796434590,306,01/03/2013
631,Rhys,Steele,57 Witney Way,KIRKTON OF STRATHMARTINE,DD3 7VZ,Rhys.S.Steele@spambob.com,078 6126 7662,Visa,4929117570192680,770,01/03/2011
632,Louie,Waters,94 Warren St,WEST HILL,EX11 7PA,Louie.A.Waters@mailinator.com,079 3776 5055,Visa,4485862764775420,399,01/11/2010
633,Lucy,Welch,48 Abbey Row,NORTON ST PHILIP,BA3 9SP,Lucy.L.Welch@mailinator.com,077 3589 3848,Visa,4485671141289140,547,01/01/2012
634,Josh,O'Brien,86 Whatlington Road,COVE BAY,AB1 1MN,Josh.I.O'Brien@pookmail.com,079 4580 9630,Visa,4716149062722380,590,01/04/2013
635,Zara,Watts,77 Lammas Street,GRAYINGHAM,DN21 3TY,Zara.E.Watts@trashymail.com,079 4574 0054,Visa,4485168947151160,384,01/07/2011
636,Kate,Owen,65 Holburn Lane,HELSBY,WA6 6OD,Kate.J.Owen@spambob.com,077 6887 6088,Visa,4485131335025180,414,01/09/2014
637,Nathan,Hilton,14 Boroughbridge Road,BIRMINGHAM,B2 4YZ,Nathan.E.Hilton@mailinator.com,079 2819 5636,Visa,4929078552777900,719,01/06/2010
638,Emma,Clarke,48 Sea Road,LANE END,LA19 4VM,Emma.A.Clarke@mailinator.com,079 6987 5437,Visa,4485862702258330,284,01/05/2012
639,Peter,Flynn,82 Netherpark Crescent,STENSCHOLL,IV51 2ID,Peter.A.Flynn@pookmail.com,078 7577 4374,Visa,4929328599054810,857,01/09/2011
640,Lauren,Williams,56 Rowland Rd,ORLETON,WR6 8FW,Lauren.L.Williams@trashymail.com,079 8325 0297,Visa,4485102360692540,185,01/12/2014
641,Erin,James,7 Abingdon Road,BRAMDEAN,SO24 1MK,Erin.A.James@spambob.com,070 0162 6279,Visa,4485997922337800,48,01/03/2010
642,Harvey,Parkinson,21 Wrexham Road,FEERING,CO5 6RR,Harvey.A.Parkinson@dodgit.com,077 1225 1170,Visa,4485350190290080,438,01/11/2013
643,Naomi,Bradley,90 Middlewich Road,FIRBANK,LA10 4SN,Naomi.B.Bradley@spambob.com,077 6496 0902,Visa,4929319082418530,113,01/02/2011
644,Madeleine,Bolton,93 Cambridge Road,NOMANSLAND,EX16 6HJ,Madeleine.K.Bolton@mailinator.com,070 5248 1732,Visa,4716755655588730,756,01/07/2010
645,Lauren,Bryan,96 Sloe Lane,CRUCHIE,AB54 0RF,Lauren.W.Bryan@dodgit.com,070 5332 8264,Visa,4929517256063030,753,01/11/2013
646,Andrew,Lamb,49 Huntly Street,BARSBY,LE7 6LV,Andrew.G.Lamb@trashymail.com,078 3780 5961,Visa,4485795567696890,421,01/10/2011
647,Noah,Davison,6 Boar Lane,SENWICK,DG6 3WQ,Noah.T.Davison@spambob.com,079 1559 0236,Visa,4485536626042830,234,01/10/2011
648,Bailey,McDonald,7 Caerfai Bay Road,THE BIRKS,AB32 0ZX,Bailey.M.McDonald@mailinator.com,070 4030 6381,Visa,4929110935101130,700,01/09/2011
649,Owen,Hanson,83 Ploughley Rd,TODMORDEN,OL14 0XI,Owen.K.Hanson@pookmail.com,077 8237 4057,Visa,4929913303127330,482,01/09/2014
650,Amber,Thorpe,96 St Omers Road,HOLBROOK,DE56 9VV,Amber.S.Thorpe@trashymail.com,078 2705 7067,Visa,4716024890227590,660,01/11/2011
651,Max,Rogers,6 Sea Road,LAMYATT,BA4 9BV,Max.A.Rogers@trashymail.com,077 3172 9521,Visa,4485522735283800,796,01/10/2012
652,Alicia,Wilson,68 North Road,NETHERWOOD,KA18 7AA,Alicia.R.Wilson@spambob.com,070 3144 6891,Visa,4716646486645290,290,01/01/2014
653,Sienna,Barton,40 Boughton Rd,WHITSOME,TD11 8PJ,Sienna.M.Barton@spambob.com,077 0370 0000,Visa,4716561348952080,985,01/03/2010
654,Ava,Hayward,98 Wern Ddu Lane,LUCCOMBE VILLAGE,PO37 8OA,Ava.K.Hayward@spambob.com,079 5424 4842,Visa,4716997527303550,731,01/05/2010
655,Poppy,Page,79 Broomfield Place,STOULTON,WR7 4AE,Poppy.W.Page@dodgit.com,078 8264 0344,Visa,4929191642432180,665,01/08/2013
656,Rebecca,Howells,45 Ramsgate Rd,WILLIAN,SG6 3BR,Rebecca.M.Howells@spambob.com,077 1286 4980,Visa,4716473072733170,407,01/12/2010
657,Callum,Kirby,79 Wood Lane,BAINSHOLE,AB54 6DX,Callum.P.Kirby@pookmail.com,078 5181 9445,Visa,4485412164572970,903,01/10/2014
658,William,Naylor,49 Guildry Street,GAMSTON,NG2 0KP,William.E.Naylor@trashymail.com,077 7449 5498,Visa,4485017290608010,290,01/01/2014
659,Danielle,Robertson,79 Bootham Terrace,REDFORD,DD11 7HH,Danielle.N.Robertson@mailinator.com,070 4244 6766,Visa,4485018575763140,356,01/05/2011
660,Eve,Hooper,74 Oxford Rd,WORSTEAD,NR28 5ZU,Eve.T.Hooper@mailinator.com,079 2315 6309,Visa,4929400912290830,470,01/03/2014
661,Mohammad,Nixon,35 Russell Rd,SHILLINGSTONE,DT11 2VL,Mohammad.E.Nixon@spambob.com,078 6134 1172,Visa,4485724206814570,193,01/07/2013
662,Sarah,Byrne,59 Duckpit Lane,UPPERMILL,OL3 7UZ,Sarah.H.Byrne@pookmail.com,078 7058 1375,Visa,4485584630425150,668,01/11/2014
663,Ethan,Cole,10 Prospect Hill,DRAKES CROSS,B47 3WN,Ethan.A.Cole@pookmail.com,070 2690 4962,Visa,4716972271543540,973,01/09/2014
664,Robert,Noble,4 Front Street,KNYPERSLEY,ST8 2ZC,Robert.M.Noble@spambob.com,078 7072 5844,Visa,4716942781967100,245,01/02/2013
665,Louis,Henry,65 Hexham Road,ISLIBHIG,HS2 5ZK,Louis.T.Henry@trashymail.com,077 6861 3056,Visa,4716534444145600,628,01/07/2012
666,Courtney,Walters,35 City Walls Rd,CLOCHAN,AB56 2KB,Courtney.J.Walters@mailinator.com,077 1169 1524,Visa,4716746996341000,201,01/01/2013
667,Jasmine,Taylor,79 Seafield Street,LLANTILIO PERTHOLEY,NP7 8VI,Jasmine.C.Taylor@spambob.com,070 7434 7466,Visa,4929780768733140,847,01/07/2011
668,Samantha,Carpenter,74 Front Street,KNOWESIDE,KA19 4MR,Samantha.L.Carpenter@mailinator.com,070 2962 3812,Visa,4929278328886650,206,01/01/2011
669,Mohammad,Flynn,6 Essex Rd,TASTON,OX7 4XH,Mohammad.N.Flynn@trashymail.com,078 3920 8178,Visa,4485691467093170,725,01/12/2014
670,Hayden,Potts,98 Ermin Street,WRESSLE,YO8 3JK,Hayden.L.Potts@dodgit.com,078 0541 2721,Visa,4716887500943950,921,01/07/2010
671,Emily,Connolly,26 Winchester Rd,MICKLEHAM,RH5 1HR,Emily.J.Connolly@pookmail.com,079 7944 6623,Visa,4716561280792390,491,01/07/2013
672,Jonathan,Naylor,81 Coast Rd,KIRKBY UNDERWOOD,PE10 8CT,Jonathan.C.Naylor@dodgit.com,077 5567 6839,Visa,4929924328270120,317,01/07/2010
673,William,Holden,20 High St,THORPE ST ANDREW,NR7 2JR,William.L.Holden@pookmail.com,078 6441 5451,Visa,4716524914805740,184,01/10/2011
674,Christopher,Stevenson,55 Park Avenue,LEADEN RODING,CM6 3XN,Christopher.L.Stevenson@spambob.com,079 5472 3008,Visa,4929552202832890,278,01/09/2012
675,Nicole,Mellor,45 Botley Road,MIDDLEWOOD GREEN,IP14 9DD,Nicole.H.Mellor@trashymail.com,070 3691 9400,Visa,4929526888569420,536,01/07/2014
676,Morgan,Potts,15 Emerson Road,KIRKBRIDE,CA5 7BU,Morgan.M.Potts@trashymail.com,070 2794 9476,Visa,4929061993194070,484,01/01/2011
677,Isaac,Clarke,90 Newmarket Road,HAXTED,TN8 5VO,Isaac.L.Clarke@trashymail.com,078 7279 7861,Visa,4716175262947640,644,01/04/2010
678,Noah,Thompson,12 Clasper Way,HEVER,TN8 1JW,Noah.D.Thompson@spambob.com,079 5056 8861,Visa,4929914375479200,975,01/04/2012
679,Jake,Hobbs,85 Crescent Avenue,DUDDLESWELL,TN22 0FN,Jake.B.Hobbs@dodgit.com,078 0765 1029,Visa,4929262768247300,236,01/12/2012
680,Alexander,Ahmed,56 Cefn Road,FARMINGTON,GL54 4OG,Alexander.M.Ahmed@pookmail.com,079 0365 3338,Visa,4485942476298950,860,01/01/2013
681,Lara,Dobson,24 Merthyr Road,BUNTINGFORD,SG9 5RW,Lara.H.Dobson@dodgit.com,079 4625 1089,Visa,4929904476377000,440,01/09/2012
682,Kai,Reynolds,41 Castledore Road,TUTNALL,B60 1HJ,Kai.H.Reynolds@trashymail.com,070 7967 3763,Visa,4485609138438750,594,01/09/2010
683,Liam,Thornton,83 Hull Road,PADDOCKHOLE,DG11 6HY,Liam.M.Thornton@dodgit.com,078 5986 1177,Visa,4716099102531580,889,01/07/2011
684,Isabelle,Perry,16 Gloddaeth Street,BILLINGBOROUGH,NG34 3LV,Isabelle.D.Perry@pookmail.com,078 5849 8759,Visa,4716972106151750,769,01/03/2014
685,Faith,Griffin,89 Boughton Rd,WHITTONDITCH,SN8 2NA,Faith.S.Griffin@trashymail.com,078 7996 3435,Visa,4485539145320410,775,01/12/2010
686,Declan,Ingram,98 Guild Street,LONDON,SE17 8QX,Declan.H.Ingram@trashymail.com,077 7305 0104,Visa,4716700832785700,303,01/12/2011
687,Henry,Lloyd,25 Scotsburn Rd,TALYBONT,SY24 2AA,Henry.D.Lloyd@trashymail.com,070 7412 7628,Visa,4929818157731530,466,01/12/2014
688,Tom,Ryan,77 Colorado Way,RHOSSILI,SA3 2YI,Tom.S.Ryan@spambob.com,078 5828 7133,Visa,4929798819741520,201,01/11/2013
689,Dominic,Clarke,63 North Road,NETHER HEADON,DN22 2GN,Dominic.H.Clarke@pookmail.com,070 1799 7054,Visa,4716272607049510,553,01/06/2014
690,Jake,Baker,95 Peachfield Road,CHALE,PO38 0QH,Jake.K.Baker@dodgit.com,070 1181 4720,Visa,4929510999351560,438,01/07/2014
691,Finlay,McDonald,97 Bath Rd,WOOD HAYES,WV11 1JA,Finlay.E.McDonald@pookmail.com,078 7190 7088,Visa,4485216789812470,238,01/10/2010
692,Amy,Duffy,63 Henley Road,BOWNESS-ON-SOLWAY,CA5 8WJ,Amy.S.Duffy@dodgit.com,079 3478 6256,Visa,4485918482937450,761,01/09/2011
693,Corey,Price,20 Horsefair Green,OLD SWARLAND,NE65 8DV,Corey.S.Price@trashymail.com,077 1600 9844,Visa,4929123120409710,338,01/07/2014
694,Jude,Francis,20 Kent Street,CROSS HILLS,BD20 7HG,Jude.A.Francis@spambob.com,077 5896 1563,Visa,4929889023318670,313,01/01/2011
695,Eva,Sims,56 Cefn Road,FARLEIGH WALLOP,RG25 3NH,Eva.K.Sims@dodgit.com,070 1575 7410,Visa,4929572148739210,909,01/12/2013
696,Emily,Peacock,31 Seafield Street,LLANYBRI,SA33 4EM,Emily.J.Peacock@dodgit.com,070 8858 7824,Visa,4929130279843990,157,01/03/2011
697,Kate,Wyatt,58 Freezeland Lane,CRAGGIE,KW8 4IT,Kate.P.Wyatt@mailinator.com,077 0693 1362,Visa,4929214181479600,967,01/11/2012
698,Emma,Hughes,74 Rhosddu Rd,FFAIR-RHOS,SY25 8HR,Emma.M.Hughes@pookmail.com,077 1253 1185,Visa,4716138641769070,382,01/02/2014
699,Matthew,Middleton,91 Fox Lane,BOGHEAD,KA18 1UH,Matthew.M.Middleton@dodgit.com,077 8197 8488,Visa,4716698010084900,926,01/03/2011
700,Samuel,Robson,55 Caradon Hill,TYLWCH,LD6 4NI,Samuel.L.Robson@trashymail.com,070 0768 2109,Visa,4716669489093030,838,01/01/2011
701,Olivia,Peacock,53 Guildry Street,GAMBLESBY,CA10 8ER,Olivia.C.Peacock@spambob.com,077 5776 2521,Visa,4929105633044150,243,01/05/2010
702,Katie,Middleton,40 Manor Way,GREAT KINGSHILL,HP15 5SM,Katie.S.Middleton@pookmail.com,078 3194 6333,Visa,4485436766098430,938,01/06/2013
703,Finley,Barnes,75 Southern Way,NORTH END,NR16 5TF,Finley.A.Barnes@mailinator.com,077 6059 2971,Visa,4716976997640210,223,01/08/2013
704,Jonathan,Page,31 Cunnery Rd,MALVERN WELLS,WR14 0KD,Jonathan.K.Page@pookmail.com,077 3823 7832,Visa,4716782666934070,191,01/06/2013
705,Ellie,Wilson,10 Caerfai Bay Road,TEWKESBURY,GL20 3SX,Ellie.B.Wilson@mailinator.com,070 6407 1498,MasterCard,5102972337488080,11,01/09/2011
706,Lewis,Hayward,15 Scrimshire Lane,ASTON,S30 0HW,Lewis.J.Hayward@mailinator.com,078 0917 5132,Visa,4485386092633930,728,01/12/2014
707,Paige,Carr,93 Wern Ddu Lane,LURGASHALL,GU28 4OO,Paige.D.Carr@dodgit.com,077 3780 8631,Visa,4485401044687690,29,01/02/2013
708,Lara,Hawkins,66 Uxbridge Road,SLIGACHAN,IV47 6HH,Lara.C.Hawkins@trashymail.com,070 7054 6325,Visa,4929197526876980,171,01/01/2014
709,Scarlett,Marshall,99 Dunmow Road,GRISHIPOLL,PA78 7ZC,Scarlett.L.Marshall@pookmail.com,078 0198 8036,Visa,4716145911889060,999,01/04/2011
710,Owen,Webster,37 Chapel Lane,ARNGIBBON,FK8 9YE,Owen.E.Webster@trashymail.com,077 0121 0169,Visa,4485133444615700,94,01/11/2011
711,Isabelle,King,37 Fraserburgh Rd,LINCOLN,LN2 7RH,Isabelle.K.King@pookmail.com,077 0442 9135,Visa,4716323001709840,511,01/03/2010
712,Holly,Johnson,54 Redcliffe Way,WOOLLEY,PE18 6HN,Holly.L.Johnson@dodgit.com,077 8929 8855,MasterCard,5110554748971870,65,01/10/2010
713,Daniel,Hammond,75 Rowland Rd,OSMASTON,DE24 8CG,Daniel.P.Hammond@spambob.com,079 6485 4921,Visa,4929444654639130,236,01/01/2013
714,Alfie,Barlow,12 St Denys Road,POTTERHANWORTH,LN4 2DM,Alfie.A.Barlow@mailinator.com,078 0363 0904,Visa,4716484693275760,114,01/04/2011
715,Corey,Cooper,90 Asfordby Rd,AIRIGH-DRISHAIG,IV54 8UN,Corey.E.Cooper@spambob.com,070 6150 3381,Visa,4716370135432160,724,01/04/2012
716,Aaron,Garner,18 George Street,BRUISYARD STREET,IP13 5IJ,Aaron.P.Garner@pookmail.com,079 3023 0972,Visa,4716820818501470,494,01/07/2013
717,Nathan,Farrell,69 Circle Way,CADELEIGH,EX16 3VY,Nathan.E.Farrell@spambob.com,078 4947 6449,Visa,4716499132667550,352,01/11/2011
718,Finley,Russell,34 Worthy Lane,MARYPORT,DG9 9NH,Finley.L.Russell@spambob.com,078 1433 9001,Visa,4716777866165640,521,01/05/2014
719,Eloise,O'Donnell,36 Ross Road,MARTLETWY,SA67 4AH,Eloise.B.O'Donnell@spambob.com,079 7723 8446,Visa,4929914743682080,224,01/09/2011
720,Molly,Farrell,67 Fraserburgh Rd,LINDORES,KY14 3MM,Molly.L.Farrell@dodgit.com,078 8120 3733,Visa,4716609681895770,988,01/05/2011
721,Ethan,Cook,77 Huntly Street,BARTESTREE,HR1 3BA,Ethan.Z.Cook@mailinator.com,070 2150 2977,Visa,4716607212218500,235,01/04/2011
722,Madison,Haynes,19 Scotsburn Rd,SYERSTON,NG23 6AX,Madison.G.Haynes@trashymail.com,079 0957 7233,Visa,4485238456298360,234,01/01/2012
723,Callum,Walters,60 Princes Street,ROGIET,NP6 8PK,Callum.A.Walters@dodgit.com,070 1749 5722,Visa,4716134598041750,538,01/02/2012
724,Georgia,Short,91 Walwyn Rd,CHARTERHOUSE,BS18 5WQ,Georgia.L.Short@trashymail.com,077 6449 8901,Visa,4929696643017140,908,01/12/2010
725,Matilda,Hunt,77 Broomfield Place,STOW BARDOLPH,PE34 2SU,Matilda.F.Hunt@dodgit.com,078 2293 4583,Visa,4485674188501440,945,01/06/2010
726,Tyler,Mahmood,20 Gloucester Road,CLAREBRAND,DG7 2BL,Tyler.E.Mahmood@spambob.com,078 4315 3131,Visa,4929679125402360,416,01/07/2013
727,Maya,Abbott,22 Holgate Rd,RADCOT,OX18 0CG,Maya.C.Abbott@pookmail.com,070 7393 3998,Visa,4485956621428490,515,01/09/2010
728,Eve,Dickinson,84 Walden Road,GREAT WRATTING,CB9 0OX,Eve.W.Dickinson@pookmail.com,077 4938 3707,Visa,4929416650585770,255,01/01/2014
729,Michael,Tyler,93 Nenthead Road,HIGHER WHATCOMBE,DT11 9NF,Michael.A.Tyler@dodgit.com,077 7027 8427,Visa,4485819901149800,592,01/08/2011
730,Abby,Ford,74 Park Terrace,GILDERSOME,LS27 8EN,Abby.K.Ford@spambob.com,078 2908 4748,Visa,4929365864898840,973,01/05/2010
731,Kai,Read,18 Rhosddu Rd,FINEGAND,PH10 7CE,Kai.L.Read@trashymail.com,079 2504 6772,Visa,4716802347673150,233,01/08/2011
732,Anna,Davidson,83 Rhosddu Rd,FINGERPOST,DY14 4IX,Anna.J.Davidson@spambob.com,070 4847 6275,Visa,4485967885726140,250,01/04/2011
733,Zachary,Wilson,23 Harrogate Road,RUSTON,YO13 9CG,Zachary.K.Wilson@mailinator.com,078 8560 5134,Visa,4929184081379400,210,01/05/2012
734,Leo,Wilkins,55 Clasper Way,HEYTESBURY,BA12 0NJ,Leo.F.Wilkins@spambob.com,079 3089 7616,Visa,4929543966685190,830,01/05/2011
735,Cameron,Webb,65 Park End St,BROOKTHORPE,GL4 7PL,Cameron.K.Webb@spambob.com,079 8151 8651,MasterCard,5102990330221610,679,01/12/2014
736,Harriet,Butler,18 Southern Way,NORTH KYME,LN4 1VA,Harriet.G.Butler@pookmail.com,077 5305 3830,Visa,4485558732652960,309,01/02/2011
737,Elliot,Nixon,64 Ash Lane,YNYS,LL47 5OZ,Elliot.B.Nixon@mailinator.com,079 6844 6770,Visa,4929803862753960,486,01/10/2012
738,Joseph,Lambert,55 St Maurices Road,PRESTON,DT3 3GM,Joseph.M.Lambert@trashymail.com,079 7354 0928,Visa,4716268979391950,912,01/10/2014
739,Finlay,Bolton,13 Ivy Lane,WARBOYS,PE17 2QE,Finlay.M.Bolton@mailinator.com,077 4928 9904,Visa,4929731694610050,502,01/02/2011
740,Summer,Holt,51 Lammas Street,GREAT EDSTONE,YO62 5HI,Summer.E.Holt@pookmail.com,077 3454 4849,Visa,4929323989257150,909,01/11/2014
741,Sophie,Alexander,77 Northgate Street,BIDDISHAM,BS26 7RS,Sophie.L.Alexander@trashymail.com,079 1241 6542,Visa,4716847675995020,369,01/04/2014
742,Billy,Rogers,30 Kingsway North,HOLLYBUSH,HR8 5CN,Billy.E.Rogers@dodgit.com,070 8845 8484,Visa,4716239710204060,996,01/01/2012
743,Lewis,Lees,13 Park End St,BROMLEY,BR1 3QL,Lewis.M.Lees@dodgit.com,077 1677 5632,Visa,4929083857093420,370,01/11/2012
744,Joshua,Patel,20 Great Western Road,LORBOTTLE HALL,NE65 7ID,Joshua.F.Patel@spambob.com,078 5246 3343,Visa,4716636319749400,180,01/11/2012
745,Finlay,Miles,61 Great Western Road,LONGNOR,SY5 5DV,Finlay.S.Miles@trashymail.com,070 6520 9517,Visa,4716376286202840,181,01/12/2011
746,Hollie,Leach,60 Front St,HEMPRIGGS HOUSE,KW1 5EI,Hollie.L.Leach@pookmail.com,070 5908 8664,Visa,4485825890740520,341,01/08/2010
747,Ben,Berry,46 Manor Way,GREAT HARWOOD,BB6 9HC,Ben.R.Berry@spambob.com,078 3216 3414,Visa,4716210980633430,435,01/05/2010
748,Adam,George,63 Hexham Road,INVERSHIEL,IV40 1RK,Adam.G.George@pookmail.com,079 5133 9572,Visa,4929963988914280,275,01/01/2011
749,Alice,Holt,52 Newmarket Road,HAWKESBURY,GL9 6PA,Alice.O.Holt@dodgit.com,077 4957 1424,Visa,4485076082703100,845,01/01/2012
750,Morgan,Ball,59 Duckpit Lane,UPTON,CH49 9SI,Morgan.S.Ball@dodgit.com,078 4497 6572,Visa,4485979457017370,988,01/04/2012
751,Mohammed,Wilson,59 East Street,MARISTOW,PL6 9UX,Mohammed.S.Wilson@trashymail.com,079 7115 1573,Visa,4485367601993690,850,01/10/2010
752,Luca,Browne,14 Sea Road,LANDFORD,SP5 3QU,Luca.I.Browne@trashymail.com,079 4111 8238,Visa,4929919548524610,840,01/09/2010
753,Emily,Rowe,23 Golf Road,SWAYFIELD,NG33 2SI,Emily.E.Rowe@dodgit.com,070 8268 3508,Visa,4929771927018860,513,01/06/2010
754,Ruby,Dodd,50 Souterhead Road,LOW MOOR,BB7 8LQ,Ruby.J.Dodd@dodgit.com,077 4169 4909,Visa,4929170568632710,222,01/04/2012
755,Evan,Hooper,19 St Dunstans Street,WATERLOOVILLE,PO7 2PL,Evan.R.Hooper@spambob.com,079 2330 4355,Visa,4929042479646920,968,01/12/2013
756,Elizabeth,Ingram,5 Earls Avenue,WHITELEY BANK,PO38 1RG,Elizabeth.C.Ingram@pookmail.com,079 8591 6287,Visa,4716268555738620,605,01/03/2010
757,Melissa,Singh,97 Neville Street,HYDE LEA,ST18 6FK,Melissa.O.Singh@trashymail.com,079 7404 0380,Visa,4716457568482320,198,01/09/2014
758,Eve,Kemp,34 Ivy Lane,WALTON,TF6 0OO,Eve.H.Kemp@spambob.com,079 1878 3427,Visa,4929303870710960,41,01/04/2012
759,Oscar,Griffiths,31 Russell Rd,SHEPTON MONTAGUE,BA7 2FZ,Oscar.G.Griffiths@pookmail.com,077 4798 9248,Visa,4716921689960900,546,01/10/2012
760,Ava,Wilkinson,4 Berkeley Rd,STOWFORD,EX20 4GW,Ava.J.Wilkinson@mailinator.com,078 0033 8832,Visa,4485575236903660,750,01/09/2011
761,Harriet,Norris,23 Glandovey Terrace,TREMATON,PL12 1YI,Harriet.J.Norris@dodgit.com,070 6536 3435,Visa,4929239475597340,442,01/11/2013
762,Tegan,Turnbull,8 Sutton Wick Lane,BRIDGETOWN,PL15 9AY,Tegan.S.Turnbull@pookmail.com,078 2033 2767,Visa,4716537383903010,569,01/07/2010
763,Paige,Bowen,18 Bridge Street,GOLDIELEA,DG2 4MU,Paige.L.Bowen@mailinator.com,078 5378 4347,Visa,4716129494348180,472,01/09/2013
764,Ryan,Vaughan,63 Winchester Rd,MEY,KW14 8RN,Ryan.S.Vaughan@spambob.com,079 0060 3543,Visa,4716902099849540,799,01/11/2010
765,Charlie,Harding,8 Argyll Street,ST QUIVOX,KA9 2FT,Charlie.I.Harding@dodgit.com,070 0393 6121,Visa,4716139786842990,635,01/06/2013
766,Joel,Daniels,28 Whitchurch Road,ENGLEFIELD GREEN,TW20 2RR,Joel.A.Daniels@pookmail.com,078 1219 4631,Visa,4716145016039220,618,01/09/2013
767,Oliver,Ferguson,48 Great North Road,ALTICRY,DG8 7DH,Oliver.T.Ferguson@spambob.com,077 6107 1153,Visa,4485464749954460,984,01/09/2011
768,Alexander,Hargreaves,67 St James Boulevard,HORTON HEATH,SO50 3MN,Alexander.A.Hargreaves@mailinator.com,078 7923 1828,Visa,4485664866954410,603,01/02/2013
769,Joshua,Fuller,14 Park End St,BROOM'S GREEN,GL18 5SM,Joshua.D.Fuller@pookmail.com,078 1255 9703,Visa,4716154656114520,648,01/04/2012
770,Phoebe,Kirk,31 Southend Avenue,BLACKSHAW HEAD,HX7 4UD,Phoebe.L.Kirk@trashymail.com,078 2466 9831,Visa,4929688300724610,384,01/03/2013
771,Ava,Sharp,89 Ilchester Road,MUSTOW GREEN,DY10 9CL,Ava.T.Sharp@mailinator.com,078 3524 7998,Visa,4929311345504340,97,01/05/2010
772,Gracie,Crawford,98 High St,THRYBERGH,S65 7ZW,Gracie.A.Crawford@trashymail.com,079 0814 9967,Visa,4485134339460500,718,01/03/2011
773,Joshua,Jarvis,43 Asfordby Rd,AIRNTULLY,PH1 8SG,Joshua.S.Jarvis@pookmail.com,070 0618 0022,Visa,4485966504995000,33,01/03/2010
774,Georgina,Morley,19 Farburn Terrace,LITTLE GLEMHAM,IP13 9RC,Georgina.J.Morley@pookmail.com,078 2445 4291,Visa,4929787104812810,695,01/05/2012
775,Sophie,Jones,95 Cunnery Rd,MAINS OF THORNTON,AB30 3UV,Sophie.N.Jones@trashymail.com,079 6716 2403,Visa,4929060270689370,300,01/01/2014
776,Freya,Webb,62 Seafield Place,FOUR MARKS,GU34 7NB,Freya.M.Webb@trashymail.com,070 0124 4238,Visa,4485742161484920,872,01/11/2014
777,Harriet,McLean,27 Asfordby Rd,ALDERTON,GL20 8ZE,Harriet.W.McLean@mailinator.com,079 0533 4217,Visa,4485767459053870,916,01/02/2010
778,Lily,Henry,11 Glenurquhart Road,BALHARY,PH11 4DB,Lily.S.Henry@pookmail.com,077 0033 6979,Visa,4929299347143560,659,01/04/2010
779,Luke,Hawkins,65 Ivy Lane,WARK,TD12 8XP,Luke.L.Hawkins@spambob.com,079 8141 7133,Visa,4485942986584190,596,01/12/2010
780,Erin,Hargreaves,9 Newgate Street,IVYCHURCH,TN29 0CD,Erin.S.Hargreaves@trashymail.com,077 2170 4994,Visa,4929739224560880,839,01/07/2011
781,Brandon,Atkinson,99 Spilman Street,GRAFTON,YO5 6VF,Brandon.A.Atkinson@trashymail.com,078 3690 5771,Visa,4485034070418350,412,01/02/2013
782,Olivia,Kirk,5 High Street,ASHE,RG25 5XB,Olivia.K.Kirk@trashymail.com,070 0513 7592,Visa,4485862215866950,617,01/10/2014
783,Aidan,Stevens,13 Abingdon Road,BRAMSHAW,SO43 6LF,Aidan.S.Stevens@trashymail.com,078 3556 0993,Visa,4485239448963240,23,01/12/2011
784,Mohammad,Marsh,66 Long Street,MILTON,DD8 2QV,Mohammad.A.Marsh@spambob.com,070 3484 3717,Visa,4929469007314650,389,01/04/2011
785,Corey,West,84 George Street,BROXTED,CM6 8LO,Corey.P.West@pookmail.com,078 5550 5078,Visa,4485422487280420,652,01/11/2014
786,Mia,Sullivan,22 Sandyhill Rd,FULKING,BN5 3CD,Mia.H.Sullivan@pookmail.com,070 7455 4599,Visa,4716986772107670,666,01/12/2010
787,Kian,Dyer,41 St James Boulevard,HORSE BRIDGE,ST9 8IW,Kian.A.Dyer@mailinator.com,070 2405 8328,Visa,4929887505557430,868,01/05/2010
788,Tom,Harvey,74 High Street,ASHBY ST LEDGERS,CV23 6CC,Tom.E.Harvey@pookmail.com,077 1965 6340,Visa,4929219312089640,138,01/11/2014
789,James,Harper,54 Thornton St,HURLINESS,KW16 4AI,James.M.Harper@dodgit.com,077 2144 8219,Visa,4929506616501450,976,01/06/2010
790,Zara,Chan,87 Mill Lane,CORNISH HALL END,CM7 8GD,Zara.G.Chan@dodgit.com,078 7120 1240,Visa,4716737280279920,341,01/07/2011
791,Laura,Tomlinson,81 Sutton Wick Lane,BRINKWORTH,SN15 4IV,Laura.T.Tomlinson@trashymail.com,070 8085 8576,Visa,4485817607974240,199,01/10/2010
792,Evie,Kirk,24 Boroughbridge Road,BISHOP AUCKLAND,DL14 1GD,Evie.J.Kirk@trashymail.com,070 1425 5128,Visa,4929564259522320,786,01/02/2010
793,Michael,Collins,2 St Omers Road,HINSTOCK,TF9 1MT,Michael.I.Collins@dodgit.com,077 3267 1438,Visa,4929838303369780,993,01/08/2013
794,Poppy,Flynn,21 Kent Street,CROSS ASH,NP7 4DO,Poppy.A.Flynn@spambob.com,077 5862 3404,Visa,4716474798091790,841,01/06/2013
795,Chloe,Walton,14 Manor Way,GREAT GLEMHAM,IP17 2AP,Chloe.T.Walton@spambob.com,079 6597 8767,Visa,4716520856735200,44,01/07/2013
796,Jodie,Fleming,1 Park Row,EDITH WESTON,LE15 0JW,Jodie.A.Fleming@mailinator.com,078 2471 5503,Visa,4485368827879850,443,01/09/2013
797,Taylor,Kay,70 High Street,ASHELDHAM,CM0 1SI,Taylor.A.Kay@mailinator.com,077 3769 3249,Visa,4716456155701180,53,01/04/2012
798,Kiera,Hardy,21 Ploughley Rd,TOFT,PE10 9XZ,Kiera.C.Hardy@spambob.com,078 8429 9226,Visa,4485260904646100,559,01/08/2013
799,Demi,Watson,92 Boroughbridge Road,BIRMINGHAM,B4 9PA,Demi.C.Watson@pookmail.com,070 1875 8981,Visa,4716406736352810,858,01/12/2012
800,Riley,Dennis,80 Felix Lane,SHOTWICK,CH1 8FQ,Riley.A.Dennis@dodgit.com,077 2256 2001,Visa,4929437162801410,26,01/04/2014
801,Mason,Boyle,49 Castledore Road,TWYFORD,LE14 8YC,Mason.E.Boyle@mailinator.com,077 3955 8703,Visa,4929509624708430,747,01/07/2013
802,Jay,Wade,94 Ponteland Rd,HOVERINGHAM,NG14 1ID,Jay.H.Wade@trashymail.com,077 4716 1180,Visa,4485038544387340,259,01/05/2013
803,Sean,Chadwick,30 Shore Street,STOKE,PO11 5JA,Sean.L.Chadwick@mailinator.com,079 1784 5782,Visa,4485345320633580,648,01/01/2010
804,Sophia,Daly,8 Walden Road,GREINTON,TA7 1OX,Sophia.P.Daly@pookmail.com,077 1303 4101,Visa,4485892666188160,230,01/07/2013
805,Kyle,Arnold,64 Manor Way,GREAT SUTTON,SY8 8JU,Kyle.S.Arnold@dodgit.com,077 2464 2310,Visa,4929888951200000,805,01/09/2010
806,Danielle,Walton,81 Sutton Wick Lane,BRIGHTON,BN2 2CU,Danielle.O.Walton@trashymail.com,077 1114 3427,Visa,4929619830940200,696,01/01/2014
807,Bailey,Webb,90 Cloch Rd,ST IVES,PE17 6WN,Bailey.J.Webb@dodgit.com,079 1127 6164,Visa,4929092615634060,37,01/09/2010
808,Jade,George,28 Jesmond Rd,KILMALIEU,PH33 7HF,Jade.P.George@pookmail.com,077 5239 6770,Visa,4716594213704040,947,01/07/2011
809,Hayden,Bibi,50 Boughton Rd,WICK,BH6 5XZ,Hayden.M.Bibi@mailinator.com,078 5225 0395,Visa,4716395022283770,101,01/10/2013
810,Joshua,Carter,81 Redcliffe Way,WOOLFARDISWORTHY,EX39 7PB,Joshua.E.Carter@spambob.com,070 7185 3610,Visa,4716454732031550,966,01/02/2012
811,Katherine,Law,44 Henley Road,BOWLING BANK,LL13 1ER,Katherine.J.Law@spambob.com,077 3978 0937,Visa,4929549336830930,429,01/05/2014
812,Gabriel,Brennan,51 Temple Way,WITHAM,CM8 1UW,Gabriel.I.Brennan@dodgit.com,079 0239 7607,Visa,4485648778101690,90,01/03/2012
813,Alisha,Townsend,51 London Road,CONCHRA,IV40 0LV,Alisha.C.Townsend@trashymail.com,070 2889 6607,Visa,4929055899525070,903,01/11/2013
814,Shannon,Alexander,52 Hertingfordbury Rd,NEWPORT,SA42 4RX,Shannon.S.Alexander@mailinator.com,078 0605 7235,MasterCard,5110735053948720,283,01/09/2011
815,Phoebe,Hardy,35 Rhosddu Rd,FFAIRFACH,SA19 0QD,Phoebe.T.Hardy@pookmail.com,078 3750 7087,Visa,4716854331639960,652,01/08/2013
816,Aaliyah,Dawson,68 Shore Street,STOKE ORCHARD,GL52 4JY,Aaliyah.J.Dawson@spambob.com,078 3626 6720,Visa,4929340035350700,550,01/12/2013
817,Louie,Vincent,44 East Street,MARKBEECH,TN8 3PW,Louie.C.Vincent@pookmail.com,070 5577 8586,Visa,4485948862424560,588,01/08/2013
818,Aaliyah,Fletcher,37 Kendell Street,SHARNFORD,LE10 4FV,Aaliyah.E.Fletcher@mailinator.com,079 8949 0085,Visa,4485186429975500,338,01/08/2012
819,Kieran,Johnston,50 Cloch Rd,ST MARTINS,PH2 5MR,Kieran.M.Johnston@mailinator.com,077 2827 8866,Visa,4485969925486980,643,01/12/2014
820,Georgia,Iqbal,35 London Road,COMBE MOOR,LD8 9XR,Georgia.S.Iqbal@trashymail.com,070 5157 8547,Visa,4716310817118390,193,01/02/2014
821,Declan,Elliott,49 Trehafod Road,BUIRGH,HS3 3LC,Declan.A.Elliott@spambob.com,070 3783 3991,Visa,4716192026072890,641,01/03/2013
822,Mia,Young,16 Eastbourne Rd,COLDEN COMMON,SO21 8MH,Mia.J.Young@pookmail.com,077 1604 0826,Visa,4485011659970160,827,01/06/2013
823,Millie,Whitehead,67 High Street,ASHE,RG25 2WH,Millie.A.Whitehead@trashymail.com,077 4134 8752,Visa,4485035152233930,823,01/03/2012
824,Kyle,Fry,31 Ings Lane,DAVA,PH26 7GE,Kyle.A.Fry@mailinator.com,070 2641 7141,Visa,4485195727123380,739,01/03/2014
825,Zara,Campbell,36 Berkeley Rd,STREET,BA16 9FB,Zara.B.Campbell@spambob.com,077 4208 0893,Visa,4716219453320420,855,01/05/2012
826,Ethan,Cole,94 Boughton Rd,WHITSON,NP6 4BT,Ethan.I.Cole@spambob.com,070 5218 1531,Visa,4929587987338580,420,01/11/2010
827,Shannon,Gibson,30 Bootham Crescent,RIDDELL,TD6 7RZ,Shannon.M.Gibson@trashymail.com,078 6266 0822,Visa,4485910216164850,60,01/10/2010
828,Sam,Houghton,10 Seafield Street,LLECHRYD,NP2 1PC,Sam.L.Houghton@spambob.com,079 8820 8333,Visa,4929359635549380,534,01/08/2012
829,Hollie,Doyle,6 Lincoln Green Lane,CHURCH END,CV10 8PN,Hollie.L.Doyle@dodgit.com,079 1671 8649,Visa,4929083719199010,369,01/03/2012
830,Logan,Parsons,18 Tonbridge Rd,CONISBY,PA49 0PP,Logan.S.Parsons@dodgit.com,079 1942 1190,Visa,4929324878716890,845,01/11/2010
831,Kian,Davis,48 Prospect Hill,DRIBY,LN13 0MF,Kian.S.Davis@spambob.com,079 6048 9295,Visa,4485961971882920,888,01/04/2012
832,Leon,Harding,52 Gloucester Road,CLACKMANNAN,FK10 3IM,Leon.J.Harding@mailinator.com,079 1495 8745,Visa,4485322522472580,914,01/01/2011
833,Sarah,Perkins,75 Cefn Road,FARLOW,DY14 8YS,Sarah.S.Perkins@trashymail.com,078 1826 2752,Visa,4929838563389970,579,01/04/2010
834,Naomi,Rice,11 Constitution St,LLANGOED,LL58 6SK,Naomi.E.Rice@dodgit.com,078 3993 2074,Visa,4485320861982740,312,01/09/2013
835,Kiera,Parsons,88 Emerson Road,KIRKBURN,EH45 2LN,Kiera.J.Parsons@trashymail.com,070 3166 7268,Visa,4716951326463680,155,01/08/2010
836,Eloise,Lee,81 Davids Lane,STRONTIAN,PH36 4ED,Eloise.A.Lee@spambob.com,077 7653 6855,Visa,4485371361057180,438,01/02/2011
837,Ruby,Banks,85 Ivy Lane,WARENTON,NE70 1HT,Ruby.G.Banks@spambob.com,078 6894 0058,Visa,4716202773671040,872,01/04/2012
838,Sean,Hamilton,73 Worthy Lane,MAXTON,CT17 4JD,Sean.C.Hamilton@trashymail.com,078 1852 7638,Visa,4716087807237220,619,01/12/2012
839,Sarah,Fry,4 Canterbury Road,UPTON ST LEONARDS,GL4 9HJ,Sarah.J.Fry@spambob.com,077 2265 4116,Visa,4485268058958850,253,01/08/2014
840,Liam,Short,81 Stamford Road,ANSTEY,LE7 1HA,Liam.E.Short@mailinator.com,079 0448 1940,Visa,4929800828642240,581,01/02/2012
841,Cerys,O'Connor,27 Pendwyallt Road,BURRADON,NE65 8ZG,Cerys.E.O'Connor@trashymail.com,070 8853 1201,Visa,4716263217245370,193,01/05/2012
842,Liam,Humphries,91 Layburn Court,TOTEGAN,KW14 0WH,Liam.F.Humphries@mailinator.com,077 4303 9767,Visa,4485823032839630,500,01/11/2013
843,Ella,Robson,97 Preston Rd,MORBORNE,PE7 2KG,Ella.O.Robson@dodgit.com,070 5879 1557,Visa,4929946800135300,256,01/04/2011
844,Tilly,Noble,67 Southend Avenue,BLACK PILL,SA3 1TC,Tilly.A.Noble@trashymail.com,070 1785 7307,Visa,4716961685223040,740,01/03/2012
845,Joe,Bryant,62 Clasper Way,HICKLING,NR12 7DN,Joe.J.Bryant@mailinator.com,078 1957 3927,Visa,4485608981855800,811,01/08/2013
846,Liam,Page,65 Newport Road,CARMEL,LL54 7MC,Liam.Z.Page@mailinator.com,077 1332 5479,Visa,4716586037037240,941,01/06/2011
847,Shannon,Campbell,26 Copthorne Way,CAMUSNAGAUL,IV23 6SU,Shannon.C.Campbell@mailinator.com,078 5283 0743,Visa,4929559708074860,901,01/10/2014
848,Evan,O'Sullivan,58 Holburn Lane,HEATON MOOR,SK4 2NM,Evan.K.O'Sullivan@mailinator.com,070 5567 0639,Visa,4929139007993200,574,01/03/2011
849,Declan,Pollard,73 Pier Road,STANWELL,TW19 7MD,Declan.M.Pollard@mailinator.com,079 0094 4122,Visa,4716072273149920,689,01/02/2011
850,Courtney,Browne,47 Brynglas Road,GLETNESS,ZE2 0ZZ,Courtney.N.Browne@spambob.com,070 2639 5432,Visa,4485880946713040,339,01/01/2010
851,Rebecca,Akhtar,25 High St,THREE CROSSES,SA4 4CV,Rebecca.A.Akhtar@trashymail.com,070 2557 7492,Visa,4716248568347340,821,01/10/2010
852,Lola,Field,35 Sloe Lane,CUDDY HILL,PR4 5BY,Lola.K.Field@spambob.com,078 0252 9190,Visa,4716543786208660,805,01/02/2014
853,Oliver,Arnold,71 Bridge Street,GOOLE,DN14 6MD,Oliver.E.Arnold@spambob.com,070 0536 6675,Visa,4716669287588630,975,01/10/2012
854,Kate,Osborne,16 South Western Terrace,MILTON,PH8 6CR,Kate.J.Osborne@mailinator.com,079 2221 3220,Visa,4716598287633930,935,01/08/2012
855,Finlay,Godfrey,12 Front St,HENNY STREET,CO10 7RZ,Finlay.E.Godfrey@dodgit.com,077 4470 3953,Visa,4716287941530320,67,01/01/2010
856,Lauren,Davey,97 Northgate Street,BICKTON,SP6 1WC,Lauren.M.Davey@mailinator.com,070 1409 7127,Visa,4716110088679280,944,01/09/2010
857,Leah,Barnes,60 Essex Rd,TARVIN,CH3 6DR,Leah.M.Barnes@mailinator.com,079 7362 4978,Visa,4716553240726690,943,01/04/2011
858,Chloe,Long,54 Pendwyallt Road,BURTON,SA73 9OY,Chloe.H.Long@mailinator.com,070 1347 7959,Visa,4485768977943940,141,01/03/2014
859,Sofia,O'Donnell,28 Netherpark Crescent,STIFFORD'S BRIDGE,WR13 4GY,Sofia.F.O'Donnell@mailinator.com,078 7178 0899,Visa,4485305493553370,62,01/08/2010
860,Josh,Glover,61 Iolaire Road,NEW FRYSTON,WF10 4KX,Josh.I.Glover@pookmail.com,070 3102 4491,Visa,4485789535408620,36,01/01/2014
861,Tegan,Naylor,29 Thames Street,BONEHILL,B78 0AU,Tegan.G.Naylor@trashymail.com,077 7781 9140,Visa,4485170589464180,764,01/01/2011
862,Brandon,Hayward,5 Uxbridge Road,SMALL HYTHE,TN30 5MQ,Brandon.L.Hayward@spambob.com,078 7339 5543,Visa,4929289931791390,490,01/04/2010
863,Georgina,Iqbal,99 Boat Lane,RESCOBIE,DD8 2SP,Georgina.J.Iqbal@pookmail.com,077 1562 2811,Visa,4716708283846290,821,01/12/2011
864,Charles,Wilkins,1 Kingsway North,HOLT END,GU34 7DM,Charles.S.Wilkins@trashymail.com,077 5992 4427,Visa,4716589872375880,583,01/05/2010
865,Courtney,Hill,42 Spilman Street,GRAINSBY,DN36 0UE,Courtney.M.Hill@trashymail.com,079 4829 1170,Visa,4929237687320900,459,01/03/2013
866,Mason,Marsh,87 Emerson Road,KINROSSIE,PH2 4NJ,Mason.S.Marsh@trashymail.com,077 3216 1852,Visa,4929924834526690,542,01/07/2012
867,Harley,Daniels,99 Gordon Terrace,BASHLEY,BH25 0SV,Harley.S.Daniels@pookmail.com,070 8771 9601,Visa,4485050067661590,488,01/12/2010
868,Edward,Hancock,50 Sandyhill Rd,FULL SUTTON,YO4 1XN,Edward.S.Hancock@mailinator.com,077 5837 2675,Visa,4716974626721130,493,01/10/2014
869,Zachary,Leach,35 Hindhead Road,EARL'S CROOME,WR8 4EL,Zachary.N.Leach@pookmail.com,077 5843 9325,Visa,4929936402792580,590,01/02/2010
870,Ruby,Warner,26 Trinity Crescent,WHARTON,HR6 1HZ,Ruby.J.Warner@spambob.com,077 6046 0591,Visa,4485258985388930,404,01/09/2014
871,Finley,Russell,53 Graham Road,CHEW MAGNA,BS18 6FN,Finley.S.Russell@trashymail.com,079 3777 9426,Visa,4929211874299190,707,01/07/2011
872,Dylan,Simpson,78 Castledore Road,TWINSTEAD,CO10 4AF,Dylan.I.Simpson@spambob.com,078 0091 7850,Visa,4929398526413410,424,01/08/2011
873,Georgia,Watts,69 Cheriton Rd,WEST ORCHARD,SP7 8AF,Georgia.C.Watts@dodgit.com,079 2472 9729,Visa,4929054078876870,8,01/08/2010
874,Josh,Morris,53 Fore St,TRINANT,NP1 9BD,Josh.E.Morris@trashymail.com,079 2788 2274,Visa,4485043570872350,779,01/04/2014
875,Brooke,Nelson,69 Main St,ACHNAHA,PH36 5RW,Brooke.G.Nelson@mailinator.com,078 5248 5719,Visa,4929553796119540,974,01/12/2011
