Customer ID,Destination
215,Non-EU
217,EU
218,EU
219,EU
220,EU
224,Non-EU
226,EU
227,EU
228,Non-EU
230,Non-EU
231,EU
232,EU
235,EU
236,Non-EU
238,Non-EU
240,Non-EU
242,Non-EU
243,EU
244,Non-EU
245,Non-EU
246,Non-EU
248,EU
254,EU
255,Non-EU
256,Non-EU
257,Non-EU
258,EU
259,EU
261,Non-EU
262,Non-EU
263,EU
264,EU
265,Non-EU
266,EU
267,EU
269,Non-EU
271,Non-EU
272,Non-EU
274,EU
276,EU
277,Non-EU
279,Non-EU
285,EU
286,EU
287,EU
288,EU
289,Non-EU
291,Non-EU
294,EU
295,EU
298,Non-EU
299,EU
304,EU
305,Non-EU
306,Non-EU
307,Non-EU
311,EU
314,Non-EU
316,EU
318,Non-EU
320,EU
321,EU
323,Non-EU
324,EU
326,EU
328,Non-EU
330,Non-EU
334,EU
335,Non-EU
336,Non-EU
337,EU
338,EU
340,Non-EU
341,Non-EU
342,Non-EU
343,EU
344,Non-EU
347,Non-EU
350,EU
352,EU
356,Non-EU
359,Non-EU
360,EU
361,EU
362,EU
363,EU
366,Non-EU
367,EU
370,Non-EU
371,EU
372,Non-EU
373,Non-EU
376,Non-EU
377,EU
378,Non-EU
381,Non-EU
382,EU
384,EU
387,Non-EU
389,Non-EU
395,EU
396,Non-EU
397,EU
400,Non-EU
402,EU
405,EU
409,Non-EU
415,Non-EU
417,Non-EU
418,Non-EU
419,Non-EU
421,Non-EU
423,Non-EU
425,Non-EU
428,EU
431,EU
435,Non-EU
439,Non-EU
440,Non-EU
442,Non-EU
445,Non-EU
447,EU
448,Non-EU
449,EU
453,Non-EU
454,Non-EU
455,EU
456,Non-EU
457,EU
463,EU
464,Non-EU
470,EU
472,EU
473,EU
474,EU
475,Non-EU
481,EU
482,Non-EU
483,EU
484,EU
487,EU
488,Non-EU
489,EU
490,EU
491,Non-EU
499,EU
500,Non-EU
501,EU
502,Non-EU
505,EU
506,EU
507,EU
514,Non-EU
515,EU
516,EU
522,Non-EU
523,EU
528,Non-EU
529,EU
537,Non-EU
539,Non-EU
540,Non-EU
541,Non-EU
542,Non-EU
543,EU
544,EU
547,Non-EU
550,EU
551,Non-EU
552,EU
555,EU
557,Non-EU
558,EU
560,Non-EU
561,EU
563,EU
564,Non-EU
565,EU
566,EU
568,EU
580,Non-EU
581,EU
582,Non-EU
584,Non-EU
585,Non-EU
587,Non-EU
589,EU
592,EU
593,Non-EU
594,EU
595,EU
603,Non-EU
606,Non-EU
607,Non-EU
608,Non-EU
609,Non-EU
611,EU
613,EU
615,EU
618,EU
620,EU
621,Non-EU
623,EU
624,Non-EU
625,Non-EU
631,Non-EU
633,Non-EU
636,EU
640,Non-EU
642,EU
645,EU
646,Non-EU
652,Non-EU
655,EU
656,EU
658,EU
659,EU
661,EU
663,Non-EU
664,EU
666,EU
669,Non-EU
670,EU
672,Non-EU
674,Non-EU
675,EU
680,EU
683,EU
684,Non-EU
687,EU
688,Non-EU
690,EU
693,EU
695,EU
696,Non-EU
697,EU
706,Non-EU
708,EU
710,Non-EU
711,EU
712,Non-EU
713,Non-EU
714,Non-EU
715,Non-EU
717,Non-EU
718,Non-EU
720,EU
725,Non-EU
727,Non-EU
728,EU
729,EU
732,EU
734,Non-EU
735,EU
736,Non-EU
742,Non-EU
743,Non-EU
745,Non-EU
747,Non-EU
749,Non-EU
751,EU
753,EU
754,EU
755,Non-EU
757,EU
759,Non-EU
763,Non-EU
767,Non-EU
770,Non-EU
776,Non-EU
777,EU
778,EU
779,Non-EU
780,Non-EU
783,Non-EU
785,Non-EU
786,Non-EU
787,EU
791,EU
792,EU
794,EU
796,Non-EU
797,EU
800,EU
803,Non-EU
804,Non-EU
805,Non-EU
807,EU
808,Non-EU
809,Non-EU
810,Non-EU
813,Non-EU
814,EU
816,Non-EU
817,EU
822,EU
827,EU
829,Non-EU
832,EU
833,EU
834,EU
840,Non-EU
841,Non-EU
842,EU
843,EU
845,Non-EU
849,Non-EU
850,EU
851,Non-EU
852,EU
853,Non-EU
855,Non-EU
857,Non-EU
858,Non-EU
862,Non-EU
863,Non-EU
864,Non-EU
865,Non-EU
