Artist_ID,Name,Notes
BLA,Black Sabbath,First album 1963
PBA,Pink Bananas,Heavy rock/metal
LYR,Lyryx,Indie rock/pop
JWA,Joe Walsh,Rock
RUS,Rush,Metal
RAB,Red Abyss,Rock
RAI,Rainbow,Metal
DGI,David Gilmour,Rock
JPA,Jimmy Page,Heavy metal
BCO,Bad Company,Rock
SNO,Snow Patrol,Metal
AER,Aerosmith,Metal
ZEP,Led Zeppelin,Rock
DRA,Dragonforce,Metal
NIC,Nickelback,Metal
SLI,Slipknot,Metal
BSC,Black Stone Cherry,Rock
KIS,Kiss,Rock
LYS,Lynyrd Skynyrd,Rock
MET,Metallica,Metal
BON,Bon Jovi,Rock
WOL,Wolfmother,Rock
SQU,Status Quo,Rock
ZZT,Zz Top,Rock
BTS,Blacker Than Sabbath,Heavy Metal
MOT,Motorhead,Heavy Metal
IRM,Iron Maiden,Metal
RED,Redemption Metal,Metal
TCV,Them Crooked Vultures,Rock
FOF,Foo Fighters,Rock
FMA,Florence and the machines,Rock
DPU,Deep purple,Rock
