Album_ID,Title,Label_ID,Artist_ID,Release_date,Notes
4,Black Sabbath,WBR,BLA,13/12/2007,Re-release of first album digitally enhanced
6,Bananas in the pink,RIC,PBA,01/04/2011,Newest band for RockICT
7,Lyryx III,RIC,LYR,01/03/2011,3rd Album - first with this label
8,The smoker you drink the player you get,IMP,JWA,20/12/2000,Digitally remastered
9,Ritchie Blackmores Rainbow,POL,RAI,28/06/1999,Digitally remastered
10,Luci's love child,EUR,RAB,06/01/1992,Debut album
13,Rainbow Rising,POL,RAI,28/06/1999,Digitally remastered
14,On an Island,EMI,DGI,06/03/2006,Ex Pink Floyd
16,Outrider,GEF,JPA,15/03/2004,
18,But seriously folks,WBR,JWA,24/07/1991,Digitally remastered
21,Up to Now,POL,SNO,09/11/2009,Compliation
22,Vol 4,SAN,BLA,21/09/2009,Digitally remastered
25,Permanent waves,MER,RUS,07/07/1977,
26,Master of Reality,SAN,BLA,29/06/2009,Digitally remastered
27,Mob Rules,SAN,BLA,30/03/2009,Digitally remastered
28,Paranoid,WBR,BLA,24/05/2009,
29,Chronicles,MER,RUS,29/08/1990,
30,Greatest Hits,UMT,BLA,15/06/2009,First released on UMTV
31,Working men,EAG,RUS,30/11/2009,
32,Spirit of Radio: Greatest Hits,MER,RUS,10/03/2003,
34,Snakes and Arrows Live,EAG,RUS,24/11/2008,Live also available on BluRay
35,2112,MER,RUS,07/07/1997,Digitally remastered
37,Rush,MER,RUS,05/05/2008,Digitally remastered
38,Power windows,IMP,RUS,05/05/2008,Digitally remastered
39,Caress of Steel,MER,RUS,15/09/1997,
40,Farewell to Kings,MER,RUS,07/07/1997,Digitally remastered
41,Sabotage,SAN,BLA,21/09/2009,Digipack
42,Never Say Die,SAN,BLA,21/09/2009,Digipack
43,Born Again,SAN,BLA,30/03/2009,
45,Technical Ecstacy,SAN,BLA,21/09/2009,Digipack
46,Seventh Star,SAN,BLA,30/03/2009,
47,A little south of sanity,POL,AER,20/03/1999,
48,Part IV,RIC,PBA,01/04/2011,Latest signing
49,Straightshooter,EAW,BCO,18/07/1994,Digitally remastered
50,Bad Co,EAW,BCO,19/09/1994,Digitally remastered
51,In through the out door,ATL,ZEP,15/08/1994,Digitally remastered
52,Physical graffiti,ATL,ZEP,15/08/1994,Digitally remastered
53,How the west was won,ATL,ZEP,26/05/2003,
54,Inhuman Rampage,ROA,DRA,09/01/2006,
55,Iowa,ROA,SLI,27/08/2001,
56,Black Stone Cherry,ROA,BSC,02/04/2007,
57,God and guns,ROA,LYS,28/09/2009,Deluxe edition
58,Ultra Beatdown,ROA,DRA,25/08/2008,
60,Dark Horse,ROA,NIC,17/11/2008,
61,Metallica,MER,MET,11/07/1991,
64,2011,RIC,BTS,01/01/2011,
65,Olympic Rock,RIC,BTS,01/04/2011,
66,Ace of Spades,SAN,MOT,28/06/2004,
67,Essential,MET,MOT,12/02/2007,2 CD
69,Somewhere back in time,EMI,IRM,14/09/1998,Digitally remastered
70,Flight 666,EMI,IRM,25/05/2009,
71,III,ATL,ZEP,18/07/1994,Digitally remastered
73,Four symbols,ATL,ZEP,18/07/1994,Digitally remastered
74,Circle,MER,BON,02/11/2009,
75,Circle,MER,BON,02/11/2009,Deluxe edition
77,All hope is gone,ROA,SLI,25/08/2008,
80,Volume 3 - subliminal verses,ROA,SLI,24/05/2004,
83,We Sold Our Soul For Rock And Roll,SAN,BLA,25/10/2004,Live soundtrack
86,Sonic Boom,ROA,KIS,05/10/2009,
87,Best of,SAN,MOT,07/02/2005,Compilation
90,On Parole,EMI,MOT,07/02/2005,
93,Essential Noize,MET,MOT,11/04/2005,
94,Metal,EMI,RED,03/08/2003,
96,Live at Midison Saquare Garden,MER,BON,23/11/2009,
97,II,ATL,ZEP,18/07/1994,Digitally remastered
99,Them Crooked Vultures,COL,TCV,16/11/2009,
101,Dark Side - Part II,RIC,BTS,01/07/2006,
103,Greatest Hits,COL,FOF,02/11/2009,
106,Lungs,ISL,FMA,06/07/2009,Mercury prize winner
107,Best of,EMI,DPU,12/10/1998,
109,Machine Head,EMI,DPU,08/09/1997,Digitally remastered
110,Made in Japan,EMI,DPU,19/01/1998,Digitally remastered
112,In Rock,EMI,DPU,19/06/1995,
113,Who do we think we are,EMI,DPU,23/10/2000,
114,Book of Taliesyn,EMI,DPU,07/02/2000,
115,Made in Europe,HAR,DPU,24/09/1990,
118,Come taste the band,EMI,DPU,03/07/1995,
119,Dark Side,RIC,BTS,01/07/2005,
121,Iron Maiden,EMI,IRM,14/09/1998,Digitally remastered
122,Number of the beast,EMI,IRM,14/09/1998,Digitally remastered
123,Powerslave,EMI,IRM,14/09/1998,Digitally remastered
124,Piece of mind,EMI,IRM,14/09/1998,Digitally remastered
125,Seveth son of a seveth son,EMI,IRM,14/09/1998,Digitally remastered
128,Killers,EMI,IRM,14/09/1998,Digitally remastered
129,Dance of Death,EMI,IRM,08/09/2003,
132,Brave New World,EMI,IRM,08/09/2003,
134,Dance of Death,EMI,IRM,29/05/2000,
135,Fear of the Dark,EMI,IRM,14/09/1998,Digitally remastered
137,Slippery when wet,MER,BON,05/10/1998,Digitally remastered
139,New Jersey,MER,BON,05/10/1998,Digitally remastered
140,Steel Box Collection,BMG,MOT,,Greatest Hits
141,1916,SON,MOT,05/10/2009,March or Die/2 CD
142,Blacker than the night,RIC,BTS,14/07/2008,
143,Essential,SPE,SQU,19/11/2001,3 cd
144,Crush,ISL,BON,04/09/2000,UK Version
145,Quo,MER,SQU,31/01/2005,Digitally remastered
146,Live from Texas,EAG,ZZT,23/06/2008,
148,Pictures,EAG,SQU,12/10/2009,Live at Montreux 2009
151,Cosmic Egg,ISL,WOL,26/10/2009,
153,Lost Highway,MER,BON,11/06/2007,
155,Run with the pack,EAW,BCO,12/05/1988,Digitally remastered
157,Desolation angels,ATL,BCO,19/09/1994,Digitally remastered
159,Song remains the same,ATL,ZEP,03/12/2007,Digitally remastered
161,One,ATL,ZEP,18/07/1994,Digitally remastered
