Driver ID,Status,Forename,Surname
7,Full Time,Kratika,Gupta
8,Full Time,Didier,Watson
9,Full Time,Olga,Schneider
10,Full Time,Peter,Perfection
11,Full Time,Tomas,Jacobs
12,Full Time,Elliot,Cotterill
13,Full Time,Siddharth,Gad
14,Full Time,Holly,Chase
15,Full Time,Peter,Kelly
16,Full Time,Pat,Pushing
17,Full Time,Louis,Claes
18,Full Time,Kratika,Dhiman
19,Full Time,Lydia,Blenkinsop
20,Full Time,Fatima,Hegde
21,Full Time,Friederike,Trommler
22,Full Time,Friedhelm,Beyer
23,Full Time,Evert,Bayer
24,Full Time,Pilar,Pagan
25,Full Time,Nikos,Nicolaides
26,Full Time,Suzanne,Miller
27,Full Time,Toni,Fernandez
28,Full Time,Jeremy,Pinoir
29,Full Time,Pablo,Garrido
39,Full Time,Holly,Jenkinson
70,Part Time,Eugenio,Lopez
71,Part Time,Dawid,Jones
72,Part Time,Oral,Strauss
73,Part Time,Gunther,Schmitt
74,Part Time,Gerhardt,Weissmuller
75,Part Time,Karl,Roth
76,Part Time,Maria,Schiffer
80,Trainee,Jim,Roberts
81,Trainee,Michael,Royle
82,Trainee,Victor,Castro
83,Trainee,Traugott,Wexler
85,Trainee,Rafael,Lopez
87,Trainee,Juan,Suarez
88,Trainee,Sharon,Jolley
89,Trainee,Teresa,Lopez
90,Supervisor,Karthilene,Platt
