BoatName,BoatModel,Region
Sea Dancer,Sealine T50,Balearic
Sea Roamer,Sealine T50,Ionian
Sea Runner,Sealine T50,Aegean
Sea Wolf,Sealine S42,Ionian
Sea Witch,Sealine S42,Aegean
Sea Hawk,Sealine F42-5,Ionian
Sea eagle,Sealine F42-5,Aegean
Fair Winds,Fairline Squadron 62 ,Balearic
Fair Trader,Fairline Squadron 62 ,Ionian
Fair Lady,Fairline Targa 38,Balearic
Fair Dinkum,Fairline Targa 38,Ionian
Fair Play,Fairline Targa 38,Aegean
Gillian,Gwylan,Balearic
Georgina,Gwylan,Ionian
Geraldine,Gwylan,Aegean
Lady Fiona,Fideliter,Balearic
Lady Frederica,Fideliter,Ionian
Pincess Jade,Princess V53,Ionian
Princess Jewel,Princess V53,Aegean
Sun Seeker,Sunseeker Manhattan 64,Balearic
Sun Searcher,Sunseeker Manhattan 64,Ionian
Sun Bird,Sunseeker Manhattan 64,Aegean
Sun Chaser,Sunseeker Predator 72,Ionian
Sun Dancer,Sunseeker Predator 72,Aegean
