Faculty,Code,Award,Full_Time,Course_Title 
Agriculture,AG-AB-1,BSc,-1,Agricultural Business Management
Agriculture,AG-AG-1,BSc,-1,Agriculture
Agriculture,AG-AS-3,BSc,-1,Animal Science
Arts,AR-AA-2,BA,-1,Art
Arts,AR-AA-3,MA,-1,Ancient Art
Arts,AR-AE-1,BA,-1,Art & English Literature
Arts,AR-AF-3,BA,-1,Art & Film and Theatre
Arts,AR-AH-2,BA,-1,Art & History of Art
Arts,AR-AP-2,BA,-1,Art & Philosophy
Arts,AR-AS-2,BA,-1,Art & Psychology
Arts,AR-FA-1,BA,-1,Fine Art
Arts,AR-FT-4,BA,-1,Film & Theatre
Arts,AR-GC-3,BA,-1,Graphic Communication
Arts,AR-TA-1,BA,-1,Theatre Arts Education and Deaf Studies
Arts,AR-TT-3,MA,-1,Film Theatre or Television
Construction,CO-BE-4,BSc,-1,Built Environment Management
Construction,CO-BS-3,BSc,-1,Building Surveying
Construction,CO-CC-1,MSc,-1,Construction Cost Management
Construction,CO-CM-3,BSc,-1,Construction Management
Construction,CO-CN-3,MSc,-1,Construction Management
Construction,CO-QS-4,BSc,-1,Quantity Surveying
Construction,CO-AB-3,MSc,-1,Applied Informatics - Biodiversity Informatics
Construction,CO-AC-3,BSc,-1,Applied Computer Science
Construction,CO-AC-4,MEng,-1,Artificial Intelligence and Cybernetics
Construction,CO-AI-2,BSc,-1,Artificial Intelligence and Cybernetics
Construction,CO-AT-4,BSc,-1,Applied Information Technology
Construction,CO-CI-4,MSc,-1,Applied Informatics - Construction Informatics
Construction,CO-CS-2,BSc,0,Computer Science
Construction,CO-CY-2,MEng,-1,Cybernetics
Construction,CO-CZ-3,MSc,-1,Cybernetics
Construction,CO-DS-3,MSc,-1,Digital Signal Processing and Communications
Construction,CO-EE-3,BEng,-1,Electronic Engineering
Construction,CO-EF-3,MEng,-1,Electronic Engineering
Construction,CO-IA-4,MSc,-1,Informatics 
Construction,CO-IB-3,MSc,0,Intelligent Buildings
Construction,CO-ID-4,MA,-1,Information Design
Construction,CO-IM-3,MSc,-1,Information Management and Systems
Construction,CO-IR-3,MSc,-1,Informatics by Research
Construction,CO-IT-1,BSc,-1,Information Technology
Construction,CO-ME-1,MMechEng,-1,Mechanical Engineering
Construction,CO-PM-2,MSc,-1,Project Management
Construction,CO-PN-1,MSc,-1,Project Management
Construction,CO-RO-3,BSc,-1,Robotics
Construction,CO-RP-1,MEng,-1,Robotics
Economics,EC-AB-4,BA,-1,Accounting and Business
Economics,EC-AE-2,BSc,-1,Accounting and Economics 
Economics,EC-AE-3,BA,-1,Accounting and Economics
Economics,EC-AF-1,MSc,-1,Accounting and Financial Management
Economics,EC-AM-4,BA,-1,Accounting and Management
Economics,EC-BA-3,MSc,-1,Business Analysis
Economics,EC-BE-4,BA,-1,Business Economics
Economics,EC-BF-2,BSc,-1,Business Economics
Economics,EC-BG-1,MSc,-1,Business Economics
Economics,EC-BI-2,MSc,-1,Business Information Management
Economics,EC-BM-3,BA,0,Business and Management
Economics,EC-BN-1,BA,-1,Business and Management
Economics,EC-BO-4,MA,-1,Business and Management in Emerging Markets
Economics,EC-BR-1,MSc,-1,Business and Management Research
Economics,EC-BS-1,BSc,-1,Business Statistics and Marketing
Economics,EC-BT-2,MSc,-1,Business Technology Consulting
Economics,EC-BW-4,MSc,-1,Banking and Finance in Emerging Economies
Economics,EC-BX-3,MSc,-1,Banking and Financial Systems in the Global Economy
Economics,EC-CF-1,BSc,-1,Consumer Behaviour & marketing
Economics,EC-CP-2,MSc,-1,Corporate Finance
Economics,EC-DF-2,MSc,-1,Development Finance
Economics,EC-DP-2,MSc,-1,Development Planning
Economics,EC-DQ-4,MSc,-1,Development Policy Practice and Process
Economics,EC-DR-4,MA,-1,Developmental Psychopathology
Economics,EC-EA-3,BA,-1,Economics
Economics,EC-EB-1,BSc,-1,Economics
Economics,EC-ED-3,MSc,-1,Economic Development in Emerging markets
Economics,EC-EE-3,BSc,-1,Economics & Econometrics
Economics,EC-EI-1,MSc,-1,Economics of International Business and Finance
Economics,EC-FB-4,BSc,-1,Food marketing & Business Economics
Economics,EC-FE-4,MSc,-1,Financial Engineering
Economics,EC-FF-4,MSc,-1,Food Economics and marketing
Economics,EC-FI-2,BSc,-1,Finance and Investment banking
Economics,EC-FM-2,MSc,-1,Financial Risk Management
Economics,EC-FR-1,MSc,-1,Financial Research
Economics,EC-IB-3,MSc,-1,International Business
Economics,EC-ID-2,MSc,-1,International Economic Development
Economics,EC-IE-2,MSc,-1,International Business and Economic Development
Economics,EC-IF-1,MSc,-1,International Banking and Financial Services
Economics,EC-IG-1,MSc,-1,International Business and Finance
Economics,EC-IH-2,MSc,-1,International Finance and Economic Development
Economics,EC-II-1,MSc,-1,Investment banking and Islamic Finance
Economics,EC-IM-2,MSc,-1,International Management and Accounting
Economics,EC-IN-3,MSc,-1,Investment Management
Economics,EC-IP-3,BSc,-1,Investment and Finance in Property
Economics,EC-IR-4,BA,-1,International Relations & Economics
Economics,EC-IS-3,MSc,-1,International Securities Investment and banking
Economics,EC-IT-3,MSc,-1,International Shipping and Finance
Economics,EC-MI-4,BSc,-1,Management with Information Technology
Economics,EC-MM-3,MSc,-1,Marketing and International Management
Economics,EC-RE-1,BSc,-1,Real Estate
Economics,EC-RF-1,MSc,0,Real Estate
Economics,EC-RG-3,MSc,-1,Real Estate
Economics,EC-RH-4,MSc,-1,Real Estate Economics
Economics,EC-RI-4,MSc,-1,Real Estate Finance
Economics,EC-RJ-3,MSc,-1,Real Estate Finance & Investment
Economics,EC-RK-2,MSc,-1,Real Estate Investment & Finance
Economics,EC-RL-1,MSc,-1,Rural Land and Business Management
Economics,EC-SD-4,MA,-1,Social Development and Sustainable Livelihoods
English,EN-EA-4,BA,0,English
English,EN-EB-1,MA,-1,English
English,EN-EE-4,BA,-1,English Literature and European Literature and Culture
English,EN-EF-3,BA,0,English Literature and Film & Theatre
English,EN-EF-4,BA,-1,English Literature with French
English,EN-EG-4,BA,-1,English Literature and German
English,EN-EI-2,BA,-1,English Literature and Italian
English,EN-EL-4,BA,-1,English Language
English,EN-EM-2,BA,-1,English Language
English,EN-EN-1,BA,-1,English Language and Literature
English,EN-EO-2,BA,-1,English Literature
English,EN-EP-2,BA,-1,English Literature and Politics
English,EN-ER-1,BA,-1,English Literature and International Relations
English,EN-ET-1,MA,-1,English Language Teaching
English,EN-MC-1,MA,-1,Modern and Contemporary Writing
French,FR-FA-3,BA,-1,French and History of Art
French,FR-FE-2,BA,-1,French and Economics
French,FR-FG-1,BA,-1,French and German
French,FR-FH-2,BA,-1,French and History
French,FR-FI-2,BA,-1,French and Italian
French,FR-FL-3,BA,-1,French Studies and English Language
French,FR-FM-3,BA,-1,French and Management Studies
French,FR-FN-3,BA,-1,French and English Literature
French,FR-FP-1,BA,-1,French Studies and Politics
French,FR-FR-2,BA,0,French and International Relations
French,FR-FS-1,BA,-1,French Studies
French,FR-FT-2,BA,-1,French Studies
German,GE-GA-1,BA,-1,German and History of Art
German,GE-GE-1,BA,-1,German and Economics
German,GE-GE-2,BA,-1,German and Economics
German,GE-GE-3,BA,-1,German Studies and English Language
German,GE-GH-4,BA,-1,German and History
German,GE-GI-2,BA,-1,German and Italian
German,GE-GM-3,BA,-1,German and Management Studies
German,GE-GP-3,BA,-1,German and Politics
German,GE-GR-3,BA,-1,German & International Relations
German,GE-GS-1,BA,-1,German Studies
German,GE-GT-2,BA,-1,German Studies
German,GG-CC-2,MSc,-1,Climate Change and Development
German,GG-GE-1,MSc,-1,Geoarchaeology
German,GG-GF-1,BSc,-1,Geography and Economics
German,GG-HG-4,BSc,-1,Human Geography
German,GG-HP-4,BSc,-1,Human and Physical Geography
German,GG-MC-1,BSc,-1,Meteorology and Climate
German,GG-PG-4,BSc,0,Physical Geography
German,GG-UP-4,BSc,-1,Urban Planning and Development
History,HI-AA-4,BA,-1,Ancient History & Archaeology
History,HI-AC-4,BA,-1,Archaeology & Classical Studies
History,HI-AH-2,BA,-1,Archaeology & History
History,HI-AH-4,BA,-1,Ancient History
History,HI-AI-3,BA,0,Archaeology & Italian
History,HI-AW-3,BA,-1,Archaeology
History,HI-AX-3,BA,-1,Archaeology
History,HI-AY-4,BSc,-1,Archaeology
History,HI-AZ-1,MA,-1,Archaeology
History,HI-CA-2,BA,-1,Classical Studies and History of Art
History,HI-CB-2,BA,-1,Classics
History,HI-CC-4,BA,-1,Classics
History,HI-CD-4,MA,-1,Classics
History,HI-CE-1,BA,-1,Classical Studies and English Literature
History,HI-CM-3,BA,-1,Classical and Medieval Studies
History,HI-CR-2,MA,-1,City of Rome
History,HI-CS-1,BA,-1,Classical Studies
History,HI-CT-2,MA,0,Classical Tradition
History,HI-EC-4,BA,-1,European Cultures and Histories
History,HI-HA-1,BA,-1,History of Art
History,HI-HA-3,BA,-1,Ancient History and History
History,HI-HB-1,BA,0,History of Art
History,HI-HC-3,BA,-1,History of Art & English Literature
History,HI-HD-4,MA,-1,History of Art and Architecture
History,HI-HE-2,BA,-1,History and Economics
History,HI-HH-2,BA,-1,History and Philosophy
History,HI-HH-3,BA,-1,History of Art and History
History,HI-HI-2,BA,-1,History and International Relations
History,HI-HL-4,BA,0,History and English Literature
History,HI-HP-3,BA,-1,History and Politics
History,HI-HX-2,BA,-1,History
History,HI-HY-4,BA,-1,History
History,HI-MA-3,MA,-1,Medieval Archaeology
History,HI-MH-3,MA,-1,Military History and Strategic Studies
History,HI-MI-1,MA,0,Modern History
History,HI-MJ-2,MA,-1,Modern History
History,HI-MK-1,MSc,-1,Modern History
History,HI-ML-2,MA,0,Modern Italian History
History,HI-MS-4,MA,0,Medieval Studies
History,HI-MT-1,MA,-1,Medieval Studies
History,HI-NC-4,MA,-1,NineteentH-Century Literature and Culture
History,HI-RA-3,MA,-1,Research in Archaeology
Italian,IT-IA-2,BA,-1,Italian and History of Art
Italian,IT-IC-3,BA,-1,Italian and Classical Studies
Italian,IT-IE-1,BA,-1,Italian and Economics
Italian,IT-IH-3,BA,-1,Italian and History
Italian,IT-II-1,BA,-1,Italian and International Relations
Italian,IT-IL-4,BA,-1,Italian Studies and English Language
Italian,IT-IM-4,BA,-1,Italian and Management Studies
Italian,IT-IP-3,BA,-1,Italian and Politics
Italian,IT-IS-3,BA,0,Italian Studies
Italian,IT-IT-1,BA,-1,Italian Studies
Law,LA-AL-3,LLM,-1,Advanced Legal Studies
Law,LA-EU-2,LLM,-1,European Union Law
Law,LA-IC-3,LLM,-1,International Commercial Law
Law,LA-IF-2,LLM,-1,International Corporate Finance
Law,LA-IL-3,LLM,-1,International Law and World Order
Law,LA-IR-4,LLM,-1,International Financial Regulation
Law,LA-LA-2,LLB,-1,Law
Law,LA-LL-4,LLB,-1,Law with Legal Studies in Europe
Mathematics,MA-CM-2,BSc,-1,Computational mathematics
Mathematics,MA-MA-4,MMath,-1,Mathematics
Mathematics,MA-MB-3,BSc,-1,Mathematics
Mathematics,MA-MC-4,MMath,0,Mathematics
Mathematics,MA-MP-4,BSc,-1,Mathematics and Psychology
Mathematics,MA-MS-2,BSc,-1,Mathematics and Statistics 
Mathematics,MA-SA-2,BSc,-1,Statistics / Applied Statistics
Philosophy,PH-EV-2,BA,-1,Ethics Value & Philosophy
Philosophy,PH-PC-4,BA,-1,Philosophy and Classical Studies
Philosophy,PH-PE-4,BA,0,Philosophy and English Literature
Philosophy,PH-PF-1,BA,-1,Philosophy and French
Philosophy,PH-PG-3,BA,-1,Philosophy and German
Philosophy,PH-PI-2,BA,-1,Philosophy and Italian
Philosophy,PH-PP-1,BA,-1,Philosophy and Politics
Philosophy,PH-PR-4,BA,-1,Philosophy and International Relations
Philosophy,PH-PX-4,BA,-1,Philosophy
Philosophy,PH-PY-3,BA,-1,Philosophy
Philosophy,PH-PZ-3,MA,-1,Philosophy
Politics,PO-PE-1,BA,-1,Politics & Economics
Politics,PO-PR-1,BA,-1,Politics & International Relations
Psychology,PS-PB-4,BSc,-1,Psychology & Biology
Psychology,PS-PC-1,BSc,-1,Psychology Childhood and Ageing
Psychology,PS-PM-2,BSc,-1,Psychology Mental and Physical Health
Psychology,PS-PP-4,BA,-1,Psychology and Philosophy
Psychology,PS-PS-2,BSc,-1,Psychology
Psychology,PS-RP-4,MSc,-1,Research Methods in Psychology
Science,SC-AD-3,MSc,-1,Agriculture and Development
Science,SC-AD-4,MSc,-1,Agricultural Development Economics
Science,SC-AE-1,MSc,-1,Agricultural Economics
Science,SC-BC-1,BSc,-1,Biochemistry
Science,SC-BI-3,BSc,-1,Biological Sciences with Industrial Experience
Science,SC-BS-3,BSc,-1,Biological Sciences
Science,SC-BT-2,BSc,-1,Biomedical Sciences
Science,SC-BX-3,MSc,-1,Biometry
Science,SC-CA-4,BSc,-1,Chemistry
Science,SC-CB-4,MChem,-1,Chemistry
Science,SC-CC-1,BSc,-1,Chemistry with a Year in Industry
Science,SC-CD-2,MChem,-1,Chemistry with a Year in Industry
Science,SC-CE-4,BSc,-1,Chemistry with Education
Science,SC-CF-1,BSc,-1,Chemistry with Forensic Analysis
Science,SC-CG-4,MChem,-1,Chemistry with Forensic Analysis
Science,SC-CM-1,MChem,-1,Chemistry with Medicinal Chemistry 
Science,SC-CN-1,MA,-1,Cognitive Neuroscience
Science,SC-CR-2,MSc,-1,Chemical Research
Science,SC-DA-2,MA,-1,Data Assimilation and Inverse Modelling in Geosciences
Science,SC-EC-3,BSc,-1,Environmental and Countryside Management
Science,SC-EE-4,BSc,-1,Environmental Science with Professional Experience
Science,SC-EP-4,MSc,0,Environmental Pollution
Science,SC-ES-2,MEnvSci,-1,Environmental Science
Science,SC-ET-1,MEnvSci,-1,Environmental Science 
Science,SC-FB-2,BSc,-1,Food Science with Business
Science,SC-FS-3,BSc,-1,Food Science
Science,SC-FT-2,MSc,-1,Food Science
Science,SC-FT-3,BSc,-1,Food Technology and Bioprocessing
Science,SC-HO-2,MSc,-1,Horticulture
Science,SC-LM-3,BSc,-1,Land Management
Science,SC-MI-2,BSc,-1,Microbiology
Science,SC-NC-2,BSc,-1,Nutrition with Food Consumer Sciences
Science,SC-NF-3,BSc,-1,Nutrition and Food Science
Science,SC-NL-2,MSc,-1,Neuroscience of Language
Science,SC-PD-1,MSc,-1,Plant Diversity
Science,SC-PH-2,MPharm,-1,Pharmacy
Science,SC-RA-4,MSc,-1,Research Agricultural and Food Economics
Science,SC-RE-3,MSc,-1,Renewable Energy
Science,SC-SE-2,MSc,-1,Soils and Environmental Pollution
Science,SC-SI-4,MSc,-1,Species Identification and Survey Skills
Science,SC-WM-2,MSc,-1,Wildlife Management and Conservation
Science,SC-ZO-4,BSc,-1,Zoology
