Accom,Residence,Address_1,A,B,Zip_Code
BH,Broughton Halls,University of Tawara,Main Campus,Tawara,4309
D2H,Dilbridge II,University of Tawara,Dockside,Port Peppard,4309
DH,Denley Hall,University of Tawara,Main Campus,Tawara,4309
DR,Dilbridge Road,University of Tawara,Dockside,Port Peppard,4309
EAST,East Hall,University of Tawara,Main Campus,Tawara,4309
EH,Eaves Hall,University of Tawara,Central,Appleton,4309
MH,Manley Hall,University of Tawara,Manley,Eccleshill,4309
SH,Sibley Hall,University of Tawara,Manley,Dunescroft,4309
SL,Surfers Lodge,University of Tawara,Mile End,Stannerley,4306
WK,White Knights,University of Tawara,,Dunescroft,4306
X,Not in UoTB Halls,,,,
