Student_ID,Student_Type,A,Family_Name,Accom,Telephone,Birth_Date,Course_Code,Tutor_Code
11Y05132,O,Julie,Andrews,X,545231544,12/08/1993,EC-AB-4,CTY
13A00261,IP,Annie,Rennie,EH,555123489,01/01/1992,LA-IL-3,CTY
33A05447,O,Tracy,Royle,EH,555123489,12/03/1993,EN-MC-1,VPA
34P01083,IP,Summer,Kacaratchi,EH,555123489,22/01/1993,EC-FB-4,LBR
35V04147,H,Karoline,Strauss,EH,555123489,09/03/1993,CO-CY-2,SCO
36T04790,H,Sandra,Cooper,EH,555123489,11/02/1993,AR-AA-2,FJO
37V05103,IG,Stuart,Davies,EH,555123489,14/01/1993,HI-AC-4,BMO
38Y00915,IG,Jens,Maloi,EH,555123489,30/05/1993,AR-GC-3,SKA
39P00090,IG,Claire,Turner,EH,555123489,28/06/1993,EC-DP-2,CTY
40X03763,IP,Karla,Maier,EH,555123489,24/05/1993,AR-AA-3,CMO
41F04870,O,Amy,Nichols,EH,555123489,14/02/1993,AG-AG-1,CNO
42A09200,O,Antonio,Rangel,EH,555123489,13/07/1993,HI-HH-3,TMI
43K05732,O,Dietmar,Strauss,EH,555123489,22/02/1993,FR-FM-3,CNO
44V06392,O,Graham,White,EH,555123489,04/03/1985,HI-HA-1,YLO
112P05295,IP,Kratika,Gupta,EH,555123489,24/07/1993,EN-EO-2,XYU
132T05424,H,Didier,Watson,EH,555123489,26/06/1993,AR-AA-2,PHO
133A05967,IP,Olga,Schneider,EH,555123489,17/07/1993,HI-HB-1,XYU
134X00364,IP,Peter,Perfection,EH,555123489,09/08/1993,GE-GE-1,YLO
135X01441,IP,Tomas,Jacobs,EH,555123489,18/07/1993,CO-CY-2,PHO
136F05362,O,Elliot,Cotterill,EH,555123489,30/06/1993,AR-AS-2,CCI
137A01759,IP,Siddharth,Gad,EH,555123489,02/08/1993,HI-AC-4,LBR
138Y03126,IG,Holly,Chase,EH,555123489,30/06/1993,AR-GC-3,HSC
139P02384,O,Peter,Kelly,EH,555123489,23/02/1993,HI-HA-3,AMA
140K03239,H,Pat,Pushing,EH,555123489,04/05/1993,HI-MJ-2,CCI
141Y00092,IP,Louis,Claes,EH,555123489,23/04/1993,CO-ID-4,PHO
142T04900,IP,Kratika,Dhiman,X,555875634,22/03/1993,MA-MP-4,AVI
143V03151,IG,Lydia,Blenkinsop,X,555871124,11/03/1993,FR-FS-1,LAL
12X07177,O,Fatima,Hegde,WK,555124436,19/05/1993,LA-LA-2,BMO
59P00794,IP,Friederike,Trommler,WK,555127640,12/03/1987,CO-IB-3,BMO
60K04652,H,Friedhelm,Beyer,WK,555121034,29/06/1962,HI-AC-4,CTY
61F02741,H,Evert,Bayer,WK,555122955,18/03/1993,AR-GC-3,LBR
62T02818,IP,Pilar,Pagan,WK,555121396,12/02/1993,MA-MS-2,SCO
63A09613,IG,Nikos,Nicolaides,WK,555127210,27/02/1993,EN-MC-1,CNO
64Y07794,IP,Suzanne,Miller,WK,555129880,29/06/1993,HI-AC-4,YLO
65P04861,IP,Toni,Fernandez,WK,555128416,21/02/1993,AR-GC-3,BMO
66F04539,O,Jeremy,Pinoir,WK,555124260,11/07/1993,CO-EF-3,VPA
67F06024,IP,Pablo,Garrido,WK,555124778,24/03/1993,HI-MJ-2,FJO
68F03780,IG,Holly,Jenkinson,WK,555124293,08/01/1993,IT-IE-1,TMI
69F06480,IP,Eugenio,Lopez,WK,555126450,10/04/1993,HI-HB-1,CMO
70A04190,IP,Dawid,Jones,WK,555128123,02/07/1984,LA-IF-2,CMO
71A04328,IP,Oral,Strauss,WK,555129371,02/03/1993,CO-DS-3,BMO
72F05992,O,Gunther,Schmitt,WK,555123745,11/05/1993,CO-EF-3,FJO
111Y06205,IP,Gerhardt,Weissmuller,WK,555124466,12/06/1993,GE-GE-1,ATS
158Y05279,IP,Karl,Roth,WK,555127686,16/02/1993,CO-PN-1,VPA
159K03271,O,Maria,Schiffer,WK,555127830,29/03/1993,EC-BN-1,YLO
160A03175,IP,Jim,Roberts,WK,555126517,10/05/1993,AR-AA-3,CMO
161P01315,O,Michael,Royle,WK,555121087,06/05/1993,EN-EL-4,VPA
162K09219,O,Victor,Castro,WK,555124580,01/02/1993,HI-MS-4,LAL
163K02256,IP,Traugott,Wexler,WK,555128529,12/02/1965,AG-AG-1,XYU
164A09361,O,Rafael,Lopez,WK,555121756,19/01/1993,PH-PC-4,MOL
165X00314,IP,Juan,Suarez,WK,555123424,12/07/1993,GE-GH-4,VPA
166X06872,H,Sharon,Jolley,SH,555122961,26/07/1993,EC-DF-2,DGE
167T04853,H,Lasse,Viren,SH,555127524,26/02/1993,HI-AC-4,CNO
168K02721,IP,Tizzy,Oldham,SH,555125375,07/04/1989,AR-GC-3,AVI
169F03228,H,Dewy,Williams,SH,555127960,10/07/1993,FR-FP-1,CNO
170F06912,H,Ray,Floyd,SH,555128404,12/01/1993,EC-IR-4,AVI
171A09477,O,Teresa,Lopez,SH,555129952,31/01/1993,HI-HP-3,AVI
51F04496,O,Karthilene,Platt,X,555122898,05/02/1993,HI-MA-3,XYU
150T09462,H,Maria,Petrioni,X,555127750,06/02/1993,AR-AP-2,HSC
104V01645,IG,Jorge,Vega,X,5551275236,29/04/1993,IT-IH-3,YLO
91P08776,IP,Amy,Grainger,MH,5551245975,27/01/1993,EC-BO-4,SCO
16X00269,H,Patricia,Gunnarson,X,5551128835,05/06/1993,FR-FA-3,TMI
19P08294,IG,Carmen,Schulze,X,5551168431,20/07/1993,EN-EM-2,CNO
115A06265,IP,Paul,Clarke,X,5551179542,02/06/1993,CO-QS-4,PHO
118F05582,IP,Adelina,Sanger,X,5551115145,22/06/1993,HI-HE-2,HSC
17X04099,O,Thomas,Vermeulen,X,5551193140,27/04/1989,CO-AC-4,ATS
26V04290,O,Lu,Wang,X,5551193503,07/07/1993,EC-MI-4,XYU
27Y06840,O,Sergie,Anaya,X,5551277615,31/01/1993,FR-FS-1,CTY
28F03772,IP,Holly,White,DR,5551186911,13/02/1993,HI-MH-3,CTY
29A03735,IP,Michael,Dribble,DR,5551236107,02/05/1993,EC-FR-1,CTY
30V07319,O,Pablo,Ramirez,DR,5551249212,01/06/1993,IT-IM-4,ATS
31V03909,IP,Heine,Weissmuller,X,5551183156,20/07/1993,EN-EL-4,VPA
116X05180,O,Otmar,Weber,X,5551226362,21/04/1993,HI-AC-4,FJO
125F03088,O,Dhruv,Dev,D2,5551185486,21/01/1993,AR-GC-3,MOL
126V05707,O,Aditya,Jain,X,5551135855,04/07/1993,AR-FT-4,AMA
127A03076,O,Bobby,Green,DR,5551153518,28/04/1993,CO-CN-3,ATS
128P01063,O,Thora,Weissmuller,D2,5551224490,14/07/1993,HI-HX-2,CNO
129V04601,O,Steffen,Johnson,D2,5551175856,01/04/1985,CO-IA-4,BMO
130Y00327,O,Michael,Green,DR,5551170083,07/02/1993,IT-IS-3,TMI
14V08817,H,Karin,Nacht,SL,5551139252,09/05/1993,IT-IS-3,PHO
52P06128,O,Peggy,Hedges,SL,5551225769,23/05/1993,EN-EF-4,ATS
53F02263,H,Nadine,Ross,SL,5551290136,19/03/1993,AG-AS-3,SKA
54K08443,O,Peter,Damji,SL,5551100788,04/03/1993,FR-FL-3,CNO
55F05873,IP,Angelina,Reliant,SL,5551138457,22/04/1993,CO-EE-3,HSC
56V05772,IP,Tracy,Cushing,SL,5551175394,20/07/1993,PH-PI-2,CTY
57F06321,O,Liontin,Arrowsmith,SL,5551175401,28/03/1993,HI-AH-4,MOL
58Y04850,O,Taran,Hafez,SL,5551245046,22/07/1993,HI-AC-4,XYU
113Y04852,O,Des,Coupland,SL,5551179139,01/04/1993,AR-GC-3,AMA
151X02936,O,Fritz,Bumgarner,SL,5551299395,18/06/1993,EC-IT-3,BMO
152T07040,IP,Greg,Maury,SL,5551273282,07/04/1993,CO-CS-2,FJO
153T02734,H,Dave,Exley,SL,5551230066,31/07/1993,EC-BE-4,YLO
154F07602,H,Tracy,Black,SL,5551291298,17/03/1993,GE-GM-3,FJO
155A06940,IP,Steve,Miller,SL,5551106540,03/04/1993,EN-EN-1,MOL
156V08362,O,Jonas,Verdonk,SL,5551110583,06/04/1993,EN-EN-1,VPA
157T05009,H,Karsten,Vogel,SL,5551236098,08/06/1993,FR-FG-1,AVI
92K06180,IG,Siddharth,Afana,X,5551226673,08/07/1993,HI-HC-3,PHO
99T00433,H,Emie,McGrew,X,5551148012,17/03/1973,PH-PR-4,LBR
100Y04454,O,Gertrud,Scherer,X,5551152747,03/02/1993,EN-EF-3,AVI
101V04579,IG,Uttara,Gharib,X,5551263497,18/02/1993,FR-FA-3,BMO
102P01432,H,Peter,Schuhmacher,X,5551198787,27/04/1993,EN-EM-2,XYU
103A00249,IP,Ferdi,Strauss,X,5551146145,28/07/1993,CO-QS-4,CCI
105P06958,O,Dhruv,Anand,X,5551294535,30/01/1993,HI-HE-2,AVI
106V05479,IP,Torsten ,Schulze,X,5551248945,15/01/1993,CO-AC-4,CCI
107P07419,IP,Dorothea,Vogel,X,5551251917,03/05/1993,EC-BF-2,CTY
108Y05394,IG,Anna,Foster,X,5551272587,29/07/1993,EC-ID-2,CCI
109T08576,IP,Ritu,Avatar,X,5551170398,26/05/1993,HI-HH-2,YLO
110A01933,IG,Kevin,Sgro,X,5551235777,21/06/1993,EN-EF-3,MOL
271X02457,IP,William,Bird,X,555124293,05/08/1993,PH-PY-3,MOL
186X07003,O,Carla,Black,DH,5551131159,08/08/1993,FR-FP-1,CNO
194T02718,IP,Eli,Mej?,DH,5551171060,20/03/1993,FR-FA-3,MOL
199K03696,IP,Jorge,Toledo,BH,5551225873,14/05/1993,EN-EM-2,TMI
172T03990,IP,Petra,Maier,DH,5551151531,04/02/1993,CO-QS-4,AVI
193P00048,IP,Michelle,Simioni,DH,5551218449,28/01/1993,HI-HE-2,VPA
252V09429,IP,Sandra,Royle,BH,5551238997,04/04/1993,CO-AC-4,BMO
225V05467,IP,Pablo,Ramos,BH,5551145667,08/08/1993,HI-CC-4,CCI
268A01002,IP,Peter,Ryder,EAST,5551280721,03/06/1993,FR-FL-3,AMA
183T08244,IG,Chevon,Brownwell,DH,5551258151,06/07/1993,EC-IT-3,AMA
219F09236,IP,Anna,Taylor,BH,5551127612,19/07/1993,EC-IB-3,XYU
191K02938,IP,Mike,Evans,DH,5551161089,06/07/1983,HI-MJ-2,CNO
262V05152,H,Don,Govahi,EAST,5551160116,19/06/1993,IT-IH-3,AVI
180X03459,IP,Antonio,Raya,DH,5551198880,06/07/1989,CO-IT-1,PHO
260F09973,IP,Anju,Morales,EAST,5551292613,20/05/1993,EC-BI-2,SKA
253V06495,O,Sergio,Sisneros,BH,5551263272,07/06/1993,CO-BS-3,LAL
251F04018,IP,Vinet,Anand,BH,5551248657,08/04/1993,HI-HA-1,AMA
189F00486,IG,Pablo,Sarabia,DH,5551158476,25/05/1993,FR-FA-3,TMI
250X09840,O,Peter,Schulze,BH,5551215594,25/01/1993,EN-EM-2,CNO
176F03408,IP,Nikos,Georgiardou,DH,5551238283,03/08/1993,CO-QS-4,CNO
259F09464,IP,Gert,Vogel,EAST,5551138850,11/01/1993,HI-HE-2,BMO
217T08286,H,Mauro,Ricciotti,BH,5551186772,11/01/1993,CO-AC-4,FJO
234X06810,O,Liam,OLeary,BH,5551292281,08/08/1993,MA-MB-3,YLO
206F03559,IG,Lynda,McPhee,BH,5551133614,18/01/1993,EC-BS-1,LAL
254A01997,O,Ishmael,Contreras,BH,5551285200,25/06/1993,EC-MI-4,SCO
226T04601,H,Anna,Carter,BH,5551297473,21/03/1993,EC-AF-1,CCI
185K00097,IP,Sue,Sparks,DH,5551296439,08/02/1993,EC-RH-4,CCI
247T05949,O,Dave,Brown,BH,5551179880,11/01/1993,EN-ET-1,BMO
239Y02993,O,Kaneesha,Banker,BH,5551254375,23/06/1993,EC-SD-4,CMO
216K01289,IP,Shashank,Ashwani,BH,5551244759,01/07/1993,AR-AP-2,SKA
261K06587,IP,Tina,Pratt,EAST,5551243901,22/07/1993,HI-MI-1,TMI
198X02120,IP,Michael,Ross,DH,5551205530,06/02/1993,FR-FA-3,CCI
192T08527,IP,Leo,Quattrone,DH,5551222252,04/06/1993,EN-EM-2,BMO
203K07088,O,Mohamed,Bansal,BH,5551107473,13/01/1993,CO-QS-4,CNO
246A09550,IG,Helen,Cooper,BH,5551148949,21/07/1993,HI-HE-2,ATS
237X04288,IP,Duarte,Lopez,BH,5551239674,06/03/1993,CO-AC-4,XYU
267X02422,IP,Nicola,Reeves,EAST,5551275256,28/02/1993,MA-SA-2,CNO
256X04462,IP,Juan,Crespo,EAST,5551201136,29/05/1993,CO-ID-4,LAL
244K01003,IP,John,Wainwright,BH,5551231572,09/01/1993,CO-AB-3,CNO
269Y06547,IP,David,Jones,EAST,5551195064,03/01/1993,HI-NC-4,PHO
196Y09641,O,Ludmila,Neto,DH,5551106307,31/05/1993,EN-ER-1,AVI
228F05681,O,Dietrich,Saenger,BH,5551259872,15/02/1993,LA-LL-4,YLO
213Y03569,IG,Dewang,Gupta,BH,5551191537,07/01/1993,EN-EE-4,CCI
210Y09259,IP,Maria,Sisneros,BH,5551299049,23/01/1993,LA-EU-2,YLO
195A07888,O,Rick,Royle,DH,5551273959,09/06/1993,HI-HA-1,CCI
230F02348,IG,Simon,Jones,BH,5551182306,05/03/1993,GE-GA-1,MOL
229V04250,IG,Karla,Browning,BH,5551183198,09/06/1993,FR-FA-3,XYU
177P08315,IP,Dietrich,Pfaff,DH,5551130394,13/05/1993,LA-LL-4,TMI
243K06981,IG,Adone,Francisco Javier,BH,5551215137,15/04/1993,FR-FA-3,CNO
236T06473,IP,Ebba,Peeters,BH,5551129355,27/03/1993,HI-HE-2,CMO
204X06460,O,Tim,Cock,BH,5551258229,09/07/1993,CO-AC-4,SKA
238P05438,O,Roberto,Rossignior,BH,5551153960,23/05/1993,EC-II-1,YLO
255A05506,O,Miguel,Valles,BH,5551243572,13/06/1993,PH-PP-1,LBR
200X00867,O,Jorg,Maier,BH,5551228731,04/08/1993,HI-MI-1,SKA
202F07359,H,Jorge,Lugo,BH,5551153781,08/05/1993,PH-PE-4,CNO
212P07913,IP,Ankur,Drond,BH,5551230882,23/03/1993,LA-LL-4,SKA
270T00313,IP,Billy,Mc Arthur,EAST,5551209440,18/05/1993,FR-FL-3,TMI
197F06139,IP,Abigail,Richter,DH,5551150541,14/06/1993,LA-LL-4,ATS
187V08960,H,Nina,Weiss,DH,5551242316,01/01/1993,PH-PG-3,LBR
264V09182,H,Ingrid,Oldham,EAST,5551156452,07/01/1993,EC-RH-4,LAL
220V02163,IG,Peter,White,BH,5551145138,25/07/1993,GE-GA-1,LAL
190X08166,O,Adheesh,Agrawal,DH,5551164870,20/06/1993,AG-AG-1,PHO
173F09797,O,Jorge,Huerta,DH,5551147933,13/04/1993,HI-CT-2,LAL
223K04165,IG,Chin,Tao,BH,5551205766,07/01/1980,LA-LL-4,LAL
222F04552,H,Francisco Javier,Ramirez,BH,5551182586,10/03/1993,FR-FA-3,YLO
227P09971,O,Sharon,Halfpenny,BH,5551275433,18/04/1993,GE-GE-3,FJO
208F06603,IP,Adelina,Mondrag?,BH,5551162800,08/03/1993,EC-RG-3,VPA
211K07739,O,Linda,Morrissey,BH,5551111727,09/04/1993,HI-HE-2,SCO
249X04209,O,Christal,Tello,BH,5551185772,19/04/1993,AR-AA-2,XYU
209V05926,H,Chintu,Singh,BH,5551167231,10/08/1993,CO-AT-4,LAL
245Y09917,O,Anna,Nicolaides,BH,5551217414,24/04/1993,EC-II-1,FJO
179A01503,IP,Tomas,Cordero,DH,5551167730,14/03/1993,EC-RH-4,HSC
215F08311,IP,Luigi,Brown,BH,5551114477,27/07/1993,HI-HY-4,CNO
201K01941,O,Elena,Smith,BH,5551274926,31/03/1993,EC-FE-4,AMA
214K02651,O,Adam,Strauss,BH,5551126507,02/01/1993,EC-ED-3,BMO
174Y05314,H,Pedro,Lopez,DH,5551180281,03/03/1993,EC-FR-1,CTY
181X06960,IP,Sascha,Metzger,DH,5551101708,08/03/1993,LA-AL-3,SKA
221A09459,O,Antonio,Toledo,BH,5551168759,09/04/1993,EN-EG-4,CTY
242P01811,O,Felicity,Oldham,BH,5551189723,25/02/1993,HI-CT-2,XYU
231F04281,O,Peter,Jones,BH,5551265984,16/01/1993,HI-MJ-2,BMO
218F08269,IP,Michael,Bresnan,BH,5551142962,09/04/1993,EC-BM-3,SKA
258F02201,IG,Robert,Springett,EAST,5551236681,26/04/1993,EC-II-1,VPA
232K06468,IP,Mohammed,Ahktar,BH,5551149854,27/06/1993,CO-CM-3,LAL
273F01396,IG,Ben,Brownlow,EAST,5551278560,17/05/1993,EN-ER-1,SCO
272X07411,IG,Theresa,Bird,EAST,5551165128,12/03/1993,EC-MI-4,YLO
233Y07565,IP,Azie,Antonios,BH,5551157428,15/06/1993,AR-FA-1,MOL
241T00814,O,Georgie,Tanner,BH,5551101007,23/07/1993,EC-IF-1,AVI
266T09841,O,Dietrich,Schuhmacher,EAST,5551174778,07/08/1993,HI-CM-3,AMA
207V02046,IP,Jose,Rasco,BH,5551283615,28/05/1993,EN-EG-4,SCO
257P08956,IP,Tanya,Smith,EAST,5551149400,10/02/1993,PH-PI-2,HSC
224X08994,IP,Fritz,Roth,BH,5551291982,11/08/1993,EC-IE-2,ATS
184Y05993,IP,Mathias,Adler,DH,5551100975,04/02/1980,HI-MJ-2,YLO
248V08435,IP,Tomas,Ghandi,BH,5551118283,12/02/1990,EC-FR-1,CNO
265V01499,IP,Shruti,Di Vizio,EAST,5551136238,01/08/1993,HI-MT-1,XYU
274Y02979,IG,Gillian,Song,EAST,5551168052,15/07/1993,EN-MC-1,CCI
188X08858,O,Akshay,Banjarat,DH,5551248114,11/06/1993,LA-IC-3,SKA
175Y05904,IP,Tia,Tang,DH,5551120034,07/03/1993,FR-FG-1,SKA
11A03665,IP,Jenny,Kwong,EAST,5551206344,02/07/1993,HI-MI-1,LAL
263K09850,IP,Suzanne,Hibble,EAST,5551103087,15/05/1993,CO-BS-3,HSC
235T07219,O,John,Bailiol,BH,5551190977,22/05/1993,HI-HY-4,YLO
182T02433,IP,Susan,Bland,DH,5551268972,03/03/1960,CO-RO-3,CNO
178Y01575,O,Michael,Smith,DH,5551171156,20/02/1993,IT-IH-3,BMO
205A04785,O,Govind,Dhrahid,BH,5551102920,06/08/1993,EN-EP-2,CMO
240V07817,IP,Petr,Vidic,BH,5551244917,03/07/1993,EC-CF-1,CTY
45Y05658,O,Pablo,Bravo,SH,545231544,26/01/1993,HI-HA-3,LBR
46T01564,IP,Felix,Sankt,SH,545231544,12/12/1988,HI-AW-3,AMA
47X08379,O,Juana,Rangel,SH,545231544,17/02/1993,FR-FE-2,YLO
48T09852,IP,Juan Carlos,Vega,SH,545231544,07/05/1993,HI-HC-3,VPA
49P04033,O,Josef,Ritter,SH,880112112,09/02/1993,IT-IM-4,ATS
50V02805,IG,Agathe,Thalberg,SH,545231544,24/01/1993,CO-EE-3,CMO
93K08012,IG,Pedro,Garrido,SH,545231544,01/03/1993,PH-PZ-3,LBR
94V07232,O,Jennifer,Walker,SH,545231544,17/06/1993,GE-GS-1,BMO
95T04948,H,Greg,Garrido,SH,545231544,11/04/1993,HI-AX-3,MOL
96V08335,O,Steve,Kaznica,SH,545231544,30/03/1993,GE-GS-1,PTY
97X06167,IP,Rish,Joshi,SH,545231544,12/04/1993,EC-BG-1,CNO
98K09191,O,Laura,Bennett,SH,545231544,03/02/1975,EC-IF-1,XYU
23X05662,O,Oliver,Maurer,X,5551243749,30/04/1993,EN-EE-4,CTY
24F08085,H,Soren,Nadel,X,5551174434,02/01/1982,EC-RL-1,BMO
25T05595,O,Lola,Oldham,X,5551220756,04/04/1977,GE-GE-3,LAL
80T01198,IP,Sagar,Gupta,X,5551129816,02/04/1993,LA-LA-2,CTY
81K05263,IP,Kate,Gerard,X,5551148772,13/03/1993,FR-FI-2,AMA
82T07871,IG,Peter,ODriscoll,X,5551180750,12/05/1993,EC-FI-2,FJO
83X03982,H,Yuliana,Song,X,5551143340,10/04/1984,HI-AH-2,FJO
84V07555,O,Dave,Morris,X,5551243749,26/03/1993,EN-EN-1,CCI
85K05632,IP,Dhruv,Hirasaka,X,5551176241,13/07/1992,EC-BT-2,CTY
86T02791,H,Pedro,Lopez,X,5551127700,17/01/1993,HI-AC-4,XYU
87F03352,IP,Dianne,Turner,X,5551148772,20/01/1993,EC-IH-2,CMO
88F08344,IP,Pablo,Castro,X,5551246326,27/05/1993,MA-MP-4,VPA
89Y06756,O,Steven,Turner,X,5551243749,02/03/1980,EC-RI-4,XYU
90X05036,IP,Peter,Goodyear,X,5551243749,01/05/1993,CO-RP-1,CTY
145P02493,IP,Laura,Black,X,5551175314,17/04/1993,CO-IT-1,CMO
146P01012,IP,Reinhild,Pfeffer,X,5551286029,24/06/1993,AR-AP-2,CMO
147Y06794,IG,Tiffany,Cox,X,5551239314,05/04/1993,HI-NC-4,ATS
148A08733,O,Josefine,Barth,X,5551247057,04/01/1993,HI-HP-3,MOL
149P02576,IP,Priya,McTaggart,X,5551157518,25/03/1993,MA-MA-4,ATS
15A00686,H,Jorge,Lopez,X,5551297291,18/02/1991,CO-DS-3,DGE
18K00080,IP,Patrick,Oldfield,X,5551206698,10/01/1993,FR-FE-2,CTY
20T08787,IP,Matthias,ONeil,X,5551197198,06/01/1993,IT-IA-2,YLO
21P06241,IP,Alfonso,Irizarry,X,5551298600,15/03/1993,EC-AM-4,MOL
22X02614,O,Tracy,Smith,X,5551185003,19/02/1993,GE-GE-1,PHO
32T05855,O,Gertrude,Fischer,X,5551261292,16/06/1993,CO-PN-1,CCI
73F06274,IP,Tanjung,Lu,X,5551176876,30/07/1993,LA-IR-4,LBR
74T01833,IG,Marcus,Adams,X,5551153453,25/04/1993,MA-SA-2,CMO
75A04160,IG,Francisco,Cruz,X,5551221652,16/03/1993,FR-FL-3,YLO
76K02937,O,Salvador,Garrido,X,5551132442,20/04/1993,EC-DR-4,VPA
77A09339,O,Carrie,Khan,X,5551242919,05/07/1993,EC-IE-2,AVI
78X02512,IP,David,Tobin,X,5551232201,06/06/1993,EN-EI-2,XYU
79A00043,O,Steffi,Beckenbauer,X,5551253459,14/04/1993,FR-FG-1,PHO
114K00234,IG,David,Irizarry,X,5551185251,02/02/1993,IT-IS-3,CTY
117X00059,IP,Angie,White,X,5551169396,05/07/1993,AR-TT-3,BMO
119T06086,IP,Karl,Seiler,X,5551239619,05/01/1993,CO-IM-3,HSC
120P03952,O,Dietmar,Pabst,X,5551191874,21/05/1993,LA-AL-3,TMI
121Y00025,IP,Robin,Tan,X,5551171152,16/07/1993,PH-PI-2,HSC
122P05671,IP,Teng,Dev,X,5551299987,29/01/1993,EC-BN-1,PTY
123Y08513,IG,Ana,Mena,X,5551249887,24/02/1993,AR-AA-2,VPA
124A09519,IG,Kiera,Watson,X,5551182064,20/04/1993,LA-AL-3,LAL
131T09049,IG,Ina,Kaspirov,X,5551277696,16/05/1993,HI-MH-3,DGE
144V04274,IP,Sagar,Dhiman,X,5551185251,05/05/1993,PH-PX-4,PHO
