Project completion,Start date,Day,Month,Year,Planning,Design,Creation,Task,End date,Full end date,Working
,,,,,,,,,,,
Task 1,,,,,50,24,30,6,,,
Task 2,,,,,32,22,50,10,,,
Task 3,,,,,30,21,45,7,,,
Task 4,,,,,36,28,42,7,,,
Task 5,,,,,45,45,72,14,,,
Task 6,,,,,2,4,10,2,,,
Task 7,,,,,20,10,10,5,,,
Task 8,,,,,36,72,60,14,,,
Task 9,,,,,6,12,8,1,,,
,,,,,,,,,,,
Completion dates during ,,,,,,,,,,,
2016 [Quarter 1],,,,,,,,,,,
2016 [Quarter 2],,,,,,,,,,,
2016 [Quarter 3],,,,,,,,,,,
2016 [Quarter 4],,,,,,,,,,,
2017 [Quarter 1],,,,,,,,,,,
2017 [Quarter 2],,,,,,,,,,,
2017 [Quarter 3],,,,,,,,,,,
