HolRef,CustRef,Resort,Hotel,Type,Out,Home,Cost,Paid
SH0001,1,Berlin,Berlin Heights,Full Board,1,2,1400,250
SH0002,2,Douglas,All Seasons,Half Board,7,8,421,170
SH0003,3,Alicante,Sol Melia Grande,All Inclusive,5,6,845,160
SH0004,4,DisneyWorld,Animal Kingdom Lodge,Full Board,3,24,6240,1240
SH0005,5,Kissimee,Highlands Reserve,Half Board,3,44,4255,850
SH0006,6,Istanbul,Carlton,All Inclusive,9,10,7008,1400
SH0007,7,DisneyWorld,Wilderness Lodge,Room Only,3,44,8706,1740
SH0008,8,Berlin,Grand Plaza,Room Only,1,2,860,170
SH0009,5,Milan,Rosa,Room Only,11,12,4712,940
SH0010,9,Warsaw,Hilton,Half Board,33,34,4512,900
SH0011,1,DisneyWorld,All Star Sports,All Inclusive,3,4,11000,1100
SH0012,10,DisneyWorld,Coranado Springs,Room Only,35,36,8622,1720
SH0013,11,Tokyo,Hilton,Full Board,15,16,5605,1120
SH0014,3,Madrid,Grande Lodge,All Inclusive,37,38,975,190
SH0015,12,DisneyWorld,All Star Movies,Half Board,35,24,4826,960
SH0016,13,Paris,Sienne Grand Royal,Half Board,41,42,15300,1530
SH0017,14,Orlando,Universal Mecca,Room Only,35,36,8900,1780
SH0018,15,Madrid,Sevilla,All Inclusive,37,38,6200,1240
SH0019,7,Peel,Glen Helen Inn,Room Only,7,8,630,120
SH0020,16,Istanbul,Hilton,Half Board,9,10,4708,940
SH0021,17,DisneyWorld,Wilderness Lodge,Bed and Breakfast,3,44,4669,930
SH0022,18,DisneyWorld,Coranado Springs,Full Board,39,40,6200,1240
SH0023,9,Orlando,Grove Park,Room Only,3,4,7274,1450
SH0024,19,DisneyWorld,Animal Kingdom Lodge,Full Board,23,24,2648,520
SH0025,17,Geneva,Lakeside Lodge,Half Board,21,22,8640,820
SH0026,20,Larnica,Bay View,All Inclusive,25,26,840,160
SH0027,1,Tawara,Tawara Beach,All Inclusive,17,18,6350,1270
SH0028,12,Kandy,Castle Hill,Bed and Breakfast,17,18,5200,1040
SH0029,21,Berlin,Agon Opera,Half Board,1,2,1220,240
SH0030,22,Guernsey,Old Government House,Full Board,27,28,520,100
SH0031,23,Alicante,Sol Melia Grande,Half Board,29,30,2409,480
SH0032,24,Kissimee,Tower Palace,Half Board,31,32,4520,900
SH0033,25,Warsaw,Intercontinental,Full Board,33,34,2635,520
SH0034,26,DisneyWorld,Polynesian Resort,Room Only,31,32,3800,760
SH0035,4,Milan,Grand,Full Board,11,12,1326,260
SH0036,19,Ramsey,Ballavair,Bed and Breakfast,7,8,1420,280
SH0037,27,DisneyWorld,All Star Music,Full Board,35,36,16422,1640
SH0038,28,Madrid,Asturias,Bed and Breakfast,37,38,890,170
SH0039,10,Larnica,Larco,Bed and Breakfast,13,14,653,180
SH0040,29,Paris,La Pera,Room Only,41,42,234,180
SH0041,14,Berlin,Mercure,Bed and Breakfast,19,20,1800,360
SH0042,21,Paris,Les Jardins du Marais,Half Board,41,42,1245,240
SH0043,30,Madrid,Sevilla,Half Board,37,38,2687,530
SH0044,31,Lomas Del Faro,Occidental Lodge,Full Board,5,6,723,140
SH0045,8,Berlin,Hilton,Bed and Breakfast,19,20,4253,850
SH0046,32,Ayia Napa,Evabelle Napa,All Inclusive,13,14,7523,800
SH0047,7,Tohoku,Excelsior,Half Board,15,16,6207,1240
SH0048,16,Sark,Cliff View,Bed and Breakfast,27,28,258,110
SH0049,21,Larnica,Mercure,Full Board,25,26,6214,1240
SH0050,1,Hokkaido,Melia,All Inclusive,15,16,9932,1980
SH0051,33,Kissimee,Orange County Hotel,Room Only,39,40,4215,840
SH0052,34,DisneyLand,Davy Crockett Ranch,Half Board,41,42,624,120
