FlightRef,From,To,Flight,HDate
2,Tegel Berlin,London Stansted,AB830,14/05/2010 17:35
4,Orlando International Florida,London Gatwick,VS026,24/05/2010 11:55
6,Alicante,London Stansted,ZB676,18/07/2010 06:05
8,Ronaldsway Isle of Man,London City Airport,EU784,06/04/2010 08:50
10,Ataturk Istanbul,London Gatwick,TK175,04/09/2010 03:20
12,Linate Milan,London Heathrow,AZ248,26/12/2010 17:45
14,Larnaca Cyprus,London Gatwick,BA662,11/03/2010 09:10
16,Narita Airport Tokyo,London Heathrow,VS902,17/12/2010 14:30
18,Katunayake Colombo,London Gatwick,EY309,29/09/2010 19:05
20,Tegel Berlin,London Stansted,AB830,07/07/2010 06:40
22,Geneva  Switzerland,London Gatwick,EJ951,25/08/2010 07:35
24,Orlando International Florida,London Gatwick,VS026,31/05/2010 11:55
26,Larnaca Cyprus,London Gatwick,BA663,30/08/2010 19:00
28,Guernsey,London Gatwick,BE312,26/04/2010 15:15
30,Alicante,London Stansted,ZB677,30/01/2010 06:55
32,Orlando International Florida,London Gatwick,VS026,14/06/2010 11:55
34,Warsaw Poland,London Luton,EJ722,15/01/2010 02:55
36,Orlando International Florida,London Gatwick,VS026,07/06/2010 11:55
38,Barajas Madrid,London Stansted,IB280,05/11/2010 17:20
40,Orlando International Florida,London Gatwick,VS026,28/06/2010 11:55
42,Charles De Gaulle Paris,London Gatwick,BA409,18/09/2010 19:35
44,Orlando International Florida,London Gatwick,VS026,24/05/2010 11:55
