Student_ID,Faculty,Class_Code
st150618,CIT,IT1
st150a38,CIT,IT1
st150448,CIT,IT1
st150858,CIT,NM3
st150278,CIT,ITM1
st150688,CIT,CS3
st150aa9,CIT,CS3
st150419,CIT,IT2
st150829,CIT,IT3
st150249,CIT,CS3
st150659,CIT,NM1
st150a79,CIT,IT1
st150489,CIT,NM1
st150899,CIT,CS3
st1521a1,CIT,NM1
st15a4a1,CIT,IT3
st1545a1,CIT,IT1
st1586a1,CIT,CS3
st1569a1,CIT,IT2
st15a111,CIT,ITM1
st154211,CIT,IT2
st158311,CIT,CS3
st152511,CIT,NM2
st156611,CIT,ITM1
st15a811,CIT,IT1
st154911,CIT,CS3
st158a21,CIT,NM3
st152221,CIT,CS3
st156321,CIT,NM1
st15a521,CIT,ITM2
st154621,CIT,NM2
st158721,CIT,IT1
st152921,CIT,NM2
st156a31,CIT,IT1
st154331,CIT,CS3
st158431,CIT,NM2
st152631,CIT,NM1
st156731,CIT,ITM1
st15a931,CIT,NM2
st154a41,CIT,ITM2
st158141,CIT,ITM1
st152341,CIT,ITM1
st156441,CIT,IT1
st15a641,CIT,IT3
st154741,CIT,ITM2
st158841,CIT,CS3
st152a51,CIT,IT2
st156151,CIT,NM1
st15a351,CIT,NM2
st154451,CIT,NM1
st158551,CIT,IT3
st152751,CIT,CS3
st156851,CIT,CS3
st15aa61,CIT,IT3
st154161,CIT,IT3
st158261,CIT,IT3
st152461,CIT,NM3
st156561,CIT,NM2
st15a761,CIT,IT2
st154861,CIT,IT3
st158961,CIT,ITM2
st152171,CIT,NM3
st156271,CIT,ITM1
st15a471,CIT,NM2
st154571,CIT,NM3
st158671,CIT,IT2
st152871,CIT,NM2
st156971,CIT,IT1
st15a181,CIT,ITM2
st154281,CIT,NM2
st158381,CIT,CS3
st152581,CIT,ITM1
st156681,CIT,IT1
st15a881,CIT,NM3
st154981,CIT,IT3
st158a91,CIT,NM3
st152291,CIT,IT1
st156391,CIT,IT3
st15a591,CIT,IT1
st154691,CIT,CS3
st158791,CIT,CS3
st152991,CIT,ITM1
st156aa2,CIT,NM3
st15a2a2,CIT,IT3
st1543a2,CIT,IT2
st1584a2,CIT,NM2
st1526a2,CIT,NM1
st1567a2,CIT,IT1
st15a9a2,CIT,NM2
st154a12,CIT,IT2
st158112,CIT,NM1
st152312,CIT,ITM1
st156412,CIT,NM1
