 ,,,,,,,
Employees,,,,,,,
Payroll Number,Employee,Pay code,Pay rate,Contract hours,Hours worked,Pay,Overtime?
T0042,Hernandez,B2,,35,,,
T0046,Castro,F1,,35,,,
T0044,Amir,F3,,12,,,
T0049,Lee ,A,,35,,,
T0059,Brown,F3,,20,,,
T0060,Jaimeson,B4,,12,,,
T0048,Dessouky,F1,,35,,,
T0057,D'Silva,F2,,35,,,
T0050,Schneider,F3,,12,,,
T0051,Gomez,F4,,6,,,
T0064,Patel,F1,,35,,,
T0065,Ali,B1,,35,,,
,,,,,Total,,
Rates,,,,,,,
Pay code,Contract,Pay rate,Status,,,,
F1,Full time,7.5,Permanent,,,,
F2,Full time,7.25,Temporary,,,,
A,Full time,15,Permanent,,,,
B1,Full time,9.45,Permanent,,,,
B2,Full time,9,Temporary,,,,
F3,Part time,7.5,Permanent,,,,
B3,Part time,9,Permanent,,,,
F4,Part time,7.25,Temporary,,,,
B4,Part time,6.2,Temporary,,,,
