Student number,ClassName,Forename,Surname
THS0001,Alpha,Henry,Gale
THS0002,Gamma,Kurtis,Brown
THS0003,Gamma,Clemantine,Leadbetter
THS0004,Beta,Christine,Hull
THS0005,Alpha,Karla,Greenhalgh
THS0006,Alpha,Fred,Pooley
THS0007,Beta,Ben,Chalmers
THS0008,Beta,Christopher,Lewis
THS0009,Alpha,Rio,Patel
THS0010,Alpha,Ruksana,Gopaul
THS0011,Alpha,Angela,Akula
THS0012,Gamma,Udoka,Onyancha
THS0013,Beta,Billy,Green
THS0014,Beta,Wesley,Smith
THS0015,Gamma,Wally,Weston
THS0016,Alpha,Trevor ,Jones
THS0017,Beta,Jasmine,Gunn
THS0018,Beta,John,Vercoe
THS0019,Beta,Lauren,Hall
THS0020,Beta,Chloe,Rhodes
THS0021,Gamma,Owen,Williams
THS0022,Beta,Lotte,Charles
THS0023,Gamma,Jeannie,Burke
THS0024,Beta,Brian,Wells
THS0025,Gamma,Ieuan,Williams
THS0026,Gamma,Jimmy,Lee
THS0027,Gamma,Dawid,Jones
THS0028,Alpha,Li Sun,Wu
THS0029,Beta,Charlotte,Watson
THS0030,Beta,Joe,Norfolk
THS0031,Alpha,Joanne,Floyd
THS0032,Gamma,Anthony,Campbell
THS0033,Alpha,Linda,Stuart
THS0034,Gamma,Kate,Smith
THS0035,Gamma,Sam,Smith
THS0036,Alpha,Tony,Thomson
THS0037,Alpha,Duncan,Rydell
THS0038,Alpha,Dougie,Ryder
THS0039,Gamma,David,Reid
THS0040,Alpha,Laura,Macdonald
THS0041,Gamma,Jenna,Hoy
THS0042,Beta,Zachary,Brown
THS0043,Beta,Steve,Walsom
THS0044,Alpha,Krystal,Read
THS0045,Beta,Naomi,Murray
THS0046,Gamma,Becci,Yeung
THS0047,Beta,Lucy,Purton
THS0048,Beta,Bex,Young
THS0049,Beta,Loiuse,Baiardo
THS0050,Gamma,Colin,Clark
THS0051,Alpha,Kieran,Kelly
THS0052,Gamma,Lauren,Ross
THS0053,Alpha,Jane,Morrison
THS0054,Alpha,Natasha,Paterson
THS0055,Alpha,Yo-Yo,Chong
THS0056,Gamma,Si Ma,Zhang
THS0057,Beta,Mao,Cheng
THS0058,Alpha,Liu,Teo
THS0059,Gamma,Min,Wang
THS0060,Gamma,Yi,Zhang
THS0061,Beta,Lan,Cheung
THS0062,Alpha,Wai Wai Hnin,Su
THS0063,Gamma,Daniu,Chan
THS0064,Beta,Li,Gow
THS0065,Gamma,Fang,Lim
THS0066,Alpha,Lei,Xu
THS0067,Alpha,Li,Oon
THS0068,Gamma,Vishnu,Patel
THS0069,Beta,Fang,Hu
THS0070,Beta,Manjit,Singh
THS0071,Alpha,Cindy,Brown
THS0072,Alpha,Tally,Telfer
THS0073,Gamma,Steve,Brown
THS0074,Gamma,Stuart,Guttermann
THS0075,Beta,Karl,Bloomsfeld
THS0076,Alpha,Tanon,Bridges
THS0077,Beta,Jayden,Anderson
THS0078,Alpha,Alejandro,Jackson
THS0079,Gamma,Moshe,Harris
THS0080,Gamma,Joshua,Bui
THS0081,Gamma,Lois,Thomas
THS0082,Beta,Elijah,Arnott
THS0083,Gamma,Kevin,White
THS0084,Alpha,Bruce,Warne
THS0085,Gamma,Shane,Williams
THS0086,Beta,Vishnu,Das
THS0087,Beta,James,O'Brien
THS0088,Beta,Jimmy,O'Brien
THS0089,Beta,Paulo,Villa
THS0090,Alpha,Aaron,Peeters
THS0091,Alpha,Peter,Barcot
THS0092,Gamma,Mohammed,Adullah
