Student Number,Class Name,Forename,Surname,Baseline Test,Baseline Grade,iGCSE Test Score,iGCSE Test Grade
THS0001,Alpha,Henry,Gale,15,,20,
THS0005,Alpha,Karla,Greenhalgh,38,,42,
THS0006,Alpha,Fred,Pooley,72,,67,
THS0009,Alpha,Rio,Patel,70,,68,
THS0010,Alpha,Ruksana,Gopaul,56,,41,
THS0011,Alpha,Angela,Akula,46,,47,
THS0016,Alpha,Trevor ,Jones,42,,28,
THS0028,Alpha,Li Sun,Wu,60,,51,
THS0031,Alpha,Joanne,Floyd,20,,28,
THS0033,Alpha,Linda,Stuart,63,,62,
THS0036,Alpha,Tony,Thomson,62,,42,
THS0037,Alpha,Duncan,Rydell,15,,11,
THS0038,Alpha,Dougie,Ryder,63,,54,
THS0040,Alpha,Laura,Macdonald,53,,50,
THS0044,Alpha,Krystal,Read,91,,70,
THS0051,Alpha,Kieran,Kelly,95,,79,
THS0053,Alpha,Jane,Morrison,80,,66,
THS0054,Alpha,Natasha,Paterson,60,,57,
THS0055,Alpha,Yo-Yo,Chong,14,,15,
THS0058,Alpha,Liu,Teo,99,,78,
THS0062,Alpha,Wai Wai Hnin,Su,62,,59,
THS0066,Alpha,Lei,Xu,16,,14,
THS0067,Alpha,Li,Oon,90,,78,
THS0071,Alpha,Cindy,Brown,58,,50,
THS0072,Alpha,Tally,Telfer,54,,42,
THS0076,Alpha,Tanon,Bridges,69,,64,
THS0078,Alpha,Alejandro,Jackson,71,,58,
THS0084,Alpha,Bruce,Warne,91,,69,
THS0090,Alpha,Aaron,Peeters,29,,23,
THS0091,Alpha,Peter,Barcot,90,,72,
,,,,,,,
,,,Total,100,,80,
