Title,First_Name,Cust_No,Last_Name,Add1,Town,Postcode,Pay_Type,Memb_Date,Memb_Type
Mr,Luke,THM0001,Kirby,Oldseat,St Albans,AL12 4XB,Credit Card,31/12/2015,Junior
Mr,William,THM0002,Chambers,Nouthcroft Avenue,Braintree,GU51 3DB,Cheque,31/12/2015,Junior
Mr,Josh,THM0003,Williams,Lastton Lodge,Glasgow,CA11 8TO,Credit Card,31/12/2015,Senior
Ms,Xiang,THM0004,Tsai,Park Avenue,Bearsden,HA2 7QE,Credit Card,23/07/2015,Senior
Miss,Ellie,THM0005,Morley,Park Farm,Glasgow,HA2 8QY,Credit Card,31/12/2015,Junior
Mr,Gabriel,THM0006,Bryan,Hunter Drive,Aberdeen,AB12 0JE,Debit Card,31/12/2015,Junior
Miss,Daisy,THM0007,O'Neill,Kettestone,Inverness,IN12 9TE,Credit Card,31/12/2014,Senior
Ms,Katherine,THM0008,Burke,Killmundy ,Glasgow,CA3 6PR,Debit Card,01/01/2015,Family
Mrs,Jennifer,THM0009,Welch,Largeglen ,Glasgow,CA18 1BT,Credit Card,31/12/2014,Adult
Mrs,Isabel,THM0010,Price,Goodway,Glasgow,CA4 1JK,Credit Card,02/09/2010,Family
Mr,Michael,THM0011,Myers,South Road,Glasgow,CA1 1LP,Cheque,31/12/2015,Senior
Ms,Emma,THM0012,Iqbal,Mainridge Road,Glasgow,GU8 4BL,Credit Card,23/07/2015,Family
Mrs,Paige,THM0013,Morrison,Middle House,Cheltenham,CA8 9YU,Debit Card,31/12/2015,Adult
Miss,Georgina,THM0014,Morris,Camp Lane,Glasgow,CA14 4DE,Debit Card,23/07/2015,Junior
Miss,Rosie,THM0015,Harrison,Netherbank,Frocester,KA10 7LP,Credit Card,31/12/2015,Senior
Ms,Tegan,THM0016,Hurst,Deeton,Glasgow,GU9 8JR,Credit Card,31/12/2015,Junior
Mr,Charlie,THM0017,Baldwin,Park Road,Nottingham,HA12 6UW,Debit Card,23/07/2015,Senior
Mr,Finley,THM0018,Watkins,Jeeves Cottage,Nottingham,HA12 1UW,Debit Card,31/12/2015,Junior
Mr,George,THM0019,Briggs,Peverell Tce East,Glasgow,CA5 5BY,Credit Card,23/07/2015,Senior
Ms,Katie,THM0020,Rees,Talltrees,Croydon ,CR1 2HO,Credit Card,05/05/2008,Family
Mr,Joshua,THM0021,Summers,Coombe House,Tewkesbury,CR2 5UN,Cheque,03/06/2005,Adult
Mr,Aaron,THM0022,Bentley,Watson Road,Tewkesbury,CR18 6MM,Paycardo Wallet,03/06/2005,Junior
Ms,Jasmine,THM0023,Stephenson,Costa Drive,Burnley,CW13 0HD,Cheque,31/12/2015,Senior
Mrs,Katie,THM0024,Rowley,Kerb Lane,Harrogate,HA12 5LU,Debit Card,23/07/2015,Senior
Mr,Joshua,THM0025,Price,Rochelle Court,Croydon,CA18 5KG,Debit Card,23/07/2015,Junior
Mr,David,THM0026,Lewis,Rosewater,Camden,KT7 2NT,Credit Card,23/07/2015,Junior
Ms,Brooke,THM0027,Cunningham,Walterwett,Tewkesbury,CR2 2AD,Bank Draft,05/05/2008,Senior
Mr,Finley,THM0028,Faulkner,Shakespeare Street,Cheltenham,HA3 5UJ,Credit Card,23/07/2015,Junior
Mr,John,THM0029,Walker,Shepperds Road,Aberdeen,AB18 5RB,Cheque,31/12/2015,Adult
Mrs,Alice,THM0030,Lamb,Stoneham Road,Bucks,KT18 7DT,Credit Card,23/07/2015,Senior
Mrs,Amber,THM0031,Brown,Burns Down,Cheltenham,CA6 7TG,Cheque,23/07/2015,Senior
Mr,Corey,THM0032,Kirk,Gravel Way,Cheltenham,CA8 9LP,Credit Card,23/07/2015,Senior
Mr,John,THM0033,Black,The Knoll,Cheltenham,CA5 7EN,Credit Card,31/12/2015,Junior
Ms,Mollie,THM0034,Pratt,The Lawn,Cheltenham ,CA5 7SD,Credit Card,31/12/2015,Junior
Ms,Aleksandra,THM0035,Lieplicis,The Honey,Camden,KT3 9NU,Cheque,23/07/2015,Senior
Mr,Lewis,THM0036,Bates,Thorns Lane,Camden,KT12 3DF,Debit Card,31/12/2015,Family
Mrs,Ruby,THM0037,Gathard,Trees,Stroud,KT2 5TW,Credit Card,23/07/2015,Adult
Mr,Patrick,THM0038,Woodward,Villa Rose,Aldershot,HA17 3QR,Credit Card,23/07/2015,Junior
Miss,Scarlett,THM0039,Barton,Balden Terrace,Aldershot,HA7 4HJ,Credit Card,31/12/2015,Senior
Ms,Summer,THM0040,Bruce,4 Leicester Street,Aldershot,HA15 2QY,Credit Card,23/07/2015,Junior
Mrs,Daisy,THM0041,Lloyd,Wortworth Crescent,Dover,AL12 6AL,Credit Card,09/05/2008,Senior
Ms,Ella,THM0042,Heath,Little Oaks Cottages,Dover,TQ5 9QZ,Debit Card,31/12/2015,Junior
Mr,Sebastian,THM0043,Graham,South Fleet Road,Folkestone,HA2 6ER,Credit Card,31/12/2015,Senior
Mrs,Samantha,THM0044,Bowen,York Lane,Folkestone,HA15 8TR,Credit Card,31/12/2014,Family
Ms,Evie,THM0045,Pearce,Hill Street,Ross-on-wye,AL2 3SP,Paycardo Wallet,01/01/2015,Adult
Ms,Lydia,THM0046,Douglas,Hill House Cottage,London,W1 4RT,Credit Card,31/12/2015,Junior
Mr,Mohammed,THM0047,Stephens,Long House,Hull,KT13 4GF,Debit Card,23/07/2015,Senior
Mr,Faber,THM0048,Maters,Hamilton Way,Guildford,PL1 3BH,Credit Card,23/07/2015,Family
Mr,Kian,THM0049,Black,Court House,Hull,HD2 8SD,Credit Card,31/12/2015,Adult
Mr,Max,THM0050,Lawrence,Red Lodge,Woking,CB12 2WE,Credit Card,31/12/2015,Junior
Mr,Hayden,THM0051,Parsons,Gordon Road,Woking,CB1 4DH,Credit Card,31/12/2014,Senior
Mrs,Jay,THM0052,Gibson,Garden House,Brighton,DA2 0HH,Credit Card,01/06/1998,Junior
Mr,Freddie,THM0053,Greenwood,Friars Gardens,Farnborough,HG2 0LL,Paycardo Wallet,25/04/2000,Senior
Ms,Holly,THM0054,Howells,17 Salisbury Road,Farnborough,HG2 5IO,Credit Card,02/09/2010,Junior
Ms,Victoria,THM0055,Shaw,Fisher Road,Walkington,HG12 8TY,Cheque,31/12/2015,Senior
Mr,Morgan,THM0056,Collins,Meadow View,Beverley,HG12 9LK,Debit Card,23/07/2015,Family
Mrs,Sofia,THM0057,Bolton,Eskholme Farm ,Hornsea,HG12 8RT,Credit Card,31/12/2015,Junior
Mr,Pedro,THM0058,Lopez,Edmonds,Withernsea,HG12 9YT,Cheque,23/07/2015,Junior
Mr,Dylan,THM0059,Daly,12 Norbett Way,Woking,CB13 7ER,Cheque,31/12/2015,Senior
Mr,Lewis,THM0060,Knight,185 Old  Road,Woking,CB3 7AZ,Credit Card,31/12/2015,Senior
Mrs,Hannah,THM0061,Holden,Cornish Hill,Whitstable,KY14 9AX,Cheque,23/07/2015,Senior
Mr,Harry,THM0062,Lewis,Lambeth Way,Woking,DA9 4LQ,Credit Card,31/12/2015,Junior
Mr,Logan,THM0063,Johnston,Chippertin,Halifax,HP2 3WE,Cheque,23/07/2015,Senior
Mr,Cameron,THM0064,Barrett,Caldwell Street,Halifax,HP4 3KL,Credit Card,05/05/2008,Senior
Mr,Sean,THM0065,Wells,Lowerhill Drive,Halifax,HP12 3LO,Cheque,03/06/2005,Adult
Ms,Lilly,THM0066,Allan,West Burnside,Essex,L12 1NB,Cheque,03/06/2005,Junior
Mrs,Victoria,THM0067,Adams,Browning Road,Woking,AL3 5QT,Credit Card,31/12/2015,Senior
Mr,Jian,THM0068,Yin,Broadoaks Way,Peterborough,HG3 5EU,Credit Card,31/12/2014,Senior
Ms,Harriet,THM0069,Singh,Blackburn,Redditch,DA2 0SD,Credit Card,01/06/1998,Senior
Mr,Liam,THM0070,Barry,Alderbrook Rd,Redditch,DA13 0PZ,Cheque,25/04/2000,Junior
Mr,Alex,THM0071,Fisher,Boreland Rd,Penzance,TR7 3QD,Debit Card,02/09/2010,Senior
Ms,Tiffany,THM0072,Cox,Bird Lane,Halifax,HP12 8WS,Credit Card,31/12/2015,Senior
Miss,Adel,THM0073,Naser,Bigred Lane,Halifax,HP1 4GH,Credit Card,23/07/2015,Senior
Mr,Leon,THM0074,Mann,Berkeley Hall,Haslemere,HP6 3ER,Cheque,31/12/2015,Junior
Ms,Valerijs,THM0075,Bergs,Beaufort Lane,St Albans,L13 5HJ,Debit Card,23/07/2015,Senior
Mr,Nicholas,THM0076,Middleton,Avon Road,Ipswich,AL13 7DF,Credit Card,31/12/2015,Family
Ms,Nicole,THM0077,Davidson,Ash Road,St Albans,HP4 3JK,Debit Card,31/12/2015,Senior
Miss,Alisha,THM0078,Palmer,Carrdoch,Peterworth,HP2 2TS,Paycardo Wallet,23/07/2015,Junior
Mr,Billy,THM0079,Mitchell,Smalling Road,Leamington Spa,L12 5KL,Cheque,31/12/2015,Senior
Mr,Alexander,THM0080,Nicholls,Scotts Lane,Solihull,HP4 5EQ,Credit Card,31/12/2015,Junior
Ms,Erin,THM0081,Bailey,Tree Gardens,Solihull,HP14 4EQ,Debit Card,23/07/2015,Junior
Mrs,Rebecca,THM0082,Scott,Hepperton Road,Solihull,HP2 4HJ,Credit Card,23/07/2015,Senior
Mr,Taylor,THM0083,Hargreaves,Rockerhall,Aberdeen,AB12 5PO,Credit Card,09/05/2008,Senior
Miss,Francesca,THM0084,Brooks,North End ,Welwyn,HP14 2GH,Debit Card,31/12/2015,Senior
Mrs,Abby,THM0085,Bell,Barton Road,Solihull,HP14 3DF,Credit Card,31/12/2015,Junior
Ms,Emma,THM0086,West,Horsham Lane,Portsmouth,PT2 5TY,Credit Card,23/07/2015,Junior
Mr,Max,THM0087,Reid,Jobsworth Lane,Welwyn,DA13 6LK,Debit Card,09/05/2008,Senior
Mrs,Lara,THM0088,Riley,Sharron Crescent,Solihull,HP17 5LG,Credit Card,31/12/2015,Senior
Ms,Brooke,THM0089,O'Sullivan,Hope Circle,Solihull,HP17 8LG,Debit Card,31/12/2015,Junior
Miss,Matilda,THM0090,Craig,20 Corn Park,Penzance,TR26 4OP,Debit Card,31/12/2001,Junior
Ms,Gracie,THM0091,Stokes,St Mellon Road,Aberdeen,AB18 2ER,Credit Card,01/08/1999,Senior
Ms,Maisie,THM0092,Byrne,Crantock Hill,Camborne,TR14 6RF,Cheque,31/12/2015,Junior
Mrs,Gracie,THM0093,O'Neill,Cowper Close,Penzance,TR21 5TG,Credit Card,31/12/2015,Junior
Mr,Callum,THM0094,Baxter,161 Apple Row,Redruth,TR15 6YU,Cheque,31/12/2015,Junior
Mrs,Samantha,THM0095,Walton,Roundabout Road,Redruth,TR15 4ET,Credit Card,31/12/2015,Senior
Ms,Ellie,THM0096,Jenkins,Wheal Alfred,Penzance,TR18 3TF,Credit Card,23/07/2013,Family
Mr,Nathan,THM0097,Burrows,West Park Avenue,Aberdeen,AB2 6KL,Credit Card,31/12/2015,Junior
Mr,Henry,THM0098,Dodd,Linden Hall,Solihull,CH2 8NE,Credit Card,23/07/2015,Junior
Miss,Margaret,THM0099,Jakobson,Westbury Parc,Bath,BT7 8LR,Credit Card,31/12/2015,Senior
Mr,Lok,THM0100,Hou,Pendray Park,Solihull,CH9 6EW,Debit Card,31/12/2015,Senior
