Title,First_Name,Last_Name,Add1,Town,County,Postcode,Status,Reward,Bonus
Ms,Bethany,Kennedy,59 Warren Street,Plymouth,Devon,PL6 4AB,Club,Tin,Guided tour
Mr,Alex,Lord,27 Baldock Street,,Coventry,CV6 5NX,Elite,Tin,Hard Rock Museum
Mr,Josh,Dennis,6 Hawkley Drive,Bristol,Somerset ,BS32 0BF,Platinum,Copper,Tramways Project
Ms,Krijna,Ermers,37 Hortonwood,Telford,Shropshire,TF1 7XT,Club,Pewter,Guided tour
Mr,Harvey,Carr,12 Hareness Road,Aberdeen,Scotland,AB12 3LE,Platinum,Aluminium ,Guided tour
Ms,Victoria,Griffiths,32 Reading Close,Ipswich,Suffolk,IP5 9ZZ,Elite,Pewter,Tramways Project
Mr,Waleed,Patel,95 Chinnor Road,Thame,Oxfordshire,OX9 3LP,Club,Tin,Miners village
Ms,Anka,Ploski,32 Queen Street,Maidenhead,Berkshire,SL6 1HZ,Elite,Copper,Hard Rock Museum
Mr,Nasser,Salam,47 Park Road,Colchester,Essex,CO8 5UP,Platinum,Pewter,Guided tour
Mr,Louis,Brooks,31 West Quay Road,Gerrards Cross,Bucks,SL9 8ER,Platinum,Pewter,Miners village
Mrs,Jayne,Aspinal,12 Fernleigh Place,Penzance,Cornwall,TR2 7BQ,Club,Copper,Hard Rock Museum
