Payroll Number,GivenName,FamilyName,StreetAddress,City/Town,Post Code,Date of Birth,Date of employment
CA5506H,Danielle,Garner,52 Hendford Hill,Cardiff,CA10 9UN,16/03/1977,03/02/1998
AS5079K,Ben,Gardiner,50 Fox Lane,Ashford,AS7 4HS,28/02/1977,11/02/1998
DU6706H,Archie,Shaw,39 Carriers Road,Dundee,DU9 2RH,14/05/1979,20/03/1998
CA2793H,Paige,Garner,54 Holburn Lane,Cardiff,CA1 7JG,10/03/1998,23/03/1998
BO4504G,Jack,Patel,27 Balsham Road,Bolton,BO1 5DF,07/03/1992,25/03/1998
BO5464F,Kieran,Wilkinson,9 Main St,Bolton,BO5 7VB,09/09/1973,05/09/1998
DU3843G,Rosie,Bartlett,43 Main Road,Dundee,DU12 6XM,02/11/1982,17/10/1998
DU3576H,Katie,Perkins,52 Mill Lane,Dundee,DU2 5PV,27/09/1990,24/12/1998
CA2480A,Cameron,Scott,99 Great Western Road,Cardiff,CA4 4MZ,02/12/1984,15/01/1999
CA3423K,Taylor,Clark,47 Maidstone Road,Cardiff,CA1 4SG,11/04/1970,27/06/1999
AS5883J,Harvey,Patel,85 Iolaire Road,Ashford,AS8 6SJ,27/07/1979,03/08/1999
DU6576J,Alfie,Barker,17 North Promenade,Dundee,DU11 6UY,27/01/1976,15/08/1999
AS3474F,Sebastian,Marsden,5 Middlewich Road,Ashford,AS12 3KV,09/03/1987,19/08/1999
CA4075A,Jayden,Wheeler,34 Front St,Cardiff,CA6 5MT,21/05/1985,23/09/1999
DU6764L,Spencer,Savage,74 Wade Lane,Dundee,DU11 1ZG,11/12/1997,12/10/1999
AS3501E,Louie,Jennings,2 Church Way,Ashford,AS2 5SC,11/01/1977,09/11/1999
CA4845C,Maya,Alexander,97 Wern Ddu Lane,Cardiff,CA5 7MM,09/07/1982,05/02/2000
AS6009F,Emily,Gardner,91 Circle Way,Ashford,AS7 3SU,22/04/1999,06/03/2000
DU6635J,Connor,Townsend,36 Rhosddu Rd,Dundee,DU12 7LY,09/01/1975,11/03/2000
CA5131B,Callum,Kerr,3 Bouverie Road,Cardiff,CA8 8UB,14/05/1990,14/06/2000
DU3933C,Katie,Dennis,40 Front St,Dundee,DU10 3EX,06/05/1975,10/07/2000
DU4446F,Luca,Atkinson,6 Abbey Row,Dundee,DU9 3UH,13/09/1974,01/11/2000
DU4285H,Zara,Marsden,13 Cloch Rd,Dundee,DU2 8DF,19/04/1978,18/11/2000
BO2711K,Jude,Webster,34 St James Boulevard,Bolton,BO8 7MU,21/02/1973,02/12/2000
BO5150F,Isaac,Butler,59 Boughton Rd,Bolton,BO11 4DA,16/04/1993,28/02/2001
CA3876A,Scott,Newman,50 Gloucester Road,Cardiff,CA2 5PK,24/01/1969,07/03/2001
DU5156F,Ava,Robinson,75 Northgate Street,Dundee,DU2 6VC,22/03/1984,28/06/2001
AS5122M,Isobel,Connor,69 Huntly Street,Ashford,AS7 3FA,10/01/1982,08/07/2001
AS3722C,Caitlin,Anderson,63 Hampton Court Rd,Ashford,AS11 5UU,03/08/1999,08/08/2001
CA4504L,Lewis,Griffin,39 Petworth Rd,Cardiff,CA3 8EE,26/05/1980,17/10/2001
BO5237L,Rebecca,Naylor,16 Castledore Road,Bolton,BO1 6JX,14/10/1970,19/12/2001
DU2788G,Hayden,Johnston,24 Bridge Street,Dundee,DU12 8HG,23/07/1988,17/05/2002
AS3616G,Jasmine,Robertson,24 Golden Knowes Road,Ashford,AS10 9HT,13/08/1980,02/06/2002
BO4488F,Madeleine,Davey,80 Abbey Row,Bolton,BO2 2TJ,21/06/1970,24/06/2002
CA2498D,Elliot,Whittaker,87 Ramsgate Rd,Cardiff,CA11 6BW,25/08/1998,08/07/2002
AS2602K,Scarlett,Kent,86 Brynglas Road,Ashford,AS3 4AB,01/12/1988,18/08/2002
DU4507L,George,Williams,25 Stone Cellar Road,Dundee,DU5 1CN,18/06/1989,15/12/2002
CA6038G,Summer,Reed,44 Fraserburgh Rd,Cardiff,CA3 4AK,11/09/1973,01/01/2003
DU6749B,Isaac,Marsh,81 Preston Rd,Dundee,DU5 6PB,13/02/1977,08/02/2003
BO4621L,David,Hope,77 Monks Way,Bolton,BO10 4RV,15/12/1979,04/03/2003
BO4183D,Kiera,Leonard,76 Netherpark Crescent,Bolton,BO12 5PJ,14/11/1990,25/03/2003
AS2703A,Matthew,Noble,16 Ings Lane,Ashford,AS6 9GN,28/10/1973,01/04/2003
BO5473F,Lucy,Murray,36 Sutton Wick Lane,Bolton,BO3 3BY,21/03/1987,16/06/2003
AS5010D,Holly,Burton,75 Manor Way,Ashford,AS1 1DN,24/07/2000,28/06/2003
DU6023A,Leon,Holloway,69 Guildford Rd,Dundee,DU4 7YD,21/05/1991,12/08/2003
DU3541C,Charlotte,Buckley,87 Folkestone Road,Dundee,DU1 1FJ,05/06/1978,16/12/2003
BO4409G,Louis,Hudson,8 Coast Rd,Bolton,BO5 7BZ,22/10/1969,13/02/2004
BO2864D,Owen,Mitchell,8 Asfordby Rd,Bolton,BO8 4JF,13/09/1971,13/02/2004
AS6702M,Louie,Randall,39 Lammas Street,Ashford,AS10 8VV,01/02/1998,17/07/2004
AS6751C,Alicia,Warner,58 Fraserburgh Rd,Ashford,AS7 8BM,13/04/1975,15/08/2004
AS5495J,Hannah,Atkins,65 Golf Road,Ashford,AS11 3HL,27/06/1978,19/10/2004
DU4020B,Sebastian,Russell,97 Park End St,Dundee,DU10 9MX,18/05/1972,03/11/2004
BO3803A,Adam,Newman,26 Horsefair Green,Bolton,BO11 4YL,05/05/1991,05/12/2004
BO4587M,Lara,Sanderson,38 Greyfriars Road,Bolton,BO12 6XU,06/01/1979,24/12/2004
BO5101E,David,Tyler,92 Old Chapel Road,Bolton,BO10 1XP,12/08/1976,12/06/2005
AS5919G,Mollie,Kaur,80 Front Street,Ashford,AS11 8LA,06/12/1998,15/06/2005
BO5639F,Sam,Preston,81 Abingdon Road,Bolton,BO4 5TZ,26/12/1971,06/04/2006
AS3169M,Demi,Hunter,72 Kendell Street,Ashford,AS9 1GP,05/12/1995,11/04/2006
CA6420K,Freya,Kent,86 Nith Street,Cardiff,CA10 8GD,04/04/1978,11/04/2006
DU2341D,Lilly,Summers,36 Whitby Road,Dundee,DU7 4DW,12/03/1975,27/05/2006
CA2543G,Louie,Patel,51 Dunmow Road,Cardiff,CA4 3BM,17/10/1970,10/07/2006
DU3857K,Tilly,Phillips,6 Balsham Road,Dundee,DU7 2MS,10/02/2000,24/07/2006
DU4851D,Adam,Edwards,7 Circle Way,Dundee,DU12 2UV,15/08/1981,25/09/2006
AS6622J,Mason,Steele,31 Gloucester Road,Ashford,AS4 8ZP,11/01/1994,09/10/2006
DU2634E,Lewis,Bevan,95 Hendford Hill,Dundee,DU6 6GN,16/04/1969,15/01/2007
BO6598M,Isabella,Campbell,59 Vicar Lane,Bolton,BO11 1JE,14/12/1977,02/03/2007
DU2424L,Maisie,Khan,74 Station Rd,Dundee,DU5 3ZJ,04/11/1994,23/03/2007
BO6684D,Joseph,Norris,99 Whitchurch Road,Bolton,BO7 4NA,01/12/1995,16/04/2007
DU2442C,Chelsea,Kennedy,27 Prince Consort Road,Dundee,DU7 7LR,23/09/1982,18/04/2007
AS3187B,Benjamin,Archer,22 Moulton Road,Ashford,AS5 6YR,27/02/1984,08/05/2007
BO3722G,Lauren,George,35 Argyll Road,Bolton,BO5 4DH,20/05/1985,22/07/2007
CA6749A,Callum,Chan,69 Berkeley Rd,Cardiff,CA3 5VL,12/10/1997,14/09/2007
CA2620H,Kate,King,95 Great North Road,Cardiff,CA9 4WL,26/02/1982,08/11/2007
AS2714H,Ellis,Stewart,28 Rhosddu Rd,Ashford,AS9 7DX,20/02/1987,21/03/2008
CA5494K,Alisha,Andrews,35 Uxbridge Road,Cardiff,CA6 4UL,14/12/1983,10/06/2008
DU2360J,Kyle,Lloyd,96 Brynglas Road,Dundee,DU12 8GV,14/05/1975,18/06/2008
AS2544L,Owen,Young,24 New Dover Rd,Ashford,AS11 7PZ,14/10/1968,18/07/2008
BO4466M,Amelia,Hope,86 Walwyn Rd,Bolton,BO1 9XT,25/12/1979,14/09/2008
CA6382L,Naomi,Burrows,21 Front St,Cardiff,CA9 5FA,22/06/1984,05/10/2008
CA2540C,Matilda,Kelly,15 Tadcaster Rd,Cardiff,CA3 6SY,01/02/1970,11/01/2009
BO5481L,Holly,Sutton,72 Eastbourne Rd,Bolton,BO10 7BH,25/05/1969,06/02/2009
DU3418J,Tom,Cooper,30 Wade Lane,Dundee,DU9 7XD,14/07/1978,17/05/2009
AS3943A,Adam,Tyler,76 Wade Lane,Ashford,AS1 6CS,06/01/1993,24/06/2009
DU6331C,Charlie,Chamberlain,71 Lammas Street,Dundee,DU11 2LL,13/11/1992,21/07/2009
CA6737H,Louie,Webster,61 Jubilee Drive,Cardiff,CA7 9AJ,08/05/1997,28/07/2009
DU3649L,Yasmin,Williams,19 Seafield Street,Dundee,DU1 3HP,18/03/1972,06/09/2009
AS5394C,Abbie,Baldwin,22 Marlborough Crescent,Ashford,AS10 4VK,10/02/1982,07/11/2009
CA3944M,Imogen,Grant,38 Scrimshire Lane,Cardiff,CA1 2UM,01/11/1998,27/02/2010
BO3247G,Sean,Reynolds,58 Gloddaeth Street,Bolton,BO12 7YW,19/08/1996,27/04/2010
BO5288M,Bradley,Cooper,7 Annfield Rd,Bolton,BO4 2MZ,12/10/1973,07/05/2010
DU6471D,Oliver,White,67 Netherpark Crescent,Dundee,DU12 6JB,02/03/1973,20/04/2011
DU4834G,Tyler,Harrison,6 Glenurquhart Road,Dundee,DU4 3MY,27/09/1972,10/09/2012
DU4095E,Elliot,Williams,67 Lairg Road,Dundee,DU8 8FS,28/01/1973,22/01/2013
AS4010C,Freya,Miles,24 St Maurices Road,Ashford,AS2 9JN,20/01/1969,24/01/2013
CA6309K,Leon,Douglas,11 Kingsway North,Cardiff,CA2 9CZ,06/06/1971,25/01/2013
BO3068F,Jude,Pritchard,29 Front St,Bolton,BO8 5WA,25/07/1996,08/04/2013
DU3656E,Sophia,O'Donnell,36 Guildry Street,Dundee,DU8 6HN,08/11/1996,16/04/2013
AS6038C,Alisha,Griffin,38 Hindhead Road,Ashford,AS2 2CG,15/01/1968,20/05/2013
CA4743D,Edward,Francis,75 Abingdon Road,Cardiff,CA2 5KP,09/08/1981,11/08/2013
AS3886B,Abbie,Simmons,9 Trehafod Road,Ashford,AS5 9PG,11/02/1991,04/10/2013
AS3941J,Louise,Watkins,41 Guildford Rd,Ashford,AS7 1XN,28/05/1972,02/11/2013
AS2590G,David,Ellis,27 Bootham Terrace,Ashford,AS3 8CK,21/11/1980,19/11/2013
CA2524M,Harvey,Simpson,96 Walwyn Rd,Cardiff,CA2 1UA,04/02/1993,05/12/2013
CA6689K,Amy,Collier,28 Hindhead Road,Cardiff,CA8 5WM,22/11/1988,25/12/2013
AS5676E,Rosie,Baker,48 Moulton Road,Ashford,AS11 1LZ,20/12/1983,24/04/2014
BO2832K,Jay,Murray,83 East Street,Bolton,BO3 9XE,18/05/1997,09/09/2014
DU2801E,Jacob,Wallis,4 Grenoble Road,Dundee,DU10 5FV,25/02/1974,22/09/2014
BO5261G,Isaac,Middleton,65 Eastbourne Rd,Bolton,BO4 4WS,04/10/1999,14/01/2015
DU3666M,Jonathan,Allen,99 Colorado Way,Dundee,DU8 9JF,02/01/1997,16/04/2015
AS6644M,Chloe,Kemp,32 Exning Road,Ashford,AS6 1LZ,16/05/1973,23/04/2015
AS3894E,Zak,Godfrey,43 Asfordby Rd,Ashford,AS4 3PU,22/01/1987,25/04/2015
DU6782G,Oliver,Hutchinson,85 Great Western Road,Dundee,DU8 4UL,17/05/1970,22/06/2015
DU5240K,Alicia,Chadwick,24 Jesmond Rd,Dundee,DU10 5SA,09/03/1989,19/09/2015
BO3627H,Jake,Hammond,7 Freezeland Lane,Bolton,BO9 2HG,11/08/1977,08/11/2015
AS3503F,Daisy,Ellis,32 Victoria Road,Ashford,AS12 1LC,17/08/1988,27/12/2015
AS5633M,Ewan,Whittaker,52 Park End St,Ashford,AS8 7ZM,05/02/1994,14/01/2016
CA6133G,Aidan,Wallis,59 Iolaire Road,Cardiff,CA8 4KE,05/05/1974,14/01/2016
BO4631H,Victoria,Wilkins,32 Wrexham Rd,Bolton,BO4 7KG,01/12/1970,18/01/2016
BO5359A,Zara,Payne,37 Folkestone Road,Bolton,BO2 1VM,14/01/1981,23/02/2016
BO4660L,Sophie,Williams,1 Trinity Crescent,Bolton,BO3 4CA,15/12/1981,20/04/2016
AS2940C,Sean,Bolton,3 Warner Close,Ashford,AS2 2XS,25/06/1970,26/04/2016
DU4132J,Jordan,Connolly,21 Newmarket Road,Dundee,DU8 5DM,26/02/1991,06/07/2016
CA6175A,Jasmine,Atkinson,1 Southlands Road,Cardiff,CA5 5VC,03/11/1987,23/08/2016
BO6263H,Charlie,Pugh,48 Guild Street,Bolton,BO11 5PP,10/01/1982,04/11/2016
DU3092D,Imogen,Stanley,39 Broad Street,Dundee,DU12 3EK,06/09/1987,11/12/2016
AS5870L,Naomi,Sanderson,31 Main Rd,Ashford,AS6 4JR,03/07/1977,16/12/2016
AS5920H,Natasha,Houghton,75 Newport Road,Ashford,AS9 2XE,16/11/1994,26/12/2016
