Payroll Number,Site,Job code,Contract hours,Date of employment,GivenName,FamilyName,Date of Birth
AS3722C,Ashford,TO,16,08/08/2001,Caitlin,Anderson,03/08/1999
AS3187B,Ashford,SA,16,08/05/2007,Benjamin,Archer,27/02/1984
AS5495J,Ashford,SM,40,19/10/2004,Hannah,Atkins,27/06/1978
AS5676E,Ashford,WO,8,24/04/2014,Rosie,Baker,20/12/1983
AS5394C,Ashford,SA,8,07/11/2009,Abbie,Baldwin,10/02/1982
AS2940C,Ashford,TO,40,26/04/2016,Sean,Bolton,25/06/1970
AS5010D,Ashford,TO,16,28/06/2003,Holly,Burton,24/07/2000
AS5122M,Ashford,LO,16,08/07/2001,Isobel,Connor,10/01/1982
AS2590G,Ashford,LE,16,19/11/2013,David,Ellis,21/11/1980
AS3503F,Ashford,WO,24,27/12/2015,Daisy,Ellis,17/08/1988
AS5079K,Ashford,AA,16,11/02/1998,Ben,Gardiner,28/02/1977
AS6009F,Ashford,AM,16,06/03/2000,Emily,Gardner,22/04/1999
AS3894E,Ashford,TM,16,25/04/2015,Zak,Godfrey,22/01/1987
AS6038C,Ashford,WM,40,20/05/2013,Alisha,Griffin,15/01/1968
AS5920H,Ashford,WO,8,26/12/2016,Natasha,Houghton,16/11/1994
AS3169M,Ashford,LO,32,11/04/2006,Demi,Hunter,05/12/1995
AS3501E,Ashford,LS,24,09/11/1999,Louie,Jennings,11/01/1977
AS5919G,Ashford,AA,16,15/06/2005,Mollie,Kaur,06/12/1998
AS6644M,Ashford,LE,24,23/04/2015,Chloe,Kemp,16/05/1973
AS2602K,Ashford,LO,8,18/08/2002,Scarlett,Kent,01/12/1988
AS3474F,Ashford,AA,24,19/08/1999,Sebastian,Marsden,09/03/1987
AS4010C,Ashford,AA,32,24/01/2013,Freya,Miles,20/01/1969
AS2703A,Ashford,TO,8,01/04/2003,Matthew,Noble,28/10/1973
AS5883J,Ashford,SA,8,03/08/1999,Harvey,Patel,27/07/1979
AS6702M,Ashford,AA,24,17/07/2004,Louie,Randall,01/02/1998
AS3616G,Ashford,AA,8,02/06/2002,Jasmine,Robertson,13/08/1980
AS5870L,Ashford,LO,40,16/12/2016,Naomi,Sanderson,03/07/1977
AS3886B,Ashford,WO,16,04/10/2013,Abbie,Simmons,11/02/1991
AS6622J,Ashford,SA,8,09/10/2006,Mason,Steele,11/01/1994
AS2714H,Ashford,LS,16,21/03/2008,Ellis,Stewart,20/02/1987
AS3943A,Ashford,LO,24,24/06/2009,Adam,Tyler,06/01/1993
AS6751C,Ashford,WO,8,15/08/2004,Alicia,Warner,13/04/1975
AS3941J,Ashford,TM,24,02/11/2013,Louise,Watkins,28/05/1972
AS5633M,Ashford,AA,8,14/01/2016,Ewan,Whittaker,05/02/1994
AS2544L,Ashford,WO,16,18/07/2008,Owen,Young,14/10/1968
