Payroll Number,Site,Job code,Contract hours,Date of employment,GivenName,FamilyName,Date of Birth
BO5150F,Bolton,WO,24,28/02/2001,Isaac,Butler,16/04/1993
BO6598M,Bolton,LE,32,02/03/2007,Isabella,Campbell,14/12/1977
BO5288M,Bolton,AA,32,07/05/2010,Bradley,Cooper,12/10/1973
BO4488F,Bolton,WO,8,24/06/2002,Madeleine,Davey,21/06/1970
BO3722G,Bolton,TO,8,22/07/2007,Lauren,George,20/05/1985
BO3627H,Bolton,LO,24,08/11/2015,Jake,Hammond,11/08/1977
BO4621L,Bolton,WM,40,04/03/2003,David,Hope,15/12/1979
BO4466M,Bolton,TO,16,14/09/2008,Amelia,Hope,25/12/1979
BO4409G,Bolton,SM,40,13/02/2004,Louis,Hudson,22/10/1969
BO4183D,Bolton,TO,8,25/03/2003,Kiera,Leonard,14/11/1990
BO5261G,Bolton,WO,16,14/01/2015,Isaac,Middleton,04/10/1999
BO2864D,Bolton,AM,24,13/02/2004,Owen,Mitchell,13/09/1971
BO2832K,Bolton,LE,40,09/09/2014,Jay,Murray,18/05/1997
BO5473F,Bolton,TO,16,16/06/2003,Lucy,Murray,21/03/1987
BO5237L,Bolton,LS,16,19/12/2001,Rebecca,Naylor,14/10/1970
BO3803A,Bolton,LO,8,05/12/2004,Adam,Newman,05/05/1991
BO6684D,Bolton,SA,40,16/04/2007,Joseph,Norris,01/12/1995
BO4504G,Bolton,AA,16,25/03/1998,Jack,Patel,07/03/1992
BO5359A,Bolton,TO,8,23/02/2016,Zara,Payne,14/01/1981
BO5639F,Bolton,LO,24,06/04/2006,Sam,Preston,26/12/1971
BO3068F,Bolton,TO,8,08/04/2013,Jude,Pritchard,25/07/1996
BO6263H,Bolton,WO,16,04/11/2016,Charlie,Pugh,10/01/1982
BO3247G,Bolton,WO,16,27/04/2010,Sean,Reynolds,19/08/1996
BO4587M,Bolton,AA,8,24/12/2004,Lara,Sanderson,06/01/1979
BO5481L,Bolton,LO,16,06/02/2009,Holly,Sutton,25/05/1969
BO5101E,Bolton,AA,40,12/06/2005,David,Tyler,12/08/1976
BO2711K,Bolton,TM,40,02/12/2000,Jude,Webster,21/02/1973
BO4631H,Bolton,TO,16,18/01/2016,Victoria,Wilkins,01/12/1970
BO5464F,Bolton,LO,8,05/09/1998,Kieran,Wilkinson,09/09/1973
BO4660L,Bolton,LS,32,20/04/2016,Sophie,Williams,15/12/1981
