Payroll Number,Site,Job code,Contract hours,Date of employment,GivenName,FamilyName,Date of Birth
CA4845C,Cardiff,LE,8,05/02/2000,Maya,Alexander,09/07/1982
CA5494K,Cardiff,AA,32,10/06/2008,Alisha,Andrews,14/12/1983
CA6175A,Cardiff,LO,40,23/08/2016,Jasmine,Atkinson,03/11/1987
CA6382L,Cardiff,LO,24,05/10/2008,Naomi,Burrows,22/06/1984
CA6749A,Cardiff,WO,16,14/09/2007,Callum,Chan,12/10/1997
CA3423K,Cardiff,WM,40,27/06/1999,Taylor,Clark,11/04/1970
CA6689K,Cardiff,LO,8,25/12/2013,Amy,Collier,22/11/1988
CA6309K,Cardiff,LE,8,25/01/2013,Leon,Douglas,06/06/1971
CA4743D,Cardiff,TO,24,11/08/2013,Edward,Francis,09/08/1981
CA2793H,Cardiff,AA,16,23/03/1998,Paige,Garner,10/03/1998
CA5506H,Cardiff,LS,32,03/02/1998,Danielle,Garner,16/03/1977
CA3944M,Cardiff,SM,40,27/02/2010,Imogen,Grant,01/11/1998
CA4504L,Cardiff,WO,24,17/10/2001,Lewis,Griffin,26/05/1980
CA2540C,Cardiff,TO,24,11/01/2009,Matilda,Kelly,01/02/1970
CA6420K,Cardiff,LO,16,11/04/2006,Freya,Kent,04/04/1978
CA5131B,Cardiff,AA,24,14/06/2000,Callum,Kerr,14/05/1990
CA2620H,Cardiff,LO,24,08/11/2007,Kate,King,26/02/1982
CA3876A,Cardiff,AM,8,07/03/2001,Scott,Newman,24/01/1969
CA2543G,Cardiff,WO,40,10/07/2006,Louie,Patel,17/10/1970
CA6038G,Cardiff,LO,16,01/01/2003,Summer,Reed,11/09/1973
CA2480A,Cardiff,TO,40,15/01/1999,Cameron,Scott,02/12/1984
CA2524M,Cardiff,LO,16,05/12/2013,Harvey,Simpson,04/02/1993
CA6133G,Cardiff,TM,32,14/01/2016,Aidan,Wallis,05/05/1974
CA6737H,Cardiff,LO,16,28/07/2009,Louie,Webster,08/05/1997
CA4075A,Cardiff,LS,16,23/09/1999,Jayden,Wheeler,21/05/1985
CA2498D,Cardiff,SA,40,08/07/2002,Elliot,Whittaker,25/08/1998
