component_name,cost_price,sale_ price,profit,component_number
Dual core 2GHz CPU,100,125,,DC2CPU
Quad core 4GHz CPU,165,200,,QC4CPU
Dual core 3GHz CPU,120,150,,DC3CPU
Fanless heat sink,30,40,,FLSHS
Single fan heat sink,35,55,,SFHS
Dual fan heat sink,45,70,,DFHS
Water cooling heat sink,85,100,,WCHS
1 x 4GB RAM,15,30,,1X4RAM
1 x 8GB RAM,25,50,,1X8RAM
2 x 4GB RAM,30,60,,2X4RAM
2 x 8GB RAM,50,100,,2X8RAM
Mini ITX case,35,50,,MITXCSE
Micro ATX case,55,70,,MCATXCSE
Mid tower ATX case,75,95,,MTATXCSE
Full tower ATX case,100,120,,FTATXCS
500 GB HDD,20,30,,500GBHDD
1TB HDD,40,55,,1TBHDD
2TB HDD,55,70,,2TBHDD
4TB HDD,100,125,,4TBHDD
128GB SSD,130,150,,128GBSSD
256GB SSD,175,200,,256GBSSD
512GB SSD,220,250,,512GBSSD
Mini ITX motherboard,60,80,,MITXMB
Micro ATX motherboard single PCIe slot,75,90,,MCATXMBS
Micro ATX motherboard dual PCIe slot,100,120,,MCATXMBD
Full size ATX motherboard single PCIe slot,80,100,,FSATXMBS
Full size ATX motherboard dual PCIe slot,135,150,,FSATXMBD
1024 core graphics card 2 GB VRAM,250,300,,1024GC2GB
2048 core graphics card 4GB VRAM,450,500,,2048GC4GB
DVD writer,25,40,,DVDW
Bluray writer,85,100,,BRW
450W power supply unit,35,50,,450PSU
600W power supply unit,85,100,,600PSU
