customer_number,customer_forename,customer_surname,mailing_list,account
JS1,Johann,Schmidt,TRUE,TRUE
SB1,Steffi,Beckenbauer,TRUE,TRUE
ML1,Maurice,LaPorte,FALSE,FALSE
VD1,Venkhat,Dasgupta,FALSE,TRUE
GD1,Gurdeep,Dasgupta,FALSE,TRUE
JS2,John,Smith,FALSE,FALSE
MJ1,Malcom,Jones,TRUE,FALSE
FH1,Fatima,Hedge,FALSE,FALSE
JL1,Jorge,Lopez,TRUE,FALSE
TL1,Tanjung ,Lu,FALSE,TRUE
AJ1,Alice,Jones,TRUE,TRUE
DS1,Daniel,Smalley,FALSE,TRUE
HS1,Hans,Schumacher,FALSE,FALSE
JL2,Joy,Lu,TRUE,TRUE
SE1,Sally,Evans,FALSE,FALSE
HL1,Hyung-Ju,Lee,FALSE,FALSE
DG1,Diego,Garcia,TRUE,TRUE
MV1,Maria,Velasquez,TRUE,TRUE
PS1,Pradeep,Sekaran,FALSE,FALSE
SK1,Seyon,Khurumoorthy,TRUE,FALSE
DF1,David,Ferrarin,FALSE,FALSE
SJ1,Sarah,Jones,FALSE,FALSE
RJ1,Rachel,Jackson,FALSE,FALSE
DC1,Dennis,Chapman,TRUE,TRUE
MC1,Michael,Chang,FALSE,FALSE
DC2,Daniel,Chua,FALSE,TRUE
IX1,Ian,Xie,TRUE,FALSE
AB1,Anna,Beaumont,FALSE,FALSE
PE1,Pascal,Emelie,TRUE,FALSE
BS1,Benedict,Smith,TRUE,TRUE
NP1,Nicola,Perry,FALSE,FALSE
AT1,Arya,Tandon,FALSE,TRUE
KP1,Katherine,Potter,FALSE,FALSE
SR1,Simone,Roach,FALSE,FALSE
JB1,Joshua,Bond,FALSE,TRUE
LG1,Lisa,Greenwood,TRUE,FALSE
DK1,David,Khan,TRUE,FALSE
SS1,Sagar,Singh,FALSE,TRUE
MK1,Mena,Kaur,FALSE,TRUE
SS2,Sita,Singh,TRUE,TRUE
