order_number,component_number,quantity,component_profit
1,DC2CPU,1,
1,FLSHS,1,
1,1X8RAM,2,
2,QC4CPU,1,
2,2X4RAM,2,
3,DC2CPU,2,
3,SFHS,1,
4,1X8RAM,1,
4,MCATXCSE,1,
4,1TBHDD,2,
5,MTATXCSE,1,
5,2TBHDD,1,
6,DC2CPU,1,
6,MITXMB,1,
6,1024GC2GB,1,
7,SFHS,2,
7,1TBHDD,3,
7,MCATXMBD,2,
7,MCATXCSE,2,
8,DC2CPU,1,
8,1X8RAM,1,
9,FTATXCS,2,
9,2TBHDD,1,
9,1024GC2GB,1,
10,QC4CPU,1,
10,DFHS,1,
10,2X4RAM,2,
10,FTATXCS,3,
10,2TBHDD,1,
11,2048GC4GB,1,
11,BRW,1,
12,MCATXCSE,1,
12,1TBHDD,2,
12,MCATXMBD,1,
13,MITXCSE,1,
13,256GBSSD,1,
14,QC4CPU,2,
14,1X8RAM,2,
14,MTATXCSE,1,
14,1024GC2GB,1,
14,450PSU,2,
15,FTATXCS,1,
15,1024GC2GB,1,
16,2TBHDD,1,
17,DC2CPU,1,
17,SFHS,1,
17,1X8RAM,1,
18,FTATXCS,1,
18,2048GC4GB,1,
19,DC3CPU,2,
19,DFHS,1,
19,2X4RAM,2,
19,1TBHDD,1,
19,MITXMB,1,
19,DVDW,1,
19,600PSU,1,
20,MCATXCSE,1,
20,1TBHDD,1,
21,2TBHDD,1,
21,1024GC2GB,1,
21,BRW,1,
22,QC4CPU,1,
23,FTATXCS,1,
23,MCATXMBD,1,
24,2048GC4GB,1,
24,BRW,1,
25,SFHS,1,
25,1X8RAM,2,
25,MCATXCSE,1,
25,2TBHDD,2,
25,256GBSSD,1,
25,1024GC2GB,1,
25,DVDW,2,
25,450PSU,1,
26,DC2CPU,1,
26,MTATXCSE,1,
26,MCATXMBD,1,
26,2048GC4GB,1,
26,BRW,1,
26,600PSU,1,
26,2X8RAM,1,
27,2TBHDD,1,
27,BRW,1,
27,600PSU,1,
28,1TBHDD,1,
28,600PSU,1,
28,2X8RAM,1,
29,QC4CPU,1,
29,DFHS,1,
29,MITXCSE,2,
29,DVDW,2,
29,450PSU,1,
30,DC3CPU,1,
31,2X4RAM,1,
31,FTATXCS,1,
31,2TBHDD,1,
32,MCATXCSE,1,
32,2048GC4GB,1,
32,BRW,1,
33,MCATXMBD,1,
33,2048GC4GB,1,
34,DC2CPU,1,
34,1X8RAM,2,
34,MTATXCSE,1,
34,1TBHDD,2,
34,256GBSSD,1,
34,1024GC2GB,1,
34,BRW,1,
34,450PSU,1,
34,2X8RAM,1,
35,DC3CPU,1,
35,DFHS,1,
36,FTATXCS,1,
36,2TBHDD,1,
36,MCATXMBD,1,
37,MCATXCSE,1,
37,1TBHDD,1,
38,QC4CPU,1,
38,WCHS,1,
38,2X4RAM,1,
39,MTATXCSE,1,
40,DFHS,1,
40,2X4RAM,1,
40,MITXCSE,1,
