Code,Name,Country,Area (km2),Elevation (m),Depth (max),Water
L1,Lake Bogoria,Kenya,34,990,10,Salt
L2,Lake Nakuru,Kenya,45,1760,2,Fresh
L3,Lake Elementaita,Kenya,18,1670,1.5,Salt
L4,Lake Victoria,Kenya,59947,1135,83,Fresh
L5,Lake Victoria,Tanzania,59947,1135,83,Fresh
L6,Lake Victoria,Uganda,59947,1135,83,Fresh
L7,Lake Victoria,Burundi,59947,1135,83,Fresh
L8,Lake Victoria,Rwanda,59947,1135,83,Fresh
L9,Lake Tanganyika,Tanzania,32900,773,1470,Fresh
L10,Lake Tanganyika,Democratic Republic of Congo,32900,773,1470,Fresh
L11,Lake Tanganyika,Zambia,32900,773,1470,Fresh
L12,Lake Tanganyika,Burundi,32900,773,1470,Fresh
L13,Lake Malawi,Malawi,29600,500,706,Fresh
L14,Lake Malawi,Mozambique,29600,500,706,Fresh
L15,Lake Malawi,Tanzania,29600,500,706,Fresh
L16,Lake Albert,Uganda,5300,615,51,Fresh
L17,Lake Albert,Democratic Republic of Congo,5300,615,51,Fresh
L18,Lake Edward,Uganda,2325,912,17,Fresh
L19,Lake Edward,Democratic Republic of Congo,2325,912,17,Fresh
L20,Lake Kivu,Democratic Republic of Congo,2700,1460,480,Fresh
L21,Lake Kivu,Rwanda,2700,1460,480,Fresh
L22,Lake Abaya,Ethiopia,1162,1285,13.1,Fresh
L23,Lake Chamo,Ethiopia,551,1235,14,Fresh
L24,Lake Zway,Ethiopia,485,1636,9,Fresh
L25,Lake Shala,Ethiopia,329,1558,266,Fresh
L26,Lake Koka,Ethiopia,250,1590,47,Fresh
L27,Lake Langano,Ethiopia,230,1585,46,Fresh
L28,Lake Abijatta,Ethiopia,205,1573,14,Fresh
L29,Lake Awansa,Ethiopia,129,1708,10,Fresh
L30,Lake Turkana,Kenya,6405,360,125,Salt
L31,Lake Turkana,Ethiopia,6405,360,125,Salt
L32,Lake Logipi,Kenya,15,577,5,Salt
L33,Lake Boringo,Kenya,168,1000,10,Salt
L34,Lake Naivasha,Kenya,139,1884,30,Fresh
L35,Lake Magadi,Kenya,100,579,1,Salt
