Quarter,1,,,,2,,,,3,,,,4,,,,Year
Month,April,May,June,Sub-total,July,August,September,Sub-total,October,November,December,Sub-total,January,February,March,Sub-total,Total
Number of trips,5,3,3,,8,2,7,,11,2,0,,8,12,10,,
Income,16515,15087,12048,,42424,3974,36036,,38698,6532,0,,42008,66168,44220,,
Expenditure,8896,9379,11724,,23975,3521,19014,,19345,4360,0,,13172,54143,27003,,
Profit,,,,,,,,,,,,,,,,,
,,,,,,,,,,,,,,,,,
Best month,,,,,,,,,,,,,,,,,
Worst month,,,,,,,,,,,,,,,,,
Average profit,,,,,,,,,,,,,,,,,
