Model,Make,Chipset,Socket,Memory,Memory Slots,Number in stock,Price,ID
Prime B350M-A,Asut,AME,AM4,DDR4,4,4,74.98,M1
ROG RAMPAGE V EDITION 10,Asut,Intem,2011,DDR4,8,3,218.99,M2
ROG STRIX B250H GAMING,Asut,Intem,1151,DDR4,4,2,103.22,M3
ROG STRIX X299-E GAMING,Asut,Intem,2066,DDR4,8,4,106.98,M4
Z10PE-D8 WS,Asut,Intem,2011,DDR4,8,1,563.16,M5
B85M-F,Asut,Intem,1150,DDR3,2,1,44.99,M11
B85M-K,Asut,Intem,1150,DDR3,2,4,44.99,M12
B85M-D,Asut,Intem,1150,DDR3,2,2,42.75,M13
B85M-D PLUS,Asut,Intem,1150,DDR3,2,1,43.99,M14
H81M-PLUS,Asut,Intem,1150,DDR3,2,1,44.99,M15
Maximus VII Gene,Asut,Intem,1150,DDR3,4,2,366.99,M28
Z97M-PLUS,Asut,Intem,1150,DDR3,4,2,293.99,M29
B85-PRO,Asut,Intem,1150,DDR3,4,1,58.73,M56
P9D WS,Asut,Intem,1150,DDR3,4,0,221.45,M80
Z97-A,Asut,Intem,1150,DDR3,4,1,44.99,M83
Z170M-E D3,Asut,Intem,1151,DDR3,4,3,99.99,M88
H110M-C,Asut,Intem,1151,DDR4,2,1,39.99,M89
H110M-A-M.2,Asut,Intem,1151,DDR4,2,1,46.5,M92
H110M-K,Asut,Intem,1151,DDR4,2,2,57.44,M93
Maximus VIII Gene,Asut,Intem,1151,DDR4,4,2,179.99,M96
Prime H270M-PLUS,Asut,Intem,1151,DDR4,4,3,187.95,M97
B150M-A,Asut,Intem,1151,DDR4,4,1,169.38,M98
Z170I Pro Gaming,Asut,Intem,1151,DDR4,2,2,84.35,M101
H110I-PLUS,Asut,Intem,1151,DDR4,2,3,62.99,M103
Z170-P D3,Asut,Intem,1151,DDR3,4,3,98.99,M104
B150-PLUS D3 ATX,Asut,Intem,1151,DDR3,4,4,170.98,M105
B150 PRO GAMING D3,Asut,Intem,1151,DDR3,4,3,464.91,M106
PRIME Z270-A,Asut,Intem,1151,DDR4,4,2,84.35,M107
Maximus VIII Hero Alpha,Asut,Intem,1151,DDR4,4,2,131.99,M108
Strix Z270E Gaming,Asut,Intem,1151,DDR4,4,3,71.99,M109
Z170-A,Asut,Intem,1151,DDR4,4,2,96.99,M110
Z170-K,Asut,Intem,1151,DDR4,4,4,189.99,M112
Z170-PREMIUM,Asut,Intem,1151,DDR4,4,2,279.8,M114
Prime Z270-P,Asut,Intem,1151,DDR4,4,2,108.63,M115
Maximus IX Code,Asut,Intem,1151,DDR4,4,2,251.27,M116
Z170-E,Asut,Intem,1151,DDR4,4,2,118.98,M117
Maximus VIII Ranger,Asut,Intem,1151,DDR4,4,4,174.05,M120
ROG Strix Z270F Gaming,Asut,Intem,1151,DDR4,4,4,149.99,M121
Prime Z270-AR,Asut,Intem,1151,DDR4,4,3,114.65,M122
TUF Z270 Mark 2,Asut,Intem,1151,DDR4,4,2,134.99,M123
Sabertooth Z170 S,Asut,Intem,1151,DDR4,4,3,77.99,M124
TUF Z270 MARK2,Asut,Intem,1151,DDR4,4,1,131.97,M125
ROG STRIX Z270H GAMING,Asut,Intem,1151,DDR4,4,4,119.99,M126
H170 Pro Gaming,Asut,Intem,1151,DDR4,4,3,118.98,M127
Z170 PRO GAMING,Asut,Intem,1151,DDR4,4,2,296.73,M129
SABERTOOTH Z170 MARK 1,Asut,Intem,1151,DDR4,4,3,154.18,M130
PRIME B250-PLUS,Asut,Intem,1151,DDR4,4,3,74.99,M131
B150 Pro Gaming,Asut,Intem,1151,DDR4,4,2,88.98,M132
B150 Pro Gaming Aura,Asut,Intem,1151,DDR4,4,1,128.99,M133
B150-PRO,Asut,Intem,1151,DDR4,4,3,100.89,M134
z170 Sabertooth Mark 1,Asut,Intem,1151,DDR4,4,2,134.99,M135
P8H61-M LX Plus,Asut,Intem,1155,DDR3,2,4,99.98,M147
P8H61-M LX,Asut,Intem,1155,DDR3,2,3,95.92,M148
P8H67-M LX,Asut,Intem,1155,DDR3,2,3,97.98,M149
Z9PE-D8 WS,Asut,Intem,2011,DDR3,8,0,543.79,M302
X99-A II,Asut,Intem,2011,DDR4,8,3,252.99,M315
P5N7A-VM,Asut,Intem,775,DDR2,4,1,86.72,M347
P5KPL-VM,Asut,Intem,775,DDR2,2,1,180.99,M352
Z97-P,Asut,Intem,1150,DDR3,4,2,48.99,M414
Rampage V Extreme,Asut,Intem,2011,DDR4,8,1,180.99,M416
X99-M WS,Asut,Intem,2011,DDR4,4,4,81.99,M418
X99-A,Asut,Intem,2011,DDR4,8,4,252.99,M422
X99-DELUXE,Asut,Intem,2011,DDR4,8,2,299.99,M423
ROG Strix X99 Gaming,Asut,Intem,2011,DDR4,8,2,269.99,M427
Sabertooth X99,Asut,Intem,2011,DDR4,8,2,178.99,M428
Crosshair IV Extreme,Asut,AME,AM3,DDR3,4,1,266.25,M493
Prime B350-PLUS,Asut,AME,AM4,DDR4,4,4,240.99,M535
ROG Crosshair VI Hero,Asut,AME,AM4,DDR4,4,2,212.12,M536
ROG STRIX B350-F GAMING,Asut,AME,AM4,DDR4,4,1,173.37,M537
A68HM-PLUS,Asut,AME,FM2,DDR3,2,2,42.87,M565
Crossblade Ranger,Asut,AME,FM2,DDR3,4,2,113.99,M578
250M PRO-VD,MSJ,Intem,1151,DDR4,2,3,35.72,M670
110M ECO,MSJ,Intem,1151,DDR4,2,3,38.98,M671
150 NIGHT ELF,MSJ,AME,1151,DDR4,4,2,151.98,M675
H270 Tomahawk Artic,MSJ,Intem,1151,DDR4,4,1,134.99,M676
150 PC MATE,MSJ,Intem,1151,DDR4,4,2,58.98,M678
150M Bazooka,MSJ,Intem,1151,DDR4,4,2,53.99,M680
250M Bazooka,MSJ,Intem,1151,DDR4,4,4,80.99,M683
250M Mortar Arctic,MSJ,Intem,1151,DDR4,4,4,62.99,M684
110m,MSJ,Intem,1151,DDR4,4,1,46.84,M685
170A PC Mate,MSJ,Intem,1151,DDR4,4,3,101.99,M688
170-A PRO,MSJ,Intem,1151,DDR4,4,2,117.95,M691
170A GAMING M3,MSJ,Intem,1151,DDR4,4,4,132.96,M692
170A GAMING M5,MSJ,Intem,1151,DDR4,4,1,133.95,M693
170A GAMING PRO,MSJ,Intem,1151,DDR4,4,4,173.25,M695
170A KRAIT GAMING,MSJ,Intem,1151,DDR4,4,1,119.99,M696
270 Gaming M5,MSJ,Intem,1151,DDR4,4,2,97.98,M702
270 Gaming Pro,MSJ,Intem,1151,DDR4,4,4,91.98,M703
270 SLI PLUS,MSJ,Intem,1151,DDR4,4,3,113.99,M704
270-A PRO,MSJ,Intem,1151,DDR4,4,2,89.98,M705
40GM-P25,MSJ,AME,AM3,DDR3,2,4,66.99,M802
60GM-P21 (FX),MSJ,AME,AM3,DDR3,2,1,68.24,M810
60GM-P21(FX) AM3,MSJ,AME,AM3,DDR3,2,3,68.24,M811
350M Gaming Pro,MSJ,AME,AM4,DDR4,2,2,463.98,M816
350IA-E44,MSJ,AME,F,DDR3,2,3,72.16,M817
A78M-E35,MSJ,AME,FM2,DDR3,2,2,75.5,M827
55-G41 PC Mate,MSJ,AME,FM2,DDR3,2,3,78.45,M828
78-G41 PC Mate,MSJ,AME,FM2,DDR3,2,4,82.89,M833
KA790GX Platinum (MS-7550),MSJ,AME,AM2,DDR2,4,4,352.99,M847
S-7548 (Aspen),MSJ,AME,AM2,DDR2,4,2,101.99,M849
70 Gaming,MSJ,AME,AM3,DDR3,4,3,72.16,M872
70A GAMING PRO CARBON,MSJ,AME,AM3,DDR3,4,1,68.24,M874
60GM-E51 (FX),MSJ,AME,AM3,DDR3,4,2,66.99,M879
70A SLI KRAIT EDITION,MSJ,AME,AM3,DDR3,4,4,78.45,M882
70A-G46,MSJ,AME,AM3,DDR3,4,2,52.98,M885
90FXA GAMING,MSJ,AME,AM3,DDR3,4,4,315.99,M886
90FXA-GD80,MSJ,AME,AM3,DDR3,4,3,68.99,M889
370 Gaming Pro Carbon,MSJ,AME,AM4,DDR4,4,4,117.84,M892
B350 Gaming Plus,MSJ,AME,AM4,DDR4,4,3,81.96,M893
350 GAMING PLUS,MSJ,AME,AM4,DDR4,4,3,122.14,M894
350 TOMAHAWK,MSJ,AME,AM4,DDR4,4,4,94.35,M895
M2-A85XA-G65,MSJ,AME,FM2,DDR3,4,3,318.99,M898
S-7778 (2AEO),MSJ,AME,FM2,DDR3,4,1,129.96,M901
S-7778 (Jasmine),MSJ,AME,FM2,DDR3,4,1,240.99,M902
88X-G43,MSJ,AME,FM2,DDR3,4,1,94.35,M903
78M-E45,MSJ,AME,FM2,DDR3,4,2,73.98,M904
88X-G45,MSJ,AME,FM2,DDR3,4,3,240.99,M905
88XM Gaming,MSJ,AME,FM2,DDR3,4,1,439.97,M906
88XM-E45,MSJ,AME,FM2,DDR3,4,4,418.2,M907
S-7906 (Orchid-S),MSJ,AME,FM2,DDR3,4,4,132.99,M908
