Club_Position	Club_Name	Club_Code	District	County
1	Headwinds Cycle Racket	WOW01	Worthing	West Sussex
2	VeloCycles Riding	HEH02	Hertsmere	Hertfordshire
3	Ascent Cycling Club	BOD03	Bournemouth	Dorset
4	Tawara MTB Club	BRB04	Bracknell Forest	Berkshire
5	Saddle Blazers	WIM05	Wirral	Merseyside
6	Sprocket Cruisers	WAS06	Waveney	Suffolk
7	Pedalhead Rollers	HID07	High Peak	Derbyshire
8	Free Spirit MTB Cycling	AYB08	Aylesbury Vale	Buckinghamshire
9	Juventus Falcons	CRG09	Croydon	Greater London
10	Juntos Racers	DOK10	Dover	Kent
11	Scillonian Breakers	ISC11	Isles of Scilly	Cornwall
12	Kelso MTB	EPE12	Epping Forest	Essex
13	Crankmasters Cartel	MAW13	Malvern Hills	Worcestershire
14	Harmony Wheelers	ERD14	Erewash	Derbyshire
15	MTB Dirt Rollers	CAW15	Calderdale	West Yorkshire
16	Chain Collective Cycling	NON16	Norwich	Norfolk
17	Cyclops Cycles	CHL17	Chorley	Lancashire
18	Easy Riders Cycling Club	TEG18	Tewkesbury	Gloucestershire
19	Velosport Wheelers	WEE19	Wealden	East Sussex
20	Melody Chains	SEK20	Sevenoaks	Kent
21	Wildcat Spinners	TAS21	Taunton Deane	Somerset
22	Wheelers Road Club	ALC22	Allerdale	Cumbria
23	Wildcat Infinity Cycles	SWW23	Swindon	Wiltshire
