member_number,class_number
JS1,SDN
JS1,DAE
JS1,STD
JS1,SPD
SB1,STP
SB1,KTB
SB1,CIR
ML1,AER
ML1,KTB
VD1,ZUM
VD1,SPN
VD1,CIR
GD1,PIL
GD1,YOG
JS2,SDN
JS2,DAE
JS2,STD
MJ1,PIL
FH1,STP
FH1,KTB
FH1,AER
JL1,DAE
JL1,SDN
JL1,DAE
TL1,AER
AJ1,SDN
DS1,AER
HS1,ZUM
HS1,SDN
JL2,DAE
SE1,YLT
SE1,WTS
HL1,DAE
HL1,SPD
DG1,WTS
DG1,YLT
DG1,YOG
DG1,PIL
MV1,KTB
PS1,AER
PS1,STP
PS1,KTB
SK1,PIL
SK1,YOG
SK1,YLT
SK1,WTS
DF1,ZUM
SJ1,AER
SJ1,STP
RJ1,SDN
RJ1,DAE
DC1,DAE
DC1,SDN
MC1,DAE
MC1,SDN
MC1,DAE
DC2,WTS
IX1,SPD
IX1,SDN
IX1,DAE
AB1,ZUM
PE1,AER
PE1,STP
BS1,PIL
BS1,YOG
BS1,YLT
