class_number,class_name,class_type,class_dates,class_cost,trainer_number
ZUM,Zumba,Weight Loss,01/06/2016,6,4
SPN,Spinning,Weight Loss,05/05/2016,5,8
AER,Aerobics,General Fitness,28/05/2016,4,11
PIL,Pilates,Toning,17/05/2016,6.5,3
YOG,Yoga,Toning,19/05/2016,6,3
STP,Step,GeneralFfitness,12/05/2016,4,6
CIR,Circuits,Cardio Circuit Training,03/06/2016,5,14
SDN,Street dance,Dance Cardio,07/05/2016,4.5,1
KBX,Kick boxing,Cardio Boxing,30/05/2016,5.5,5
BOX,Boxercise,Cardio Boxing,02/05/2016,6,5
AAE,Aqua aerobics,Aqua Cardio,22/05/2016,5,10
DAE,Dance aerobics,Dance Cardio,04/05/2016,5.5,1
YLT,Yogalates,Toning,07/05/2016,6.25,13
KTB,Kettlebells,General Fitness,20/05/2016,5,15
STD,Step dance,Dance Cardio,10/05/2016,4.5,1
SPD,Spin dance,Dance Cardio,21/05/2016,5.25,1
WTS,Weights,Toning,08/05/2016,4.5,12
