member_number,member_forename,member_surname,date_of_birth,gender,height,weight,fitness_programme,mailing_list
JS1,Johann,Schmidt,01/01/1980,M,1.66,70,Cardio,0
SB1,Steffi,Beckenbauer,02/02/1970,F,1.82,85,General Fitness,1
ML1,Maurice,LaPorte,10/04/1975,M,2,89,General Fitness,0
VD1,Venkhat,Dasgupta,13/06/1983,M,1.95,86,Weight Loss,1
GD1,Nadia,Dasgupta,29/03/1989,F,1.6,68,Toning,0
JS2,John,Smith,05/05/1975,M,1.55,62,Cardio,0
MJ1,Malcom,Jones,01/06/1980,M,1.97,86,Toning,1
FH1,Fatima,Hedge,03/04/1979,F,1.44,58,General Fitness,0
JL1,Jorge,Lopez,22/07/1985,M,1.76,80,Cardio,1
TL1,Tanjung ,Lu,23/12/1993,M,1.46,58,General Fitness,0
AJ1,Alice,Jones,01/05/1996,F,1.54,68,Cardio,0
DS1,Daniel,Smalley,05/07/1994,M,1.71,75,General Fitness,1
HS1,Hans,Schumacher,23/06/1954,M,1.95,90,Cardio,0
JL2,Joy,Lu,26/03/1991,F,1.45,63,Cardio,0
SE1,Sally,Evans,01/01/1987,F,1.7,75,Toning,0
HL1,Hyung-Ju,Lee,12/02/1981,M,1.68,73,Cardio,0
DG1,Diego,Garcia,01/04/1975,M,1.67,73,Toning,1
MV1,Maria,Velasquez,03/09/1974,F,1.57,68,General Fitness,1
PS1,Pradeep,Sekaran,30/08/1990,M,1.58,70,General Fitness,1
SK1,Seyon,Khurumoorthy,12/12/1983,M,1.91,92,Toning,1
DF1,David,Ferrarin,06/10/1968,M,1.89,85,Weight Loss,0
SJ1,Sarah,Jones,13/06/1983,F,1.71,74,General Fitness,1
RJ1,Rachel,Jackson,01/06/1980,F,1.73,72,Cardio,0
DC1,Dennis,Chapman,28/08/1992,M,1.85,78,Cardio,0
MC1,Michael,Chang,29/09/1993,M,1.82,78,Cardio,1
DC2,Daniel,Chua,01/02/1997,M,1.66,72,Toning,0
IX1,Ian,Xie,14/11/1981,M,1.56,70,Cardio,0
AB1,Anna,Beaumont,05/11/1982,F,1.57,70,Weight Loss,1
PE1,Pascal,Emelie,13/12/1984,M,1.59,70,General Fitness,1
BS1,Benedict,Smith,16/07/1992,M,1.89,78,Toning,1
