trainer_number,trainer_forename,trainer_surname,trainer_speciality
1,Gurdeep,Singh,Dance Cardio
2,Harriet,Chapman,General Fitness
3,Maria,Valasquez,Toning
4,Pasan,Khan,Weight Loss
5,Mena,Singh,Cardio Boxing
6,Manuel,Lopez,General Fitness
7,Fritz,Bauer,Toning
8,Pierre,Roux,Weight Loss
9,Sofia,Barnes,Dance Cardio
10,Lucy,Evans,Aqua Cardio
11,Gurdeep,Mukherjee,General Fitness
12,Arya,James,Toning
13,Svetlana,Orlov,Toning
14,Hans,Duerr,Cardio Circuit Training
15,Michael,Jameson,General Fitness
