VIN, RegDate, Location, Name1, Name2, Title, Address1
VHM0089062, 03-Jan-02, KA, Dewang, Anand, Mr, 8 Milford Road
VBW1079978, 31-Oct-02, BA, Kratika, Agrawal, Mr, 3 King Street
VAM0656699, 17-Jan-02, TE, Majid, Nainani, Mr, 53 Derby Road
VBW7674719, 21-Apr-04, MA, Surbhi, Ahmad, Mr, 6 Mercaston Lane
VRN5425400, 30-Apr-03, MU, Kush, Akhtar, Mr, 215 Ladybank Road
VRM0636606, 06-Apr-02, VE, Ankur, Ratwani, Mr, 23 Oak Close
VWB7796695, 10-Dec-05, GO, Ankur, Ashwani, Mr, 31 Melbourn Close
VXJ7033820, 13-Mar-05, KA, Shashank, Banjarat, Mr, 9 Oak Close
VMN8821699, 12-Sep-02, TE, Siddharth, Bansal, Mr, 65 Meadow Vale
VBR7369495, 23-Oct-05, CH, Yamila, Bansal, Mrs, 14 Hastings Street
VSB2895116, 04-Jun-04, BA, Vikram, Bedi, Mr, 10 Cumberhills Road
VJK9099758, 25-Oct-02, VE, Arjeet, Chauhan, Mr, 2 Vicarage Lane
VRM2783303, 17-Apr-02, TE, Ritu, Anand, Mr, 6 Well Lane
VFM7739040, 30-Apr-02, MA, Siddharth, Shah, Mr, 10 Oak Close
VSD9091201, 19-Jun-02, RA, Mohamed, Gad, Mr, 4 Granville Close
VRM2688579, 11-May-02, RA, Dhruv, Motwani, Mr, 27 Castle Hill
VBW1868880, 07-Oct-04, KA, Ahmed, Gharib, Mr, 5 Park Road
VRM9301981, 20-May-02, TE, Mohammed, Gupta, Mr, 36 Chestnut Close
VBW6471592, 22-Aug-05, CH, Nripesh, Gupta, Mr, 19 Broadway
VRN9520472, 06-Jul-02, BA, Mohamed, Hafez, Mr, 61 Town Street
VNM2765887, 03-Jun-02, MA, Tina, Patidar, Mr, 19 Town Street
VWB5139468, 21-Dec-04, MA, Ankur, Kari, Mr, 20 Milford Road
VXJ4373213, 12-Nov-02, MU, Sachin, Kari, Mr, 2 Grancille Close
VMN1264956, 19-May-05, RA, Tanvi, Kashani, Mr, 27 New Zealand Lane
VBR1016590, 05-May-03, GO, Keshav, Kelotra, Mr, 15 Marsden Close
VSB3947357, 10-Sep-03, KA, Nripesh, Kelotra, Mr, 6 St Ronans Avenue
VJK8226585, 03-Apr-05, TE, Sukrit, Khan, Mr, 52 Derby Road
VAM0940974, 12-Jun-02, VE, Mohamed, Radwan, Mr, 4 Chevin Road
VAM6125407, 19-Jul-02, RA, Adel, Amer, Mrs, 19 Derby Road
VSD3972534, 08-Nov-05, VE, Dhruv, Malviya, Mr, 65 Derby Road
VRM9136273, 08-Aug-02, VE, Aditya, Sharma, Mr, 7 Lodge Close
VBW6678533, 22-Oct-03, MU, Marcos, Marco, Mr, 15 New Zealand Lane
VHM8495044, 04-Oct-02, MU, Siddharth, Bansal, Mr, 8 Lockwood Road
VBW2216798, 09-Jan-03, GO, Vinet, Motwani, Mr, 73 Derby Road
VRN6937135, 01-Apr-03, KA, Gourank, Nainani, Mr, 57 Town Street
VRM0678681, 28-Oct-02, RA, Dhruv, Motwani, Mr, 13 Stanton Road
VWB0852055, 08-Jun-05, CH, Diego, Pastero, Mr, 4 Champion Hill
VXJ0869839, 15-Jan-03, BA, Jamal, Patel, Mr, 17 Granville Close
VMN9837237, 12-Apr-02, VE, Kush, Patel, Mr, 3 Lime Avenue
VBR0233293, 18-Sep-02, MA, Ranjit, Patel, Mr, 5 Makeney Terrace
VSB7816919, 30-Mar-04, MU, Sukan, Patel, Mr, 53 Town Street
VHM3702656, 22-Jan-03, KA, Ritu, Pavia, Mr, 10 Moorledge Drive
VSD9784253, 02-Jun-03, TE, Ritu, Pokhrel, Mr, 10 Gilbert Crescent
VNM4968496, 02-Feb-03, MA, Kush, Sughandi, Mr, 61 Robincroft
VBW8946416, 09-Feb-02, BA, Mohamed, Radwan, Mr, 27 Meadowvale
VHM0521821, 24-Feb-03, KA, Yamila, Pavia, Mrs, 34 Avenue Road
VBW1592431, 20-May-02, MA, Sagar, Ratwani, Mr, 9 Ferrers Crescent
VRN5335376, 30-Jul-04, MU, Shashank, Ratwani, Mr, 17 Melbourn Close
VHM2776738, 08-Apr-03, BA, Ankur, Kari, Mr, 20 Melbourn Close
VWB3096040, 15-Apr-02, GO, Dhruv, Sellan, Mr, 23 New Zealand Lane
VXJ2935280, 15-Apr-04, KA, Aditya, Sharma, Mrs, 48 Holloway Road
VMN5418818, 07-Jan-02, TE, Nripesh, Shoaib, Mr, 13 Jubilee Court
VBR1853005, 21-May-03, CH, Shruti, Singh, Mr, 24 Hazlewood Road
VSB9855558, 15-Jan-03, BA, Mohammed, Soni, Mr, 19 Meadowvale
VJK2824068, 04-Jul-04, VE, Keshav, Srivatsan, Mr, 384 Duffield Road
VRM4251530, 19-Apr-03, RA, Mohamed, Gad, Mr, 4 Granville Close
VFM9758130, 23-Apr-03, MA, Kush, Sughandi, Mr, 4 Granville Close
VSD1702816, 23-May-02, RA, Gourank, Sultan, Mr, 3 Town Street
VHM8394929, 09-Jun-03, BA, Victoria, Nankani, Mrs, 61 Derby Road
VBW4828803, 19-Sep-03, KA, Adheesh, Jain, Mr, 8 St Ronans Avenue
VAM7329186, 20-Jun-03, VE, Adheesh, Jain, Mr, 8 St Ronans Avenue
VBW2814528, 22-Aug-03, CH, Chantal, Sellan, Mr, 7 Eaton Bank
VRN1463125, 11-Dec-03, BA, Ruksana, Singh, Mr, 23 Ecclesbourne Ave
VNM6352018, 12-Jul-03, MA, Shruti, Malviya, Mr, 86 Broadway
VWB9216137, 23-May-04, MA, Shruti, Malviya, Mr, 86 Broadway
VXJ4653817, 07-Oct-03, MU, Dhruv, Chitnis, Mr, 3 Orchard Cottages
VMN0051937, 21-Mar-05, RA, Vinet, Motwani, Mr, 8 Lime Avenue
VBR2820875, 16-Dec-05, GO, Shashank, Ratwani, Mr, 3 Ecclesbourne Ave
VSB4047633, 06-Mar-02, KA, Ritu, Pokhrel, Mr, 18 Bradshaw Drive
VJK0975063, 22-Oct-02, TE, Akshay, Ratwani, Mr, 27 Melbourn Close
VNM4190975, 15-Jul-03, CH, Sukan, Pokhrel, Mr, 81 Park Road
VRM7862040, 15-Aug-03, VE, Sukan, Ghandi, Mr, 81 Park Road
VSD1488413, 07-Oct-02, VE, Ranjit, Patel, Mr, 10 Devonshire Drive
VAM3697636, 23-Aug-03, VE, Sukrit, Dev, Mr, 23 Devonshire Drive
VBW5353186, 17-Jul-04, MU, Majid, Hegde, Mr, 170 169
VRM2187808, 25-Oct-03, VE, Gourank, Ahktar, Mr, 41 New Bealand Lane
VBW5483763, 11-Oct-02, GO, Teng, Liu, Mr, 22 Beech Drive
VRN5060690, 06-Apr-02, KA, Dhruv, Malviya, Mr, 21 Hazlewood Road
VNM7936192, 14-Nov-03, VE, Sukan, Ghandi, Mr, 81 Park Road
VWB9113134, 10-Dec-01, BA, Kratika, Agrawal, Mr, 3 King Street
VXJ9830826, 29-Jul-02, BA, Shruti, Singh, Mr, 45 Ashop Road
VMN8512081, 02-Dec-05, VE, Siddharth, Khatod, Mr, 5 Avenue Road
VBR1904598, 21-Nov-05, MA, Tomas, Weiss, Mr, 39 Chestnut Close
VSB3251417, 14-Oct-02, MU, Uttara, Jain, Mr, 22 Chadfield Road
VJK4563969, 13-Oct-05, RA, Kratika, Menon, Mr, 201 Lamboune Drive
VHM0343861, 24-Dec-03, MU, Sagar, Dhiman, Mr, 5 Chevin Bank
VFM5136091, 28-Dec-03, CH, Nedeem, Pokhrel, Mr, 87 Broadway
VSD1995878, 19-Sep-05, TE, Taran, Gupta, Mr, 36 Derby Road
VFM0694944, 15-Jan-04, MU, Sagar, Dhiman, Mr, 5 Chevin Bank
VBW3265217, 10-Mar-05, BA, Dhruv, Sellan, Mr, 2 Wharfedale Close
VFM3205778, 31-Jan-04, CH, Siddharth, Khatod, Mr, 20 Avenue Road
VBW7718601, 10-Mar-03, MA, Mohammed, Morzaria, Mr, 12 Curzon Court
VRN9122786, 09-Apr-02, MU, Bautista , Morea, Mr, 37 Derby Road
VAM5507346, 02-Mar-04, TE, Tanvi, Kashani, Mr, 6 Orchard Cottages
VWB6246685, 20-Oct-02, GO, Jamal, Patel, Mr, 3 Duck Island
VXJ0946196, 13-Oct-04, KA, Gaston, Di Vizio, Mr, 11 Champion Hill
VMN9959420, 27-Jan-04, MA, Surbhi, Ahmad, Mr, 6 Mercaston Lane
VBR5247203, 11-Jun-04, CH, Vinet, Kelotra, Mr, 20 Chadfield Avenue
VSB5749299, 12-Jun-02, BA, Michael, Seng, Mr, 3 Brook House
VJK6711765, 25-Jan-04, VE, Juan, Amen, Mr, 24 Chadfield Road
VNM3454624, 01-May-04, CH, Fatima, Parille, Mr, 10 King Street
VNM7886684, 12-May-04, CH, Majid, Afana, Mr, 7 Crown Street
VSD1773594, 31-Mar-03, RA, Gourank, Nainani, Mr, 73 Town Street
VAM9125526, 27-May-04, TE, Ritu, Anand, Mr, 6 Well Lane
VBW8959248, 04-Jun-04, KA, Sama, Dhiman, Mr, 32 Gilbert Crescent
VHM3389921, 16-Jun-04, BA, Shashank, Khatri, Mr, 20 Granville Close
VBW2003352, 21-Jan-03, KA, Ahmed, Gharib, Mr, 5 Park Road
VRN1572830, 22-Apr-04, BA, Majid, Nainani, Mr, 4 Railway Terrace
VHM2347637, 31-Jul-04, MU, Keshav, Khan, Mr, 11 Avenue Road
VWB8417586, 06-Feb-04, MA, Sukan, Patel, Mr, 12 Chadfield Road
VXJ8307943, 08-Aug-03, MU, Nripesh, Shoaib, Mr, 38 Chestnut Close
VMN7003571, 31-Dec-02, RA, Diego, Pastero, Mr, 39 Ecclesbourne Cl
VBR6814601, 07-Nov-03, VE, Arjeet, Chauhan, Mr, 2 Vicarage Lane
VSB1866871, 02-Jun-04, VE, Gourank, Ahktar, Mr, 41 New Bealand Lane
VJK0923023, 29-Jul-03, TE, Ken, Hirasaka, Mr, 5 Chevin Bank
VNM4044630, 05-Aug-04, GO, Yamila, Pavia, Mr, 2 Springfield Drive
VFM4292456, 29-Sep-04, CH, Mohamed, Hafez, Mr, 50 Derby Road
VSD8093263, 22-Sep-02, VE, Marcos, Marco, Mr, 3 Curzon Lane
VFM2667201, 03-Oct-04, GO, Ritu, Pavia, Mr, 12 Hazelwood Road
VBW2001073, 08-Feb-03, MU, Kush, Patel, Mr, 62 Broadway
VHM5534330, 23-Nov-04, MU, Siddharth, Sughandi, Mr, 41 Ecclesbourne Cl
VBW3445672, 23-Mar-03, GO, Keshav, Srivatsan, Mr, 42 Derwent Avenue
VRN3279583, 05-Dec-03, KA, Keshav, Kelotra, Mr, 25 Granville Close
VAM3129920, 27-Dec-04, VE, Mohammed, Soni, Mr, 3 Tamworth Terrace
VWB2198241, 11-Jan-04, CH, Shashank, Khatri, Mr, 31 King Street
VXJ6061769, 28-Apr-03, BA, Nripesh, Kelotra, Mr, 25 Hazelwood Road
VMN2263973, 17-Oct-02, CH, Majid, Afana, Mr, 7 Crown Street
VBR1874738, 16-Aug-04, MA, Ankur, Ratwani, Mr, 23 Hall Farm Road
VSB9706263, 11-Oct-02, MU, Gourank, Sultan, Mr, 65 Hall Farm Road
VJK6318777, 20-Aug-05, RA, Yamila, Bansal, Mr, 14 Hastings Street
VRM5537988, 15-Feb-05, TE, Sukrit, Khan, Mr, 109 Eaton Bank
VNM5252845, 18-Jun-05, CH, Majid, Singh, Mr, 58 Holcombe Street
VSD3773397, 15-Jan-02, BA, Ahmed, Bedi, Mr, 10 Cumberhills Road
VNM4497370, 21-Jul-05, GO, Siddharth, Sughandi, Mr, 97 Belper Rd
VBW8870080, 18-Feb-04, BA, Mohamed, Patel, Mr, 42 Town Street
VAM3999177, 03-Aug-05, RA, Arjeet, Menasan, Mr, 27 Holloway Road
VBW3188600, 07-Jan-02, MA, Nripesh, Gupta, Mr, 21 Town Street
VRN2798713, 25-Nov-05, MU, Diego, Surit, Mr, 49 Hall Farm Road
VAM7614606, 05-Aug-05, TE, Sagar, Ratwani, Mr, 7 Hazelwood Road
VWB3569935, 03-Sep-04, GO, Gourank, Dev, Mr, 3 Park Road
VXJ5473124, 25-May-04, KA, Ken, Pokhrel, Mr, 16 Chevin Road
VMN3122764, 12-Oct-03, TE, Nedeem, Kari, Mr, 25 Ferrers Crescent
VBR2795921, 23-May-04, GO, Ankur, Ashwani, Mr, 31 Melbourn Close
VSB7547786, 02-Jun-02, MU, Kush, Akhtar, Mr, 215 Ladybank Road
VJK9862954, 03-May-03, VE, Mohamed, Avatar, Mr, 7 King Street
VRM9880240, 25-Aug-05, TE, Mohammed, Gupta, Mr, 5 The Mews
VFM5255316, 23-Oct-05, GO, Sama, Nainani, Mr, 9 Castle Hill
VSD2577386, 30-Jul-02, RA, Tanvi, Surit, Mr, 36 Park Road
VFM2765280, 05-Nov-05, MA, Keshav, Khuznetsov, Mr, 21 Melbourn Close
VBW4648316, 07-Dec-03, KA, Vikram, Bedi, Mr, 29 Rigga Lane
VFM6624830, 05-Dec-05, GO, Gourank, Dev, Mr, 3 Park Road
VBW0917303, 29-Dec-02, CH, Sukan, Pokhrel, Mr, 114 Barley Close
VRN3075619, 20-Aug-02, BA, Sachin, Kari, Mr, 85 Broadway
VNM7283375, 06-Dec-05, GO, Shashank, Banjarat, Mr, 9 Oak Close
VWB4120584, 15-Jun-03, MA, Amir, Khan, Mr, 42 Wirksworth Road
VXJ6382744, 04-Nov-03, MU, Mohamed, Ravi, Mr, 19 Chestnut Close
VMN3124410, 23-Nov-03, RA, Mohamed, Solanki, Mr, 9 The Town
VBR6043612, 17-Dec-01, GO, Shahad, Sharif, Mr, 46 Ferrers Crescent
