Code,Town,BranchAddress,Telephone,ManagerName,ManagerSurname
CH,Chennai,Madras House,44-567854,Mohamed,Gad
BA,Bangalore,Kempe Gowda Business Park,80-456342,Mohamed,Hafez
VE,Vellore,Parklands,41-678921,Adel,Amer
MA,Mahe,Valley Drive,49-712332,Shruti,Singh
MU,Mumbai,South India House,22-765456,Tanvi,Surit
RA,Raipur,Open Plain Park,77-178654,Aditya,Sharma
GO,Goa,Badem Plaza,83-222333,Sachin,Kari
KA,Kanchipuram,Maduranthakam Taluk,45-464646,Siddharth,Bansal
TE,Teni,Manduri House,45-474747,Ranjit,Patel
