Booking_ID,Customer_ID,Course_ID,Chef_ID,Date_Booked
KCS001,ML1,Bread001,GS001,01/02/2016
KCS002,DG1,Cake001,HC001,02/03/2016
KCS003,MJ1,Bread002,PK001,03/04/2016
KCS004,DF1,Fish001,MV001,01/02/2016
KCS005,RJ1,Cake002,ML001,05/06/2016
KCS006,ML1,Cake001,MS001,06/02/2016
KCS007,DK1,Root001,MV001,07/02/2016
KCS008,RJ1,Pastry001,PR001,10/02/2016
KCS009,SS2,Bread001,GM001,09/02/2016
KCS010,DC2,Bread003,GS001,21/02/2016
KCS011,PE1,Bread003,AJ001,11/04/2016
KCS012,DC1,Salad001,SB001,12/02/2016
KCS013,DK1,Choc001,PR001,13/05/2016
KCS014,RJ1,Bread004,HC001,03/02/2016
KCS015,MJ1,Fish001,AJ001,15/04/2016
KCS016,SS2,Bread002,LE001,16/05/2016
KCS017,DC1,Cake001,MV001,17/02/2016
KCS018,DF1,Bread004,AJ001,25/02/2016
KCS019,DK1,Bread003,PR001,19/02/2016
KCS020,DC2,Bread001,ML001,20/04/2016
KCS021,DG1,Fish001,GS001,21/02/2016
KCS022,ML1,Cake002,PK001,22/02/2016
KCS023,RJ1,Salad001,MS001,27/02/2016
KCS024,DK1,Bread004,MV001,24/05/2016
KCS025,MJ1,Bread002,SO001,25/02/2016
KCS026,DC1,Pastry001,HC001,26/02/2016
KCS027,MV1,Choc001,HD001,27/02/2016
KCS028,SS2,Bread001,SO001,28/02/2016
KCS029,MV1,Bread003,MV001,01/03/2016
KCS030,NP1,Fish001,GS001,16/04/2016
KCS031,MV1,Bread004,MJ001,03/03/2016
KCS032,BS1,Fish001,MV001,04/03/2016
KCS033,NP1,Cake001,HD001,18/03/2016
KCS034,BS1,Pastry001,SO001,06/03/2016
KCS035,MV1,Bread003,GM001,07/03/2016
KCS036,NP1,Bread001,MJ001,08/04/2016
KCS037,JL2,Pastry001,MV001,18/03/2016
KCS038,FH1,Bread003,MJ001,10/05/2016
KCS039,FH1,Root001,FB001,11/03/2016
KCS040,JL2,Fish001,GS001,12/03/2016
