Customer_ID,Customer_title,Customer_forename,Customer_surname,Street_address,City,Zip_code,Cookery_level
JS1,Mr,Johann,Schmidt,49 Cambridge Road,NOKE,OX3 6LF,B
SB1,Miss,Steffi,Beckenbauer,55 Victoria Road,LITTLE CASTERTON,PE9 7LU,B
ML1,Mr,Maurice,LaPorte,85 Castledore Road,TWYFORD,DE73 0XX,I
VD1,Mr,Venkhat,Dasgupta,97 Front Street,KNOTTING,MK44 9FU,A
GD1,Mr,Gurdeep,Dasgupta,46 Boar Lane,SELSDON,CR2 4TD,I
JS2,Mr,John,Smith,63 Ramsgate Rd,WILLINGTON,MK44 4DD,A
MJ1,Mr,Malcom,Jones,74 Farburn Terrace,LITTLE DUNKELD,PH8 0HY,B
FH1,Mrs,Fatima,Hedge,65 George Street,BROXBOURNE,EN10 1JQ,B
JL1,Mr,Jorge,Lopez,43 Old Edinburgh Road,BELL END,DY9 9UE,I
TL1,Mr,Tanjung ,Lu,92 Netherpark Crescent,STEANE,NN13 5JN,A
AJ1,Miss,Alice,Jones,61 South Street,MOLLAND,EX36 5XN,B
DS1,Mr,Daniel,Smalley,43 Long Street,MILLAND MARSH,GU30 6FL,I
HS1,Mr,Hans,Schumacher,38 Roman Rd,LEDMORE,IV27 7YD,A
JL2,Mrs,Joy,Lu,70 Brynglas Road,GLENELG,IV40 5HB,I
SE1,Mrs,Sally,Evans,86 New Dover Rd,WALCOT,TF6 8WZ,A
HL1,Mr,Hyung-Ju,Lee,29 Carriers Road,CROES-IAN,SA44 8TD,B
DG1,Mr,Diego,Garcia,20 Ross Road,MARTIN DROVE END,SP6 8LD,B
MV1,Miss,Maria,Velasquez,14 Folkestone Road,WIMPSTONE,CV37 5GY,I
PS1,Mr,Pradeep,Sekaran,59 Walwyn Rd,CHARTHAM,CT4 2GH,B
SK1,Mr,Seyon,Khurumoorthy,2 Farburn Terrace,LITTLE DRIFFIELD,YO25 7UT,A
DF1,Mr,David,Ferrarin,31 Brackley Road,TIDDINGTON,OX9 7LW,A
SJ1,Mrs,Sarah,Jones,30 Victoria Road,LISSINGTON,LN3 2PZ,B
RJ1,Miss,Rachel,Jackson,45 Manor Close,DITTON PRIORS,WV16 3YH,B
DC1,Mr,Dennis,Chapman,11 Glenurquhart Road,BALLIEMORE,PH16 8QN,B
MC1,Mr,Michael,Chang,66 Great Western Road,LONGWOOD,SY5 4DS,A
DC2,Mr,Daniel,Chua,87 Red Lane,ETTRICKBRIDGE,TD7 7LN,A
IX1,Mr,Ian,Xie,66 Foregate Street,CODDENHAM,IP6 3UU,I
AB1,Miss,Anna,Beaumont,91 Lincoln Green Lane,CHURCH END,AL3 7TY,A
PE1,Mr,Pascal,Emelie,60 Huntly Street,BARNWOOD,GL4 0RQ,B
BS1,Mr,Benedict,Smith,77 Caerfai Bay Road,TETTENHALL,WV6 6DL,B
NP1,Mrs,Nicola,Perry,12 Park Avenue,LAWKLAND,LA2 0HU,I
AT1,Mr,Arya,Tandon,20 Maidstone Road,WELLOW,BA2 1GY,A
KP1,Miss,Katherine,Potter,33 Overton Circle,LITTLEOVER,DE23 0SN,I
SR1,Mrs,Simone,Roach,26 Chapel Lane,ARLEY,CW9 4NB,B
JB1,Mr,Joshua,Bond,32 Golden Knowes Road,FRADDAM,TR27 8UY,B
LG1,Mrs,Lisa,Greenwood,92 Castledore Road,TURWESTON,NN13 4DJ,B
DK1,Mr,David,Khan,59 Roman Rd,LEIDEAG,HS9 3AZ,A
SS1,Mr,Sagar,Singh,66 Union Terrace,LOCHLAIR,DD8 2QW,I
MK1,Miss,Mena,Kaur,30 Wenlock Terrace,PETHAM,CT4 3UR,B
SS2,Miss,Sita,Singh,41 Manor Way,GREAT FRANSHAM,NR19 4EF,B
