Contact Details id,Company,Contact,Add1,Add2,Add3,County,Post code,Discount code
1,Balti imports,Ms. Surat,Balti House,Doddsey Business park,Deepdon,Wilts,SO4 3CU,a
2,Guffin Sports,Miss Drew,Unit 3,Millside Industrial Centre,Soxton,Wilts,SO7 2KK,a
3,Guffin Leisure,Miss Drew,Unit 3A,Millside Industrial Centre,Soxton,Wilts,SO7 2KK,b
4,Forsky Fittings,Mr. Barney,15-19 Mill Road,Parkview,Soxton,Wilts,SO7 3KJ,a
5,Car Spares R Us,Ms McGrew,Dunne Street,Riverside,Deepdon,Wilts,SO4 4GH,a
6,Diddums,Mr. Cuthbert,The Tantrum Centre,Doddsey Business park,Deepdon,Wilts,SO4 3CU,a
7,B.Swallow & Sons,Ms. Dibble,Gobblers yard,Hawkins Road,Flobbing,Wilts,SO2 9ER,b
8,Millside Beds,Mr. Grubb,Unit 11,Millside Industrial Centre,Soxton,Wilts,SO7 2KJ,b
9,Singh Music,Mr Singh,Cacaphon House,Doddsey Business park,Deepdon,Wilts,SO4 3CU,b
10,Lots of Pots,Miss Benn,Unit 5,Millside Industrial Centre,Soxton,Wilts,SO7 2KK,b
11,Giza Ceramics,Mr. Biyll,33 Tylles Way,,Groutchester,Wilts,SO12 3DE,a
12,LaLa Lingerie,Miss Taikke,Unit 9,Millside Industrial Centre,Soxton,Wilts,SO7 2KJ,b
13,Canya Travel,Dr. Samburu,27 High Street,,Soxton,Wilts,SO1 1AA,a
14,On Yer Bike,Ms. Peddlar,Unit 16,Millside Industrial Centre,Soxton,Wilts,SO7 2KJ,a
15,Mr. Mobile,Mr. Jaunty,14 High Street,,Soxton,Wilts,SO1 1AA,a
16,Soxton Marquees,Mr. Ainslee,Unit 12,Millside Industrial Centre,Deepdon,Wilts,SO1 1AA,c
17,Leisuretime,Mr. Gradwin,Leisuretime Centre,Doddsey Business park,Deepdon,Wilts,SO4 3CU,a
18,Crossways Caravans,Ms.Gunson,Abbey Farm,West Fleeting,Soxton,Wilts,SO7 2KJ,a
19,Hansome Hire,Miss Hardy,1 Hawkins Road,,Deepdon,Wilts,SO1 1AA,a
20,Maxton College,Dr Morrison,Maxton College,Parkview,Soxton,Wilts,SO1 1AA,a
21,Framelock Systems,Ms. Patient,Unit 8,Millside Industrial Centre,Soxton,Wilts,SO7 2KJ,a
22,Ashworths Catering,Mr Trundell,Sawce House,Doddsey Business park,Deepdon,Wilts,SO4 3CU,c
23,Sillcon Alley,Miss Stitz,14-17,Pilfer Square,Deepdon,Wilts,SO4 5PP,a
24,Gobstoppers,Ms. Gagge,Enterprise House,Doddsey Business Park,Deepdon,Wilts,SO4 3CU,a
