Payroll number,Forename,Surname,Branch code,Pay grade,Job code
AhmM20002,Indravadan,Goswami,,,SE
CheT20004,Zohar,Parikh,,,PR
KanT10006,Hari,Mehta,,,SE
GhaT10003,Raktavira,Rao,,,IS
IndT30002,Ashoka,Beniwal,,,CR
BanS30014,Amma,Harjo,,,SL
CheS30006,Mithra,Saha,,,ST
IndT10020,Josha,Parsa,,,IC
KanM10018,Mandar,Kale,,,SL
MumS30009,Zohar,Dewangan,,,WT
KanT20014,Shiva,Beniwal,,,PM
MumM10009,Dhruv,Mitter,,,SL
MumS30018,Indravadan,Bhat,,,AD
MumS20017,Drishti,Char,,,SL
LucS20012,Achir,Bhattacharya,,,SE
CheT30016,Jatin,Ganjoo,,,CR
IndS10007,Amberley,Rajagopal,,,IA
KanM10002,Ben,Sehgal,,,LT
HydT20007,Imaran,Magar,,,TS
BanS10016,Amish,Khare,,,ST
CheT20014,Krishna,Mukherjee,,,RD
LucM10003,Javas,Kori,,,TS
DelS10007,Brahmaputra,Bhat,,,AD
LucS30016,Kintan,Char,,,AD
MumS30016,Aaral,Bhattacharya,,,HD
DelM10006,Padm,Gandhi,,,AD
HydS20020,Durvasas,Mishra,,,CR
LucS10020,Javas,Sehgal,,,CR
IndS10017,Aashish,Jain,,,IS
IndT10009,Durvasas,Bail,,,CR
LucS10018,Gokul,Seth,,,TS
MumS10014,Bhagwandas,Malik,,,TS
DelS30009,Subhan,Bhat,,,CR
IndS10008,Yash,Dwivedi,,,WD
KanT20005,Arti,Bhattacharya,,,ST
IndT10012,Chakra,Ganjoo,,,RD
DelM20001,Anoushka,Mishra,,,SL
IndS10020,James,Sehgal,,,IM
KanM20019,Imaran,Kori,,,SE
GhaT10012,Kalima,Bail,,,MD
AhmM40017,Gada,Mahajan,,,LT
HydT10005,Durvasas,Mitter,,,SE
CheT30017,Brahmaputra,Devar,,,CR
LucS10015,Kintan,Char,,,ST
LucT20001,Anshu,Dutta,,,AD
HydS30008,Tamish,Iyer,,,CR
LucS10011,Narain,Rajagopal,,,CR
LucS10017,Drishti,Negi,,,AD
BanS10017,Jeevan,Agarwal,,,ST
KanT30018,Suhkan,Ahuja,,,AD
MumS20011,Ashvin,Mukherjee,,,AD
GhaS20016,Kiran,Mitter,,,IS
MumT30011,Ina,Bhat,,,SM
CheM10013,Alagan,Char,,,AD
LucS30001,Ishanvi,Banerjee,,,SL
GhaS10006,Palash,Jha,,,AD
DelS30015,Krishna,Mishra,,,LT
HydT20015,Bhagwandas,Sehgal,,,TS
AhmS20019,Nihal,Chopra,,,FA
AhmS30014,Utkarsh,Bail,,,AD
IndS30003,Roshin,Mukherjee,,,ST
CheT20015,Tandu,Dora,,,SE
GhaT10018,Bharat,Soman,,,PR
KanT10002,Matsya,Dolma,,,FA
AhmS30009,Malajit,Arora,,,SL
AhmS30001,Amma,Pandey,,,WT
KanT30002,Shesha,Matthai,,,SE
HydT20004,Nara,Chakpram,,,CR
BanS20004,Imaran,Magar,,,IS
BanS10003,Sahan,Bhavsar,,,RD
MumM10013,Jay,Srinivas,,,SL
MumS30002,Viraj,Vaidya,,,IM
IndM20018,Lai,Dixit,,,ST
CheT20009,Kyran,Patla,,,SL
MumS20003,Ekadanta,Goswami,,,RD
BanM10010,Alagan,Ganaka,,,AD
GhaS30008,Kala,Nair,,,IS
KanT30019,Bhavata,Vasa,,,SL
AhmS30008,Hari,Parsa,,,AD
CheS30018,Sachin,Mahto,,,SL
BanS20015,Isha,Korpal,,,SL
IndM10012,Shudra,Vaidya,,,IS
IndT10010,Gokul,Dixit,,,SL
CheS30002,Keshav,Patla,,,SD
LucS10010,Yash,Dayal,,,CR
GhaS20015,Muskan,Salvi,,,AD
LucS20002,Viraj,Vasa,,,SL
AhmM20017,Roshin,Seth,,,TD
KanT10001,Gada,Rampersad,,,WD
DelS30012,Chakra,Khare,,,AD
KanT30003,Salim,Tandon,,,WT
IndS30002,Amish,Devar,,,AD
GhaT10015,Durvasas,Menon,,,SE
DelS10019,Brahmaputra,Goswami,,,TS
MumS30014,Alagan,Dayal,,,AD
GhaS20012,Viraj,Salvi,,,AD
DelS30010,Mandar,Verma,,,AD
GhaM30005,Hari,Parsa,,,OM
KanS30018,Ashvin,Rampersad,,,AD
IndT10019,Sankalp,Iyer,,,IS
