Job code,Job DESCRIPTION,Weighting
AD,Admin/clerical,1
FA,Finance assistant,0.9
FD,Finance director,1.2
HR,Human resources,1
HD,Human resources director,1
IC,IT consultant,0.8
IA,IT system analyst,1.2
IS,IT systems,1
IM,IT systems manager,1.1
LT,Lighting technician,1
MD,Managing director,2
OM,Office manager,0.9
PR,Programmer,1
PM,Publishing manager,1
TS,Recruitment/Talent Scout,0.85
RD,Regional director,1
SL,Sales,1
SD,Sales director,0.8
SE,Sound engineer,1
SM,Studio manager,0.9
ST,Studio technician,1.1
CR,Tours/Promotions crew,1
TD,Tours/Promotions director,1
WD,Web designer,1
WT,Web technician,1
