Roll_No,First_Name,Last_Name,Birth_Date,Gender,Acc_Code,Payment_Type,Course,Weeks,Paid
SS0001,Luke,Kirby,14/02/1952,M,SAC3,Credit Card,The English Romantic Poets,3,0
SS0002,William,Chambers,20/02/1952,M,SAC3,Cheque,Anglo-Saxon Literature and Culture,2,-1
SS0003,Josh,Williams,12/03/1952,M,CRC2,Credit Card,Medieval Studies,2,-1
SS0004,Xiang,Tsai,22/03/1952,F,SAC3,Credit Card,Art,2,0
SS0005,Ellie,Morley,03/04/1952,F,MOL3,Credit Card,Art,4,-1
SS0006,Gabriel,Bryan,24/04/1952,M,SAC3,Debit Card,Theatre Arts Education and Deaf Studies,5,-1
SS0007,Daisy,O'Neill,25/09/1952,F,SAC3,Credit Card,The English Romantic Poets,2,0
SS0008,Katherine,Burke,06/03/1953,F,CRC2,Debit Card,Economic and Social History,5,0
SS0009,Jennifer,Welch,23/03/1953,F,SAC3,Credit Card,History of Art,4,-1
SS0010,Isabel,Price,13/07/1953,F,SAC1,Credit Card,Art,3,0
SS0011,Michael,Myers,11/01/1954,M,SAC3,Cheque,Classical Art,4,0
SS0012,Emma,Iqbal,13/01/1954,F,CRC2,Credit Card,Creative Writing,6,-1
SS0013,Paige,Morrison,17/04/1954,F,SAC2,Direct Debit,Art and English Literature,2,0
SS0014,Georgina,Morris,07/09/1954,F,SAC1,Debit Card,Ancient Art,2,0
SS0015,Rosie,Harrison,01/11/1954,F,CRC3,Credit Card,The English Romantic Poets,5,-1
SS0016,Tegan,Hurst,10/11/1954,F,CRC1,Credit Card,Shakespeare,2,-1
SS0017,Charlie,Baldwin,11/06/1955,F,CRC3,Debit Card,Ancient Art,2,-1
SS0018,Finley,Watkins,20/08/1955,M,SAC2,Debit Card,Classical Art,2,-1
SS0019,George,Briggs,01/09/1955,M,CRC3,Credit Card,Art and English Literature,2,-1
SS0020,Katie,Rees,02/11/1955,F,MOL1,Credit Card,Art Photography and its Markets,2,-1
SS0021,Joshua,Summers,09/11/1955,M,CRC2,Cheque,European Cultures and Histories,2,0
SS0022,Aaron,Bentley,05/01/1956,M,MOL3,Debit Card,Medieval Studies,4,0
SS0023,Jasmine,Stephenson,10/04/1956,F,SAC3,Cheque,Art and Psychology,2,-1
SS0024,Katie,Rowley,26/04/1956,F,PEH2,Debit Card,Victorian Fiction,5,-1
SS0025,Joshua,Price,01/08/1956,M,SAC2,Debit Card,Ancient Art,1,0
SS0026,David,Lewis,27/08/1956,M,PEH1,Credit Card,Medieval Studies,2,-1
SS0027,Brooke,Cunningham,26/01/1957,F,PEH3,Bank Draft,Art and English Literature,2,0
SS0028,Finley,Faulkner,22/02/1957,M,MOL2,Credit Card,Ancient Art,2,-1
SS0029,John,Walker,31/08/1957,M,MOL1,Cheque,Fine Art,3,0
SS0030,Alice,Lamb,18/01/1958,F,CRC2,Credit Card,Creative Writing,2,-1
SS0031,Amber,Brown,22/05/1958,F,MOL3,Cheque,Art and Philosophy,4,-1
SS0032,Corey,Kirk,15/10/1958,M,PEH2,Credit Card,Creative Writing,2,0
SS0033,John,Black,21/02/1959,M,SAC3,Credit Card,Introduction to Contemporary Art,3,-1
SS0034,Mollie,Pratt,06/04/1959,F,MOL3,Credit Card,Decorative Art and Design,3,0
SS0035,Aleksandra,Lieplicis,09/04/1959,F,SAC3,Cheque,The English Romantic Poets,2,-1
SS0036,Lewis,Bates,30/05/1959,M,CRC1,Debit Card,Art and Politics in Baroque Rome,1,0
SS0037,Ruby,Gathard,18/06/1959,F,MOL2,Credit Card,Ancient Art,1,-1
SS0038,Patrick,Woodward,03/08/1959,M,MOL1,Credit Card,Classical Art,5,0
SS0039,Scarlett,Barton,27/09/1959,F,PEH2,Credit Card,Art Photography and its Markets,4,-1
SS0040,Summer,Bruce,02/02/1960,F,SAC2,Credit Card,Fine Art,2,0
SS0041,Daisy,Lloyd,29/02/1960,F,PEH3,Credit Card,Shakespeare,3,0
SS0042,Ella,Heath,06/03/1960,F,MOL2,Debit Card,Economic and Social History,2,0
SS0043,Sebastian,Graham,29/07/1961,M,SAC2,Credit Card,History of Art,4,-1
SS0044,Samantha,Bowen,14/08/1961,F,CRC1,Cheque,Art,2,-1
SS0045,Evie,Pearce,14/02/1962,F,CRC2,Credit Card,Arts of Asia,4,0
SS0046,Lydia,Douglas,10/03/1962,F,CRC1,Credit Card,Shakespeare,5,-1
SS0047,Mohammed,Stephens,15/04/1962,M,SAC1,Debit Card,History of Art,4,0
SS0048,Faber,Maters,23/04/1962,M,SAC2,Credit Card,Victorian Fiction,2,0
SS0049,Kian,Black,28/06/1962,M,PEH1,Credit Card,History of Art,3,0
SS0050,Max,Lawrence,10/10/1962,M,MOL1,Credit Card,Arts of Asia,4,-1
SS0051,Hayden,Parsons,01/03/1963,M,CRC1,Credit Card,Shakespeare,2,-1
SS0052,Jay,Gibson,07/04/1963,M,MOL3,Credit Card,Art and English Literature,2,-1
SS0053,Freddie,Greenwood,25/09/1963,M,PEH1,Credit Card,Art and Psychology,2,-1
SS0054,Holly,Howells,23/11/1963,F,PEH2,Credit Card,History of Art,2,0
SS0055,Victoria,Shaw,17/04/1964,F,MOL3,Cheque,Art and Philosophy,2,0
SS0056,Morgan,Collins,21/04/1964,F,PEH3,Debit Card,Introduction to Contemporary Art,7,-1
SS0057,Sofia,Bolton,24/12/1964,F,PEH3,Credit Card,Decorative Art and Design,2,-1
SS0058,Pedro,Lopez,03/03/1965,M,CRC1,Cheque,Creative Writing,5,-1
SS0059,Dylan,Daly,25/03/1965,M,CRC1,Cheque,Classical Art,4,0
SS0060,Lewis,Knight,01/05/1965,M,PEH3,Credit Card,Medieval Studies,2,0
SS0061,Hannah,Holden,18/07/1965,F,SAC1,Cheque,Art Photography and its Markets,3,0
SS0062,Harry,Lewis,11/08/1965,M,SAC3,Credit Card,Creative Writing,1,0
SS0063,Logan,Johnston,04/09/1965,M,MOL2,Cheque,Victorian Fiction,4,0
SS0064,Cameron,Barrett,07/09/1965,M,SAC1,Credit Card,Art and Philosophy,2,0
SS0065,Sean,Wells,25/10/1965,M,PEH1,Cheque,Anglo-Saxon Literature and Culture,2,-1
SS0066,Lilly,Allan,22/06/1966,F,SAC1,Cheque,Medieval Studies,2,-1
SS0067,Victoria,Adams,11/12/1966,F,MOL1,Credit Card,Ancient and Classic Worlds,3,-1
SS0068,Jian,Yin,19/05/1967,M,MOL2,Credit Card,Ancient and Classic Worlds,1,0
SS0069,Harriet,Singh,30/06/1967,F,PEH3,Credit Card,History of Art,3,-1
SS0070,Liam,Barry,27/10/1967,M,PEH1,Cheque,Theatre Arts Education and Deaf Studies,3,-1
SS0071,Alex,Fisher,25/11/1967,M,MOL3,Debit Card,Art and English Literature,6,-1
SS0073,Tiffany,Cox,05/04/1968,F,PEH1,Credit Card,Art,1,0
SS0074,Adel,Naser,29/06/1968,M,PEH1,Credit Card,Economic and Social History,3,-1
SS0075,Leon,Mann,09/09/1968,M,MOL3,Cheque,European Cultures and Histories,2,-1
SS0076,Valerijs,Bergs,18/04/1969,M,SAC1,Debit Card,Creative Writing,4,-1
SS0077,Nicholas,Middleton,02/05/1969,M,CRC1,Credit Card,Arts of Asia,3,-1
SS0078,Nicole,Davidson,28/05/1969,F,MOL3,Debit Card,Art and Psychology,4,0
SS0079,Alisha,Palmer,30/06/1969,F,PEH3,Cheque,Shakespeare,6,0
SS0080,Billy,Mitchell,22/10/1969,M,MOL1,Cheque,Foundations of Western Art,2,0
SS0081,Alexander,Nicholls,15/11/1969,M,PEH1,Credit Card,History of Art,4,0
SS0082,Erin,Bailey,08/12/1969,F,PEH2,Direct Debit,History of Art,2,0
SS0083,Rebecca,Scott,02/01/1970,F,MOL2,Credit Card,European Cultures and Histories,6,0
SS0084,Taylor,Hargreaves,08/01/1970,M,CRC1,Credit Card,Art Photography and its Markets,2,-1
SS0085,Francesca,Brooks,15/01/1970,F,MOL1,Debit Card,Classical Art,2,0
SS0086,Abby,Bell,05/02/1970,F,MOL1,Credit Card,Shakespeare,2,-1
SS0087,Emma,West,26/02/1970,F,PEH2,Credit Card,Victorian Fiction,2,-1
SS0088,Max,Reid,14/03/1970,M,MOL3,Debit Card,European Cultures and Histories,5,-1
SS0089,Lara,Riley,04/04/1970,F,SAC2,Cheque,Classical Art,2,0
SS0090,Brooke,O'Sullivan,27/05/1970,F,PEH1,Debit Card,Art Photography and its Markets,1,0
SS0091,Matilda,Craig,08/08/1970,F,PEH2,Debit Card,Ancient Art,3,0
SS0092,Gracie,Stokes,17/09/1970,F,PEH1,Credit Card,Fine Art,2,-1
SS0093,Maisie,Byrne,11/12/1970,F,MOL1,Cheque,Medieval Archaeology,4,0
SS0094,Gracie,O'Neill,05/03/1971,F,SAC2,Credit Card,Medieval Studies,4,0
SS0095,Callum,Baxter,29/05/1971,M,CRC3,Cheque,Ancient and Classic Worlds,6,-1
SS0096,Samantha,Walton,11/06/1971,F,MOL3,Credit Card,Art Photography and its Markets,1,0
SS0097,Ellie,Jenkins,07/06/1972,F,MOL1,Credit Card,Anglo-Saxon Literature and Culture,4,-1
SS0098,Nathan,Burrows,30/09/1972,M,CRC3,Credit Card,European Cultures and Histories,3,0
SS0099,Henry,Dodd,28/10/1972,M,PEH3,Credit Card,Victorian Fiction,3,0
SS0100,Margaret,Jakobson,04/12/1972,F,MOL1,Credit Card,Classical Art,2,0
SS0101,Lok,Hou,11/03/1973,M,PEH1,Debit Card,Victorian Fiction,4,0
SS0102,Ethan,Grant,28/09/1973,M,SAC3,Cheque,Art and Philosophy,2,-1
SS0103,Rebecca,Dodd,28/04/1974,F,PEH2,Cheque,Anglo-Saxon Literature and Culture,2,-1
SS0104,David,Tobin,06/06/1974,M,SAC2,Credit Card,Decorative Art and Design,1,-1
SS0105,Scott,Miller,01/12/1974,M,CRC2,Debit Card,Introduction to Contemporary Art,3,-1
SS0106,David,Ali,03/03/1975,M,MOL3,Bank Draft,Creative Writing,1,-1
SS0107,Grace,Leach,16/03/1975,F,MOL3,Debit Card,Art and English Literature,2,-1
SS0108,Summer,Dunn,22/04/1975,F,CRC2,Debit Card,Creative Writing,3,-1
SS0109,Sebastian,Daniels,11/05/1975,M,CRC2,Credit Card,History of Art,2,-1
SS0110,Kai,Lewis,26/05/1975,M,PEH2,Debit Card,Ancient and Classic Worlds,2,-1
SS0111,Amelia,Blackburn,27/06/1975,F,PEH2,Debit Card,Foundations of Western Art,1,0
SS0112,Harvey,Carr,10/09/1975,M,MOL3,Credit Card,Medieval Studies,1,0
SS0113,Harriet,Nicholson,20/09/1975,F,PEH2,Credit Card,Art and Philosophy,2,0
SS0114,Isaac,Bradshaw,13/10/1975,M,CRC2,Credit Card,Ancient Art,4,-1
SS0115,Jodie,Carpenter,11/11/1975,F,MOL2,Credit Card,Military History and Strategic Studies,2,0
SS0116,Freddie,Benson,27/01/1976,M,MOL2,Credit Card,Creative Writing,4,0
SS0117,Anna,Fox,22/04/1976,F,MOL3,Credit Card,Introduction to Contemporary Art,4,-1
SS0118,Teodoro,Garza,08/08/1976,M,PEH1,Direct Debit,Classical Literature in Translation,4,0
SS0119,Bradley,Simmons,27/08/1976,M,PEH1,Credit Card,Arts of Asia,6,0
SS0120,Caitlin,Baldwin,15/02/1977,F,CRC2,Credit Card,Art,2,-1
SS0121,Ellis,Spencer,24/03/1977,M,CRC2,Debit Card,Decorative Art and Design,2,0
SS0122,Michael,Rhodes,18/08/1977,M,SAC1,Direct Debit,Art and English Literature,1,0
SS0123,Bethany,Woodward,22/08/1977,F,CRC3,Cheque,The English Romantic Poets,2,0
SS0124,Lily,Harvey,15/09/1977,F,MOL1,Credit Card,Shakespeare,1,0
SS0125,Bethany,Stone,09/01/1978,F,PEH2,Credit Card,Theatre Arts Education and Deaf Studies,5,-1
SS0126,Logan,Franklin,08/05/1978,M,SAC1,Credit Card,History of Art,1,-1
SS0127,Lydia,Brown,31/07/1978,F,SAC1,Credit Card,Art and Psychology,2,0
SS0128,Steffen,Nguyen,26/11/1978,M,PEH3,Debit Card,Medieval Archaeology,3,-1
SS0129,Chigaru,Maroun,27/02/1979,M,SAC3,Credit Card,The English Romantic Poets,5,0
SS0130,Greg,Garrido,11/04/1979,M,MOL1,Cheque,Art,3,-1
SS0131,Bethany,Kennedy,13/06/1979,F,SAC2,Debit Card,Medieval Studies,3,0
SS0132,Alex,Lord,22/10/1979,M,CRC2,Credit Card,Medieval Studies,3,0
SS0133,Leo,Rozitis,07/01/1980,M,MOL2,Credit Card,Ancient and Classic Worlds,2,-1
SS0134,Chin,Tao,07/01/1980,M,MOL1,Credit Card,Arts of Asia,5,0
SS0135,Kiera,Dennis,11/01/1980,F,SAC3,Credit Card,Art Photography and its Markets,2,-1
SS0136,Yasmin,Davison,17/01/1980,F,SAC2,Cheque,Theatre Arts Education and Deaf Studies,2,-1
SS0137,Skye,Berry,24/05/1980,F,SAC1,Bank Draft,The English Romantic Poets,7,-1
SS0138,James,Stone,04/09/1980,M,PEH3,Debit Card,Art Photography and its Markets,1,-1
SS0139,Ellis,Hooper,19/11/1980,M,SAC2,Credit Card,History of Art,5,0
SS0140,Jayden,Mellor,08/03/1981,M,PEH2,Cheque,History of Art,7,0
SS0141,Chelsea,Baxter,14/05/1981,F,CRC2,Bank Draft,Introduction to Contemporary Art,2,0
SS0142,Taki,Akagi,19/06/1981,M,CRC3,Credit Card,The English Romantic Poets,3,-1
SS0143,Scarlett,Norman,28/06/1981,F,CRC1,Direct Debit,Fine Art,5,-1
SS0144,Manu,Shammas,11/07/1981,M,PEH3,Cheque,Creative Writing,2,-1
SS0145,Mason,O'Neill,10/08/1981,M,SAC1,Cheque,Creative Writing,3,-1
SS0146,Freya,Nixon,17/09/1981,F,PEH3,Debit Card,Art and Psychology,2,-1
SS0147,Waleed,Wasem,12/02/1982,M,SAC2,Cheque,Medieval Studies,3,0
SS0148,Isabella,Spencer,26/03/1982,F,CRC3,Credit Card,Art,2,-1
SS0149,Jose,Rasco,28/05/1982,M,CRC3,Cheque,Theatre Arts Education and Deaf Studies,4,0
SS0150,Peter,Lord,30/07/1982,M,CRC3,Credit Card,The English Romantic Poets,4,-1
SS0151,Luca,Whitehead,24/09/1982,M,CRC1,Debit Card,Creative Writing,4,-1
SS0152,Gracie,Mason,16/10/1982,F,SAC1,Credit Card,Classical Literature in Translation,6,-1
SS0153,Chelsea,Porter,24/12/1982,F,MOL1,Credit Card,History of Art,1,-1
SS0154,Masaaki,Nakao,06/07/1983,M,CRC2,Debit Card,History of Art,3,-1
SS0155,Maddison,Allan,30/08/1983,F,SAC2,Credit Card,The English Romantic Poets,2,-1
SS0156,Phoebe,Farmer,29/03/1984,F,MOL1,Cheque,The English Romantic Poets,2,-1
SS0157,Jennifer,Walker,17/06/1984,F,CRC3,Debit Card,Art and Psychology,6,0
SS0158,Kayleigh,Wheeler,04/10/1984,F,PEH3,Credit Card,Shakespeare,4,0
SS0159,Danielle,Norton,14/01/1985,F,MOL1,Credit Card,Anglo-Saxon Literature and Culture,2,-1
SS0160,Abby,Kassab,01/04/1985,F,SAC3,Bank Draft,European Cultures and Histories,3,-1
SS0161,Jonathan,Metcalfe,21/04/1985,M,PEH3,Credit Card,Victorian Fiction,6,0
SS0162,Alfie,Thomas,05/06/1985,M,MOL3,Cheque,History of Art,4,-1
SS0163,Oscar,Stephens,03/09/1985,M,SAC2,Credit Card,Art and Philosophy,4,-1
SS0164,Joshua,O'Brien,10/09/1985,M,MOL3,Credit Card,Shakespeare,5,-1
SS0165,Anthony,Tucker,11/10/1985,M,PEH1,Debit Card,Ancient Art,6,-1
SS0166,Samantha,Bull,09/11/1985,F,PEH1,Credit Card,Art Photography and its Markets,1,0
SS0167,David,Kanaan,21/02/1986,M,PEH2,Debit Card,European Cultures and Histories,4,0
SS0168,Abby,Robertson,13/06/1986,F,PEH1,Credit Card,Anglo-Saxon Literature and Culture,3,0
SS0169,Samuel,Potts,15/11/1986,M,MOL2,Cheque,Foundations of Western Art,6,0
SS0170,Natasha,Walters,29/11/1986,F,MOL2,Cheque,Theatre Arts Education and Deaf Studies,3,0
SS0171,Lily,Baker,12/12/1986,F,PEH3,Cheque,Foundations of Western Art,4,-1
SS0172,Rosie,Davies,01/01/1987,F,SAC1,Credit Card,Fine Art,4,0
SS0173,Agathe,Thalberg,24/01/1987,F,MOL2,Debit Card,Introduction to Contemporary Art,3,-1
SS0174,Robert,Barnett,23/02/1987,M,MOL3,Credit Card,History of Art,2,-1
SS0175,Monim,Bazzi,24/03/1987,M,CRC1,Cheque,Medieval Studies,1,0
SS0176,Henry,Pugh,16/04/1987,M,SAC3,Credit Card,Art and English Literature,2,0
SS0177,John,Thorpe,27/05/1987,M,SAC1,Cheque,Foundations of Western Art,2,0
SS0178,Poppy,Stanley,24/06/1987,F,MOL2,Credit Card,Art and English Literature,2,0
SS0179,Melosia,Natal,06/07/1987,F,PEH3,Credit Card,Art and English Literature,7,-1
SS0180,Vambola,Olesk,09/12/1987,M,MOL2,Credit Card,History of Art,2,-1
SS0181,Edward,Saunders,07/01/1988,M,CRC2,Credit Card,Medieval Studies,2,0
SS0182,Scarlett,Davey,24/01/1988,F,CRC3,Credit Card,Art and Philosophy,2,0
SS0183,Chloe,Macdonald,12/02/1988,F,MOL1,Debit Card,Creative Writing,2,-1
SS0184,Pedro,Garrido,01/03/1988,M,SAC3,Bank Draft,Decorative Art and Design,3,-1
SS0185,Ina,Dhiman,05/05/1988,F,PEH2,Debit Card,Creative Writing,1,0
SS0186,Patrick,Hunt,29/05/1988,M,PEH3,Cheque,Classical Literature in Translation,1,-1
SS0187,Edward,Palmer,10/06/1988,M,PEH2,Direct Debit,History of Art,2,0
SS0188,Connor,Kirk,19/06/1988,M,PEH1,Cheque,Shakespeare,1,0
SS0189,Satoko,Miyamoto,06/07/1989,F,MOL1,Cheque,Medieval Studies,1,0
SS0190,Brandon,Stephens,02/01/1990,M,MOL3,Credit Card,Classical Art,2,0
SS0191,Louis,Moore,25/05/1990,M,MOL2,Credit Card,Decorative Art and Design,2,0
SS0192,Zak,Hargreaves,14/08/1990,M,CRC2,Cheque,History of Art,2,-1
SS0193,Angelo ,Antonio,28/01/1991,M,SAC2,Credit Card,Theatre Arts Education and Deaf Studies,6,-1
SS0194,Chloe,Pope,06/03/1991,F,CRC3,Debit Card,Introduction to Contemporary Art,4,0
SS0195,Sophie,Arnold,15/04/1991,F,SAC3,Credit Card,Arts of Asia,4,-1
SS0196,Hollie,Lambert,17/10/1991,F,CRC3,Cheque,Medieval Studies,2,-1
SS0197,Libby,Horton,26/10/1991,F,SAC3,Credit Card,Classical Literature in Translation,3,0
SS0198,Zak,Barry,21/02/1992,M,SAC3,Direct Debit,Fine Art,5,-1
SS0199,Hayden,Mitchell,12/03/1992,M,CRC3,Credit Card,History of Art,1,-1
SS0200,Chloe,Lawrence,27/03/1992,F,MOL2,Credit Card,Victorian Fiction,4,-1
SS0201,Freddie,Baker,11/06/1992,M,CRC1,Credit Card,Decorative Art and Design,4,0
SS0202,Skye,Sykes,05/07/1992,F,CRC3,Credit Card,Classical Literature in Translation,3,0
SS0203,Henry,Norman,14/07/1992,M,CRC2,Cheque,Theatre Arts Education and Deaf Studies,1,-1
SS0204,James,Shepherd,19/08/1992,M,SAC2,Credit Card,Fine Art,4,0
SS0205,Kai,Gill,11/10/1992,M,SAC1,Debit Card,Classical Art,2,-1
SS0206,Adam,Strauss,02/01/1993,M,CRC1,Cheque,Economic and Social History,2,-1
SS0207,Mohamed,Bansal,13/01/1993,M,MOL1,Direct Debit,Art and English Literature,5,0
SS0208,Nikolaus,Hettinger,15/01/1993,M,PEH1,Credit Card,Foundations of Western Art,1,0
SS0209,Anwar,Maroun,21/01/1993,M,MOL2,Debit Card,History of Art,4,-1
SS0210,Summer,Kacaratchi,22/01/1993,F,SAC1,Credit Card,Creative Writing,6,-1
SS0211,Michelle,Simioni,28/01/1993,F,SAC3,Debit Card,Classical Literature in Translation,7,0
SS0212,Hannes,Wetter,30/01/1993,M,SAC3,Credit Card,History of Art,5,0
SS0213,Petra,Maier,04/02/1993,F,MOL2,Credit Card,Economic and Social History,1,-1
SS0214,Chano,Viana,04/02/1993,M,SAC1,Credit Card,Fine Art,2,-1
SS0215,Lapis,Hakimi,07/02/1993,F,PEH1,Cheque,Creative Writing,3,0
SS0216,Josef,Ritter,09/02/1993,M,SAC3,Credit Card,History of Art,2,0
SS0217,Sandra,Cooper,11/02/1993,F,CRC2,Cheque,Foundations of Western Art,3,-1
SS0218,Thierry,Landry,18/02/1993,M,MOL3,Debit Card,The English Romantic Poets,4,-1
SS0219,Grace,Faulkner,23/02/1993,F,MOL1,Credit Card,Art,1,-1
SS0220,Anna-Maria,Bastiaens,23/02/1993,F,PEH3,Credit Card,Arts of Asia,2,0
SS0221,Yasmin,Kalb,04/03/1993,F,CRC2,Credit Card,Medieval Studies,4,-1
SS0222,Dina,Ena,08/03/1993,F,SAC2,Direct Debit,Medieval Studies,2,-1
SS0223,Francisco Javier,Ramirez,10/03/1993,M,PEH3,Credit Card,Art and Philosophy,2,0
SS0224,Martins,Nuja,10/03/1993,M,MOL3,Credit Card,Shakespeare,2,-1
SS0225,Tomas,Cordero,14/03/1993,M,CRC3,Credit Card,Decorative Art and Design,3,-1
SS0226,Isis,Deeb,19/03/1993,F,CRC1,Debit Card,Creative Writing,2,0
SS0227,Diarria,Salis,20/03/1993,F,MOL2,Direct Debit,Art and Philosophy,2,-1
SS0228,Isabelle,Burke,26/03/1993,F,PEH3,Credit Card,Art and Politics in Baroque Rome,2,-1
SS0229,Elena,Smith,31/03/1993,F,CRC1,Credit Card,Foundations of Western Art,1,-1
SS0230,Honor,Dimas,04/04/1993,M,SAC3,Debit Card,Art Photography and its Markets,2,-1
SS0231,Sandra,Royle,04/04/1993,F,PEH3,Credit Card,Shakespeare,3,0
SS0232,Jonas,Verdonk,06/04/1993,M,CRC1,Credit Card,History of Art,4,-1
SS0233,Aneta,Kozma,19/04/1993,F,PEH1,Credit Card,Classical Art,4,0
SS0234,Muhanad,Maloof,21/04/1993,M,MOL1,Debit Card,Classical Art,2,-1
SS0235,Sohaila,Kanaan,22/04/1993,F,CRC3,Cheque,The English Romantic Poets,2,0
SS0236,Maxime,Rouanet,27/04/1993,F,SAC1,Debit Card,Arts of Asia,2,-1
SS0237,Malak,Bazzi,28/04/1993,F,SAC1,Credit Card,The English Romantic Poets,7,0
SS0238,Petra,Bier,03/05/1993,F,PEH2,Debit Card,Decorative Art and Design,2,0
SS0239,Menna,Haik,09/05/1993,F,PEH2,Credit Card,Ancient and Classic Worlds,1,0
SS0240,Isaac,Fisher,10/05/1993,M,MOL1,Credit Card,Classical Art,2,-1
SS0241,Naida,Mangas,14/05/1993,F,MOL3,Cheque,Art and Psychology,1,-1
SS0242,Mariam,Gaber,23/05/1993,F,PEH3,Credit Card,Shakespeare,2,0
SS0243,Gudrun,Taubman,26/05/1993,F,CRC1,Cheque,Ancient Art,3,-1
SS0244,Patrick,Warner,26/05/1993,M,SAC1,Credit Card,Art and English Literature,2,0
SS0245,Pablo,Ramirez,01/06/1993,M,PEH2,Credit Card,History of Art,4,-1
SS0246,Boody,Quraishi,01/06/1993,M,CRC2,Credit Card,Shakespeare,2,-1
SS0247,Peter,Ryder,03/06/1993,M,CRC1,Cheque,Creative Writing,4,-1
SS0248,Serena,Marcano,03/06/1993,F,PEH2,Cheque,The English Romantic Poets,4,0
SS0249,Leo,Quattrone,04/06/1993,M,PEH1,Cheque,Classical Art,2,0
SS0250,Miguel,Valles,13/06/1993,M,PEH2,Cheque,Art and English Literature,2,-1
SS0251,Fritz,Bumgarner,18/06/1993,M,PEH2,Cheque,Arts of Asia,2,-1
SS0252,Vasilis,Anania,21/06/1993,M,CRC2,Credit Card,Art and English Literature,5,-1
SS0253,Ishmael,Contreras,25/06/1993,M,CRC1,Credit Card,History of Art,6,0
SS0254,Mohammed,Ahktar,27/06/1993,M,MOL2,Debit Card,Shakespeare,3,-1
SS0255,Nihad,Maroun,04/07/1993,F,MOL3,Cheque,Art and English Literature,4,0
SS0256,Mesi,Kassis,14/07/1993,F,SAC2,Credit Card,Economic and Social History,6,0
SS0257,Olga,Schneider,17/07/1993,F,MOL1,Debit Card,Economic and Social History,2,-1
SS0258,Carmina,Cornejo,19/07/1993,F,CRC1,Credit Card,Classical Art,6,0
SS0259,Teremun,Atiyeh,20/07/1993,M,CRC3,Credit Card,Art and English Literature,6,-1
SS0260,Kratika,Gupta,24/07/1993,M,PEH2,Credit Card,Fine Art,4,-1
SS0261,Luigi,Brown,27/07/1993,M,MOL2,Credit Card,History of Art,4,0
SS0262,Lorie,Vasseur,28/07/1993,F,SAC2,Cheque,Introduction to Contemporary Art,2,-1
SS0263,Merle,Wehausen,29/07/1993,F,PEH3,Direct Debit,Art,2,0
SS0264,Vasos,Rines,05/08/1993,M,CRC3,Credit Card,Classical Art,3,0
SS0265,Pablo,Ramos,08/08/1993,M,CRC1,Debit Card,Art and Psychology,2,-1
SS0266,Phoebe,Nicolo,08/08/1993,F,MOL1,Debit Card,History of Art,4,-1
SS0267,Rebecca,Berry,16/10/1993,F,SAC2,Cheque,Arts of Asia,6,-1
SS0268,Patrick,McLean,26/01/1994,M,PEH1,Credit Card,Classical Art,4,-1
SS0269,Dylan,Chamberlain,02/03/1994,M,SAC2,Bank Draft,The English Romantic Poets,6,0
SS0270,Qiang,Shen,18/03/1994,M,SAC1,Credit Card,Art and Psychology,4,0
SS0271,Josh,Barlow,23/09/1994,M,MOL2,Cheque,Classical Art,1,-1
SS0272,Rachel,Randall,24/03/1995,F,CRC2,Credit Card,Fine Art,4,-1
SS0273,Sebastian,Coleman,30/03/1995,M,PEH2,Credit Card,Arts of Asia,4,-1
SS0274,Ilsa,Schins,30/06/1995,F,CRC3,Credit Card,The English Romantic Poets,1,0
SS0275,Oliver,Fitzgerald,27/08/1995,M,MOL2,Cheque,Arts of Asia,4,-1
SS0276,Faith,Sinclair,17/12/1995,F,PEH2,Cheque,Introduction to Contemporary Art,3,-1
SS0277,Charlie,Joyce,25/01/1996,F,MOL3,Credit Card,Shakespeare,7,-1
SS0278,Leo,Spencer,07/04/1996,M,MOL1,Credit Card,Ancient Art,4,0
SS0279,Josh,Dennis,21/04/1996,M,PEH1,Credit Card,Medieval Studies,5,-1
SS0280,Djayden,Van De Hoef,04/05/1996,M,PEH3,Cheque,Classical Art,4,0
SS0281,Louie,Burke,29/05/1996,M,CRC1,Credit Card,Introduction to Contemporary Art,3,0
SS0282,Mohammed,Dickinson,26/07/1996,M,PEH3,Direct Debit,The English Romantic Poets,2,0
SS0283,Lewis,Iqbal,22/11/1996,M,CRC3,Debit Card,Arts of Asia,2,0
SS0284,Alisha,Herbert,31/12/1996,F,MOL3,Bank Draft,European Cultures and Histories,2,0
SS0285,Leon,Lees,26/05/1997,M,SAC1,Credit Card,Classical Art,2,0
SS0286,Kian,Norton,10/06/1997,M,CRC3,Credit Card,Art Photography and its Markets,2,0
SS0287,Nicholas,Rees,19/06/1997,M,MOL2,Credit Card,Economic and Social History,2,-1
SS0288,Kai,Carroll,02/08/1997,M,SAC1,Debit Card,Creative Writing,2,-1
SS0289,Krijna,Ermers,02/08/1997,F,CRC3,Bank Draft,Medieval Studies,4,-1
SS0290,Lilly,Knowles,12/09/1997,F,CRC1,Debit Card,The English Romantic Poets,4,-1
SS0291,Dietmar,Strauss,18/03/1998,M,SAC1,Cheque,Creative Writing,2,0
SS0292,Kyle,Atkinson,15/04/1998,M,PEH1,Debit Card,Introduction to Contemporary Art,2,-1
SS0293,Rosie,Matthews,27/04/1998,F,SAC3,Debit Card,Art and English Literature,4,0
SS0294,Tao,Chuang,29/06/1998,F,PEH1,Credit Card,Victorian Fiction,4,-1
SS0295,Jihan,Nuijens,30/06/1998,F,MOL2,Debit Card,Victorian Fiction,3,-1
SS0296,Ewan,Barrett,12/07/1998,M,SAC2,Debit Card,Art and Psychology,3,-1
SS0297,Cong,Yuan,12/03/1999,M,MOL3,Debit Card,Shakespeare,2,0
SS0298,Nicole,Gallagher,09/06/1999,F,SAC2,Debit Card,Foundations of Western Art,2,-1
SS0299,Hendrik,Vrijdag,18/07/1999,M,CRC2,Credit Card,Art and Philosophy,7,-1
