Code,Reference,Country,Current area,Potential area,Owned
EU,1,England,3200,3200,Y
EU,2,England,0,16000,N
EU,3,England,0,1515,N
EU,4,Ireland,0,2540,N
EU,5,Ireland,2000,14000,Y
EU,6,Poland,0,3825,N
EU,7,Poland,0,90000,N
EU,8,Bulgaria,0,4275,N
EU,9,Bulgaria,0,720,N
EU,10,Bulgaria,0,6750,N
EU,11,Germany,0,2025,N
EU,12,France,0,50000,N
EU,13,Netherlands,0,36000,N
EU,14,Italy,0,20000,N
EU,15,Italy,0,1525,N
EU,16,Italy,0,3625,N
AM,1,America,8000,8500,Y
AM,2,America,0,200000,N
AM,3,America,4500,9500,Y
AM,4,America,0,1600,N
AM,5,America,0,15000,N
AM,6,Cuba,0,4500,N
AM,7,Brazil,9000,35000,Y
AM,8,Brazil,0,120000,N
AM,9,Brazil,0,2560,N
AM,10,Brazil,0,150000,N
AM,11,Canada,0,12000,N
AM,12,Canada,0,30500,N
AM,13,Peru,0,2100,N
AM,14,Peru,0,2900,N
AM,15,Columbia,0,24000,N
AS,1,Malaysia,17000,17000,Y
AS,2,Malaysia,0,24000,N
AS,3,Thailand,750,2000,Y
AS,4,Thailand,0,5000,N
AS,5,Thailand,0,2300,N
AS,6,Indonesia,0,4500,N
AS,7,China,0,8905,Y
AS,8,China,0,150250,N
AS,9,China,0,240350,N
AS,10,India,0,210000,N
AF,1,Tunisia,0,20450,N
AF,2,Tunisia,0,1500,N
AF,3,Ghana,0,157500,N
AF,4,Ghana,0,12600,N
AF,5,Ghana,0,32025,N
AF,6,Namibia,0,2205,N
AF,7,Morocco,0,3045,N
AF,8,Botswana,0,25200,N
AF,9,Botswana,0,17850,N
AF,10,Botswana,0,25200,N
AF,11,Botswana,0,2100,N
AF,12,Botswana,0,22500,N
AF,13,Gambia,0,16200,N
AF,14,Gambia,0,9000,N
AF,15,Gambia,0,6950,N
AF,16,Gambia,0,3550,N
AF,17,Ethiopia,0,3825,N
AF,18,South Africa,0,90000,N
AF,19,South Africa,0,4275,N
AF,20,South Africa,0,720,N
AF,21,South Africa,0,6750,N
AF,22,South Africa,500,500,Y
ME,1,Dubai,0,13860,N
ME,2,Dubai,0,1150,N
ME,3,Dubai,0,12370,N
ME,4,Dubai,0,8910,N
ME,5,Palestine,0,4950,N
ME,6,Saudi Arabia,0,3820,N
ME,7,Saudi Arabia,0,1950,N
ME,8,Jordan,0,4200,N
ME,9,Jordan,0,99000,N
ME,10,Israel,0,4700,N
OC,4,Bali,0,220,N
