Flight number,Departure Airport Code,Arrival Airport Code,Departure Airport,Arrival Airport
TA001,LHR,DUB,London Heathrow,Dublin Ireland
TA002,DUB,LHR,Dublin Ireland,London Heathrow
TA003,LHR,DUB,London Heathrow,Dublin Ireland
TA004,DUB,CGK,Dublin Ireland,Soekarno-Hatta International
TA005,CGK,DUB,Soekarno-Hatta International,Dublin Ireland
TA006,DUB,SIN,Dublin Ireland,Singapore Changi International
TA007,SIN,DUB,Singapore Changi International,Dublin Ireland
TA008,DUB,PEK,Dublin Ireland,Beijing
TA009,PEK,DUB,Beijing,Dublin Ireland
TA010,DUB,AMS,Dublin Ireland,Amsterdam-Schiphol
TA011,AMS,LHR,Amsterdam-Schiphol,London Heathrow
TA013,LHR,MAD,London Heathrow,Madrid
TA014,MAD,LHR,Madrid,London Heathrow
TA015,LHR,ORY,London Heathrow,Paris Orly
TA016,ORY,LHR,Paris Orly,London Heathrow
TA017,LHR,DUB,London Heathrow,Dublin Ireland
TA018,DUB,CGK,Dublin Ireland,Soekarno-Hatta International
TA019,CGK,DUB,Soekarno-Hatta International,Dublin Ireland
TA020,DUB,SIN,Dublin Ireland,Singapore Changi International
TA021,SIN,DUB,Singapore Changi International,Dublin Ireland
TA022,DUB,PEK,Dublin Ireland,Beijing
TA023,PEK,DUB,Beijing,Dublin Ireland
TA024,DUB,AMS,Dublin Ireland,Amsterdam-Schiphol
TA025,AMS,LHR,Amsterdam-Schiphol,London Heathrow
TA029,LHR,HKG,London Heathrow,Hong Kong
TA030,HKG,SYD,Hong Kong,Sydney
TA031,SYD,HKG,Sydney,Hong Kong
TA032,HKG,LHR,Hong Kong,London Heathrow
TA033,LHR,ATL,London Heathrow,Atlanta
TA034,ATL,LHR,Atlanta,London Heathrow
TA043,LHR,DUB,London Heathrow,Dublin Ireland
TA044,DUB,LHR,Dublin Ireland,London Heathrow
TA059,LHR,HKG,London Heathrow,Hong Kong
TA060,HKG,SYD,Hong Kong,Sydney
TA061,SYD,HKG,Sydney,Hong Kong
TA062,HKG,LHR,Hong Kong,London Heathrow
TA063,LHR,ATL,London Heathrow,Atlanta
TA064,ATL,LHR,Atlanta,London Heathrow
