Payroll number of employees who are air crew,Forename,Surname,Crew code,Long service
AC00001,Henry,Gale,B,-1
AC00002,Kurtis,Brown,T,0
AC00003,Clemantine,Leadbetter,R,0
AC00004,Christine,Hull,U,-1
AC00007,Karla,Greenhalgh,S,-1
AC00008,Fred,Pooley,K,0
AC00011,Ben,Chalmers,O,0
AC00014,Christopher,Lewis,M,-1
AC00016,Rio,Patel,S,0
AC00017,Ruksana,Gopaul,F,-1
AC00018,Angela,Akula,F,0
AC00021,Udoka,Onyancha,E,-1
AC00022,Billy,Green,C,-1
AC00027,Wesley,Smith,R,0
AC00028,Wally,Weston,M,0
AC00029,Trevor,Jones,B,0
AC00030,Jasmine,Gunn,Q,-1
AC00033,Brian,Wells,V,0
AC00034,Ieuan,Williams,Y,0
AC00037,John,Vercoe,K,-1
AC00038,Lauren,Hall,J,0
AC00040,Chloe,Rhodes,H,-1
AC00042,Owen,Williams,M,-1
AC00044,Lotte,Charles,W,-1
AC00045,Jeannie,Burke,R,0
AC00046,Jimmy,Lee,F,0
AC00047,Dawid,Jones,B,-1
AC00048,Li Sun,Wu,A,0
AC00053,Charlotte,Watson,W,0
AC00058,Joe,Norfolk,E,0
AC00059,Joanne,Floyd,V,-1
AC00060,Anthony,Campbell,C,-1
AC00062,Linda,Stuart,K,-1
AC00064,Kate,Smith,X,-1
AC00065,Sam,Smith,A,0
AC00066,Duncan,Rydell,V,-1
AC00067,Tony,Thomson,G,0
AC00069,Dougie,Ryder,T,-1
AC00070,David,Reid,O,0
AC00073,Laura,Macdonald,F,0
AC00079,Jenna,Hoy,E,-1
AC00080,Zachary,Brown,X,0
AC00085,Steve,Walsom,L,0
AC00086,Krystal,Read,C,0
AC00087,Becci,Yeung,O,0
AC00088,Lucy,Purton,K,0
AC00089,Naomi,Murray,U,0
AC00090,Bex,Young,U,-1
AC00091,Loiuse,Baiardo,Y,-1
AC00092,Colin,Clark,I,0
AC00093,Lauren,Ross,W,0
AC00094,Kieran,Kelly,K,-1
AC00096,Jane,Morrison,R,0
AC00097,Natasha,Paterson,N,-1
AC00101,Yo-Yo,Chong,P,-1
AC00102,Si Ma,Zhang,M,-1
AC00103,Mao,Cheng,J,-1
AC00104,Liu,Teo,U,-1
AC00105,Min,Wang,E,-1
AC00106,Yi,Zhang,H,-1
AC00107,Lan,Cheung,H,-1
AC00111,Wai Wai Hnin,Su,E,0
AC00118,Daniu,Chan,D,0
AC00121,Li,Gow,Z,0
AC00122,Fang,Lim,Q,-1
AC00123,Lei,Xu,D,0
AC00124,Li,Oon,P,0
AC00126,Vishnu,Patel,T,0
AC00127,Fang,Hu,G,0
AC00128,Mei-Mei,Sun,U,0
AC00131,Cindy,Brown,O,0
AC00134,Tally,Telfer,G,0
AC00139,Steve,Brown,N,-1
AC00140,Stuart,Guttermann,C,0
AC00144,Karl,Bloomsfeld,L,-1
AC00145,Tanon,Bridges,A,-1
AC00150,Jayden,Anderson,M,0
AC00152,Alejandro,Jackson,Y,-1
AC00153,Moshe,Harris,V,-1
AC00154,Joshua,Bui,T,-1
AC00156,Lois,Thomas,U,0
AC00157,Elijah,Arnott,N,0
AC00158,Kevin,White,C,-1
AC00162,Bruce,Warne,Z,0
AC00163,Shane,Williams,S,-1
AC00165,Vishnu,Das,B,-1
AC00166,James,O'Brien,Z,0
AC00167,Jimmy,O'Brien,T,-1
AC00168,Paulo,Villa,W,-1
AC00172,Aaron,Peeters,V,-1
AC00175,Peter,Barcot,Z,0
AC00176,Dragos,Jovanovic,Q,0
AC00184,Jan,Trojacek,W,0
AC00185,David,Becker,S,0
AC00189,Pablo,Castro,R,0
AC00190,David,Silva,A,0
AC00191,Shahad,Sharreif,D,0
AC00194,Salah,Farhat,I,-1
AC00198,Abdul,Mansoor,X,0
AC00199,Mohammed,Abdullahi,N,-1
AC00200,Sandy,Ali,X,-1
AC00202,Salma Abdulrahman Ahmed Ba,Hubaishi,J,0
AC00203,Khaled Aly,Elhalawany,X,-1
AC00204,Sara Mansoor,Khan,G,0
AC00205,Zainah,Adwan,Q,0
AC00206,Hossam Ahmed,Badawy,L,-1
AC00207,Michael Maged,Lewis,P,0
AC00208,Mohab Mohamed,Abdelmeged,N,0
AC00209,Mohammed Danish,Malik,Z,-1
AC00210,Mohamed Elmohamadi,Elsayed,J,-1
AC00211,Mohamed Hazem,Bassiony,P,-1
AC00212,Sonja,Steinle,E,0
AC00213,Mohamed Khaled,Aly,H,0
AC00214,Mohammed Khaled,Adel,O,-1
AC00215,Misha,Laeeq,X,0
AC00216,Phanteera,Sawangnetr,R,0
AC00217,Mali,Boonliang,Q,-1
AC00218,Aran,Mookjai,H,-1
AC00219,Phueng,Montri,Z,-1
AC00220,Justin,Brooklands,C,-1
AC00221,Isra,Wattanapanit,P,0
AC00222,Chanarong,Willapana,M,-1
AC00223,Phailin,Suramongkol,G,0
AC00224,Som,Saowaluk,I,-1
AC00226,Ratana,Wattana,V,-1
AC00227,Kamol,Supitayaporn,Q,0
AC00229,Mongkut,Sintawichai,I,0
AC00230,Tasanee,Wattana,A,0
AC00231,Kanya,Charoenkul,F,0
AC00232,Rajesh Mansi,Raval,D,0
AC00242,William,Davis,I,-1
AC00244,Emma,Jones,D,0
AC00249,Liam,Williams,Y,0
AC00251,Olivia,Murphy,B,-1
AC00259,Martina,Martinez,H,-1
AC00260,Ethan,Smith,J,-1
AC00261,Adi,Gunawardena,L,-1
AC00262,Logan,Jackson,W,0
AC00263,Arnav,Ranatunga,Y,-1
AC00264,Ananya,Perera,Y,0
AC00266,Vihaan,De Silva,S,-1
AC00267,Saanvi,Jayasuriya,S,0
AC00268,Khushi,Gunawardena,G,0
AC00271,Chaka,Grau,J,-1
AC00272,Pablo,Castro,X,-1
AC00274,Mohammed,Habib,K,-1
AC00275,Miguel,Du Bois,L,-1
AC00276,Arthur,Acquarone,D,0
AC00277,Lucas,Ferreira,A,0
AC00278,Dylan,Borges,W,0
AC00279,Davi,Jayme,T,0
AC00281,Saniago,D'Silva,O,-1
AC00282,Sofia,Mean,B,-1
AC00252,Addy,Gomez,L,-1
AC00257,Aiden,Miller,Z,0
AC00258,Luis,Hernandez,N,0
