Make,Model,Weight,Length,Width,Height,Talk time,Standby time,Display
Trium,Sirus,75,104,53,22,180,180,Mono
Motorola,C331,83,101,48,21,360,250,Mono
Ericsson,R520m,105,130,50,16,455,200,Mono
Ericsson,T68,84,100,48,20,780,290,Colour
Nokia,7650,154,114,56,26,240,150,Colour
Sagem,MC 3000,112,105,45,18,105,140,Mono
Philips,Fisio 820,85,98,47,21,330,400,Colour
Handspring,Treo,180,110,69,18,150,50,Mono
Sagem,MC 939 WAP,117,116,45,18,180,150,Mono
Sendo,S230,98,114,50,25,210,360,Mono
Samsung,Q200,90,85,47,21,420,150,Mono
Nokia,3330,133,113,48,22,270,260,Mono
Ericsson,T20,128,101,54,28,240,200,Mono
Samsung,P400,105,91,47,23,600,180,Colour
Nokia,6310,111,129,47,19,180,480,Mono
Sendo,P200,98,105,50,22,390,360,Colour
Motorola,V66,79,84,44,20,180,120,Mono
Nokia,3410,114,115,49,23,250,260,Mono
Siemens,M50,97,109,46,23,360,260,Mono
Sony,CMD-MZ5,110,90,49,29,220,150,Mono
NEC,DB7000,120,102,52,24,180,165,Colour
Siemens,ME45,99,109,46,21,300,600,Mono
Nokia,3310,133,113,48,22,260,270,Mono
Ericsson,T39,86,96,50,18,166,300,Mono
Trium,110,90,115,45,26,180,225,Mono
Samsung,Q200,90,85,47,21,250,150,Mono
Nokia,6310i,111,129,47,21,240,408,Mono
Ericsson,Z700,95,91,50,24,480,260,Colour
Ericsson,T66,51,92,41,19,600,300,Mono
Sony,CMD-Z7,95,90,50,25,480,220,Mono
Motorola,T260,108,130,46,23,180,140,Mono
Trium,Cosmo,69,103,51,16,300,180,Mono
Samsung,A400,85,70,49,21,150,70,Mono
Motorola,Accompli,155,95,60,27,270,145,Mono
Philips,Fisio 311,114,108,56,27,270,320,Mono
Sendo,D800,68,102,44,19,180,300,Mono
Nokia,6250,174,142,58,27,350,330,Mono
Sony,CMD-J5,85,123,45,20,180,120,Mono
Siemens,SL45i,88,105,42,17,240,170,Mono
Samsung,SGH-2400,90,108,45,19,300,95,Mono
Motorola,T720,100,90,48,21,170,170,Mono
Samsung,N100,83,105,42,18,210,90,Mono
Alcatel,One Touch 501,103,120,44,22,270,220,Mono
Siemens,M35i,125,117,47,22,300,180,Mono
Handspring,Treo 270,153,110,69,18,180,150,Mono
Vtech,SPT88d,68,103,43,18,90,150,Mono
Motorola,V70,79,84,44,21,130,140,Mono
Sagem,myX-5,92,105,46,20,240,240,Colour
Samsung,A300,83,81,42,22,150,50,Mono
