02-Jan-08,D104,115,Romance,B,NNN
02-Jan-08,E105,118,Horror,A,YNN
02-Jan-08,B108,116,Horror,D,YYN
03-Jan-08,A102,103,Comedy,A,YYN
02-Jan-08,A102,113,Comedy,A,YYN
02-Jan-08,E105,115,Horror,A,YNN
04-Jan-08,B103,117,Thriller,A,YYY
02-Jan-08,G101,116,Children,A,NNY
02-Jan-08,A106,109,Comedy,C,YNN
05-Jan-08,B103,108,Thriller,A,YYN
02-Jan-08,E105,104,Horror,A,NNN
02-Jan-08,B108,117,Horror,D,NYY
06-Jan-08,G101,118,Children,A,NNN
02-Jan-08,D104,100,Romance,B,NNY
02-Jan-08,F120,108,Documentary,B,NYY
07-Jan-08,B103,100,Thriller,A,YYY
02-Jan-08,A106,105,Comedy,C,NNN
09-Jan-08,B103,107,Thriller,A,NYY
09-Jan-08,B108,100,Horror,D,YYN
09-Jan-08,A106,115,Comedy,C,NNN
09-Jan-08,E105,103,Horror,A,YNY
10-Jan-08,A106,103,Comedy,C,YNY
10-Jan-08,A106,101,Comedy,C,NNY
10-Jan-08,A107,117,Thriller,A,NNN
10-Jan-08,A106,102,Comedy,C,NNN
10-Jan-08,B103,104,Thriller,A,NYY
10-Jan-08,D104,103,Romance,B,NNN
10-Jan-08,D104,119,Romance,B,NNN
10-Jan-08,E105,107,Horror,A,YNN
10-Jan-08,A102,101,Comedy,A,YYY
10-Jan-08,B108,119,Horror,D,NYY
10-Jan-08,A106,112,Comedy,C,NNN
11-Jan-08,A106,106,Comedy,C,YNY
11-Jan-08,A106,116,Comedy,C,YNN
11-Jan-08,B108,115,Horror,D,YYN
11-Jan-08,D104,119,Romance,B,NNN
11-Jan-08,A102,114,Comedy,A,YYY
11-Jan-08,E105,101,Horror,A,YNY
11-Jan-08,A102,103,Comedy,A,NYY
11-Jan-08,D104,107,Romance,B,YNY
11-Jan-08,G101,112,Children,A,NNY
11-Jan-08,F120,102,Documentary,B,NYN
11-Jan-08,A102,101,Comedy,A,YYN
11-Jan-08,B103,102,Thriller,A,YYY
11-Jan-08,A106,106,Comedy,C,NNY
11-Jan-08,B108,115,Horror,D,NYN
11-Jan-08,F120,108,Documentary,B,NYY
11-Jan-08,F121,113,Children,C,NNY
11-Jan-08,F121,118,Children,C,NNN
11-Jan-08,B108,114,Horror,D,YYY
12-Jan-08,G101,107,Children,A,NNY
12-Jan-08,E105,111,Horror,A,YNN
12-Jan-08,B108,119,Horror,D,YYY
12-Jan-08,D104,116,Romance,B,NNN
12-Jan-08,B103,107,Thriller,A,YYN
12-Jan-08,A107,111,Thriller,A,NNY
12-Jan-08,G101,113,Children,A,YNN
12-Jan-08,F121,107,Children,C,NNY
12-Jan-08,D104,111,Romance,B,YNY
12-Jan-08,G101,113,Children,A,NNN
12-Jan-08,A102,101,Comedy,A,YYY
12-Jan-08,B103,103,Thriller,A,YYN
12-Jan-08,F121,115,Children,C,NNN
13-Jan-08,A106,117,Comedy,C,YNY
14-Jan-08,F121,118,Children,C,YNY
15-Jan-08,D104,104,Romance,B,NNY
13-Jan-08,A107,105,Thriller,A,YNY
14-Jan-08,D104,118,Romance,B,YNN
15-Jan-08,B108,102,Horror,D,NYY
16-Jan-08,G101,113,Children,A,NNN
17-Jan-08,D104,101,Romance,B,NNY
18-Jan-08,B103,100,Thriller,A,NYN
19-Jan-08,A106,104,Comedy,C,NNN
20-Jan-08,D104,106,Romance,B,NNY
16-Jan-08,A102,116,Comedy,A,YYN
17-Jan-08,B108,119,Horror,D,NYY
18-Jan-08,D104,102,Romance,B,YNN
19-Jan-08,F121,115,Children,C,NNY
20-Jan-08,B108,112,Horror,D,YYN
19-Jan-08,B108,107,Horror,D,YYY
20-Jan-08,A107,100,Thriller,A,YNY
16-Jan-08,A102,112,Comedy,A,YYY
17-Jan-08,E105,114,Horror,A,NNN
18-Jan-08,A102,108,Comedy,A,NYY
19-Jan-08,B108,104,Horror,D,NYY
20-Jan-08,F120,116,Documentary,B,NYN
19-Jan-08,A102,105,Comedy,A,NYN
20-Jan-08,E105,108,Horror,A,NNY
16-Jan-08,A102,107,Comedy,A,NYY
17-Jan-08,E105,103,Horror,A,YNN
18-Jan-08,D104,108,Romance,B,YNN
19-Jan-08,A102,118,Comedy,A,YYY
20-Jan-08,A102,116,Comedy,A,NYN
19-Jan-08,A106,119,Comedy,C,NNY
20-Jan-08,F121,100,Children,C,NNN
16-Jan-08,A106,111,Comedy,C,YNY
17-Jan-08,A102,115,Comedy,A,YYY
18-Jan-08,B103,111,Thriller,A,YYY
19-Jan-08,B108,112,Horror,D,NYY
20-Jan-08,E105,100,Horror,A,YNY
21-Jan-08,A107,119,Thriller,A,YNY
