Code,Rate,
D,,
N,,
P,,

Company,Ccode,Number
,A,
,B ,
,C,
,D,
,E,
,F,
,G,
,H,
,R,
,J,
,K,,,,,,
,L,,,,,,
,M,,,,,,
,N,,,,,,
,P,,,,,,

Ref,Supplier,Description,Code,Unit Purchase,Unit Retail,Pack Size,Retail
10612,L,Elite 70 Lever Arch File A4 Black,D,4.745,,1,
12734,J,PVC 2 Ring Binder A4 Black,,0.285,,10,
13279,M,Lever Arch File Spine Labels Red Pkd 10,D,1.565,,1,
31815,H,Ring Binder Yellow Pkd 1,N,0.2,,1,
8772,L,Clear Pockets A4 Size Pkd 100,,4.055,,1,
30436,E,Bostik Blu-Tack Handy Size,,0.26,,10,
6445,M,Lever Arch Files Blue A4,P,11.895,,1,
33312,R,Folder PVC 38mm Black,,0.515,,1,
33276,R,Folder PVC 50mm White,D,0.525,,1,
46471,L,Glass Clear Plastic Pockets Pkd 100,N,0.455,,1
47275,J,Laminated Ring Binder Purple,,0.7195,,10
32415,F,Pritt Glue Stick Large 40gms,N,14.62,,1
47246,L,3 Flap Elastic Folder Bordeaux,P,4.01,,1
40386,F,Glue Sticks Small 10 gms,N,0.145,,1
49152,F,Pritt Mini Adhesive Roller Permanent,,0.595,,1
47274,J,Laminated Ring Binder Grey,,0.7195,,10
44835,C,Poly Packaging Tape 50mmx66m Pkd 1,D,0.26,,6
29739,P,Square Cut Folder 270gsm Foolscap Blue,N,0.84,,1
33256,A,Sellotape Original Tape 25mm x 66m,,5.245,,12
38478,C,Poly Clear Tape 48mm x 66m,,1.12,,6
86889,F,Pritt Childsplay Magic Craft Glue,P,0.635,,1
60433,D,Poly Clear Tape 25mm x 33m,P,0.745,,10
47273,J,Laminated Ring Binder Green,,0.7195,,10
19601,K,5 Part Organiser Files Blue,,0.917,,5
43004,B,Deluxe Tape Dispenser Black,N,1.085,,10
22470,L,Blue Strip Top Open Pkd 25,D,3.615,,1
33287,N,Foolscap Lever Arch File Blue,N,0.225,,10
27533,H,PVC 2 Ring Binder A5 Green,,0.52,,10
29753,K,Ring Binder Red,D,0.745,,1
68151,F,Pocket Correction Pen,,0.635,,1
49153,F,Pritt Mini Adhesive Roller Restickable,N,0.595,,1
13278,M,Lever Arch File Spine Labels Black Pkd 10,,1.565,,1
32370,F,Pritt Glue Stick Standard 10gms,P,5.62,,1
81110,B,Scotch Book Repair Tape 50.8mm x 13.7m,P,1.91,,10
39429,P,Square Cut Folder 270gsm A4 Grey,,0.39,,5
71104,A,S/tape Tape Doctor Home Repair 4393,,1.495,,6
47278,H,Laminated Lever Arch Files Blue,,1.205,,10
43009,B,Deluxe Tape Dispenser Green,,1.085,,10
62731,K,Emgee 2D-Ring 40mm Binder,D,0.685,,10
38477,C,Poly Clear Tape 38mm x 66m,N,1.12,,6
38473,C,Poly Clear Tape 18mm x 66m,P,0.935,,6
83287,D,Correct Zippy Roller 6m,,3.34,,10
81118,D,Vario Correction Roller,,0.71,,10
24273,L,Elite 70 Lever Arch File A4 Blue,P,4.745,,1
29701,L,Economy Punched Pkts Pkd 100,D,0.08,,1
39418,K,PVC Ring Binder Black,N,0.26,,1
22497,L,Red Strip Side Open Pkd 25,,3.445,,1
12730,J,PVC 2 Ring Binder A4 Red,,0.26,,10
61284,C,Velcro Loop Pads On Sheets 96 Pads,D,2.245,,6
6852,M,Lever Arch Files Red Foolscap,N,11.895,,1
47255,K,9 Part Organiser Files Green,P,1.223,,5
34048,P,Square Cut Folder 180gsm foolscap Pink,P,0.4,,1
33060,R,Folder PVC 25mm Red,P,0.495,,1
33269,N,Foolscap Lever Arch File Cloud Pkd 1,,0.14,,1
13868,H,A4 25mm Blue,D,0.26,,12
33412,B,Scotch Magic Tape 12mm x 66m 810,,1.235,,10
56405,A,Sellotape Dual Core Desktop Tape Dispenser,D,1.495,,24
56821,B,Scotch Magic Tape 811 25mmx66m,,1.495,,10
55902,B,Scotch Spray Mount Adhesive 400ml Can,N,2.995,,10
33321,R,Folder PVC 65mm Green,N,0.565,,1
17908,E,Outdoor Sticky Fixers Wallet of 48,N,4.87,,1
24274,L,Elite 70 Lever Arch File Foolscap Blue,N,4.745,,1
40384,F,Pritt Glue Stick Medium 20gms,,2.62,,1
33314,R,Folder PVC 38mm Red,,0.515,,1
60432,D,Easy Tear Clear Tape 19mm x 33m,N,0.745,,10
29743,P,Square Cut Folder 270gsm Foolscap Yellow,,0.84,,1
13270,M,Lever Arch File Spine Labels Assorted Pkd 10,N,1.565,,1
12732,J,PVC 2 Ring Binder A4 Blue,,0.26,,10
6658,M,Lever Arch File A4,,8.535,,1
33062,R,Folder PVC 25mm White,D,0.495,,1
39422,K,PVC Ring Binder Yellow,D,0.26,,1
15866,M,Lever Arch Files Black Foolscap,N,13.315,,1
31813,H,Ring Binder Blue Pkd 1,N,0.2,,1
33061,R,Folder PVC 25mm Green,P,0.495,,1
73360,E,Plain Paper Clips Lipped Pkd 1000,,0.335,,1
71105,A,S/tape Tape Doctor Auto Repair 4397,P,1.495,,6
33106,R,Folder PVC 50mm Red,D,0.525,,1
32682,A,Sellotape Standard Masking Tape,N,3.485,,24
29748,N,Foolscap Lever Arch File Cloud,N,0.8,,1
33319,R,Folder PVC 65mm Blue,,0.515,,1
62464,K,Eurofolio Ring Binders A4 Yellow,,0.67,,10
52847,A,Sellotape Elephant Tape 50mm x 10m,P,2.62,,40
27532,H,PVC 2 Ring Binder A5 Blue,P,0.23,,10
62462,K,Eurofolio 25mm Ring Binder Black,D,0.67,,10
48547,F,Jumbo Stick 95gms,,7.495,,1
28696,H,Oblong 38mm Capacity Black,,0.56,,10
29745,P,Square Cut Folder 270gsm Foolscap Grey,,0.84,,1
38387,K,Eurofolio Ring Binders A4 Red,,0.565,,10
28006,H,A4 38mm Black,,0.169,,100
13867,H,A4 25mm Black,D,0.26,,12
33446,B,Scotch Magic Tape 19mm x 66m 810,N,0.935,,10
20555,K,5 Part Organiser Files Red,D,0.917,,5
33288,N,Foolscap Lever Arch File Red,N,0.225,,10
